log_id,source_id,fund_id,target_url,retrieved_at,http_status,content_sha256,outcome,duration_seconds,error_message
log_a2dde43c4a7945ac,sec_edgar_submissions_api,US_SPDR_SPTM,https://data.sec.gov/submissions/CIK0001064642.json,2026-09-25 18:43:28.874289,200.0,a66646cc0b6aa1bcb01912849b4ae7ec04325016928db455be4f4097cf486b17,SUCCESS,2.515217699998175,
log_e9c4a19a2e1347cd,sec_edgar_submissions_api,US_SPDR_SPTM,https://data.sec.gov/submissions/CIK0001064642-submissions-001.json,2026-09-25 18:43:31.374478,200.0,7471bc4a39be10e25357f38bd3759b32be453180653f6625a1202f7a21b31a94,SUCCESS,3.0163742000004277,
log_3cba1a711526463b,official_fund_sponsor_page,US_SPDR_SPTM,https://www.ssga.com/library-content/products/fund-data/etfs/us/spdr-etf-historical-distributions.xlsx,2026-09-25 18:43:35.445266,200.0,51a16a450298a663b3fa088883a17c75f4464e87c911b0e83902a0ad46877c54,SUCCESS,4.046343900001375,
log_0bf9d40884f44808,sec_edgar_filings,US_SPDR_SPTM,https://www.sec.gov/Archives/edgar/data/1064642/000119312524248849/d865666d497.htm,2026-09-25 18:43:45.042706,200.0,33557fc7e85f762d90c8e974c5ba0ee5a0fa5e052b507df57d2cf76d64597d54,SUCCESS,2.9712828999909107,
log_67a8ca1881f64f1f,sec_edgar_filings,US_SPDR_SPTM,https://www.sec.gov/Archives/edgar/data/1064642/000119312525013236/d906200d497.htm,2026-09-25 18:44:18.257146,200.0,063b4abb5e383015af4f16f84bf0d00c94ede618adeaf386a5b04bbb79ea38e2,SUCCESS,28.59969970000384,
log_95cceb452c764f03,sec_edgar_filings,US_SPDR_SPTM,https://www.sec.gov/Archives/edgar/data/1064642/000119312525018505/d891991d497.htm,2026-09-25 18:44:22.003602,200.0,b0b313ef25f1805cf5cdf66385991666d1c2bdc267332eab8675e8d698da3451,SUCCESS,1.0055672000016784,
log_5f2f9ec329e04e2b,sec_edgar_filings,US_SPDR_SPTM,https://www.sec.gov/Archives/edgar/data/1064642/000119312525072451/d915472d497.htm,2026-09-25 18:44:26.812335,200.0,837b17077175a0012f7cab3241266b784761617419e5226120f540ce81dd614b,SUCCESS,1.063177000003634,
log_752785a34cbc40df,sec_edgar_filings,US_SPDR_SPTM,https://www.sec.gov/Archives/edgar/data/1064642/000119312525120699/d929946d497.htm,2026-09-25 18:44:29.739657,200.0,80b6beea94c3c03c6746bc9f592fb61931257f479c23576c7b9ec0fa9b6bd2d8,SUCCESS,1.6651844000007259,
log_c9ed4b5624214720,sec_edgar_filings,US_SPDR_SPTM,https://www.sec.gov/Archives/edgar/data/1064642/000119312525116992/d921392d497.htm,2026-09-25 18:44:32.239958,200.0,7864eeea5e4fc766d7c2e5c44f10a4776106d57a6456c346f27ea8637862a922,SUCCESS,2.389859200004139,
log_e1c7b5d45ebc486a,sec_edgar_filings,US_SPDR_SPTM,https://www.sec.gov/Archives/edgar/data/1064642/000119312525152570/d80136d497.htm,2026-09-25 18:44:35.815652,200.0,1281efcfc2aef1c63da847a2a1f42edc88dafdbc284b327371f1cbd4a8a7bd94,SUCCESS,0.9133202999946661,
log_1daa5ca13ebe4fe9,sec_edgar_filings,US_SPDR_SPTM,https://www.sec.gov/Archives/edgar/data/1064642/000119312525138363/d938952d497.htm,2026-09-25 18:44:51.223087,200.0,ef7cba7d4b153faa17056017ad9ab71b5ed5e7272674023ee0f51d9a5ca020a3,SUCCESS,15.567220299999462,
log_aa4af6302f3841c3,sec_edgar_filings,US_SPDR_SPTM,https://www.sec.gov/Archives/edgar/data/1064642/000119312525207035/d55381d497.htm,2026-09-25 18:44:58.480172,200.0,0046d6be6e7909084ce52271461f1d915b7dab8367c58f7cc28f6a56030f4941,SUCCESS,1.1003096000058576,
log_b3e94aec5dbe4c47,sec_edgar_filings,US_SPDR_SPTM,https://www.sec.gov/Archives/edgar/data/1064642/000119312525200121/d918846d497.htm,2026-09-25 18:45:31.570363,503.0,,SOURCE_UNAVAILABLE,42.99222549999831,HTTP 503: Service Unavailable
log_7e2e2a77c8474248,sec_edgar_filings,US_SPDR_SPTM,https://www.sec.gov/Archives/edgar/data/1064642/000119312525245123/d272135d497.htm,2026-09-25 18:45:44.483762,200.0,67b994c8d123da984e9b762bf98c3f6c6e087baef141a58785fdb24bc7a73ea3,SUCCESS,1.0653319999983069,
log_380758a1b7e3401f,sec_edgar_filings,US_SPDR_SPTM,https://www.sec.gov/Archives/edgar/data/1064642/000119312525280458/d50177d497.htm,2026-09-25 18:45:47.490473,200.0,ac41f848bd66d37ca89e2cf3689f58210937e9ef5ed43e2136f28646abfa09c0,SUCCESS,1.534725499994238,
log_9a5f5b5b31634e53,sec_edgar_filings,US_SPDR_SPTM,https://www.sec.gov/Archives/edgar/data/1064642/000119312526057233/d279285d497.htm,2026-09-25 18:45:54.655611,200.0,74a574a54b077b53accbbccc5810bdf43b0101160872561d1e879f89b3f9b32d,SUCCESS,0.7342362999916077,
log_f07314ea5f994173,sec_edgar_filings,US_SPDR_SPTM,https://www.sec.gov/Archives/edgar/data/1064642/000119312526034610/d72019d497.htm,2026-09-25 18:45:57.155954,200.0,d09210a8b9fd2f1b8505568fcddfdcb20ed04541a8a500b927be98993e585c38,SUCCESS,2.4064740000030724,
log_baf9344372f94253,sec_edgar_filings,US_SPDR_SPTM,https://www.sec.gov/Archives/edgar/data/1064642/000119312526158837/d134330d497.htm,2026-09-25 18:46:01.653851,200.0,249867901c9bc1a317d4284c1446eddfcf687b0770f1fe082580c24c36ffe077,SUCCESS,7.237906599999405,
log_6e7469bb37094d02,sec_edgar_filings,US_SPDR_SPTM,https://www.sec.gov/Archives/edgar/data/1064642/000119312526269181/d102120d497.htm,2026-09-25 18:46:12.663487,200.0,2259355d69f1e42033da02031c6614b80a02233989b658bfd5bda5d88e41cbe8,SUCCESS,1.213850200001616,
log_53d71ca9f8c94d13,sec_edgar_filings,US_SPDR_SPTM,https://www.sec.gov/Archives/edgar/data/1064642/000119312526359291/d122641d497.htm,2026-09-25 18:46:17.881484,200.0,91251568f4428cb5df4975a24016b84652a78f5b851a84ea5500bc83c675737b,SUCCESS,1.0448802999890177,
log_e391ad58dd244f9e,sec_edgar_filings,US_SPDR_SPTM,https://www.sec.gov/Archives/edgar/data/1064642/000119312526379918/d147592d497.htm,2026-09-25 18:46:20.841359,200.0,372934a1d4c9247b8a01f5bf81c2792707d4785e6a99329b9df5d9eb183d9390,SUCCESS,1.1896713000023738,
log_e0a5b59e483c4d9d,sec_edgar_submissions_api,US_SPDR_SPYD,https://data.sec.gov/submissions/CIK0001064642.json,2026-09-25 18:46:28.392845,200.0,a66646cc0b6aa1bcb01912849b4ae7ec04325016928db455be4f4097cf486b17,SUCCESS,2.3989492999971844,
log_841d6d897b8c4478,sec_edgar_submissions_api,US_SPDR_SPYD,https://data.sec.gov/submissions/CIK0001064642-submissions-001.json,2026-09-25 18:46:30.893129,200.0,7471bc4a39be10e25357f38bd3759b32be453180653f6625a1202f7a21b31a94,SUCCESS,2.6414584000012837,
log_e617aa56c7a7484d,official_fund_sponsor_page,US_SPDR_SPYD,https://www.ssga.com/library-content/products/fund-data/etfs/us/spdr-etf-historical-distributions.xlsx,2026-09-25 18:46:34.523765,200.0,51a16a450298a663b3fa088883a17c75f4464e87c911b0e83902a0ad46877c54,SUCCESS,2.519995499998913,
log_be0bf1b94ea34a4e,sec_edgar_filings,US_SPDR_SPYD,https://www.sec.gov/Archives/edgar/data/1064642/000119312524248849/d865666d497.htm,2026-09-25 18:46:42.375420,200.0,33557fc7e85f762d90c8e974c5ba0ee5a0fa5e052b507df57d2cf76d64597d54,SUCCESS,3.483217600005446,
log_9d3c66c7de244954,sec_edgar_filings,US_SPDR_SPYD,https://www.sec.gov/Archives/edgar/data/1064642/000119312525013236/d906200d497.htm,2026-09-25 18:46:48.829600,200.0,063b4abb5e383015af4f16f84bf0d00c94ede618adeaf386a5b04bbb79ea38e2,SUCCESS,0.6692631000041729,
log_dad4de43cd024595,sec_edgar_filings,US_SPDR_SPYD,https://www.sec.gov/Archives/edgar/data/1064642/000119312525018505/d891991d497.htm,2026-09-25 18:46:51.427224,200.0,b0b313ef25f1805cf5cdf66385991666d1c2bdc267332eab8675e8d698da3451,SUCCESS,1.1916221999999834,
log_1a42d3f3e5af43b6,sec_edgar_filings,US_SPDR_SPYD,https://www.sec.gov/Archives/edgar/data/1064642/000119312525072451/d915472d497.htm,2026-09-25 18:46:56.332072,200.0,837b17077175a0012f7cab3241266b784761617419e5226120f540ce81dd614b,SUCCESS,0.6906394000106957,
log_e915b2af6139474c,sec_edgar_filings,US_SPDR_SPYD,https://www.sec.gov/Archives/edgar/data/1064642/000119312525120699/d929946d497.htm,2026-09-25 18:46:59.026275,200.0,80b6beea94c3c03c6746bc9f592fb61931257f479c23576c7b9ec0fa9b6bd2d8,SUCCESS,0.615311000001384,
log_9efa8b7859f14980,sec_edgar_filings,US_SPDR_SPYD,https://www.sec.gov/Archives/edgar/data/1064642/000119312525116992/d921392d497.htm,2026-09-25 18:47:01.527179,200.0,7864eeea5e4fc766d7c2e5c44f10a4776106d57a6456c346f27ea8637862a922,SUCCESS,2.47525129999849,
log_f6ca1c76c8324a22,sec_edgar_filings,US_SPDR_SPYD,https://www.sec.gov/Archives/edgar/data/1064642/000119312525152570/d80136d497.htm,2026-09-25 18:47:04.073215,200.0,1281efcfc2aef1c63da847a2a1f42edc88dafdbc284b327371f1cbd4a8a7bd94,SUCCESS,0.800795899995137,
log_310fd9a9e74748dd,sec_edgar_filings,US_SPDR_SPYD,https://www.sec.gov/Archives/edgar/data/1064642/000119312525138363/d938952d497.htm,2026-09-25 18:47:06.573820,200.0,ef7cba7d4b153faa17056017ad9ab71b5ed5e7272674023ee0f51d9a5ca020a3,SUCCESS,2.418303400001605,
log_53c6e60503f14de0,sec_edgar_filings,US_SPDR_SPYD,https://www.sec.gov/Archives/edgar/data/1064642/000119312525207035/d55381d497.htm,2026-09-25 18:47:13.039651,200.0,0046d6be6e7909084ce52271461f1d915b7dab8367c58f7cc28f6a56030f4941,SUCCESS,0.6490288999921177,
log_4a69c133b7324939,sec_edgar_filings,US_SPDR_SPYD,https://www.sec.gov/Archives/edgar/data/1064642/000119312525200121/d918846d497.htm,2026-09-25 18:47:15.539753,200.0,bf6bc046a19df8d281e96e36ce63bb6155d7642a0c77dc2e9aad225a6cdda61a,SUCCESS,2.475701300005312,
log_ebeb241b58d64301,sec_edgar_filings,US_SPDR_SPYD,https://www.sec.gov/Archives/edgar/data/1064642/000119312525245123/d272135d497.htm,2026-09-25 18:47:18.040303,200.0,67b994c8d123da984e9b762bf98c3f6c6e087baef141a58785fdb24bc7a73ea3,SUCCESS,0.5930053000047337,
log_604e8029b91c4d40,sec_edgar_filings,US_SPDR_SPYD,https://www.sec.gov/Archives/edgar/data/1064642/000119312525280458/d50177d497.htm,2026-09-25 18:47:20.606687,200.0,ac41f848bd66d37ca89e2cf3689f58210937e9ef5ed43e2136f28646abfa09c0,SUCCESS,0.590793900002609,
log_d8f24f9aa9ef481a,sec_edgar_filings,US_SPDR_SPYD,https://www.sec.gov/Archives/edgar/data/1064642/000119312526057233/d279285d497.htm,2026-09-25 18:47:26.947862,200.0,74a574a54b077b53accbbccc5810bdf43b0101160872561d1e879f89b3f9b32d,SUCCESS,0.6045336999959545,
log_e6e7cdab389f4f6b,sec_edgar_filings,US_SPDR_SPYD,https://www.sec.gov/Archives/edgar/data/1064642/000119312526034610/d72019d497.htm,2026-09-25 18:47:29.448642,200.0,d09210a8b9fd2f1b8505568fcddfdcb20ed04541a8a500b927be98993e585c38,SUCCESS,2.5151205000001937,
log_5cafdee606a34e7a,sec_edgar_filings,US_SPDR_SPYD,https://www.sec.gov/Archives/edgar/data/1064642/000119312526158837/d134330d497.htm,2026-09-25 18:47:33.808532,200.0,249867901c9bc1a317d4284c1446eddfcf687b0770f1fe082580c24c36ffe077,SUCCESS,0.6443069000088144,
log_e7be0125d802474c,sec_edgar_filings,US_SPDR_SPYD,https://www.sec.gov/Archives/edgar/data/1064642/000119312526269181/d102120d497.htm,2026-09-25 18:47:38.367959,200.0,2259355d69f1e42033da02031c6614b80a02233989b658bfd5bda5d88e41cbe8,SUCCESS,1.0566390000021784,
log_8b76e30b161341ad,sec_edgar_filings,US_SPDR_SPYD,https://www.sec.gov/Archives/edgar/data/1064642/000119312526359291/d122641d497.htm,2026-09-25 18:47:43.229325,200.0,91251568f4428cb5df4975a24016b84652a78f5b851a84ea5500bc83c675737b,SUCCESS,0.6578921000036644,
log_c9af46053e4140fd,sec_edgar_filings,US_SPDR_SPYD,https://www.sec.gov/Archives/edgar/data/1064642/000119312526379918/d147592d497.htm,2026-09-25 18:47:45.851326,200.0,372934a1d4c9247b8a01f5bf81c2792707d4785e6a99329b9df5d9eb183d9390,SUCCESS,0.9826725000020815,
log_5b5520069cd149b3,sec_edgar_submissions_api,US_SPDR_SPAB,https://data.sec.gov/submissions/CIK0001064642.json,2026-09-25 18:47:53.241659,200.0,a66646cc0b6aa1bcb01912849b4ae7ec04325016928db455be4f4097cf486b17,SUCCESS,2.390674800000852,
log_c8b49262bce542da,sec_edgar_submissions_api,US_SPDR_SPAB,https://data.sec.gov/submissions/CIK0001064642-submissions-001.json,2026-09-25 18:47:55.742303,200.0,7471bc4a39be10e25357f38bd3759b32be453180653f6625a1202f7a21b31a94,SUCCESS,2.513029900001129,
log_11a722c40d0a4014,official_fund_sponsor_page,US_SPDR_SPAB,https://www.ssga.com/library-content/products/fund-data/etfs/us/spdr-etf-historical-distributions.xlsx,2026-09-25 18:47:59.272607,200.0,51a16a450298a663b3fa088883a17c75f4464e87c911b0e83902a0ad46877c54,SUCCESS,1.8051419999974314,
log_d55743cb878e49cb,sec_edgar_filings,US_SPDR_SPAB,https://www.sec.gov/Archives/edgar/data/1064642/000119312524248849/d865666d497.htm,2026-09-25 18:48:06.767435,200.0,33557fc7e85f762d90c8e974c5ba0ee5a0fa5e052b507df57d2cf76d64597d54,SUCCESS,3.674829800002044,
log_e9ae1004e84a4844,sec_edgar_filings,US_SPDR_SPAB,https://www.sec.gov/Archives/edgar/data/1064642/000119312525013236/d906200d497.htm,2026-09-25 18:48:13.526168,200.0,063b4abb5e383015af4f16f84bf0d00c94ede618adeaf386a5b04bbb79ea38e2,SUCCESS,0.6508389000082389,
log_3317a244daab4c39,sec_edgar_filings,US_SPDR_SPAB,https://www.sec.gov/Archives/edgar/data/1064642/000119312525018505/d891991d497.htm,2026-09-25 18:48:16.176280,200.0,b0b313ef25f1805cf5cdf66385991666d1c2bdc267332eab8675e8d698da3451,SUCCESS,0.6334667999908561,
log_0ef95d1a05c64829,sec_edgar_filings,US_SPDR_SPAB,https://www.sec.gov/Archives/edgar/data/1064642/000119312525072451/d915472d497.htm,2026-09-25 18:48:20.584785,200.0,837b17077175a0012f7cab3241266b784761617419e5226120f540ce81dd614b,SUCCESS,0.8856248000083724,
log_2239029886b04d90,sec_edgar_filings,US_SPDR_SPAB,https://www.sec.gov/Archives/edgar/data/1064642/000119312525120699/d929946d497.htm,2026-09-25 18:48:23.421292,200.0,80b6beea94c3c03c6746bc9f592fb61931257f479c23576c7b9ec0fa9b6bd2d8,SUCCESS,1.2722337000013795,
log_f329e3ade1a24809,sec_edgar_filings,US_SPDR_SPAB,https://www.sec.gov/Archives/edgar/data/1064642/000119312525116992/d921392d497.htm,2026-09-25 18:48:25.921598,200.0,7864eeea5e4fc766d7c2e5c44f10a4776106d57a6456c346f27ea8637862a922,SUCCESS,1.881353399992804,
log_f4d1adb1f6c34fee,sec_edgar_filings,US_SPDR_SPAB,https://www.sec.gov/Archives/edgar/data/1064642/000119312525152570/d80136d497.htm,2026-09-25 18:48:28.606719,200.0,1281efcfc2aef1c63da847a2a1f42edc88dafdbc284b327371f1cbd4a8a7bd94,SUCCESS,0.9842276999988826,
log_d210488c1ba4423a,sec_edgar_filings,US_SPDR_SPAB,https://www.sec.gov/Archives/edgar/data/1064642/000119312525138363/d938952d497.htm,2026-09-25 18:48:31.107140,200.0,ef7cba7d4b153faa17056017ad9ab71b5ed5e7272674023ee0f51d9a5ca020a3,SUCCESS,2.4372077000007266,
log_df7c5301133a4434,sec_edgar_filings,US_SPDR_SPAB,https://www.sec.gov/Archives/edgar/data/1064642/000119312525207035/d55381d497.htm,2026-09-25 18:48:37.656381,200.0,0046d6be6e7909084ce52271461f1d915b7dab8367c58f7cc28f6a56030f4941,SUCCESS,0.901576300006127,
log_41b665346cab4f8c,sec_edgar_filings,US_SPDR_SPAB,https://www.sec.gov/Archives/edgar/data/1064642/000119312525200121/d918846d497.htm,2026-09-25 18:48:40.156610,200.0,bf6bc046a19df8d281e96e36ce63bb6155d7642a0c77dc2e9aad225a6cdda61a,SUCCESS,2.705132400005823,
log_d9c99b98b8ec474a,sec_edgar_filings,US_SPDR_SPAB,https://www.sec.gov/Archives/edgar/data/1064642/000119312525245123/d272135d497.htm,2026-09-25 18:48:43.214746,200.0,67b994c8d123da984e9b762bf98c3f6c6e087baef141a58785fdb24bc7a73ea3,SUCCESS,0.9727588999958243,
log_2ebbc473a31240e6,sec_edgar_filings,US_SPDR_SPAB,https://www.sec.gov/Archives/edgar/data/1064642/000119312525280458/d50177d497.htm,2026-09-25 18:48:46.095456,200.0,ac41f848bd66d37ca89e2cf3689f58210937e9ef5ed43e2136f28646abfa09c0,SUCCESS,1.0071586999983992,
log_a7071eed291544c0,sec_edgar_filings,US_SPDR_SPAB,https://www.sec.gov/Archives/edgar/data/1064642/000119312526057233/d279285d497.htm,2026-09-25 18:48:52.743172,200.0,74a574a54b077b53accbbccc5810bdf43b0101160872561d1e879f89b3f9b32d,SUCCESS,1.8383888999960618,
log_51702fc9ad88467f,sec_edgar_filings,US_SPDR_SPAB,https://www.sec.gov/Archives/edgar/data/1064642/000119312526034610/d72019d497.htm,2026-09-25 18:48:55.243633,200.0,d09210a8b9fd2f1b8505568fcddfdcb20ed04541a8a500b927be98993e585c38,SUCCESS,2.3518326000048546,
log_dc8b23ce329147d5,sec_edgar_filings,US_SPDR_SPAB,https://www.sec.gov/Archives/edgar/data/1064642/000119312526158837/d134330d497.htm,2026-09-25 18:49:00.730832,200.0,249867901c9bc1a317d4284c1446eddfcf687b0770f1fe082580c24c36ffe077,SUCCESS,1.7147141999885207,
log_515231c3234c4bd1,sec_edgar_filings,US_SPDR_SPAB,https://www.sec.gov/Archives/edgar/data/1064642/000119312526269181/d102120d497.htm,2026-09-25 18:49:06.181468,200.0,2259355d69f1e42033da02031c6614b80a02233989b658bfd5bda5d88e41cbe8,SUCCESS,1.0411485000076937,
log_138b461b5bd0475c,sec_edgar_filings,US_SPDR_SPAB,https://www.sec.gov/Archives/edgar/data/1064642/000119312526359291/d122641d497.htm,2026-09-25 18:49:10.986800,200.0,91251568f4428cb5df4975a24016b84652a78f5b851a84ea5500bc83c675737b,SUCCESS,0.6405851000017719,
log_1b001d3b4c494b0c,sec_edgar_filings,US_SPDR_SPAB,https://www.sec.gov/Archives/edgar/data/1064642/000119312526379918/d147592d497.htm,2026-09-25 18:49:13.587734,200.0,372934a1d4c9247b8a01f5bf81c2792707d4785e6a99329b9df5d9eb183d9390,SUCCESS,0.7316634000017075,
log_9479f8bb3b604888,sec_edgar_submissions_api,US_SPDR_JNK,https://data.sec.gov/submissions/CIK0001064642.json,2026-09-25 18:49:20.740462,200.0,a66646cc0b6aa1bcb01912849b4ae7ec04325016928db455be4f4097cf486b17,SUCCESS,2.3562440000096103,
log_cccf00c07d0a4142,sec_edgar_submissions_api,US_SPDR_JNK,https://data.sec.gov/submissions/CIK0001064642-submissions-001.json,2026-09-25 18:49:23.241060,200.0,7471bc4a39be10e25357f38bd3759b32be453180653f6625a1202f7a21b31a94,SUCCESS,1.9229828999959864,
log_46e68b631cef4621,official_fund_sponsor_page,US_SPDR_JNK,https://www.ssga.com/library-content/products/fund-data/etfs/us/spdr-etf-historical-distributions.xlsx,2026-09-25 18:49:26.866588,200.0,51a16a450298a663b3fa088883a17c75f4464e87c911b0e83902a0ad46877c54,SUCCESS,3.1462171000021044,
log_7273dae25ad84381,sec_edgar_filings,US_SPDR_JNK,https://www.sec.gov/Archives/edgar/data/1064642/000119312524248849/d865666d497.htm,2026-09-25 18:49:34.791861,200.0,33557fc7e85f762d90c8e974c5ba0ee5a0fa5e052b507df57d2cf76d64597d54,SUCCESS,2.8147916000016266,
log_bf86110d304c4906,sec_edgar_filings,US_SPDR_JNK,https://www.sec.gov/Archives/edgar/data/1064642/000119312525013236/d906200d497.htm,2026-09-25 18:49:40.512249,200.0,063b4abb5e383015af4f16f84bf0d00c94ede618adeaf386a5b04bbb79ea38e2,SUCCESS,0.652072800003225,
log_4cb9183197684a5a,sec_edgar_filings,US_SPDR_JNK,https://www.sec.gov/Archives/edgar/data/1064642/000119312525018505/d891991d497.htm,2026-09-25 18:49:43.088012,200.0,b0b313ef25f1805cf5cdf66385991666d1c2bdc267332eab8675e8d698da3451,SUCCESS,0.6055526999989524,
log_8c6f995e64314468,sec_edgar_filings,US_SPDR_JNK,https://www.sec.gov/Archives/edgar/data/1064642/000119312525072451/d915472d497.htm,2026-09-25 18:49:47.692451,200.0,837b17077175a0012f7cab3241266b784761617419e5226120f540ce81dd614b,SUCCESS,0.6676029000082053,
log_f845fac222b4494c,sec_edgar_filings,US_SPDR_JNK,https://www.sec.gov/Archives/edgar/data/1064642/000119312525120699/d929946d497.htm,2026-09-25 18:49:50.385321,200.0,80b6beea94c3c03c6746bc9f592fb61931257f479c23576c7b9ec0fa9b6bd2d8,SUCCESS,0.5896094999916386,
log_6e4dbf2510974393,sec_edgar_filings,US_SPDR_JNK,https://www.sec.gov/Archives/edgar/data/1064642/000119312525116992/d921392d497.htm,2026-09-25 18:49:52.885411,200.0,7864eeea5e4fc766d7c2e5c44f10a4776106d57a6456c346f27ea8637862a922,SUCCESS,2.726532999993651,
log_b9fe3b975f5c4712,sec_edgar_filings,US_SPDR_JNK,https://www.sec.gov/Archives/edgar/data/1064642/000119312525152570/d80136d497.htm,2026-09-25 18:49:55.778111,200.0,1281efcfc2aef1c63da847a2a1f42edc88dafdbc284b327371f1cbd4a8a7bd94,SUCCESS,0.6489244999975199,
log_737814e5af9845f2,sec_edgar_filings,US_SPDR_JNK,https://www.sec.gov/Archives/edgar/data/1064642/000119312525138363/d938952d497.htm,2026-09-25 18:49:58.278366,200.0,ef7cba7d4b153faa17056017ad9ab71b5ed5e7272674023ee0f51d9a5ca020a3,SUCCESS,2.50072719999298,
log_828e2104575a4697,sec_edgar_filings,US_SPDR_JNK,https://www.sec.gov/Archives/edgar/data/1064642/000119312525207035/d55381d497.htm,2026-09-25 18:50:04.633651,200.0,0046d6be6e7909084ce52271461f1d915b7dab8367c58f7cc28f6a56030f4941,SUCCESS,1.683757400009199,
log_5a36d7c904ce4b77,sec_edgar_filings,US_SPDR_JNK,https://www.sec.gov/Archives/edgar/data/1064642/000119312525200121/d918846d497.htm,2026-09-25 18:50:07.136251,200.0,bf6bc046a19df8d281e96e36ce63bb6155d7642a0c77dc2e9aad225a6cdda61a,SUCCESS,1.4760632999968948,
log_0021c29d42574927,sec_edgar_filings,US_SPDR_JNK,https://www.sec.gov/Archives/edgar/data/1064642/000119312525245123/d272135d497.htm,2026-09-25 18:50:09.858540,200.0,67b994c8d123da984e9b762bf98c3f6c6e087baef141a58785fdb24bc7a73ea3,SUCCESS,0.9263562999985879,
log_d3a811a50dfd49d3,sec_edgar_filings,US_SPDR_JNK,https://www.sec.gov/Archives/edgar/data/1064642/000119312525280458/d50177d497.htm,2026-09-25 18:50:12.745515,200.0,ac41f848bd66d37ca89e2cf3689f58210937e9ef5ed43e2136f28646abfa09c0,SUCCESS,0.808899100011331,
log_df8e694352e84afb,sec_edgar_filings,US_SPDR_JNK,https://www.sec.gov/Archives/edgar/data/1064642/000119312526057233/d279285d497.htm,2026-09-25 18:50:19.279807,200.0,74a574a54b077b53accbbccc5810bdf43b0101160872561d1e879f89b3f9b32d,SUCCESS,0.683595200011041,
log_784f9684bd5d4305,sec_edgar_filings,US_SPDR_JNK,https://www.sec.gov/Archives/edgar/data/1064642/000119312526034610/d72019d497.htm,2026-09-25 18:50:21.780258,200.0,d09210a8b9fd2f1b8505568fcddfdcb20ed04541a8a500b927be98993e585c38,SUCCESS,2.4507829999929527,
log_0b1c7d314cea4793,sec_edgar_filings,US_SPDR_JNK,https://www.sec.gov/Archives/edgar/data/1064642/000119312526158837/d134330d497.htm,2026-09-25 18:50:26.224974,200.0,249867901c9bc1a317d4284c1446eddfcf687b0770f1fe082580c24c36ffe077,SUCCESS,0.6277161000034539,
log_c629a2f07e534583,sec_edgar_filings,US_SPDR_JNK,https://www.sec.gov/Archives/edgar/data/1064642/000119312526269181/d102120d497.htm,2026-09-25 18:50:30.663079,200.0,2259355d69f1e42033da02031c6614b80a02233989b658bfd5bda5d88e41cbe8,SUCCESS,0.7097798000031617,
log_749b2c779a124093,sec_edgar_filings,US_SPDR_JNK,https://www.sec.gov/Archives/edgar/data/1064642/000119312526359291/d122641d497.htm,2026-09-25 18:50:35.161491,200.0,91251568f4428cb5df4975a24016b84652a78f5b851a84ea5500bc83c675737b,SUCCESS,0.6758144000050379,
log_46f4f01af75b4bcb,sec_edgar_filings,US_SPDR_JNK,https://www.sec.gov/Archives/edgar/data/1064642/000119312526379918/d147592d497.htm,2026-09-25 18:50:37.746750,200.0,372934a1d4c9247b8a01f5bf81c2792707d4785e6a99329b9df5d9eb183d9390,SUCCESS,1.2180593999946723,
log_fb53be72514543ed,sec_edgar_submissions_api,US_SPDR_SJNK,https://data.sec.gov/submissions/CIK0001064642.json,2026-09-25 18:50:45.350310,200.0,a66646cc0b6aa1bcb01912849b4ae7ec04325016928db455be4f4097cf486b17,SUCCESS,3.650728499997058,
log_9f38a3f5985946e3,sec_edgar_submissions_api,US_SPDR_SJNK,https://data.sec.gov/submissions/CIK0001064642-submissions-001.json,2026-09-25 18:50:48.146096,200.0,7471bc4a39be10e25357f38bd3759b32be453180653f6625a1202f7a21b31a94,SUCCESS,1.3227667000028305,
log_6acd883c50c74200,official_fund_sponsor_page,US_SPDR_SJNK,https://www.ssga.com/library-content/products/fund-data/etfs/us/spdr-etf-historical-distributions.xlsx,2026-09-25 18:50:51.977590,200.0,51a16a450298a663b3fa088883a17c75f4464e87c911b0e83902a0ad46877c54,SUCCESS,2.7679535999923246,
log_8607fbcee4cb441c,sec_edgar_filings,US_SPDR_SJNK,https://www.sec.gov/Archives/edgar/data/1064642/000119312524248849/d865666d497.htm,2026-09-25 18:50:59.415317,200.0,33557fc7e85f762d90c8e974c5ba0ee5a0fa5e052b507df57d2cf76d64597d54,SUCCESS,2.8784783000010066,
log_eecbbace6d0446b4,sec_edgar_filings,US_SPDR_SJNK,https://www.sec.gov/Archives/edgar/data/1064642/000119312525013236/d906200d497.htm,2026-09-25 18:51:05.575833,200.0,063b4abb5e383015af4f16f84bf0d00c94ede618adeaf386a5b04bbb79ea38e2,SUCCESS,0.6163078000099631,
log_fc5da48f74934223,sec_edgar_filings,US_SPDR_SJNK,https://www.sec.gov/Archives/edgar/data/1064642/000119312525018505/d891991d497.htm,2026-09-25 18:51:08.076137,200.0,b0b313ef25f1805cf5cdf66385991666d1c2bdc267332eab8675e8d698da3451,SUCCESS,0.6726677999977255,
log_64ecd5789ffc46b1,sec_edgar_filings,US_SPDR_SJNK,https://www.sec.gov/Archives/edgar/data/1064642/000119312525072451/d915472d497.htm,2026-09-25 18:51:12.459810,200.0,837b17077175a0012f7cab3241266b784761617419e5226120f540ce81dd614b,SUCCESS,1.024324100013473,
log_2dad2dbe4f134c32,sec_edgar_filings,US_SPDR_SJNK,https://www.sec.gov/Archives/edgar/data/1064642/000119312525120699/d929946d497.htm,2026-09-25 18:51:15.322293,200.0,80b6beea94c3c03c6746bc9f592fb61931257f479c23576c7b9ec0fa9b6bd2d8,SUCCESS,0.6809606999886455,
log_7e2537e578bf445a,sec_edgar_filings,US_SPDR_SJNK,https://www.sec.gov/Archives/edgar/data/1064642/000119312525116992/d921392d497.htm,2026-09-25 18:51:17.822928,200.0,7864eeea5e4fc766d7c2e5c44f10a4776106d57a6456c346f27ea8637862a922,SUCCESS,2.449446700004046,
log_07b38beb5f6f4b7c,sec_edgar_filings,US_SPDR_SJNK,https://www.sec.gov/Archives/edgar/data/1064642/000119312525152570/d80136d497.htm,2026-09-25 18:51:20.482390,200.0,1281efcfc2aef1c63da847a2a1f42edc88dafdbc284b327371f1cbd4a8a7bd94,SUCCESS,0.6203609999938635,
log_c24c9e3a39d04ec6,sec_edgar_filings,US_SPDR_SJNK,https://www.sec.gov/Archives/edgar/data/1064642/000119312525138363/d938952d497.htm,2026-09-25 18:51:22.982703,200.0,ef7cba7d4b153faa17056017ad9ab71b5ed5e7272674023ee0f51d9a5ca020a3,SUCCESS,2.6021051999996416,
log_15c2789cf17d4a04,sec_edgar_filings,US_SPDR_SJNK,https://www.sec.gov/Archives/edgar/data/1064642/000119312525207035/d55381d497.htm,2026-09-25 18:51:30.851094,200.0,0046d6be6e7909084ce52271461f1d915b7dab8367c58f7cc28f6a56030f4941,SUCCESS,0.7999560999887763,
log_0aaebbbeb3ff4537,sec_edgar_filings,US_SPDR_SJNK,https://www.sec.gov/Archives/edgar/data/1064642/000119312525200121/d918846d497.htm,2026-09-25 18:51:33.351449,200.0,bf6bc046a19df8d281e96e36ce63bb6155d7642a0c77dc2e9aad225a6cdda61a,SUCCESS,13.672700100010843,
log_44a320f460a8452e,sec_edgar_filings,US_SPDR_SJNK,https://www.sec.gov/Archives/edgar/data/1064642/000119312525245123/d272135d497.htm,2026-09-25 18:51:47.200920,200.0,67b994c8d123da984e9b762bf98c3f6c6e087baef141a58785fdb24bc7a73ea3,SUCCESS,2.714410400003544,
log_4fb1f4deec614797,sec_edgar_filings,US_SPDR_SJNK,https://www.sec.gov/Archives/edgar/data/1064642/000119312525280458/d50177d497.htm,2026-09-25 18:51:51.764325,200.0,ac41f848bd66d37ca89e2cf3689f58210937e9ef5ed43e2136f28646abfa09c0,SUCCESS,7.564842799998587,
log_1c3f1c883ab74404,sec_edgar_filings,US_SPDR_SJNK,https://www.sec.gov/Archives/edgar/data/1064642/000119312526057233/d279285d497.htm,2026-09-25 18:52:05.947332,200.0,74a574a54b077b53accbbccc5810bdf43b0101160872561d1e879f89b3f9b32d,SUCCESS,0.5898487000085879,
log_ba53c392816b4c6a,sec_edgar_filings,US_SPDR_SJNK,https://www.sec.gov/Archives/edgar/data/1064642/000119312526034610/d72019d497.htm,2026-09-25 18:52:08.447672,200.0,d09210a8b9fd2f1b8505568fcddfdcb20ed04541a8a500b927be98993e585c38,SUCCESS,2.741831099992851,
log_0235b5a7e4df4267,sec_edgar_filings,US_SPDR_SJNK,https://www.sec.gov/Archives/edgar/data/1064642/000119312526158837/d134330d497.htm,2026-09-25 18:52:13.416023,200.0,249867901c9bc1a317d4284c1446eddfcf687b0770f1fe082580c24c36ffe077,SUCCESS,0.6210935999988578,
log_fb30e2d5f3aa4d59,sec_edgar_filings,US_SPDR_SJNK,https://www.sec.gov/Archives/edgar/data/1064642/000119312526269181/d102120d497.htm,2026-09-25 18:52:18.028272,200.0,2259355d69f1e42033da02031c6614b80a02233989b658bfd5bda5d88e41cbe8,SUCCESS,0.5934184999932768,
log_7ecb7fa6556a4e20,sec_edgar_filings,US_SPDR_SJNK,https://www.sec.gov/Archives/edgar/data/1064642/000119312526359291/d122641d497.htm,2026-09-25 18:52:22.258520,200.0,91251568f4428cb5df4975a24016b84652a78f5b851a84ea5500bc83c675737b,SUCCESS,0.6526072000124259,
log_907914f965124dfd,sec_edgar_filings,US_SPDR_SJNK,https://www.sec.gov/Archives/edgar/data/1064642/000119312526379918/d147592d497.htm,2026-09-25 18:52:24.758976,200.0,372934a1d4c9247b8a01f5bf81c2792707d4785e6a99329b9df5d9eb183d9390,SUCCESS,0.8341616000107024,
log_805c9fbb5a1a4eba,sec_edgar_submissions_api,US_SPDR_XLF,https://data.sec.gov/submissions/CIK0001064641.json,2026-09-25 18:52:31.987790,200.0,92280c3e1a2cd7faf312d5e67295bab9d9470d2a037b09bc32a3e36e7ee9c4a7,SUCCESS,1.3977326000022003,
log_e6a2a77a21ce4b22,official_fund_sponsor_page,US_SPDR_XLF,https://www.ssga.com/library-content/products/fund-data/etfs/us/spdr-etf-historical-distributions.xlsx,2026-09-25 18:52:35.467800,200.0,51a16a450298a663b3fa088883a17c75f4464e87c911b0e83902a0ad46877c54,SUCCESS,2.6945107000065036,
log_f9e7e00a40624a46,sec_edgar_filings,US_SPDR_XLF,https://www.sec.gov/Archives/edgar/data/1064641/000119312524232956/d835962d497.htm,2026-09-25 18:52:41.026018,200.0,21c585f71adc4bc1f510406b2b15f35cbcb9e1b374bffa525a5b40a059fadbd5,SUCCESS,2.4910285000078147,
log_4ef851f404b04526,sec_edgar_filings,US_SPDR_XLF,https://www.sec.gov/Archives/edgar/data/1064641/000119312525009617/d890516d497.htm,2026-09-25 18:53:00.359703,200.0,669575ca6b0cb83eaf2df01278676846dc50f6156ade36978129636f7238a9e5,SUCCESS,15.33742070000153,
log_6e2d65b98c89417b,sec_edgar_filings,US_SPDR_XLF,https://www.sec.gov/Archives/edgar/data/1064641/000119312525020032/d842242d497.htm,2026-09-25 18:53:04.708978,200.0,7c296ffb15d552c2b17b068bfcb7cc44fba66e773deac78ae5f81c8f2e305829,SUCCESS,0.8831897999916691,
log_6459022b5e55413f,sec_edgar_filings,US_SPDR_XLF,https://www.sec.gov/Archives/edgar/data/1064641/000119312525124864/d899853d497.htm,2026-09-25 18:53:11.275956,200.0,c1866715c48d6ce3139bc232e34fbbd8483ac599dd325e945fb345d5e8003721,SUCCESS,1.1212085000006482,
log_d94a542dead44122,sec_edgar_filings,US_SPDR_XLF,https://www.sec.gov/Archives/edgar/data/1064641/000119312525109865/d38790d497.htm,2026-09-25 18:53:13.776919,200.0,2cfb1fc1fcce52c6935b71c6aab0fcf6e5ba19a581c1a9007c73b6cae9279f59,SUCCESS,11.051094399997965,
log_d0f0f2f6726c492a,sec_edgar_filings,US_SPDR_XLF,https://www.sec.gov/Archives/edgar/data/1064641/000119312525152588/d51996d497.htm,2026-09-25 18:53:25.381452,200.0,bbd62c3fd9ed466b1516a8c67f734dd561a9742f3364648450f2b5133f7a0cab,SUCCESS,1.1328136999945855,
log_0c71dcfc1a844cf6,sec_edgar_filings,US_SPDR_XLF,https://www.sec.gov/Archives/edgar/data/1064641/000119312525172681/d28579d497.htm,2026-09-25 18:53:57.123950,200.0,aa4fcf011b8ac4ff15f14f6d964bca313ab5c0690e9eddd7301007d462f9b639,SUCCESS,35.68822889999137,
log_428850fb8b08428e,sec_edgar_filings,US_SPDR_XLF,https://www.sec.gov/Archives/edgar/data/1064641/000119312525207035/d55381d497.htm,2026-09-25 18:54:34.512500,503.0,,SOURCE_UNAVAILABLE,38.14986940000381,HTTP 503: Service Unavailable
log_8dbb56da7ada4271,sec_edgar_filings,US_SPDR_XLF,https://www.sec.gov/Archives/edgar/data/1064641/000119312525288197/d23270d497.htm,2026-09-25 18:55:03.245255,200.0,fa609d71b1517498a26843773beaebf98615ced7c0235e1a67b31dcb09a00c34,SUCCESS,15.534313800002565,
log_8eb72007673b474a,sec_edgar_filings,US_SPDR_XLF,https://www.sec.gov/Archives/edgar/data/1064641/000119312525283267/d50949d497.htm,2026-09-25 18:55:05.886674,200.0,88184b52a3646db39d846848b12051fbb3b38544a607f7cef1dddb6c3291d222,SUCCESS,0.9532506999967154,
log_4e9b890a046b4b0f,sec_edgar_filings,US_SPDR_XLF,https://www.sec.gov/Archives/edgar/data/1064641/000119312525283258/d70104d497.htm,2026-09-25 18:55:08.387013,200.0,2ae494d5e7c90b4ab2ba9f4c5ff3f0eff2b57139838fdc6f7ef3d1318249c55d,SUCCESS,12.558694499995909,
log_8a331b4801e3431e,sec_edgar_filings,US_SPDR_XLF,https://www.sec.gov/Archives/edgar/data/1064641/000119312525283249/d76746d497.htm,2026-09-25 18:55:19.402931,200.0,afa37ec6839720860917a4296ba79d4f0d11040c5748ed2bb4d9e19dee254013,SUCCESS,2.0499206000095,
log_0a2573b3c67c495a,sec_edgar_filings,US_SPDR_XLF,https://www.sec.gov/Archives/edgar/data/1064641/000119312526031948/d85739d497.htm,2026-09-25 18:55:25.204249,200.0,082699c347177c08df984cbf031b48d16c9c11d90331feba93435278012816af,SUCCESS,2.4455413999967277,
log_e84b985f108f4e52,sec_edgar_filings,US_SPDR_XLF,https://www.sec.gov/Archives/edgar/data/1064641/000119312526269239/d145722d497.htm,2026-09-25 18:55:36.923352,200.0,3b8a0caac772bc51755a3dee130e83c4c60229234705b4003ccb2fd7afe69efd,SUCCESS,10.92189359999611,
log_5b28e458631d43a4,sec_edgar_submissions_api,US_SPDR_XLE,https://data.sec.gov/submissions/CIK0001064641.json,2026-09-25 18:55:59.718867,200.0,92280c3e1a2cd7faf312d5e67295bab9d9470d2a037b09bc32a3e36e7ee9c4a7,SUCCESS,2.555037399986759,
log_a1450056926b4997,official_fund_sponsor_page,US_SPDR_XLE,https://www.ssga.com/library-content/products/fund-data/etfs/us/spdr-etf-historical-distributions.xlsx,2026-09-25 18:56:03.312368,200.0,51a16a450298a663b3fa088883a17c75f4464e87c911b0e83902a0ad46877c54,SUCCESS,2.7876766999979736,
log_6e03f5782ffc4953,sec_edgar_filings,US_SPDR_XLE,https://www.sec.gov/Archives/edgar/data/1064641/000119312524232956/d835962d497.htm,2026-09-25 18:56:09.052843,200.0,21c585f71adc4bc1f510406b2b15f35cbcb9e1b374bffa525a5b40a059fadbd5,SUCCESS,2.5036114000104135,
log_80c50f150a764fcb,sec_edgar_filings,US_SPDR_XLE,https://www.sec.gov/Archives/edgar/data/1064641/000119312525009617/d890516d497.htm,2026-09-25 18:56:15.387304,200.0,669575ca6b0cb83eaf2df01278676846dc50f6156ade36978129636f7238a9e5,SUCCESS,0.6721873000060441,
log_d9c4596361ad4aca,sec_edgar_filings,US_SPDR_XLE,https://www.sec.gov/Archives/edgar/data/1064641/000119312525020032/d842242d497.htm,2026-09-25 18:56:17.895578,200.0,7c296ffb15d552c2b17b068bfcb7cc44fba66e773deac78ae5f81c8f2e305829,SUCCESS,0.7676605999877211,
log_17a68f536175455e,sec_edgar_filings,US_SPDR_XLE,https://www.sec.gov/Archives/edgar/data/1064641/000119312525124864/d899853d497.htm,2026-09-25 18:56:24.634921,200.0,c1866715c48d6ce3139bc232e34fbbd8483ac599dd325e945fb345d5e8003721,SUCCESS,1.8337303000007523,
log_23afedd6be0c4d15,sec_edgar_filings,US_SPDR_XLE,https://www.sec.gov/Archives/edgar/data/1064641/000119312525109865/d38790d497.htm,2026-09-25 18:56:27.135433,200.0,2cfb1fc1fcce52c6935b71c6aab0fcf6e5ba19a581c1a9007c73b6cae9279f59,SUCCESS,1.2052053000079468,
log_4d5c34e032fc434a,sec_edgar_filings,US_SPDR_XLE,https://www.sec.gov/Archives/edgar/data/1064641/000119312525152588/d51996d497.htm,2026-09-25 18:56:29.812966,200.0,bbd62c3fd9ed466b1516a8c67f734dd561a9742f3364648450f2b5133f7a0cab,SUCCESS,0.6475834999873769,
log_a025dd68201b43ac,sec_edgar_filings,US_SPDR_XLE,https://www.sec.gov/Archives/edgar/data/1064641/000119312525172681/d28579d497.htm,2026-09-25 18:56:34.188385,200.0,aa4fcf011b8ac4ff15f14f6d964bca313ab5c0690e9eddd7301007d462f9b639,SUCCESS,0.9072697999945376,
log_7fb2b4e4fb53445e,sec_edgar_filings,US_SPDR_XLE,https://www.sec.gov/Archives/edgar/data/1064641/000119312525207035/d55381d497.htm,2026-09-25 18:56:37.130386,200.0,0046d6be6e7909084ce52271461f1d915b7dab8367c58f7cc28f6a56030f4941,SUCCESS,3.27025020000292,
log_3c59bd45c17245f8,sec_edgar_filings,US_SPDR_XLE,https://www.sec.gov/Archives/edgar/data/1064641/000119312525288197/d23270d497.htm,2026-09-25 18:56:57.520532,200.0,fa609d71b1517498a26843773beaebf98615ced7c0235e1a67b31dcb09a00c34,SUCCESS,14.104314299998805,
log_042e1ec520694e60,sec_edgar_filings,US_SPDR_XLE,https://www.sec.gov/Archives/edgar/data/1064641/000119312525283267/d50949d497.htm,2026-09-25 18:57:26.010749,200.0,88184b52a3646db39d846848b12051fbb3b38544a607f7cef1dddb6c3291d222,SUCCESS,29.549528300005477,
log_c302e291833f4a43,sec_edgar_filings,US_SPDR_XLE,https://www.sec.gov/Archives/edgar/data/1064641/000119312525283258/d70104d497.htm,2026-09-25 18:57:41.358106,200.0,2ae494d5e7c90b4ab2ba9f4c5ff3f0eff2b57139838fdc6f7ef3d1318249c55d,SUCCESS,13.995492900008685,
log_54aae6d0b1b1423d,sec_edgar_filings,US_SPDR_XLE,https://www.sec.gov/Archives/edgar/data/1064641/000119312525283249/d76746d497.htm,2026-09-25 18:57:43.858342,200.0,afa37ec6839720860917a4296ba79d4f0d11040c5748ed2bb4d9e19dee254013,SUCCESS,2.5185534000047483,
log_636d31611acd41e0,sec_edgar_filings,US_SPDR_XLE,https://www.sec.gov/Archives/edgar/data/1064641/000119312526031948/d85739d497.htm,2026-09-25 18:57:48.565758,200.0,082699c347177c08df984cbf031b48d16c9c11d90331feba93435278012816af,SUCCESS,1.3337584000109928,
log_84b97649624c4517,sec_edgar_filings,US_SPDR_XLE,https://www.sec.gov/Archives/edgar/data/1064641/000119312526269239/d145722d497.htm,2026-09-25 18:57:59.368226,200.0,3b8a0caac772bc51755a3dee130e83c4c60229234705b4003ccb2fd7afe69efd,SUCCESS,1.0061060000007274,
log_9c438ad4352c498c,sec_edgar_submissions_api,US_VANGUARD_VTI,https://data.sec.gov/submissions/CIK0000036405.json,2026-09-25 18:59:08.056640,200.0,d4dd740e24f358ac02892098c91c6ed22320ecf548f22e8c981d87c31e528fce,SUCCESS,2.4043011000030674,
log_b8ae68b0a56d416f,official_fund_sponsor_page,US_VANGUARD_VTI,https://investor.vanguard.com/investment-products/etfs/profile/vti,2026-09-25 18:59:11.592545,200.0,9da7d9605b060538b3e9451928f15340357a05597ce3baab91a8a137617e4095,SUCCESS,3.253793500000029,
log_46a3096d774a48af,sec_edgar_filings,US_VANGUARD_VTI,https://www.sec.gov/Archives/edgar/data/36405/000168386324006090/f39702d0.htm,2026-09-25 18:59:16.583422,200.0,09c37a4d1c469a52ca1f6e8382044b2a75b05c7be393068e50007f70c148baf8,SUCCESS,2.1841423000005307,
log_20c7a66636764322,sec_edgar_filings,US_VANGUARD_VTI,https://www.sec.gov/Archives/edgar/data/36405/000168386324006004/f39685d1.htm,2026-09-25 18:59:19.083623,200.0,9c6368b82beecef6ed8497a7fce70a785b88539a1a709a54957ba94481aca478,SUCCESS,2.5886215999926208,
log_c755a8335b4f4885,sec_edgar_filings,US_VANGUARD_VTI,https://www.sec.gov/Archives/edgar/data/36405/000168386325001366/f40901d1.htm,2026-09-25 18:59:22.807990,200.0,ba2bfee539c0e04d37892507c9d5fc78c27c3fcfcdf13eabce9dc0149b21efa7,SUCCESS,0.8846013000002131,
log_ed117c1156a84e9e,sec_edgar_filings,US_VANGUARD_VTI,https://www.sec.gov/Archives/edgar/data/36405/000168386325000986/f40794d1.htm,2026-09-25 18:59:25.309762,200.0,54daa59fbb5a350d65dc0395200323f01a8e4215234b6dfa61fb74dc7a0e38ab,SUCCESS,2.3731758999929298,
log_bff34c3772664eb4,sec_edgar_filings,US_VANGUARD_VTI,https://www.sec.gov/Archives/edgar/data/36405/000168386325000822/f40650d1.htm,2026-09-25 18:59:27.809509,200.0,b101cc6df16a9ecd5051fdd421825b7a0b0cbdbc3ccb85c775ae28c5c67b1040,SUCCESS,3.628263499995228,
log_f768fd26e9734d59,sec_edgar_filings,US_VANGUARD_VTI,https://www.sec.gov/Archives/edgar/data/36405/000168386325000571/f40517d0.htm,2026-09-25 18:59:30.309719,200.0,a762d90bb9364d8a714eab36ca56e39c178f6fea3a408932d17ed1f3ad1a5d2f,SUCCESS,1.203261400005431,
log_8caac88a19fc4ff4,sec_edgar_filings,US_VANGUARD_VTI,https://www.sec.gov/Archives/edgar/data/36405/000168386325004878/f42106d1.htm,2026-09-25 18:59:33.186855,200.0,97bac02cbc19d3cf9c7058067fc4bf899c59825ae3546111aabe4c84d224b8c9,SUCCESS,1.3402846999961184,
log_b40ba5743a6840d0,sec_edgar_filings,US_VANGUARD_VTI,https://www.sec.gov/Archives/edgar/data/36405/000168386325004688/f42062d1.htm,2026-09-25 19:00:07.465526,503.0,,SOURCE_UNAVAILABLE,43.9556631000014,HTTP 503: Service Unavailable
log_7f440f6dd8c54aaf,sec_edgar_filings,US_VANGUARD_VTI,https://www.sec.gov/Archives/edgar/data/36405/000168386325005211/f42299d1.htm,2026-09-25 19:00:19.305181,200.0,46d1ea5c3f8d4eaa03ef4c75a3a89ab062ba252eaee599334eb39a829a03aa41,SUCCESS,0.651383700009319,
log_9dd682cf4cd54ae7,sec_edgar_filings,US_VANGUARD_VTI,https://www.sec.gov/Archives/edgar/data/36405/000168386325005558/f42371d1.htm,2026-09-25 19:00:21.805777,200.0,5db49a9a9c590e9511f872322ae0590740594d40763abf54a345a98008d316b7,SUCCESS,1.679245000006631,
log_da76673f7908428c,sec_edgar_filings,US_VANGUARD_VTI,https://www.sec.gov/Archives/edgar/data/36405/000168386325007112/f42753d1.htm,2026-09-25 19:00:24.305935,200.0,ddcdf2b814d8d39c1a43070a6c05c64ca1a9740570abe92bc59901795eae6121,SUCCESS,1.7779971999989357,
log_cfd2830fd7124935,sec_edgar_filings,US_VANGUARD_VTI,https://www.sec.gov/Archives/edgar/data/36405/000119312525224194/f43052d1.htm,2026-09-25 19:00:26.806511,200.0,dc1f2ccccbc011ff4049cd401927f32a5b14ff2c0a0742595bc4dc54fe9cc446,SUCCESS,1.6961175000033109,
log_e19c9d97b2984d86,sec_edgar_filings,US_VANGUARD_VTI,https://www.sec.gov/Archives/edgar/data/36405/000119312525244346/f43105d1.htm,2026-09-25 19:00:29.306760,200.0,68a9a26a3d7ed8deaf258e63f60257397d437c7fe6ea58f1e8ef29e62ca7a62e,SUCCESS,1.6902526000048965,
log_aeba7aca6c244887,sec_edgar_filings,US_VANGUARD_VTI,https://www.sec.gov/Archives/edgar/data/36405/000119312526012319/f43764d1.htm,2026-09-25 19:00:32.225775,200.0,c6e28ca0259f1b613585b2ec9dd8535123e140d18b00c4130328b5992e0472f1,SUCCESS,0.7543377999973018,
log_53f36e1b766f4259,sec_edgar_filings,US_VANGUARD_VTI,https://www.sec.gov/Archives/edgar/data/36405/000119312526009903/f43758d1.htm,2026-09-25 19:00:34.726222,200.0,108930a6eb1d5f3935ff35eba3614ac81b73ed6d3f7f7a943c2eb892d899d4bb,SUCCESS,2.3865479999949457,
log_ea15720f6a8341c4,sec_edgar_filings,US_VANGUARD_VTI,https://www.sec.gov/Archives/edgar/data/36405/000119312526009900/f43755d1.htm,2026-09-25 19:00:37.226422,200.0,a29bddef6ac8f16ee18aa963db4fb4e348409d1936063d685821b207f096b8c7,SUCCESS,2.3802691000018967,
log_60175ac1f48746e0,sec_edgar_filings,US_VANGUARD_VTI,https://www.sec.gov/Archives/edgar/data/36405/000119312526009897/f43759d1.htm,2026-09-25 19:00:39.726651,200.0,ba2791338923753c9ebc0347fb88c33af1088edb03ddf72fbad96e0a189b960d,SUCCESS,2.6079262000130257,
log_c06ee75fe3144e29,sec_edgar_filings,US_VANGUARD_VTI,https://www.sec.gov/Archives/edgar/data/36405/000119312526045639/f44014d1.htm,2026-09-25 19:00:42.227086,200.0,991b8ec6f0f0908a005f3f3c81f871604a6297eab688d4553e382439e44b4452,SUCCESS,2.490800200001104,
log_2b6101ffa9424f32,sec_edgar_filings,US_VANGUARD_VTI,https://www.sec.gov/Archives/edgar/data/36405/000119312526032833/f43896d1.htm,2026-09-25 19:00:44.727761,200.0,9f892d17ae59c741c940fd9a16e5557940ce7c255d54e214f8fb8e15ef6239e1,SUCCESS,1.7149651999934576,
log_e72de66b8b4d41cc,sec_edgar_filings,US_VANGUARD_VTI,https://www.sec.gov/Archives/edgar/data/36405/000089119026000154/f45282d1.htm,2026-09-25 19:00:47.692461,200.0,714019e768c6b543392f6747553d4f7fd6fc1c467056af3e2c15d81c10af680a,SUCCESS,0.6736444999987725,
log_ff029ef121884f41,sec_edgar_filings,US_VANGUARD_VTI,https://www.sec.gov/Archives/edgar/data/36405/000089119026000239/f45593d1.htm,2026-09-25 19:00:50.192567,200.0,b70535903e7fdf5108dd0d43273ba10523a3e69054ac49e2d1b9fa17cee14798,SUCCESS,1.7855133000120986,
log_87a3666c81b44b8a,sec_edgar_filings,US_VANGUARD_VTI,https://www.sec.gov/Archives/edgar/data/36405/000005284826000478/f45539d1.htm,2026-09-25 19:00:52.693172,200.0,d7df86e0990cc602f73fd5190c11fb0573556575837de1ef59c238190b687ebc,SUCCESS,2.4475037999945926,
log_ab0c375fe7be4d8f,sec_edgar_filings,US_VANGUARD_VTI,https://www.sec.gov/Archives/edgar/data/36405/000003640526000386/f45788d1.htm,2026-09-25 19:00:55.193816,200.0,84cecdc4ed642a59d0941c9ef88244d0d0df91721e90929c3467465725548dae,SUCCESS,1.7517893000040203,
log_16177e3b05034642,sec_edgar_filings,US_VANGUARD_VTI,https://www.sec.gov/Archives/edgar/data/36405/000119312526392561/f46182d1.htm,2026-09-25 19:00:57.697256,200.0,9eb23150e09f0b41b78a237f8e6f893ef5813b75631d243c8b14bfb4f5d7362b,SUCCESS,0.9889991000090959,
log_5f9c4e57e74e4dc3,sec_edgar_submissions_api,US_VANGUARD_VOO,https://data.sec.gov/submissions/CIK0000036405.json,2026-09-25 19:01:03.597643,200.0,d4dd740e24f358ac02892098c91c6ed22320ecf548f22e8c981d87c31e528fce,SUCCESS,2.59369290000177,
log_2a35536de8214fbd,official_fund_sponsor_page,US_VANGUARD_VOO,https://investor.vanguard.com/investment-products/etfs/profile/voo,2026-09-25 19:01:07.337827,200.0,d726fe80aad9828502107566759f9e4a0c13138400ac03fba736e054492795f7,SUCCESS,3.3097422999999253,
log_fc8471b576934c30,sec_edgar_filings,US_VANGUARD_VOO,https://www.sec.gov/Archives/edgar/data/36405/000168386324006090/f39702d0.htm,2026-09-25 19:01:12.036971,200.0,09c37a4d1c469a52ca1f6e8382044b2a75b05c7be393068e50007f70c148baf8,SUCCESS,2.7270600000047125,
log_7d8d5dbda6e6492f,sec_edgar_filings,US_VANGUARD_VOO,https://www.sec.gov/Archives/edgar/data/36405/000168386324006004/f39685d1.htm,2026-09-25 19:01:14.537165,200.0,9c6368b82beecef6ed8497a7fce70a785b88539a1a709a54957ba94481aca478,SUCCESS,2.34401909999724,
log_5dc94b4201214bcb,sec_edgar_filings,US_VANGUARD_VOO,https://www.sec.gov/Archives/edgar/data/36405/000168386325001366/f40901d1.htm,2026-09-25 19:01:18.682213,200.0,ba2bfee539c0e04d37892507c9d5fc78c27c3fcfcdf13eabce9dc0149b21efa7,SUCCESS,0.6812199999985751,
log_146fe7eea73048bd,sec_edgar_filings,US_VANGUARD_VOO,https://www.sec.gov/Archives/edgar/data/36405/000168386325000986/f40794d1.htm,2026-09-25 19:01:21.182755,200.0,54daa59fbb5a350d65dc0395200323f01a8e4215234b6dfa61fb74dc7a0e38ab,SUCCESS,2.6228718999918783,
log_a884f25e7b8c4f67,sec_edgar_filings,US_VANGUARD_VOO,https://www.sec.gov/Archives/edgar/data/36405/000168386325000822/f40650d1.htm,2026-09-25 19:01:23.682915,200.0,b101cc6df16a9ecd5051fdd421825b7a0b0cbdbc3ccb85c775ae28c5c67b1040,SUCCESS,2.3215385999938007,
log_48a05d0336f04707,sec_edgar_filings,US_VANGUARD_VOO,https://www.sec.gov/Archives/edgar/data/36405/000168386325000571/f40517d0.htm,2026-09-25 19:01:26.183235,200.0,a762d90bb9364d8a714eab36ca56e39c178f6fea3a408932d17ed1f3ad1a5d2f,SUCCESS,2.4861726999952225,
log_3962fe7949614e40,sec_edgar_filings,US_VANGUARD_VOO,https://www.sec.gov/Archives/edgar/data/36405/000168386325004878/f42106d1.htm,2026-09-25 19:01:29.115480,200.0,97bac02cbc19d3cf9c7058067fc4bf899c59825ae3546111aabe4c84d224b8c9,SUCCESS,0.8061930000112625,
log_165ab8e17ccd40b2,sec_edgar_filings,US_VANGUARD_VOO,https://www.sec.gov/Archives/edgar/data/36405/000168386325004688/f42062d1.htm,2026-09-25 19:01:58.210923,503.0,,SOURCE_UNAVAILABLE,39.35142569999152,HTTP 503: Service Unavailable
log_171ae9ec6a38498b,sec_edgar_filings,US_VANGUARD_VOO,https://www.sec.gov/Archives/edgar/data/36405/000168386325005211/f42299d1.htm,2026-09-25 19:02:10.225595,200.0,46d1ea5c3f8d4eaa03ef4c75a3a89ab062ba252eaee599334eb39a829a03aa41,SUCCESS,1.07745349999459,
log_4e878049b4e343ad,sec_edgar_filings,US_VANGUARD_VOO,https://www.sec.gov/Archives/edgar/data/36405/000168386325005558/f42371d1.htm,2026-09-25 19:02:12.726190,200.0,5db49a9a9c590e9511f872322ae0590740594d40763abf54a345a98008d316b7,SUCCESS,1.4164718999963952,
log_6505fe6296684a35,sec_edgar_filings,US_VANGUARD_VOO,https://www.sec.gov/Archives/edgar/data/36405/000168386325007112/f42753d1.htm,2026-09-25 19:02:15.226553,200.0,ddcdf2b814d8d39c1a43070a6c05c64ca1a9740570abe92bc59901795eae6121,SUCCESS,1.711970200005453,
log_ce457795cc1348c1,sec_edgar_filings,US_VANGUARD_VOO,https://www.sec.gov/Archives/edgar/data/36405/000119312525224194/f43052d1.htm,2026-09-25 19:02:17.727149,200.0,dc1f2ccccbc011ff4049cd401927f32a5b14ff2c0a0742595bc4dc54fe9cc446,SUCCESS,1.6322817000036594,
log_950c7eafb068464c,sec_edgar_filings,US_VANGUARD_VOO,https://www.sec.gov/Archives/edgar/data/36405/000119312525244346/f43105d1.htm,2026-09-25 19:02:20.228097,200.0,68a9a26a3d7ed8deaf258e63f60257397d437c7fe6ea58f1e8ef29e62ca7a62e,SUCCESS,1.7921190000051865,
log_cef8adfbc35040a9,sec_edgar_filings,US_VANGUARD_VOO,https://www.sec.gov/Archives/edgar/data/36405/000119312526012319/f43764d1.htm,2026-09-25 19:02:23.118156,200.0,c6e28ca0259f1b613585b2ec9dd8535123e140d18b00c4130328b5992e0472f1,SUCCESS,0.8040661999984877,
log_11d285a2b7f743bb,sec_edgar_filings,US_VANGUARD_VOO,https://www.sec.gov/Archives/edgar/data/36405/000119312526009903/f43758d1.htm,2026-09-25 19:02:25.618808,200.0,108930a6eb1d5f3935ff35eba3614ac81b73ed6d3f7f7a943c2eb892d899d4bb,SUCCESS,2.2343424999999115,
log_49b21536cdd443fe,sec_edgar_filings,US_VANGUARD_VOO,https://www.sec.gov/Archives/edgar/data/36405/000119312526009900/f43755d1.htm,2026-09-25 19:02:28.119039,200.0,a29bddef6ac8f16ee18aa963db4fb4e348409d1936063d685821b207f096b8c7,SUCCESS,2.5141691000026185,
log_1f8105281a574d21,sec_edgar_filings,US_VANGUARD_VOO,https://www.sec.gov/Archives/edgar/data/36405/000119312526009897/f43759d1.htm,2026-09-25 19:02:30.619341,200.0,ba2791338923753c9ebc0347fb88c33af1088edb03ddf72fbad96e0a189b960d,SUCCESS,2.52672400001029,
log_e153da73ee6e4905,sec_edgar_filings,US_VANGUARD_VOO,https://www.sec.gov/Archives/edgar/data/36405/000119312526045639/f44014d1.htm,2026-09-25 19:02:33.119915,200.0,991b8ec6f0f0908a005f3f3c81f871604a6297eab688d4553e382439e44b4452,SUCCESS,1.9065611999976682,
log_a7284cf10b9c4644,sec_edgar_filings,US_VANGUARD_VOO,https://www.sec.gov/Archives/edgar/data/36405/000119312526032833/f43896d1.htm,2026-09-25 19:02:35.620357,200.0,9f892d17ae59c741c940fd9a16e5557940ce7c255d54e214f8fb8e15ef6239e1,SUCCESS,2.5092703999980586,
log_a905ebdd006e4c9c,sec_edgar_filings,US_VANGUARD_VOO,https://www.sec.gov/Archives/edgar/data/36405/000089119026000154/f45282d1.htm,2026-09-25 19:02:38.717325,200.0,714019e768c6b543392f6747553d4f7fd6fc1c467056af3e2c15d81c10af680a,SUCCESS,0.7116918000101577,
log_8ca7723a8fd0468e,sec_edgar_filings,US_VANGUARD_VOO,https://www.sec.gov/Archives/edgar/data/36405/000089119026000239/f45593d1.htm,2026-09-25 19:02:41.217658,200.0,b70535903e7fdf5108dd0d43273ba10523a3e69054ac49e2d1b9fa17cee14798,SUCCESS,1.7297800999949686,
log_6edbfde4c3e04df0,sec_edgar_filings,US_VANGUARD_VOO,https://www.sec.gov/Archives/edgar/data/36405/000005284826000478/f45539d1.htm,2026-09-25 19:02:43.718212,200.0,d7df86e0990cc602f73fd5190c11fb0573556575837de1ef59c238190b687ebc,SUCCESS,2.4649580999976024,
log_eaa366e072534595,sec_edgar_filings,US_VANGUARD_VOO,https://www.sec.gov/Archives/edgar/data/36405/000003640526000386/f45788d1.htm,2026-09-25 19:02:46.218514,200.0,84cecdc4ed642a59d0941c9ef88244d0d0df91721e90929c3467465725548dae,SUCCESS,1.7165887999872211,
log_fb4e1fed34c340aa,sec_edgar_filings,US_VANGUARD_VOO,https://www.sec.gov/Archives/edgar/data/36405/000119312526392561/f46182d1.htm,2026-09-25 19:02:48.718918,200.0,9eb23150e09f0b41b78a237f8e6f893ef5813b75631d243c8b14bfb4f5d7362b,SUCCESS,0.9563177999953041,
log_e00dbee9197b4024,sec_edgar_submissions_api,US_VANGUARD_BND,https://data.sec.gov/submissions/CIK0000794105.json,2026-09-25 19:02:54.622863,200.0,642aea3facbfa3354284a4f47be38020c5f8f2f5ffb1b50bfce52ea61189710b,SUCCESS,2.6050114999961806,
log_dee434d9c8354bd2,official_fund_sponsor_page,US_VANGUARD_BND,https://investor.vanguard.com/investment-products/etfs/profile/bnd,2026-09-25 19:02:58.454562,200.0,3336418ff0916853e172473d6e43e25480ada1ce90744609d5793c25722b4fff,SUCCESS,3.68166580000252,
log_5846b4cfd51e433f,sec_edgar_filings,US_VANGUARD_BND,https://www.sec.gov/Archives/edgar/data/794105/000168386324006004/f39685d1.htm,2026-09-25 19:03:03.585453,200.0,9c6368b82beecef6ed8497a7fce70a785b88539a1a709a54957ba94481aca478,SUCCESS,1.973591200003284,
log_04b3cec6e68940d0,sec_edgar_filings,US_VANGUARD_BND,https://www.sec.gov/Archives/edgar/data/794105/000168386325000142/f40425d1.htm,2026-09-25 19:03:06.524742,200.0,a1486557e9811c386157ac1759df6bfd0ef1b12efbb66079d07ad2ce7e62ee22,SUCCESS,0.6583940999989863,
log_e75de642c503485c,sec_edgar_filings,US_VANGUARD_BND,https://www.sec.gov/Archives/edgar/data/794105/000168386325001366/f40901d1.htm,2026-09-25 19:03:09.024962,200.0,ba2bfee539c0e04d37892507c9d5fc78c27c3fcfcdf13eabce9dc0149b21efa7,SUCCESS,1.7618018999928609,
log_1f5b1d85a3ec4637,sec_edgar_filings,US_VANGUARD_BND,https://www.sec.gov/Archives/edgar/data/794105/000168386325000986/f40794d1.htm,2026-09-25 19:03:42.484341,503.0,,SOURCE_UNAVAILABLE,44.08017919999838,HTTP 503: Service Unavailable
log_6cbb8c6b658e4d83,sec_edgar_filings,US_VANGUARD_BND,https://www.sec.gov/Archives/edgar/data/794105/000168386325000573/f40515d0.htm,2026-09-25 19:03:53.763380,200.0,0013fd34c3f04c486555fcdca191ef4ffc98a4135959381933e3c9f528d81c90,SUCCESS,0.6517594999895664,
log_98578836e85c4a8c,sec_edgar_filings,US_VANGUARD_BND,https://www.sec.gov/Archives/edgar/data/794105/000168386325005558/f42371d1.htm,2026-09-25 19:04:30.741603,200.0,5db49a9a9c590e9511f872322ae0590740594d40763abf54a345a98008d316b7,SUCCESS,33.439852299998165,
log_f0e399c9b79d4cef,sec_edgar_filings,US_VANGUARD_BND,https://www.sec.gov/Archives/edgar/data/794105/000168386325007112/f42753d1.htm,2026-09-25 19:04:33.242058,200.0,ddcdf2b814d8d39c1a43070a6c05c64ca1a9740570abe92bc59901795eae6121,SUCCESS,1.3094379999965895,
log_a226c3e9201343cd,sec_edgar_filings,US_VANGUARD_BND,https://www.sec.gov/Archives/edgar/data/794105/000119312525224194/f43052d1.htm,2026-09-25 19:05:06.670202,503.0,,SOURCE_UNAVAILABLE,43.10018740000669,HTTP 503: Service Unavailable
log_b123d98865304e67,sec_edgar_filings,US_VANGUARD_BND,https://www.sec.gov/Archives/edgar/data/794105/000119312526012319/f43764d1.htm,2026-09-25 19:05:33.712682,200.0,c6e28ca0259f1b613585b2ec9dd8535123e140d18b00c4130328b5992e0472f1,SUCCESS,16.138206599993282,
log_b0a29f5c3c68455d,sec_edgar_filings,US_VANGUARD_BND,https://www.sec.gov/Archives/edgar/data/794105/000119312526009903/f43758d1.htm,2026-09-25 19:05:49.855640,200.0,108930a6eb1d5f3935ff35eba3614ac81b73ed6d3f7f7a943c2eb892d899d4bb,SUCCESS,17.9059966999921,
log_50a8341dd9794099,sec_edgar_filings,US_VANGUARD_BND,https://www.sec.gov/Archives/edgar/data/794105/000119312526009897/f43759d1.htm,2026-09-25 19:05:54.982415,200.0,ba2791338923753c9ebc0347fb88c33af1088edb03ddf72fbad96e0a189b960d,SUCCESS,1.9931145000009565,
log_8197d1f1f5aa4901,sec_edgar_filings,US_VANGUARD_BND,https://www.sec.gov/Archives/edgar/data/794105/000119312526045639/f44014d1.htm,2026-09-25 19:05:57.816297,200.0,991b8ec6f0f0908a005f3f3c81f871604a6297eab688d4553e382439e44b4452,SUCCESS,0.6477348000044003,
log_8c8dbf9e23f94431,sec_edgar_filings,US_VANGUARD_BND,https://www.sec.gov/Archives/edgar/data/794105/000119312526032819/f43887d1.htm,2026-09-25 19:06:00.316936,200.0,83cf1e5d685e21584da012c3731ba6c877498f575fb2ae81267ffebd07e2df61,SUCCESS,2.5044570000027306,
log_3b8365e871104540,sec_edgar_filings,US_VANGUARD_BND,https://www.sec.gov/Archives/edgar/data/794105/000079410526000099/f44750d1.htm,2026-09-25 19:06:02.818266,200.0,e04d7c73032f963ebe4aba5dc5b6d54ac13c7b9012def701d993891ec5e3c472,SUCCESS,0.976381800006493,
log_cde5c3afab604475,sec_edgar_filings,US_VANGUARD_BND,https://www.sec.gov/Archives/edgar/data/794105/000089119026000154/f45282d1.htm,2026-09-25 19:06:05.318819,200.0,714019e768c6b543392f6747553d4f7fd6fc1c467056af3e2c15d81c10af680a,SUCCESS,3.7751107000076445,
log_985c0dbf338146d5,sec_edgar_filings,US_VANGUARD_BND,https://www.sec.gov/Archives/edgar/data/794105/000079410526000130/f45263d1.htm,2026-09-25 19:06:08.103162,200.0,153fcc7fe1293fb3b640195818ce9bd1fda5ac31c11c03597fd05e13f972560c,SUCCESS,0.6529451000096742,
log_d9bf9e451dac43c7,sec_edgar_filings,US_VANGUARD_BND,https://www.sec.gov/Archives/edgar/data/794105/000089119026000239/f45593d1.htm,2026-09-25 19:06:10.603315,200.0,b70535903e7fdf5108dd0d43273ba10523a3e69054ac49e2d1b9fa17cee14798,SUCCESS,1.7312336999893887,
log_c35a115ef80b4db8,sec_edgar_filings,US_VANGUARD_BND,https://www.sec.gov/Archives/edgar/data/794105/000102188226000648/f45888d1.htm,2026-09-25 19:06:13.103533,200.0,a945c8eda165ac2f019071acf14cb93c1fd81b82fc34065a5a757e51ab8ef30d,SUCCESS,0.9620641999936197,
log_0847cf8ce0364eb0,sec_edgar_submissions_api,US_VANGUARD_VYM,https://data.sec.gov/submissions/CIK0001004655.json,2026-09-25 19:06:19.868807,200.0,9ad3c5f7616bc3fbf9f1b46cafb824d37938d04fe8c69b2ee2612e665b6f24a4,SUCCESS,2.2183758999890415,
log_00ca592ae7f44099,official_fund_sponsor_page,US_VANGUARD_VYM,https://investor.vanguard.com/investment-products/etfs/profile/vym,2026-09-25 19:06:24.113570,200.0,7e0516da7c72988a75886cb8f803e210e1e22c5a464f65b145bcde4ac4995a3d,SUCCESS,3.5975079000054393,
log_12789e3e9bfb4fea,sec_edgar_filings,US_VANGUARD_VYM,https://www.sec.gov/Archives/edgar/data/1004655/000168386324006004/f39685d1.htm,2026-09-25 19:06:56.863511,200.0,9c6368b82beecef6ed8497a7fce70a785b88539a1a709a54957ba94481aca478,SUCCESS,30.387389199997415,
log_7f2326fc75aa4ef7,sec_edgar_filings,US_VANGUARD_VYM,https://www.sec.gov/Archives/edgar/data/1004655/000168386324008346/f39887d1.htm,2026-09-25 19:06:59.363964,200.0,575a3af62fe9db790f22ee0c692c58a86e8c981fb23184879e0a6acee6c82c14,SUCCESS,3.279337999993004,
log_4bf816c02450444f,sec_edgar_filings,US_VANGUARD_VYM,https://www.sec.gov/Archives/edgar/data/1004655/000168386324008995/f40203d1.htm,2026-09-25 19:07:30.137032,503.0,,SOURCE_UNAVAILABLE,38.35218149999855,HTTP 503: Service Unavailable
log_da2a24ef2f94401a,sec_edgar_filings,US_VANGUARD_VYM,https://www.sec.gov/Archives/edgar/data/1004655/000168386325001509/f40933d1.htm,2026-09-25 19:08:09.517290,503.0,,RETRIEVAL_FAILED,42.52367969999614,HTTP Timeout: The read operation timed out
log_ac07fc0059cb40ae,sec_edgar_filings,US_VANGUARD_VYM,https://www.sec.gov/Archives/edgar/data/1004655/000168386325001458/f40700d1.htm,2026-09-25 19:08:52.948760,503.0,,SOURCE_UNAVAILABLE,39.86075069999788,HTTP 503: Service Unavailable
log_95db5296ea7d4e01,sec_edgar_filings,US_VANGUARD_VYM,https://www.sec.gov/Archives/edgar/data/1004655/000168386325001457/f40699d1.htm,2026-09-25 19:09:04.955904,200.0,82346b9249c167f9ab8b2ba2a025c2f8268b1da20f1b42c0d6a3456114c61cf0,SUCCESS,2.3600870999944163,
log_c491138052f34e6b,sec_edgar_filings,US_VANGUARD_VYM,https://www.sec.gov/Archives/edgar/data/1004655/000168386325001456/f40698d1.htm,2026-09-25 19:09:07.456097,200.0,cea6375d1ff86c4dffbafc0828263b6cd2833926196d080b53b8f19b6e03062b,SUCCESS,1.0211310999875423,
log_49cec29c72304e5f,sec_edgar_filings,US_VANGUARD_VYM,https://www.sec.gov/Archives/edgar/data/1004655/000168386325001455/f40697d1.htm,2026-09-25 19:09:35.863054,503.0,,SOURCE_UNAVAILABLE,38.49852799999644,HTTP 503: Service Unavailable
log_999703cbdc914f05,sec_edgar_filings,US_VANGUARD_VYM,https://www.sec.gov/Archives/edgar/data/1004655/000168386325001454/f40696d1.htm,2026-09-25 19:09:59.702237,200.0,fc08ec1db3de2938c5360be5d1dcb0ed7a01cbf83a0629a48767e1d06ed7ca3f,SUCCESS,14.812910099994042,
log_7c5b61cb5d7949ea,sec_edgar_filings,US_VANGUARD_VYM,https://www.sec.gov/Archives/edgar/data/1004655/000168386325001453/f40695d1.htm,2026-09-25 19:10:33.234362,503.0,,SOURCE_UNAVAILABLE,42.62340540000878,HTTP 503: Service Unavailable
log_c4c373a27d0c428c,sec_edgar_filings,US_VANGUARD_VYM,https://www.sec.gov/Archives/edgar/data/1004655/000168386325001446/f40873d1.htm,2026-09-25 19:10:44.291541,200.0,c44168bc10d5a479a9f362eb5460846cdbe81ec095f53aff88bc1a91d56a48f8,SUCCESS,6.244955799993477,
log_2144af4902e644d6,sec_edgar_filings,US_VANGUARD_VYM,https://www.sec.gov/Archives/edgar/data/1004655/000168386325001445/f40872d1.htm,2026-09-25 19:11:55.331901,200.0,c76a310c3f46a55f58b5e3c10c25e19d804fd3c2dd0884b010b7b4f168deb73e,SUCCESS,66.12885700000334,
log_b8df46fc7952417f,sec_edgar_filings,US_VANGUARD_VYM,https://www.sec.gov/Archives/edgar/data/1004655/000168386325001366/f40901d1.htm,2026-09-25 19:12:24.461287,503.0,,SOURCE_UNAVAILABLE,39.07222950000141,HTTP 503: Service Unavailable
log_7ad4abc7dd5444d1,sec_edgar_filings,US_VANGUARD_VYM,https://www.sec.gov/Archives/edgar/data/1004655/000168386325000986/f40794d1.htm,2026-09-25 19:13:02.185264,503.0,,SOURCE_UNAVAILABLE,38.46203699999023,HTTP 503: Service Unavailable
log_2b8e2fcc5091442a,sec_edgar_filings,US_VANGUARD_VYM,https://www.sec.gov/Archives/edgar/data/1004655/000168386325000822/f40650d1.htm,2026-09-25 19:13:44.656295,200.0,b101cc6df16a9ecd5051fdd421825b7a0b0cbdbc3ccb85c775ae28c5c67b1040,SUCCESS,35.07746910001151,
log_a9b7d45b90c84cb9,sec_edgar_filings,US_VANGUARD_VYM,https://www.sec.gov/Archives/edgar/data/1004655/000168386325000563/f40076d0.htm,2026-09-25 19:13:49.288879,200.0,d98e085a52430bdf9f3e4d04f9421b9fb11fdbff2eb1d557bf9d9412bb5b0dfc,SUCCESS,2.9869158000074094,
log_a8e048b52b9443b4,sec_edgar_filings,US_VANGUARD_VYM,https://www.sec.gov/Archives/edgar/data/1004655/000168386325002090/f41113d1.htm,2026-09-25 19:14:19.397183,503.0,,SOURCE_UNAVAILABLE,38.436292999991565,HTTP 503: Service Unavailable
log_dcfcb719275a4799,sec_edgar_filings,US_VANGUARD_VYM,https://www.sec.gov/Archives/edgar/data/1004655/000168386325004234/f41996d1.htm,2026-09-25 19:14:32.262028,200.0,b5dad7e1aa634b9958f888485c3a4cdf610a7d0494eeb23d546f0cadba8161ab,SUCCESS,0.8955554999993183,
log_0576c7d292cc4a41,sec_edgar_filings,US_VANGUARD_VYM,https://www.sec.gov/Archives/edgar/data/1004655/000168386325004878/f42106d1.htm,2026-09-25 19:14:47.523175,200.0,97bac02cbc19d3cf9c7058067fc4bf899c59825ae3546111aabe4c84d224b8c9,SUCCESS,14.97617110000283,
log_5fc2322efd3e4e33,sec_edgar_filings,US_VANGUARD_VYM,https://www.sec.gov/Archives/edgar/data/1004655/000168386325005211/f42299d1.htm,2026-09-25 19:15:16.486864,503.0,,SOURCE_UNAVAILABLE,37.72930260001158,HTTP 503: Service Unavailable
log_f0e6b62d84a6417a,sec_edgar_filings,US_VANGUARD_VYM,https://www.sec.gov/Archives/edgar/data/1004655/000168386325005558/f42371d1.htm,2026-09-25 19:15:41.131230,200.0,5db49a9a9c590e9511f872322ae0590740594d40763abf54a345a98008d316b7,SUCCESS,15.307538900000509,
log_98f196dad02543cd,sec_edgar_filings,US_VANGUARD_VYM,https://www.sec.gov/Archives/edgar/data/1004655/000168386325007112/f42753d1.htm,2026-09-25 19:16:11.098902,503.0,,RETRIEVAL_FAILED,42.35601030000544,HTTP Timeout: The read operation timed out
log_ce24d0d9033f45bc,sec_edgar_filings,US_VANGUARD_VYM,https://www.sec.gov/Archives/edgar/data/1004655/000119312525224194/f43052d1.htm,2026-09-25 19:16:58.348289,200.0,dc1f2ccccbc011ff4049cd401927f32a5b14ff2c0a0742595bc4dc54fe9cc446,SUCCESS,34.032660900003975,
log_e05282cca6304246,sec_edgar_filings,US_VANGUARD_VYM,https://www.sec.gov/Archives/edgar/data/1004655/000168386325007420/f42806d1.htm,2026-09-25 19:17:01.537170,200.0,a781c6207cd51c7b8dee8e503c21d7a2a06047864390ddb60ba78a6dc23bc4c5,SUCCESS,3.481913400013582,
log_7fb016d42e5d4954,sec_edgar_filings,US_VANGUARD_VYM,https://www.sec.gov/Archives/edgar/data/1004655/000119312525244346/f43105d1.htm,2026-09-25 19:17:06.426347,200.0,68a9a26a3d7ed8deaf258e63f60257397d437c7fe6ea58f1e8ef29e62ca7a62e,SUCCESS,1.2535114000056637,
log_28ef491e901c46a4,sec_edgar_filings,US_VANGUARD_VYM,https://www.sec.gov/Archives/edgar/data/1004655/000119312525283315/f43394d1.htm,2026-09-25 19:17:22.397766,200.0,eff0753a1ade6c758cbbc7ec6b70b82d6673187567a99a243fb3739dd188d78b,SUCCESS,22.631964100000914,
log_ef74ffca4acc4fdc,sec_edgar_filings,US_VANGUARD_VYM,https://www.sec.gov/Archives/edgar/data/1004655/000119312525325874/f43676d1.htm,2026-09-25 19:18:05.145483,200.0,5a98ae3e0a5aefe6f4a0a8e75a6578bbe697a8106707837397226e3863dd3315,SUCCESS,33.46700350000174,
log_075ccd55c9254986,sec_edgar_filings,US_VANGUARD_VYM,https://www.sec.gov/Archives/edgar/data/1004655/000119312526026199/f43888d1.htm,2026-09-25 19:18:08.438074,200.0,47bd6acca1df6dac8229d8ec722f30b75ff30dc418ffda1219fb4c1456a1543b,SUCCESS,1.4882936000067275,
log_76fa5a7576734707,sec_edgar_filings,US_VANGUARD_VYM,https://www.sec.gov/Archives/edgar/data/1004655/000119312526012319/f43764d1.htm,2026-09-25 19:18:24.335436,200.0,c6e28ca0259f1b613585b2ec9dd8535123e140d18b00c4130328b5992e0472f1,SUCCESS,27.15276999998605,
log_6ba0f17d79f74634,sec_edgar_filings,US_VANGUARD_VYM,https://www.sec.gov/Archives/edgar/data/1004655/000119312526009903/f43758d1.htm,2026-09-25 19:19:09.170592,503.0,,SOURCE_UNAVAILABLE,43.37915470000007,HTTP 503: Service Unavailable
log_911b1a8710a34976,sec_edgar_filings,US_VANGUARD_VYM,https://www.sec.gov/Archives/edgar/data/1004655/000119312526009900/f43755d1.htm,2026-09-25 19:19:20.554395,200.0,a29bddef6ac8f16ee18aa963db4fb4e348409d1936063d685821b207f096b8c7,SUCCESS,4.24038049999217,
log_3e94a0f645fc4703,sec_edgar_filings,US_VANGUARD_VYM,https://www.sec.gov/Archives/edgar/data/1004655/000119312526009897/f43759d1.htm,2026-09-25 19:19:24.795672,200.0,ba2791338923753c9ebc0347fb88c33af1088edb03ddf72fbad96e0a189b960d,SUCCESS,0.923167699991609,
log_1eb91c9e5faa4bbc,sec_edgar_filings,US_VANGUARD_VYM,https://www.sec.gov/Archives/edgar/data/1004655/000119312526077558/f44082d1.htm,2026-09-25 19:19:27.296266,200.0,5b5a8b3469f112f570463c5ce4d5928b789f8aa4add70e4ed9bdfac86f7c546c,SUCCESS,1.7912658999994164,
log_b45fb91acd0c4a3d,sec_edgar_filings,US_VANGUARD_VYM,https://www.sec.gov/Archives/edgar/data/1004655/000119312526077542/f44081d1.htm,2026-09-25 19:19:29.796386,200.0,ad716cfd1d0ae1050c839740b0d710b669fbaeb9b9e59fa64fc2ba7e75890a8c,SUCCESS,2.3698720000102185,
log_abfa66907c304c91,sec_edgar_filings,US_VANGUARD_VYM,https://www.sec.gov/Archives/edgar/data/1004655/000119312526077532/f44059d1.htm,2026-09-25 19:19:32.296859,200.0,c938ea8b70a396ada01cdfd8b52e5593411bf83b613c73a1e3e2f8a9fbb0f575,SUCCESS,2.562550900009228,
log_bace680d99ff4a95,sec_edgar_filings,US_VANGUARD_VYM,https://www.sec.gov/Archives/edgar/data/1004655/000119312526077528/f44061d1.htm,2026-09-25 19:19:34.797334,200.0,6acd1303cbb0bc43da546a9b5bb133e84f2e46b168f7dcdc40cadcf466aa6a63,SUCCESS,2.650224500001059,
log_ce336f9cca37414a,sec_edgar_filings,US_VANGUARD_VYM,https://www.sec.gov/Archives/edgar/data/1004655/000119312526077527/f44060d1.htm,2026-09-25 19:19:37.297700,200.0,44655d0761f78cb99cbe27c1b8e1fe9ae470e33682b28d943e5fdace7740128a,SUCCESS,2.3486563000042224,
log_eac602133e3c46d3,sec_edgar_filings,US_VANGUARD_VYM,https://www.sec.gov/Archives/edgar/data/1004655/000119312526077524/f44058d1.htm,2026-09-25 19:19:39.797905,200.0,6242c26ff1712c5d582b3b502cea315c8de982bab7cdf0fb3ba858e7f5a22a11,SUCCESS,2.5548350000026403,
log_f3ed562d77ee4a01,sec_edgar_filings,US_VANGUARD_VYM,https://www.sec.gov/Archives/edgar/data/1004655/000119312526077515/f44025d1.htm,2026-09-25 19:19:42.298029,200.0,bf5f89e99db49e928abfa0df89edb083586fb5e8355c52f479b29d7c15371575,SUCCESS,7.526022500009276,
log_a61ec659e2a642e4,sec_edgar_filings,US_VANGUARD_VYM,https://www.sec.gov/Archives/edgar/data/1004655/000119312526077514/f44029d1.htm,2026-09-25 19:19:48.304006,200.0,9101be34661cecc6a1a9820e88ee3969da98c1d02eb8feed957cb796ffd52782,SUCCESS,1.8887686999951256,
log_97784d0d48f94ab3,sec_edgar_filings,US_VANGUARD_VYM,https://www.sec.gov/Archives/edgar/data/1004655/000119312526045639/f44014d1.htm,2026-09-25 19:20:18.556928,200.0,991b8ec6f0f0908a005f3f3c81f871604a6297eab688d4553e382439e44b4452,SUCCESS,29.897022899996955,
log_aa534266b89745a6,sec_edgar_filings,US_VANGUARD_VYM,https://www.sec.gov/Archives/edgar/data/1004655/000119312526032818/f43785d1.htm,2026-09-25 19:20:33.724906,200.0,2bac772439af83e63279389e8157f1199990c07327eb361ff928c6b7f67c9063,SUCCESS,27.44546829999308,
log_bec0d911c05e46c0,sec_edgar_filings,US_VANGUARD_VYM,https://www.sec.gov/Archives/edgar/data/1004655/000089119026000154/f45282d1.htm,2026-09-25 19:20:49.899973,200.0,714019e768c6b543392f6747553d4f7fd6fc1c467056af3e2c15d81c10af680a,SUCCESS,8.79772810000577,
log_34380bda73b14862,sec_edgar_filings,US_VANGUARD_VYM,https://www.sec.gov/Archives/edgar/data/1004655/000089119026000239/f45593d1.htm,2026-09-25 19:20:59.417442,200.0,b70535903e7fdf5108dd0d43273ba10523a3e69054ac49e2d1b9fa17cee14798,SUCCESS,1.1222793000051752,
log_d69560df525d4a29,sec_edgar_filings,US_VANGUARD_VYM,https://www.sec.gov/Archives/edgar/data/1004655/000100465526000212/f45557d1.htm,2026-09-25 19:21:01.917655,200.0,a52c6f48e73123fac1ae0d0387ee818cf9aaa64e358e93e39d6db6e6ec354064,SUCCESS,2.674717000001692,
log_980161e4597a41f7,sec_edgar_filings,US_VANGUARD_VYM,https://www.sec.gov/Archives/edgar/data/1004655/000005284826000478/f45539d1.htm,2026-09-25 19:21:31.692903,503.0,,SOURCE_UNAVAILABLE,39.91886469999736,HTTP 503: Service Unavailable
log_803beceed05a4f84,sec_edgar_filings,US_VANGUARD_VYM,https://www.sec.gov/Archives/edgar/data/1004655/000100465526000310/f45737d1.htm,2026-09-25 19:21:58.600722,200.0,83de70f52858ed4fe2b0230ca4e1729a95155c5f710523a58892910594d1b869,SUCCESS,15.398697500000708,
log_de4501b8071943d8,sec_edgar_filings,US_VANGUARD_VYM,https://www.sec.gov/Archives/edgar/data/1004655/000102188226000648/f45888d1.htm,2026-09-25 19:22:28.240491,503.0,,SOURCE_UNAVAILABLE,37.910660599998664,HTTP 503: Service Unavailable
log_65c4c738ccca4db8,sec_edgar_filings,US_VANGUARD_VYM,https://www.sec.gov/Archives/edgar/data/1004655/000119312526392561/f46182d1.htm,2026-09-25 19:22:40.654174,200.0,9eb23150e09f0b41b78a237f8e6f893ef5813b75631d243c8b14bfb4f5d7362b,SUCCESS,1.4703684000123758,
log_02d99874015540fe,sec_edgar_submissions_api,US_VANGUARD_VNQ,https://data.sec.gov/submissions/CIK0000734383.json,2026-09-25 19:22:48.004532,200.0,bf74418e6f8060c208aec9c109ef895b4c44d9e5afe2512ab6ad97a73b3aa9c8,SUCCESS,1.762587999997777,
log_5432e6001c664cc1,official_fund_sponsor_page,US_VANGUARD_VNQ,https://investor.vanguard.com/investment-products/etfs/profile/vnq,2026-09-25 19:22:53.633192,200.0,27467171d38c273f00cedb0650b038aac3a3a651e3ef08ec8cbc3cdb3721bacf,SUCCESS,1.5700330999970902,
log_d148d70709434f3d,sec_edgar_filings,US_VANGUARD_VNQ,https://www.sec.gov/Archives/edgar/data/734383/000168386324006004/f39685d1.htm,2026-09-25 19:22:59.098889,200.0,9c6368b82beecef6ed8497a7fce70a785b88539a1a709a54957ba94481aca478,SUCCESS,5.3059780999901704,
log_7c505f76c6b349cd,sec_edgar_filings,US_VANGUARD_VNQ,https://www.sec.gov/Archives/edgar/data/734383/000168386324008346/f39887d1.htm,2026-09-25 19:23:04.636758,200.0,575a3af62fe9db790f22ee0c692c58a86e8c981fb23184879e0a6acee6c82c14,SUCCESS,1.640559999999823,
log_e94430120e7a4b3b,sec_edgar_filings,US_VANGUARD_VNQ,https://www.sec.gov/Archives/edgar/data/734383/000168386325000014/f40369d1.htm,2026-09-25 19:23:36.205420,503.0,,SOURCE_UNAVAILABLE,38.462083899998106,HTTP 503: Service Unavailable
log_309d7bb990fb4bad,sec_edgar_filings,US_VANGUARD_VNQ,https://www.sec.gov/Archives/edgar/data/734383/000168386325001509/f40933d1.htm,2026-09-25 19:23:48.936319,200.0,8170e8425f2fe8c1648e17cefc476af670cedd1cf022320dcf8ffd9fc64c3068,SUCCESS,2.5540352999960305,
log_de7ba6ec983c4f98,sec_edgar_filings,US_VANGUARD_VNQ,https://www.sec.gov/Archives/edgar/data/734383/000168386325001366/f40901d1.htm,2026-09-25 19:23:51.543776,200.0,ba2bfee539c0e04d37892507c9d5fc78c27c3fcfcdf13eabce9dc0149b21efa7,SUCCESS,9.635719099998823,
log_76349bcf274644b4,sec_edgar_filings,US_VANGUARD_VNQ,https://www.sec.gov/Archives/edgar/data/734383/000168386325000986/f40794d1.htm,2026-09-25 19:24:14.218005,200.0,54daa59fbb5a350d65dc0395200323f01a8e4215234b6dfa61fb74dc7a0e38ab,SUCCESS,14.286842699992121,
log_4bdc83105b134f37,sec_edgar_filings,US_VANGUARD_VNQ,https://www.sec.gov/Archives/edgar/data/734383/000168386325000822/f40650d1.htm,2026-09-25 19:24:43.170889,503.0,,SOURCE_UNAVAILABLE,39.26186199999938,HTTP 503: Service Unavailable
log_c6794705b2d64758,sec_edgar_filings,US_VANGUARD_VNQ,https://www.sec.gov/Archives/edgar/data/734383/000168386325000562/f40493d0.htm,2026-09-25 19:25:21.985931,200.0,1a6633272c38fbda18745137801fac81bcbbecc04d64eef9c80adbebfaea9bfa,SUCCESS,31.920944200013764,
log_39990b8a0b2f4fa9,sec_edgar_filings,US_VANGUARD_VNQ,https://www.sec.gov/Archives/edgar/data/734383/000168386325004233/f41992d1.htm,2026-09-25 19:25:56.858722,200.0,972ceba253e718ed77aaca74266ecd2579d6f92b4babd7b3fc01a00cce0c8c20,SUCCESS,29.811509899998782,
log_e4f6fb8bf0474746,sec_edgar_filings,US_VANGUARD_VNQ,https://www.sec.gov/Archives/edgar/data/734383/000168386325004878/f42106d1.htm,2026-09-25 19:26:00.812914,200.0,97bac02cbc19d3cf9c7058067fc4bf899c59825ae3546111aabe4c84d224b8c9,SUCCESS,5.189660599993658,
log_a889c181b47b4216,sec_edgar_filings,US_VANGUARD_VNQ,https://www.sec.gov/Archives/edgar/data/734383/000168386325004875/f42158d1.htm,2026-09-25 19:26:06.054291,200.0,0344174cbf68f6857f572110b44a025976003943f940ec2c895f920d38a64264,SUCCESS,1.2804283000004943,
log_a6a0377ba30b45df,sec_edgar_filings,US_VANGUARD_VNQ,https://www.sec.gov/Archives/edgar/data/734383/000168386325004869/f42157d1.htm,2026-09-25 19:26:08.554956,200.0,b9b01b253285e30b78d28a1ceedc428f47c15cee571a602d26aa142e54670f2b,SUCCESS,2.961600400012685,
log_335294c06b464bc1,sec_edgar_filings,US_VANGUARD_VNQ,https://www.sec.gov/Archives/edgar/data/734383/000168386325004861/f42123d1.htm,2026-09-25 19:26:11.055366,200.0,d8a9c2eaddf8e6a8091a3e56fdbd2c263f28c780e17e0b33cbcffee975ad48cc,SUCCESS,13.50739590000012,
log_f4128bac632d4c6e,sec_edgar_filings,US_VANGUARD_VNQ,https://www.sec.gov/Archives/edgar/data/734383/000168386325005211/f42299d1.htm,2026-09-25 19:26:51.937206,200.0,46d1ea5c3f8d4eaa03ef4c75a3a89ab062ba252eaee599334eb39a829a03aa41,SUCCESS,28.28583300000173,
log_a926bbc981cf4952,sec_edgar_filings,US_VANGUARD_VNQ,https://www.sec.gov/Archives/edgar/data/734383/000168386325005558/f42371d1.htm,2026-09-25 19:27:26.405736,503.0,,SOURCE_UNAVAILABLE,42.73832340000081,HTTP 503: Service Unavailable
log_1f270454b8064a97,sec_edgar_filings,US_VANGUARD_VNQ,https://www.sec.gov/Archives/edgar/data/734383/000168386325007112/f42753d1.htm,2026-09-25 19:28:07.719471,503.0,,RETRIEVAL_FAILED,44.57038509999984,HTTP Timeout: The read operation timed out
log_14b055f58e894cd4,sec_edgar_filings,US_VANGUARD_VNQ,https://www.sec.gov/Archives/edgar/data/734383/000119312525224194/f43052d1.htm,2026-09-25 19:28:38.910854,200.0,dc1f2ccccbc011ff4049cd401927f32a5b14ff2c0a0742595bc4dc54fe9cc446,SUCCESS,28.365876500000013,
log_66ad17e01d184d16,sec_edgar_filings,US_VANGUARD_VNQ,https://www.sec.gov/Archives/edgar/data/734383/000119312525244346/f43105d1.htm,2026-09-25 19:29:26.445225,503.0,,SOURCE_UNAVAILABLE,43.24935729999561,HTTP 503: Service Unavailable
log_769bcd04fc144956,sec_edgar_filings,US_VANGUARD_VNQ,https://www.sec.gov/Archives/edgar/data/734383/000119312526012319/f43764d1.htm,2026-09-25 19:29:42.240568,200.0,c6e28ca0259f1b613585b2ec9dd8535123e140d18b00c4130328b5992e0472f1,SUCCESS,2.0183424999995623,
log_0bac0db9034f47d3,sec_edgar_filings,US_VANGUARD_VNQ,https://www.sec.gov/Archives/edgar/data/734383/000119312526009903/f43758d1.htm,2026-09-25 19:30:12.083456,200.0,108930a6eb1d5f3935ff35eba3614ac81b73ed6d3f7f7a943c2eb892d899d4bb,SUCCESS,35.30325160000939,
log_5078dd17e9d6441e,sec_edgar_filings,US_VANGUARD_VNQ,https://www.sec.gov/Archives/edgar/data/734383/000119312526009900/f43755d1.htm,2026-09-25 19:30:46.354464,200.0,a29bddef6ac8f16ee18aa963db4fb4e348409d1936063d685821b207f096b8c7,SUCCESS,27.743164800005616,
log_257ae3bd0d754f30,sec_edgar_filings,US_VANGUARD_VNQ,https://www.sec.gov/Archives/edgar/data/734383/000119312526079501/f44203d1.htm,2026-09-25 19:31:01.349482,200.0,3b8e455015f7dfa30639fb52dadc13dea737ac2b5daa8ccef8bb5e224d59053c,SUCCESS,14.500998100003926,
log_f2e1ed85ed8241d8,sec_edgar_filings,US_VANGUARD_VNQ,https://www.sec.gov/Archives/edgar/data/734383/000119312526045639/f44014d1.htm,2026-09-25 19:31:16.574206,200.0,991b8ec6f0f0908a005f3f3c81f871604a6297eab688d4553e382439e44b4452,SUCCESS,20.202645099998335,
log_249dc51273b3471a,sec_edgar_filings,US_VANGUARD_VNQ,https://www.sec.gov/Archives/edgar/data/734383/000119312526032832/f43920d1.htm,2026-09-25 19:31:22.866613,200.0,139067521c5210023570fb1b0d7c2b1f9591dccee6f1a29fef665297754f95df,SUCCESS,4.164859600001364,
log_042ec4fe8e384383,sec_edgar_filings,US_VANGUARD_VNQ,https://www.sec.gov/Archives/edgar/data/734383/000119312526243185/f45380d1.htm,2026-09-25 19:31:41.988477,200.0,038b93a49cbe820fea36b2795dec85185c505b4456712c8d657ea607dafb5e3a,SUCCESS,13.690725199994631,
log_9110034f7691417c,sec_edgar_filings,US_VANGUARD_VNQ,https://www.sec.gov/Archives/edgar/data/734383/000073438326000133/f45293d1.htm,2026-09-25 19:31:57.228778,200.0,b7a02b58af7dae794835fcef543bde3c53adb8ae2446f8be8a6db87ff5a7f5a6,SUCCESS,15.062346200007596,
log_81dd7a0a98c84f27,sec_edgar_filings,US_VANGUARD_VNQ,https://www.sec.gov/Archives/edgar/data/734383/000073438326000132/f45298d1.htm,2026-09-25 19:32:12.288929,200.0,61656153ba08f9bcc8c216a03ccd2f39192ad62bf575a8694e1e20a22ad007f0,SUCCESS,15.948512899994967,
log_0047ca20fd554b27,sec_edgar_filings,US_VANGUARD_VNQ,https://www.sec.gov/Archives/edgar/data/734383/000073438326000130/f45292d1.htm,2026-09-25 19:32:14.789158,200.0,51a6ab8360402ed67439f0cbec07bda8a9349b38b6c1380861dcfcbfe307ea5d,SUCCESS,1.7171907999872928,
log_db8efe683bb2482a,sec_edgar_filings,US_VANGUARD_VNQ,https://www.sec.gov/Archives/edgar/data/734383/000089119026000154/f45282d1.htm,2026-09-25 19:32:17.289595,200.0,714019e768c6b543392f6747553d4f7fd6fc1c467056af3e2c15d81c10af680a,SUCCESS,4.8367541000043275,
log_cd40157eda9c46f0,sec_edgar_filings,US_VANGUARD_VNQ,https://www.sec.gov/Archives/edgar/data/734383/000073438326000099/f45200d1.htm,2026-09-25 19:32:20.620648,200.0,3263046305a1f605105475325dfe4a455d0dbe59ff5c34d82e35680fe82a8b82,SUCCESS,12.050716800004011,
log_ef4e3d4721d24ef9,sec_edgar_filings,US_VANGUARD_VNQ,https://www.sec.gov/Archives/edgar/data/734383/000089119026000239/f45593d1.htm,2026-09-25 19:33:00.021019,200.0,b70535903e7fdf5108dd0d43273ba10523a3e69054ac49e2d1b9fa17cee14798,SUCCESS,27.950321299998905,
log_3b76ab7b78bd42c5,sec_edgar_filings,US_VANGUARD_VNQ,https://www.sec.gov/Archives/edgar/data/734383/000073438326000158/f45561d1.htm,2026-09-25 19:33:02.521385,200.0,cb71ed8736c23085f9ab55b3d49bc08a64d232f62c3400f43bf5c1f3e06fb3f8,SUCCESS,15.198417899999185,
log_3dfe82ecc3d94eec,sec_edgar_filings,US_VANGUARD_VNQ,https://www.sec.gov/Archives/edgar/data/734383/000005284826000478/f45539d1.htm,2026-09-25 19:33:16.604328,200.0,d7df86e0990cc602f73fd5190c11fb0573556575837de1ef59c238190b687ebc,SUCCESS,1.1234194999997271,
log_97e2a195b006483a,sec_edgar_filings,US_VANGUARD_VNQ,https://www.sec.gov/Archives/edgar/data/734383/000073438326000217/f45735d1.htm,2026-09-25 19:33:19.104710,200.0,7e5912073ed3123dacc4c3b679251d2ffebcb74a32352e726294593a3f399bdb,SUCCESS,2.529804999998305,
log_4ac4ec1179ef44bc,sec_edgar_filings,US_VANGUARD_VNQ,https://www.sec.gov/Archives/edgar/data/734383/000119312526392561/f46182d1.htm,2026-09-25 19:33:35.377267,200.0,9eb23150e09f0b41b78a237f8e6f893ef5813b75631d243c8b14bfb4f5d7362b,SUCCESS,16.633747400002903,
log_16f273632d4e417c,sec_edgar_submissions_api,US_VANGUARD_VB,https://data.sec.gov/submissions/CIK0000036405.json,2026-09-25 19:33:45.072419,200.0,d4dd740e24f358ac02892098c91c6ed22320ecf548f22e8c981d87c31e528fce,SUCCESS,1.6644060999969952,
log_d5827e31cff248bd,official_fund_sponsor_page,US_VANGUARD_VB,https://investor.vanguard.com/investment-products/etfs/profile/vb,2026-09-25 19:33:49.242552,200.0,bbfbd93f4de56433d75d5a10cb114f628d53e702ca42918b7373c37290bad20f,SUCCESS,2.908553100001882,
log_aac89cfd0d774a91,sec_edgar_filings,US_VANGUARD_VB,https://www.sec.gov/Archives/edgar/data/36405/000168386324006090/f39702d0.htm,2026-09-25 19:34:07.525867,200.0,09c37a4d1c469a52ca1f6e8382044b2a75b05c7be393068e50007f70c148baf8,SUCCESS,15.057285999995656,
log_169f6e1886134061,sec_edgar_filings,US_VANGUARD_VB,https://www.sec.gov/Archives/edgar/data/36405/000168386324006004/f39685d1.htm,2026-09-25 19:34:10.026244,200.0,9c6368b82beecef6ed8497a7fce70a785b88539a1a709a54957ba94481aca478,SUCCESS,3.142944699997315,
log_1d2514b0b4d448d9,sec_edgar_filings,US_VANGUARD_VB,https://www.sec.gov/Archives/edgar/data/36405/000168386325001366/f40901d1.htm,2026-09-25 19:34:17.243387,200.0,ba2bfee539c0e04d37892507c9d5fc78c27c3fcfcdf13eabce9dc0149b21efa7,SUCCESS,1.4970592000026954,
log_2e70cde663544900,sec_edgar_filings,US_VANGUARD_VB,https://www.sec.gov/Archives/edgar/data/36405/000168386325000986/f40794d1.htm,2026-09-25 19:34:46.654037,200.0,54daa59fbb5a350d65dc0395200323f01a8e4215234b6dfa61fb74dc7a0e38ab,SUCCESS,28.867791800003033,
log_7ac5fc33d9564e98,sec_edgar_filings,US_VANGUARD_VB,https://www.sec.gov/Archives/edgar/data/36405/000168386325000822/f40650d1.htm,2026-09-25 19:34:49.154555,200.0,b101cc6df16a9ecd5051fdd421825b7a0b0cbdbc3ccb85c775ae28c5c67b1040,SUCCESS,2.8149855000083335,
log_30c95008cd2c41a6,sec_edgar_filings,US_VANGUARD_VB,https://www.sec.gov/Archives/edgar/data/36405/000168386325000571/f40517d0.htm,2026-09-25 19:34:51.655226,200.0,a762d90bb9364d8a714eab36ca56e39c178f6fea3a408932d17ed1f3ad1a5d2f,SUCCESS,1.7150637000013376,
log_0fd8cd7afc204340,sec_edgar_filings,US_VANGUARD_VB,https://www.sec.gov/Archives/edgar/data/36405/000168386325004878/f42106d1.htm,2026-09-25 19:35:10.174832,200.0,97bac02cbc19d3cf9c7058067fc4bf899c59825ae3546111aabe4c84d224b8c9,SUCCESS,15.057891400007065,
log_dae2aaffb99549e2,sec_edgar_filings,US_VANGUARD_VB,https://www.sec.gov/Archives/edgar/data/36405/000168386325004688/f42062d1.htm,2026-09-25 19:35:12.675280,200.0,60c86bb5f1d5fa56b02e5b96db2c158dfe38bd1332abf6ace31ab8462e46eb99,SUCCESS,1.699712300003739,
log_f2b4b373add74bfc,sec_edgar_filings,US_VANGUARD_VB,https://www.sec.gov/Archives/edgar/data/36405/000168386325005211/f42299d1.htm,2026-09-25 19:35:42.326874,200.0,46d1ea5c3f8d4eaa03ef4c75a3a89ab062ba252eaee599334eb39a829a03aa41,SUCCESS,27.831128199992236,
log_fda3e54db5464e4a,sec_edgar_filings,US_VANGUARD_VB,https://www.sec.gov/Archives/edgar/data/36405/000168386325005558/f42371d1.htm,2026-09-25 19:35:44.827468,200.0,5db49a9a9c590e9511f872322ae0590740594d40763abf54a345a98008d316b7,SUCCESS,1.1211358000000473,
log_64030540a7b447dd,sec_edgar_filings,US_VANGUARD_VB,https://www.sec.gov/Archives/edgar/data/36405/000168386325007112/f42753d1.htm,2026-09-25 19:35:47.327912,200.0,ddcdf2b814d8d39c1a43070a6c05c64ca1a9740570abe92bc59901795eae6121,SUCCESS,1.1699816999898758,
log_9a60fa23dec64b84,sec_edgar_filings,US_VANGUARD_VB,https://www.sec.gov/Archives/edgar/data/36405/000119312525224194/f43052d1.htm,2026-09-25 19:35:49.828068,200.0,dc1f2ccccbc011ff4049cd401927f32a5b14ff2c0a0742595bc4dc54fe9cc446,SUCCESS,0.9924096000031568,
log_1a2f5c3b3a904474,sec_edgar_filings,US_VANGUARD_VB,https://www.sec.gov/Archives/edgar/data/36405/000119312525244346/f43105d1.htm,2026-09-25 19:35:52.328722,200.0,68a9a26a3d7ed8deaf258e63f60257397d437c7fe6ea58f1e8ef29e62ca7a62e,SUCCESS,1.085602300008759,
log_99663dfe1449450c,sec_edgar_filings,US_VANGUARD_VB,https://www.sec.gov/Archives/edgar/data/36405/000119312526012319/f43764d1.htm,2026-09-25 19:35:57.560576,200.0,c6e28ca0259f1b613585b2ec9dd8535123e140d18b00c4130328b5992e0472f1,SUCCESS,1.2267295999918133,
log_4e4d68e1f69c4860,sec_edgar_filings,US_VANGUARD_VB,https://www.sec.gov/Archives/edgar/data/36405/000119312526009903/f43758d1.htm,2026-09-25 19:36:00.060792,200.0,108930a6eb1d5f3935ff35eba3614ac81b73ed6d3f7f7a943c2eb892d899d4bb,SUCCESS,2.177747499998077,
log_6f5b70f4ba4e4d6c,sec_edgar_filings,US_VANGUARD_VB,https://www.sec.gov/Archives/edgar/data/36405/000119312526009900/f43755d1.htm,2026-09-25 19:36:02.562416,200.0,a29bddef6ac8f16ee18aa963db4fb4e348409d1936063d685821b207f096b8c7,SUCCESS,2.746938299998874,
log_e58d935fa4a147d7,sec_edgar_filings,US_VANGUARD_VB,https://www.sec.gov/Archives/edgar/data/36405/000119312526009897/f43759d1.htm,2026-09-25 19:36:05.063103,200.0,ba2791338923753c9ebc0347fb88c33af1088edb03ddf72fbad96e0a189b960d,SUCCESS,2.2092597000009846,
log_8c9e5606589746a4,sec_edgar_filings,US_VANGUARD_VB,https://www.sec.gov/Archives/edgar/data/36405/000119312526045639/f44014d1.htm,2026-09-25 19:36:07.563482,200.0,991b8ec6f0f0908a005f3f3c81f871604a6297eab688d4553e382439e44b4452,SUCCESS,1.2091744000063045,
log_b2a5d5227ae64e71,sec_edgar_filings,US_VANGUARD_VB,https://www.sec.gov/Archives/edgar/data/36405/000119312526032833/f43896d1.htm,2026-09-25 19:36:10.064039,200.0,9f892d17ae59c741c940fd9a16e5557940ce7c255d54e214f8fb8e15ef6239e1,SUCCESS,5.296750699999393,
log_28e008eea8a7476b,sec_edgar_filings,US_VANGUARD_VB,https://www.sec.gov/Archives/edgar/data/36405/000089119026000154/f45282d1.htm,2026-09-25 19:36:18.240780,200.0,714019e768c6b543392f6747553d4f7fd6fc1c467056af3e2c15d81c10af680a,SUCCESS,10.870582499992452,
log_a1c84837579f4e11,sec_edgar_filings,US_VANGUARD_VB,https://www.sec.gov/Archives/edgar/data/36405/000089119026000239/f45593d1.htm,2026-09-25 19:36:30.497451,200.0,b70535903e7fdf5108dd0d43273ba10523a3e69054ac49e2d1b9fa17cee14798,SUCCESS,1.0730614999920363,
log_739133e81c0e4bf5,sec_edgar_filings,US_VANGUARD_VB,https://www.sec.gov/Archives/edgar/data/36405/000005284826000478/f45539d1.htm,2026-09-25 19:36:32.997729,200.0,d7df86e0990cc602f73fd5190c11fb0573556575837de1ef59c238190b687ebc,SUCCESS,4.100966199999675,
log_5d35df35d0a74a28,sec_edgar_filings,US_VANGUARD_VB,https://www.sec.gov/Archives/edgar/data/36405/000003640526000386/f45788d1.htm,2026-09-25 19:36:37.090642,200.0,84cecdc4ed642a59d0941c9ef88244d0d0df91721e90929c3467465725548dae,SUCCESS,9.641207900000154,
log_0882e02a9cf946ce,sec_edgar_filings,US_VANGUARD_VB,https://www.sec.gov/Archives/edgar/data/36405/000119312526392561/f46182d1.htm,2026-09-25 19:36:49.538640,200.0,9eb23150e09f0b41b78a237f8e6f893ef5813b75631d243c8b14bfb4f5d7362b,SUCCESS,1.2871912000118755,
log_620e401b92d1489e,sec_edgar_submissions_api,US_VANGUARD_VO,https://data.sec.gov/submissions/CIK0000036405.json,2026-09-25 19:36:56.311647,200.0,d4dd740e24f358ac02892098c91c6ed22320ecf548f22e8c981d87c31e528fce,SUCCESS,2.8990402999916114,
log_dd707920e7924d1b,official_fund_sponsor_page,US_VANGUARD_VO,https://investor.vanguard.com/investment-products/etfs/profile/vo,2026-09-25 19:37:00.325765,200.0,fd57829cb7cd4dc34b44d5aa681693875ff5a62ca57b7635cda8e51e7770210c,SUCCESS,3.141843700010213,
log_10663281ebbd4652,sec_edgar_filings,US_VANGUARD_VO,https://www.sec.gov/Archives/edgar/data/36405/000168386324006090/f39702d0.htm,2026-09-25 19:37:06.005528,200.0,09c37a4d1c469a52ca1f6e8382044b2a75b05c7be393068e50007f70c148baf8,SUCCESS,3.5834876999870175,
log_2450fbe2eacf43c8,sec_edgar_filings,US_VANGUARD_VO,https://www.sec.gov/Archives/edgar/data/36405/000168386324006004/f39685d1.htm,2026-09-25 19:37:35.521149,200.0,9c6368b82beecef6ed8497a7fce70a785b88539a1a709a54957ba94481aca478,SUCCESS,28.182750599997235,
log_5dd12ec832594cc2,sec_edgar_filings,US_VANGUARD_VO,https://www.sec.gov/Archives/edgar/data/36405/000168386325001366/f40901d1.htm,2026-09-25 19:37:42.168542,200.0,ba2bfee539c0e04d37892507c9d5fc78c27c3fcfcdf13eabce9dc0149b21efa7,SUCCESS,0.97747640000307,
log_f2e69306382d44a1,sec_edgar_filings,US_VANGUARD_VO,https://www.sec.gov/Archives/edgar/data/36405/000168386325000986/f40794d1.htm,2026-09-25 19:37:44.669527,200.0,54daa59fbb5a350d65dc0395200323f01a8e4215234b6dfa61fb74dc7a0e38ab,SUCCESS,3.3020643000054406,
log_80e3f85c491f4f17,sec_edgar_filings,US_VANGUARD_VO,https://www.sec.gov/Archives/edgar/data/36405/000168386325000822/f40650d1.htm,2026-09-25 19:37:47.169904,200.0,b101cc6df16a9ecd5051fdd421825b7a0b0cbdbc3ccb85c775ae28c5c67b1040,SUCCESS,3.1436419999954524,
log_cfeea1934d114ee1,sec_edgar_filings,US_VANGUARD_VO,https://www.sec.gov/Archives/edgar/data/36405/000168386325000571/f40517d0.htm,2026-09-25 19:37:49.670192,200.0,a762d90bb9364d8a714eab36ca56e39c178f6fea3a408932d17ed1f3ad1a5d2f,SUCCESS,1.3187092000007397,
log_52d78f3d4514420a,sec_edgar_filings,US_VANGUARD_VO,https://www.sec.gov/Archives/edgar/data/36405/000168386325004878/f42106d1.htm,2026-09-25 19:37:54.472985,200.0,97bac02cbc19d3cf9c7058067fc4bf899c59825ae3546111aabe4c84d224b8c9,SUCCESS,0.8022083999967435,
log_8a6386a338b740ef,sec_edgar_filings,US_VANGUARD_VO,https://www.sec.gov/Archives/edgar/data/36405/000168386325004688/f42062d1.htm,2026-09-25 19:37:56.973242,200.0,60c86bb5f1d5fa56b02e5b96db2c158dfe38bd1332abf6ace31ab8462e46eb99,SUCCESS,2.9909837000013795,
log_da260223c8644740,sec_edgar_filings,US_VANGUARD_VO,https://www.sec.gov/Archives/edgar/data/36405/000168386325005211/f42299d1.htm,2026-09-25 19:37:59.740498,200.0,46d1ea5c3f8d4eaa03ef4c75a3a89ab062ba252eaee599334eb39a829a03aa41,SUCCESS,1.246649000007892,
log_26fde3d4cdc141b4,sec_edgar_filings,US_VANGUARD_VO,https://www.sec.gov/Archives/edgar/data/36405/000168386325005558/f42371d1.htm,2026-09-25 19:38:02.463400,200.0,5db49a9a9c590e9511f872322ae0590740594d40763abf54a345a98008d316b7,SUCCESS,1.0945183000003453,
log_054bd9a4457a4b04,sec_edgar_filings,US_VANGUARD_VO,https://www.sec.gov/Archives/edgar/data/36405/000168386325007112/f42753d1.htm,2026-09-25 19:38:05.059458,200.0,ddcdf2b814d8d39c1a43070a6c05c64ca1a9740570abe92bc59901795eae6121,SUCCESS,1.1848150000005262,
log_b0aea50bef2945da,sec_edgar_filings,US_VANGUARD_VO,https://www.sec.gov/Archives/edgar/data/36405/000119312525224194/f43052d1.htm,2026-09-25 19:38:07.672347,200.0,dc1f2ccccbc011ff4049cd401927f32a5b14ff2c0a0742595bc4dc54fe9cc446,SUCCESS,1.1132131000049412,
log_3c1fbdc3bc11404a,sec_edgar_filings,US_VANGUARD_VO,https://www.sec.gov/Archives/edgar/data/36405/000119312525244346/f43105d1.htm,2026-09-25 19:38:10.172585,200.0,68a9a26a3d7ed8deaf258e63f60257397d437c7fe6ea58f1e8ef29e62ca7a62e,SUCCESS,1.104812599995057,
log_b55d9579158845d0,sec_edgar_filings,US_VANGUARD_VO,https://www.sec.gov/Archives/edgar/data/36405/000119312526012319/f43764d1.htm,2026-09-25 19:38:15.352174,200.0,c6e28ca0259f1b613585b2ec9dd8535123e140d18b00c4130328b5992e0472f1,SUCCESS,1.285755999997491,
log_d9f82b8e456e411f,sec_edgar_filings,US_VANGUARD_VO,https://www.sec.gov/Archives/edgar/data/36405/000119312526009903/f43758d1.htm,2026-09-25 19:38:17.852770,200.0,108930a6eb1d5f3935ff35eba3614ac81b73ed6d3f7f7a943c2eb892d899d4bb,SUCCESS,2.4352166000026045,
log_8180e7390cfe4d9f,sec_edgar_filings,US_VANGUARD_VO,https://www.sec.gov/Archives/edgar/data/36405/000119312526009900/f43755d1.htm,2026-09-25 19:38:20.353414,200.0,a29bddef6ac8f16ee18aa963db4fb4e348409d1936063d685821b207f096b8c7,SUCCESS,2.3133831000013743,
log_27d28c99f83e4043,sec_edgar_filings,US_VANGUARD_VO,https://www.sec.gov/Archives/edgar/data/36405/000119312526009897/f43759d1.htm,2026-09-25 19:38:22.853798,200.0,ba2791338923753c9ebc0347fb88c33af1088edb03ddf72fbad96e0a189b960d,SUCCESS,2.4635662000073353,
log_559bc004c17d4b61,sec_edgar_filings,US_VANGUARD_VO,https://www.sec.gov/Archives/edgar/data/36405/000119312526045639/f44014d1.htm,2026-09-25 19:38:25.441093,200.0,991b8ec6f0f0908a005f3f3c81f871604a6297eab688d4553e382439e44b4452,SUCCESS,0.9260053000034532,
log_c39c95c9998d4fa3,sec_edgar_filings,US_VANGUARD_VO,https://www.sec.gov/Archives/edgar/data/36405/000119312526032833/f43896d1.htm,2026-09-25 19:38:27.941748,200.0,9f892d17ae59c741c940fd9a16e5557940ce7c255d54e214f8fb8e15ef6239e1,SUCCESS,2.4976276000088546,
log_3789514ffd814fe6,sec_edgar_filings,US_VANGUARD_VO,https://www.sec.gov/Archives/edgar/data/36405/000089119026000154/f45282d1.htm,2026-09-25 19:38:33.018557,200.0,714019e768c6b543392f6747553d4f7fd6fc1c467056af3e2c15d81c10af680a,SUCCESS,1.0127654000098119,
log_7eca5ff9441e4eb0,sec_edgar_filings,US_VANGUARD_VO,https://www.sec.gov/Archives/edgar/data/36405/000089119026000239/f45593d1.htm,2026-09-25 19:38:35.539463,200.0,b70535903e7fdf5108dd0d43273ba10523a3e69054ac49e2d1b9fa17cee14798,SUCCESS,1.1138382000062848,
log_a654c6f48aef46c9,sec_edgar_filings,US_VANGUARD_VO,https://www.sec.gov/Archives/edgar/data/36405/000005284826000478/f45539d1.htm,2026-09-25 19:38:38.039784,200.0,d7df86e0990cc602f73fd5190c11fb0573556575837de1ef59c238190b687ebc,SUCCESS,2.3865167000039946,
log_eba2c97770ab48c8,sec_edgar_filings,US_VANGUARD_VO,https://www.sec.gov/Archives/edgar/data/36405/000003640526000386/f45788d1.htm,2026-09-25 19:38:40.540357,200.0,84cecdc4ed642a59d0941c9ef88244d0d0df91721e90929c3467465725548dae,SUCCESS,1.1328334999998333,
log_e9c5e0468ea14cba,sec_edgar_filings,US_VANGUARD_VO,https://www.sec.gov/Archives/edgar/data/36405/000119312526392561/f46182d1.htm,2026-09-25 19:38:44.672024,200.0,9eb23150e09f0b41b78a237f8e6f893ef5813b75631d243c8b14bfb4f5d7362b,SUCCESS,1.3694075999956112,
log_eb953d3f446a4a83,sec_edgar_submissions_api,US_VANGUARD_VEA,https://data.sec.gov/submissions/CIK0000923202.json,2026-09-25 19:38:52.243854,200.0,25dea52b4225798128748eb855c872f96c49c46effb9b5fe0d6c9c9318f1b5df,SUCCESS,3.0030225000082282,
log_faaa2ac69e41433b,official_fund_sponsor_page,US_VANGUARD_VEA,https://investor.vanguard.com/investment-products/etfs/profile/vea,2026-09-25 19:38:56.349076,200.0,c42cf03ef219b584bf4468f17c62e43e870a8132431cd0a8a62982a5027cde32,SUCCESS,3.1238086000084877,
log_e19c020eed1740f1,sec_edgar_filings,US_VANGUARD_VEA,https://www.sec.gov/Archives/edgar/data/923202/000168386324006004/f39685d1.htm,2026-09-25 19:39:16.175084,200.0,9c6368b82beecef6ed8497a7fce70a785b88539a1a709a54957ba94481aca478,SUCCESS,16.69138039999234,
log_c5288555b9f5460c,sec_edgar_filings,US_VANGUARD_VEA,https://www.sec.gov/Archives/edgar/data/923202/000168386324008346/f39887d1.htm,2026-09-25 19:39:46.743876,503.0,,SOURCE_UNAVAILABLE,38.037409999989904,HTTP 503: Service Unavailable
log_5d9d68af260e4a22,sec_edgar_filings,US_VANGUARD_VEA,https://www.sec.gov/Archives/edgar/data/923202/000168386325001509/f40933d1.htm,2026-09-25 19:40:28.354472,200.0,8170e8425f2fe8c1648e17cefc476af670cedd1cf022320dcf8ffd9fc64c3068,SUCCESS,42.05170860000362,
log_f9ca239112a24266,sec_edgar_filings,US_VANGUARD_VEA,https://www.sec.gov/Archives/edgar/data/923202/000168386325001366/f40901d1.htm,2026-09-25 19:40:43.264416,200.0,ba2bfee539c0e04d37892507c9d5fc78c27c3fcfcdf13eabce9dc0149b21efa7,SUCCESS,10.971914599998854,
log_07710c4ffe104d5b,sec_edgar_filings,US_VANGUARD_VEA,https://www.sec.gov/Archives/edgar/data/923202/000168386325000986/f40794d1.htm,2026-09-25 19:40:54.244147,200.0,54daa59fbb5a350d65dc0395200323f01a8e4215234b6dfa61fb74dc7a0e38ab,SUCCESS,1.4231241999950726,
log_7f780d4551794807,sec_edgar_filings,US_VANGUARD_VEA,https://www.sec.gov/Archives/edgar/data/923202/000168386325000822/f40650d1.htm,2026-09-25 19:41:28.270034,200.0,b101cc6df16a9ecd5051fdd421825b7a0b0cbdbc3ccb85c775ae28c5c67b1040,SUCCESS,33.86921570000413,
log_b0c57a86daa6432d,sec_edgar_filings,US_VANGUARD_VEA,https://www.sec.gov/Archives/edgar/data/923202/000168386325000558/f40453d0.htm,2026-09-25 19:41:30.770660,200.0,c82fcea45c8ac870faea071f93d8e8706fe1cf93e976e9b1b29bbd2faaa365c8,SUCCESS,2.469275399998878,
log_73c15515a52349ad,sec_edgar_filings,US_VANGUARD_VEA,https://www.sec.gov/Archives/edgar/data/923202/000168386325004231/f41991d1.htm,2026-09-25 19:41:34.639364,200.0,7a6722094d3e0887671da1c6a10b2c9faa0ff0defaf8d1f52791fc981599f572,SUCCESS,1.3563829000049736,
log_2f80906066c44ad4,sec_edgar_filings,US_VANGUARD_VEA,https://www.sec.gov/Archives/edgar/data/923202/000168386325004184/f41935d1.htm,2026-09-25 19:41:37.140037,200.0,056b1b37f06f0a02c90dbc6394ed4d1fbd0b216d14b65265d7b9276e7bd5377e,SUCCESS,2.821410199991078,
log_bc8352efb62f47b6,sec_edgar_filings,US_VANGUARD_VEA,https://www.sec.gov/Archives/edgar/data/923202/000168386325004878/f42106d1.htm,2026-09-25 19:41:40.382228,200.0,97bac02cbc19d3cf9c7058067fc4bf899c59825ae3546111aabe4c84d224b8c9,SUCCESS,1.9782724999968195,
log_2be8bda9c77245b8,sec_edgar_filings,US_VANGUARD_VEA,https://www.sec.gov/Archives/edgar/data/923202/000168386325005211/f42299d1.htm,2026-09-25 19:42:15.490485,503.0,,SOURCE_UNAVAILABLE,42.84837959999277,HTTP 503: Service Unavailable
log_b9376262712d4e7a,sec_edgar_filings,US_VANGUARD_VEA,https://www.sec.gov/Archives/edgar/data/923202/000168386325005558/f42371d1.htm,2026-09-25 19:42:55.742538,503.0,,SOURCE_UNAVAILABLE,39.09889259999909,HTTP 503: Service Unavailable
log_37eb4aa2966d473c,sec_edgar_filings,US_VANGUARD_VEA,https://www.sec.gov/Archives/edgar/data/923202/000168386325007112/f42753d1.htm,2026-09-25 19:43:35.729805,503.0,,SOURCE_UNAVAILABLE,38.6781248000043,HTTP 503: Service Unavailable
log_0d2ca6fbd6aa4795,sec_edgar_filings,US_VANGUARD_VEA,https://www.sec.gov/Archives/edgar/data/923202/000119312525224194/f43052d1.htm,2026-09-25 19:44:16.585281,503.0,,SOURCE_UNAVAILABLE,38.88598950000596,HTTP 503: Service Unavailable
log_4e5698170ab349d7,sec_edgar_filings,US_VANGUARD_VEA,https://www.sec.gov/Archives/edgar/data/923202/000119312525244346/f43105d1.htm,2026-09-25 19:44:55.824117,200.0,68a9a26a3d7ed8deaf258e63f60257397d437c7fe6ea58f1e8ef29e62ca7a62e,SUCCESS,28.4058459999942,
log_f82fd73519724e70,sec_edgar_filings,US_VANGUARD_VEA,https://www.sec.gov/Archives/edgar/data/923202/000119312526012319/f43764d1.htm,2026-09-25 19:45:37.491706,503.0,,SOURCE_UNAVAILABLE,48.2844877000025,HTTP 503: Service Unavailable
log_ae340c2ee46a4939,sec_edgar_filings,US_VANGUARD_VEA,https://www.sec.gov/Archives/edgar/data/923202/000119312526009903/f43758d1.htm,2026-09-25 19:46:17.347683,200.0,108930a6eb1d5f3935ff35eba3614ac81b73ed6d3f7f7a943c2eb892d899d4bb,SUCCESS,29.28457599999092,
log_9202f73138ea444d,sec_edgar_filings,US_VANGUARD_VEA,https://www.sec.gov/Archives/edgar/data/923202/000119312526009900/f43755d1.htm,2026-09-25 19:46:34.121973,200.0,a29bddef6ac8f16ee18aa963db4fb4e348409d1936063d685821b207f096b8c7,SUCCESS,16.241585800002213,
log_c3e1cf79948e40d3,sec_edgar_filings,US_VANGUARD_VEA,https://www.sec.gov/Archives/edgar/data/923202/000119312526009897/f43759d1.htm,2026-09-25 19:47:03.363107,503.0,,SOURCE_UNAVAILABLE,39.050608100005775,HTTP 503: Service Unavailable
log_e6148a06493744e9,sec_edgar_filings,US_VANGUARD_VEA,https://www.sec.gov/Archives/edgar/data/923202/000119312526045639/f44014d1.htm,2026-09-25 19:47:16.149206,200.0,991b8ec6f0f0908a005f3f3c81f871604a6297eab688d4553e382439e44b4452,SUCCESS,11.614063899993198,
log_56f81d415f0e4a92,sec_edgar_filings,US_VANGUARD_VEA,https://www.sec.gov/Archives/edgar/data/923202/000119312526032826/f43805d1.htm,2026-09-25 19:47:59.422952,503.0,,SOURCE_UNAVAILABLE,45.554329899998265,HTTP 503: Service Unavailable
log_b12291183ce44073,sec_edgar_filings,US_VANGUARD_VEA,https://www.sec.gov/Archives/edgar/data/923202/000089119026000154/f45282d1.htm,2026-09-25 19:48:44.580585,503.0,,SOURCE_UNAVAILABLE,38.604158699992695,HTTP 503: Service Unavailable
log_ebd89266fd9e415c,sec_edgar_filings,US_VANGUARD_VEA,https://www.sec.gov/Archives/edgar/data/923202/000089119026000239/f45593d1.htm,2026-09-25 19:48:57.440762,200.0,b70535903e7fdf5108dd0d43273ba10523a3e69054ac49e2d1b9fa17cee14798,SUCCESS,12.724748700013151,
log_6020ba21407f4e3e,sec_edgar_filings,US_VANGUARD_VEA,https://www.sec.gov/Archives/edgar/data/923202/000119312526392561/f46182d1.htm,2026-09-25 19:49:40.399881,503.0,,SOURCE_UNAVAILABLE,38.0758027999982,HTTP 503: Service Unavailable
log_2829599b193f4c52,sec_edgar_submissions_api,US_VANGUARD_VWO,https://data.sec.gov/submissions/CIK0000857489.json,2026-09-25 19:49:57.453973,200.0,a43b3b794648fdf416f16cd330870360853afd19bd04ca8a06d8637af6592ff6,SUCCESS,2.9069865999917965,
log_5ac65a7b35534771,official_fund_sponsor_page,US_VANGUARD_VWO,https://investor.vanguard.com/investment-products/etfs/profile/vwo,2026-09-25 19:50:05.124489,200.0,0b4cfbe95b2e23766e8b38327a335b38f79db60314a8237c542d32cf30696c6d,SUCCESS,1.3284821999986889,
log_e264125841a34cbc,sec_edgar_filings,US_VANGUARD_VWO,https://www.sec.gov/Archives/edgar/data/857489/000168386324006092/f39706d0.htm,2026-09-25 19:50:10.387243,200.0,9abb2f6a968d427b68412414243de01d16983c70d5c57e7f9b4a0af18eefd778,SUCCESS,2.6256300999957602,
log_57788f5097e242cc,sec_edgar_filings,US_VANGUARD_VWO,https://www.sec.gov/Archives/edgar/data/857489/000168386324006004/f39685d1.htm,2026-09-25 19:50:40.152456,503.0,,RETRIEVAL_FAILED,43.93404329998884,HTTP Timeout: The read operation timed out
log_b213f0cc2c524c12,sec_edgar_filings,US_VANGUARD_VWO,https://www.sec.gov/Archives/edgar/data/857489/000168386325001366/f40901d1.htm,2026-09-25 19:51:01.714343,200.0,ba2bfee539c0e04d37892507c9d5fc78c27c3fcfcdf13eabce9dc0149b21efa7,SUCCESS,2.603490099994815,
log_6a2508fe77394156,sec_edgar_filings,US_VANGUARD_VWO,https://www.sec.gov/Archives/edgar/data/857489/000168386325000986/f40794d1.htm,2026-09-25 19:51:31.348179,200.0,54daa59fbb5a350d65dc0395200323f01a8e4215234b6dfa61fb74dc7a0e38ab,SUCCESS,29.502803800001857,
log_67afb7f2f5574f24,sec_edgar_filings,US_VANGUARD_VWO,https://www.sec.gov/Archives/edgar/data/857489/000168386325000822/f40650d1.htm,2026-09-25 19:51:47.350761,200.0,b101cc6df16a9ecd5051fdd421825b7a0b0cbdbc3ccb85c775ae28c5c67b1040,SUCCESS,24.472405399996205,
log_827336c82ee24ae8,sec_edgar_filings,US_VANGUARD_VWO,https://www.sec.gov/Archives/edgar/data/857489/000168386325000572/f40460d0.htm,2026-09-25 19:51:58.313660,200.0,85eb66713f8df65d6c7ea405e20d23f4d4628ecb2f60fa2c5a4992f5af0f389e,SUCCESS,2.1036099000048125,
log_0d4d5b18489e44db,sec_edgar_filings,US_VANGUARD_VWO,https://www.sec.gov/Archives/edgar/data/857489/000168386325004624/f42001d1.htm,2026-09-25 19:52:36.624338,200.0,caaaa39c76dd5bbda1600270552bd40c653d81be6e03088f36d2a2c9349ac55b,SUCCESS,32.631077700003516,
log_ef034b6210fd4e38,sec_edgar_filings,US_VANGUARD_VWO,https://www.sec.gov/Archives/edgar/data/857489/000168386325005558/f42371d1.htm,2026-09-25 19:53:07.856736,503.0,,SOURCE_UNAVAILABLE,38.78463860000193,HTTP 503: Service Unavailable
log_1e3f150cf98e42ae,sec_edgar_filings,US_VANGUARD_VWO,https://www.sec.gov/Archives/edgar/data/857489/000168386325007112/f42753d1.htm,2026-09-25 19:53:47.182320,200.0,ddcdf2b814d8d39c1a43070a6c05c64ca1a9740570abe92bc59901795eae6121,SUCCESS,29.279085400004988,
log_44d67cafe4c84888,sec_edgar_filings,US_VANGUARD_VWO,https://www.sec.gov/Archives/edgar/data/857489/000119312525224194/f43052d1.htm,2026-09-25 19:54:18.141652,503.0,,SOURCE_UNAVAILABLE,39.92405490000965,HTTP 503: Service Unavailable
log_adee0f8d533d40f2,sec_edgar_filings,US_VANGUARD_VWO,https://www.sec.gov/Archives/edgar/data/857489/000119312526012319/f43764d1.htm,2026-09-25 19:54:33.339971,200.0,c6e28ca0259f1b613585b2ec9dd8535123e140d18b00c4130328b5992e0472f1,SUCCESS,2.2224624999944353,
log_0ba3f5a74a0c408f,sec_edgar_filings,US_VANGUARD_VWO,https://www.sec.gov/Archives/edgar/data/857489/000119312526009903/f43758d1.htm,2026-09-25 19:54:35.840432,200.0,108930a6eb1d5f3935ff35eba3614ac81b73ed6d3f7f7a943c2eb892d899d4bb,SUCCESS,1.1058711999939987,
log_7797f50276264b7b,sec_edgar_filings,US_VANGUARD_VWO,https://www.sec.gov/Archives/edgar/data/857489/000119312526009897/f43759d1.htm,2026-09-25 19:55:05.764958,200.0,ba2791338923753c9ebc0347fb88c33af1088edb03ddf72fbad96e0a189b960d,SUCCESS,42.182801799994195,
log_8c2e79684a4d4624,sec_edgar_filings,US_VANGUARD_VWO,https://www.sec.gov/Archives/edgar/data/857489/000119312526045639/f44014d1.htm,2026-09-25 19:55:19.816858,200.0,991b8ec6f0f0908a005f3f3c81f871604a6297eab688d4553e382439e44b4452,SUCCESS,0.8336659000051441,
log_03291529658a4743,sec_edgar_filings,US_VANGUARD_VWO,https://www.sec.gov/Archives/edgar/data/857489/000119312526032824/f43901d1.htm,2026-09-25 19:55:22.317415,200.0,c7971e2298baddd3d800efe49ee855b329fa1635096d6d5e1e388d253a69476e,SUCCESS,2.663502099996549,
log_823ce2574c1a4e11,sec_edgar_filings,US_VANGUARD_VWO,https://www.sec.gov/Archives/edgar/data/857489/000085748926000104/f44753d1.htm,2026-09-25 19:55:51.541104,503.0,,SOURCE_UNAVAILABLE,38.06413579999935,HTTP 503: Service Unavailable
log_677510b0eff84d78,sec_edgar_filings,US_VANGUARD_VWO,https://www.sec.gov/Archives/edgar/data/857489/000089119026000154/f45282d1.htm,2026-09-25 19:56:04.341299,200.0,714019e768c6b543392f6747553d4f7fd6fc1c467056af3e2c15d81c10af680a,SUCCESS,11.30115559999831,
log_37bb7949ad9f44f1,sec_edgar_filings,US_VANGUARD_VWO,https://www.sec.gov/Archives/edgar/data/857489/000089119026000239/f45593d1.htm,2026-09-25 19:56:43.850358,200.0,b70535903e7fdf5108dd0d43273ba10523a3e69054ac49e2d1b9fa17cee14798,SUCCESS,35.93203209999774,
log_a37d7dadd8744eb0,sec_edgar_filings,US_VANGUARD_VWO,https://www.sec.gov/Archives/edgar/data/857489/000102188226000648/f45888d1.htm,2026-09-25 19:56:55.791608,200.0,a945c8eda165ac2f019071acf14cb93c1fd81b82fc34065a5a757e51ab8ef30d,SUCCESS,3.989394899996114,
log_52759a5b40724692,sec_edgar_submissions_api,US_VANGUARD_VT,https://data.sec.gov/submissions/CIK0000857489.json,2026-09-25 19:57:06.744555,200.0,a43b3b794648fdf416f16cd330870360853afd19bd04ca8a06d8637af6592ff6,SUCCESS,2.8048989999952028,
log_83c27929a2f84e93,official_fund_sponsor_page,US_VANGUARD_VT,https://investor.vanguard.com/investment-products/etfs/profile/vt,2026-09-25 19:57:10.617954,200.0,0ba1b18281a33cc36df08814174bc7def08d2056d785f10d2d704409c9bc58e6,SUCCESS,2.9394315000099596,
log_43b44401351e497d,sec_edgar_filings,US_VANGUARD_VT,https://www.sec.gov/Archives/edgar/data/857489/000168386324006092/f39706d0.htm,2026-09-25 19:57:16.047873,200.0,9abb2f6a968d427b68412414243de01d16983c70d5c57e7f9b4a0af18eefd778,SUCCESS,4.143075100000715,
log_5ba52f1696bf44f6,sec_edgar_filings,US_VANGUARD_VT,https://www.sec.gov/Archives/edgar/data/857489/000168386324006004/f39685d1.htm,2026-09-25 19:57:18.873755,200.0,9c6368b82beecef6ed8497a7fce70a785b88539a1a709a54957ba94481aca478,SUCCESS,1.3828112999908626,
log_ed4a31a0373a46bc,sec_edgar_filings,US_VANGUARD_VT,https://www.sec.gov/Archives/edgar/data/857489/000168386325001366/f40901d1.htm,2026-09-25 19:57:25.812164,200.0,ba2bfee539c0e04d37892507c9d5fc78c27c3fcfcdf13eabce9dc0149b21efa7,SUCCESS,3.0628475999983493,
log_b38f998a496840fd,sec_edgar_filings,US_VANGUARD_VT,https://www.sec.gov/Archives/edgar/data/857489/000168386325000986/f40794d1.htm,2026-09-25 19:57:28.885319,200.0,54daa59fbb5a350d65dc0395200323f01a8e4215234b6dfa61fb74dc7a0e38ab,SUCCESS,2.84056490000512,
log_5bf3cd343d1a4e9b,sec_edgar_filings,US_VANGUARD_VT,https://www.sec.gov/Archives/edgar/data/857489/000168386325000822/f40650d1.htm,2026-09-25 19:57:31.726902,200.0,b101cc6df16a9ecd5051fdd421825b7a0b0cbdbc3ccb85c775ae28c5c67b1040,SUCCESS,1.0932384000043385,
log_cd01a3e2971d4aa9,sec_edgar_filings,US_VANGUARD_VT,https://www.sec.gov/Archives/edgar/data/857489/000168386325000572/f40460d0.htm,2026-09-25 19:57:34.227155,200.0,85eb66713f8df65d6c7ea405e20d23f4d4628ecb2f60fa2c5a4992f5af0f389e,SUCCESS,2.0004582999972627,
log_dd239d229b4c4a6f,sec_edgar_filings,US_VANGUARD_VT,https://www.sec.gov/Archives/edgar/data/857489/000168386325004624/f42001d1.htm,2026-09-25 19:57:38.576121,200.0,caaaa39c76dd5bbda1600270552bd40c653d81be6e03088f36d2a2c9349ac55b,SUCCESS,1.344793900003424,
log_f0c0daa1f1054fc1,sec_edgar_filings,US_VANGUARD_VT,https://www.sec.gov/Archives/edgar/data/857489/000168386325005558/f42371d1.htm,2026-09-25 19:57:42.630740,200.0,5db49a9a9c590e9511f872322ae0590740594d40763abf54a345a98008d316b7,SUCCESS,1.3831831999996211,
log_6408b9f0dac64635,sec_edgar_filings,US_VANGUARD_VT,https://www.sec.gov/Archives/edgar/data/857489/000168386325007112/f42753d1.htm,2026-09-25 19:57:45.397330,200.0,ddcdf2b814d8d39c1a43070a6c05c64ca1a9740570abe92bc59901795eae6121,SUCCESS,0.9517922999948496,
log_2f55e008a3434a4c,sec_edgar_filings,US_VANGUARD_VT,https://www.sec.gov/Archives/edgar/data/857489/000119312525224194/f43052d1.htm,2026-09-25 19:58:18.976356,503.0,,SOURCE_UNAVAILABLE,43.00442180001119,HTTP 503: Service Unavailable
log_cb7c9005eea343f5,sec_edgar_filings,US_VANGUARD_VT,https://www.sec.gov/Archives/edgar/data/857489/000119312526012319/f43764d1.htm,2026-09-25 19:58:33.799709,200.0,c6e28ca0259f1b613585b2ec9dd8535123e140d18b00c4130328b5992e0472f1,SUCCESS,0.76550490000227,
log_33e62f929789410e,sec_edgar_filings,US_VANGUARD_VT,https://www.sec.gov/Archives/edgar/data/857489/000119312526009903/f43758d1.htm,2026-09-25 19:58:36.300305,200.0,108930a6eb1d5f3935ff35eba3614ac81b73ed6d3f7f7a943c2eb892d899d4bb,SUCCESS,2.2827524000022095,
log_78070e5d5bba4e4e,sec_edgar_filings,US_VANGUARD_VT,https://www.sec.gov/Archives/edgar/data/857489/000119312526009897/f43759d1.htm,2026-09-25 19:58:38.800719,200.0,ba2791338923753c9ebc0347fb88c33af1088edb03ddf72fbad96e0a189b960d,SUCCESS,2.554428600007668,
log_5927587f081446a0,sec_edgar_filings,US_VANGUARD_VT,https://www.sec.gov/Archives/edgar/data/857489/000119312526045639/f44014d1.htm,2026-09-25 19:58:41.301303,200.0,991b8ec6f0f0908a005f3f3c81f871604a6297eab688d4553e382439e44b4452,SUCCESS,1.6154596999986097,
log_170bb75740d54d5b,sec_edgar_filings,US_VANGUARD_VT,https://www.sec.gov/Archives/edgar/data/857489/000119312526032824/f43901d1.htm,2026-09-25 19:58:43.801748,200.0,c7971e2298baddd3d800efe49ee855b329fa1635096d6d5e1e388d253a69476e,SUCCESS,2.5010497000039322,
log_7c2c3a56250e40e8,sec_edgar_filings,US_VANGUARD_VT,https://www.sec.gov/Archives/edgar/data/857489/000085748926000104/f44753d1.htm,2026-09-25 19:58:46.301963,200.0,8e62c3aa45fd8693428e1f2ed7640c59a7a325c8c04633f33c5a62b69a104787,SUCCESS,2.7827257000026293,
log_109841a6d4d84783,sec_edgar_filings,US_VANGUARD_VT,https://www.sec.gov/Archives/edgar/data/857489/000089119026000154/f45282d1.htm,2026-09-25 19:59:02.058798,200.0,714019e768c6b543392f6747553d4f7fd6fc1c467056af3e2c15d81c10af680a,SUCCESS,16.63084310000704,
log_d15cfe4530ac4ce3,sec_edgar_filings,US_VANGUARD_VT,https://www.sec.gov/Archives/edgar/data/857489/000089119026000239/f45593d1.htm,2026-09-25 19:59:33.393505,200.0,b70535903e7fdf5108dd0d43273ba10523a3e69054ac49e2d1b9fa17cee14798,SUCCESS,27.134584300001734,
log_2dfb34b9aca4464b,sec_edgar_filings,US_VANGUARD_VT,https://www.sec.gov/Archives/edgar/data/857489/000102188226000648/f45888d1.htm,2026-09-25 19:59:35.893827,200.0,a945c8eda165ac2f019071acf14cb93c1fd81b82fc34065a5a757e51ab8ef30d,SUCCESS,1.3489561000023969,
log_1bf47df77fba40d5,sec_edgar_submissions_api,US_VANGUARD_VIG,https://data.sec.gov/submissions/CIK0000734383.json,2026-09-25 19:59:43.017528,200.0,bf74418e6f8060c208aec9c109ef895b4c44d9e5afe2512ab6ad97a73b3aa9c8,SUCCESS,3.6927150999981677,
log_b75822d21a614fd7,official_fund_sponsor_page,US_VANGUARD_VIG,https://investor.vanguard.com/investment-products/etfs/profile/vig,2026-09-25 19:59:47.771470,200.0,a1884e73a62968e0a720650d885f1928a10f98d5d07af930d73c506c19f8dc31,SUCCESS,2.8734330000006594,
log_eaa5bb7f88b344b3,sec_edgar_filings,US_VANGUARD_VIG,https://www.sec.gov/Archives/edgar/data/734383/000168386324006004/f39685d1.htm,2026-09-25 20:00:22.894598,200.0,9c6368b82beecef6ed8497a7fce70a785b88539a1a709a54957ba94481aca478,SUCCESS,33.02740300000005,
log_7db5734e49614c2d,sec_edgar_filings,US_VANGUARD_VIG,https://www.sec.gov/Archives/edgar/data/734383/000168386324008346/f39887d1.htm,2026-09-25 20:00:51.280479,200.0,575a3af62fe9db790f22ee0c692c58a86e8c981fb23184879e0a6acee6c82c14,SUCCESS,29.34633820000454,
log_8c090b39a1dc4fa6,sec_edgar_filings,US_VANGUARD_VIG,https://www.sec.gov/Archives/edgar/data/734383/000168386325000014/f40369d1.htm,2026-09-25 20:01:26.105083,503.0,,SOURCE_UNAVAILABLE,43.56913590000477,HTTP 503: Service Unavailable
log_d66f0b6d0231420f,sec_edgar_filings,US_VANGUARD_VIG,https://www.sec.gov/Archives/edgar/data/734383/000168386325001509/f40933d1.htm,2026-09-25 20:01:39.396027,200.0,8170e8425f2fe8c1648e17cefc476af670cedd1cf022320dcf8ffd9fc64c3068,SUCCESS,2.992577299999539,
log_8814a133ec0243d1,sec_edgar_filings,US_VANGUARD_VIG,https://www.sec.gov/Archives/edgar/data/734383/000168386325001366/f40901d1.htm,2026-09-25 20:01:42.413534,200.0,ba2bfee539c0e04d37892507c9d5fc78c27c3fcfcdf13eabce9dc0149b21efa7,SUCCESS,0.6555929000023752,
log_ab2b10b0a9464387,sec_edgar_filings,US_VANGUARD_VIG,https://www.sec.gov/Archives/edgar/data/734383/000168386325000986/f40794d1.htm,2026-09-25 20:09:47.113134,200.0,54daa59fbb5a350d65dc0395200323f01a8e4215234b6dfa61fb74dc7a0e38ab,SUCCESS,484.6466683000035,
log_2708ff3a3a6c4404,sec_edgar_filings,US_VANGUARD_VIG,https://www.sec.gov/Archives/edgar/data/734383/000168386325000822/f40650d1.htm,2026-09-25 20:10:01.931623,200.0,b101cc6df16a9ecd5051fdd421825b7a0b0cbdbc3ccb85c775ae28c5c67b1040,SUCCESS,16.7982794999989,
log_5e829793477a4e4c,sec_edgar_filings,US_VANGUARD_VIG,https://www.sec.gov/Archives/edgar/data/734383/000168386325000562/f40493d0.htm,2026-09-25 20:10:04.525701,200.0,1a6633272c38fbda18745137801fac81bcbbecc04d64eef9c80adbebfaea9bfa,SUCCESS,0.7483327999943867,
log_622ba3a91c2c4498,sec_edgar_filings,US_VANGUARD_VIG,https://www.sec.gov/Archives/edgar/data/734383/000168386325004233/f41992d1.htm,2026-09-25 20:10:07.026152,200.0,972ceba253e718ed77aaca74266ecd2579d6f92b4babd7b3fc01a00cce0c8c20,SUCCESS,15.956674599990947,
log_f9a06b6c4b9348f4,sec_edgar_filings,US_VANGUARD_VIG,https://www.sec.gov/Archives/edgar/data/734383/000168386325004878/f42106d1.htm,2026-09-25 20:10:55.577119,200.0,97bac02cbc19d3cf9c7058067fc4bf899c59825ae3546111aabe4c84d224b8c9,SUCCESS,38.95744839998952,
log_6ee1f2e071d8465c,sec_edgar_filings,US_VANGUARD_VIG,https://www.sec.gov/Archives/edgar/data/734383/000168386325004875/f42158d1.htm,2026-09-25 20:11:17.187775,200.0,0344174cbf68f6857f572110b44a025976003943f940ec2c895f920d38a64264,SUCCESS,16.793485600006534,
log_0a16d1b8abde4cd3,sec_edgar_filings,US_VANGUARD_VIG,https://www.sec.gov/Archives/edgar/data/734383/000168386325004869/f42157d1.htm,2026-09-25 20:11:33.169611,200.0,b9b01b253285e30b78d28a1ceedc428f47c15cee571a602d26aa142e54670f2b,SUCCESS,14.731060499994783,
log_ef3e1ecff2c748ed,sec_edgar_filings,US_VANGUARD_VIG,https://www.sec.gov/Archives/edgar/data/734383/000168386325004861/f42123d1.htm,2026-09-25 20:11:35.669855,200.0,d8a9c2eaddf8e6a8091a3e56fdbd2c263f28c780e17e0b33cbcffee975ad48cc,SUCCESS,1.900272999992012,
log_13981cf7399b4c51,sec_edgar_filings,US_VANGUARD_VIG,https://www.sec.gov/Archives/edgar/data/734383/000168386325005211/f42299d1.htm,2026-09-25 20:11:38.170139,200.0,46d1ea5c3f8d4eaa03ef4c75a3a89ab062ba252eaee599334eb39a829a03aa41,SUCCESS,1.5185825000080513,
log_c263c15922954d02,sec_edgar_filings,US_VANGUARD_VIG,https://www.sec.gov/Archives/edgar/data/734383/000168386325005558/f42371d1.htm,2026-09-25 20:12:13.540422,200.0,5db49a9a9c590e9511f872322ae0590740594d40763abf54a345a98008d316b7,SUCCESS,33.30004200000258,
log_2dd8699330af4844,sec_edgar_filings,US_VANGUARD_VIG,https://www.sec.gov/Archives/edgar/data/734383/000168386325007112/f42753d1.htm,2026-09-25 20:12:42.242964,200.0,ddcdf2b814d8d39c1a43070a6c05c64ca1a9740570abe92bc59901795eae6121,SUCCESS,28.549626899999566,
log_be253e1d7d7b4bf3,sec_edgar_filings,US_VANGUARD_VIG,https://www.sec.gov/Archives/edgar/data/734383/000119312525224194/f43052d1.htm,2026-09-25 20:12:44.743577,200.0,dc1f2ccccbc011ff4049cd401927f32a5b14ff2c0a0742595bc4dc54fe9cc446,SUCCESS,1.2681330000050366,
log_b44d3dac09954aa2,sec_edgar_filings,US_VANGUARD_VIG,https://www.sec.gov/Archives/edgar/data/734383/000119312525244346/f43105d1.htm,2026-09-25 20:12:47.244715,200.0,68a9a26a3d7ed8deaf258e63f60257397d437c7fe6ea58f1e8ef29e62ca7a62e,SUCCESS,9.00029650000215,
log_93961453684d4a66,sec_edgar_filings,US_VANGUARD_VIG,https://www.sec.gov/Archives/edgar/data/734383/000119312526012319/f43764d1.htm,2026-09-25 20:12:57.760824,200.0,c6e28ca0259f1b613585b2ec9dd8535123e140d18b00c4130328b5992e0472f1,SUCCESS,0.7912059000082081,
log_ac53c8f3b6ba4bf0,sec_edgar_filings,US_VANGUARD_VIG,https://www.sec.gov/Archives/edgar/data/734383/000119312526009903/f43758d1.htm,2026-09-25 20:13:00.261210,200.0,108930a6eb1d5f3935ff35eba3614ac81b73ed6d3f7f7a943c2eb892d899d4bb,SUCCESS,2.614671000003,
log_80c4f51f83634bf5,sec_edgar_filings,US_VANGUARD_VIG,https://www.sec.gov/Archives/edgar/data/734383/000119312526009900/f43755d1.htm,2026-09-25 20:13:02.761750,200.0,a29bddef6ac8f16ee18aa963db4fb4e348409d1936063d685821b207f096b8c7,SUCCESS,2.1458915999974124,
log_da17d632d27244c2,sec_edgar_filings,US_VANGUARD_VIG,https://www.sec.gov/Archives/edgar/data/734383/000119312526079501/f44203d1.htm,2026-09-25 20:13:05.262465,200.0,3b8e455015f7dfa30639fb52dadc13dea737ac2b5daa8ccef8bb5e224d59053c,SUCCESS,2.0022970999998506,
log_8e9ace0eb99c4610,sec_edgar_filings,US_VANGUARD_VIG,https://www.sec.gov/Archives/edgar/data/734383/000119312526045639/f44014d1.htm,2026-09-25 20:13:07.763242,200.0,991b8ec6f0f0908a005f3f3c81f871604a6297eab688d4553e382439e44b4452,SUCCESS,2.5605436000041664,
log_d60942c3915d4326,sec_edgar_filings,US_VANGUARD_VIG,https://www.sec.gov/Archives/edgar/data/734383/000119312526032832/f43920d1.htm,2026-09-25 20:13:10.263566,200.0,139067521c5210023570fb1b0d7c2b1f9591dccee6f1a29fef665297754f95df,SUCCESS,2.1652754999959143,
log_45b00fb47917454e,sec_edgar_filings,US_VANGUARD_VIG,https://www.sec.gov/Archives/edgar/data/734383/000119312526243185/f45380d1.htm,2026-09-25 20:13:13.138321,200.0,038b93a49cbe820fea36b2795dec85185c505b4456712c8d657ea607dafb5e3a,SUCCESS,0.699332799995318,
log_f2a00eaf86d148e0,sec_edgar_filings,US_VANGUARD_VIG,https://www.sec.gov/Archives/edgar/data/734383/000073438326000133/f45293d1.htm,2026-09-25 20:13:42.066526,503.0,,RETRIEVAL_FAILED,43.770037900001626,HTTP Timeout: The read operation timed out
log_d28de73283e743de,sec_edgar_filings,US_VANGUARD_VIG,https://www.sec.gov/Archives/edgar/data/734383/000073438326000132/f45298d1.htm,2026-09-25 20:13:57.611702,200.0,61656153ba08f9bcc8c216a03ccd2f39192ad62bf575a8694e1e20a22ad007f0,SUCCESS,0.7481226000090828,
log_5802e06bee1845d1,sec_edgar_filings,US_VANGUARD_VIG,https://www.sec.gov/Archives/edgar/data/734383/000073438326000130/f45292d1.htm,2026-09-25 20:14:00.112138,200.0,51a6ab8360402ed67439f0cbec07bda8a9349b38b6c1380861dcfcbfe307ea5d,SUCCESS,2.3328096000041114,
log_c590d7e09fc54f50,sec_edgar_filings,US_VANGUARD_VIG,https://www.sec.gov/Archives/edgar/data/734383/000089119026000154/f45282d1.htm,2026-09-25 20:14:02.612496,200.0,714019e768c6b543392f6747553d4f7fd6fc1c467056af3e2c15d81c10af680a,SUCCESS,2.5469889999949373,
log_a59b50edf0374312,sec_edgar_filings,US_VANGUARD_VIG,https://www.sec.gov/Archives/edgar/data/734383/000073438326000099/f45200d1.htm,2026-09-25 20:14:05.112728,200.0,3263046305a1f605105475325dfe4a455d0dbe59ff5c34d82e35680fe82a8b82,SUCCESS,2.468356799989124,
log_aa10283bb8da46b4,sec_edgar_filings,US_VANGUARD_VIG,https://www.sec.gov/Archives/edgar/data/734383/000089119026000239/f45593d1.htm,2026-09-25 20:14:07.613070,200.0,b70535903e7fdf5108dd0d43273ba10523a3e69054ac49e2d1b9fa17cee14798,SUCCESS,2.1136314000032144,
log_95c281d2800f43a5,sec_edgar_filings,US_VANGUARD_VIG,https://www.sec.gov/Archives/edgar/data/734383/000073438326000158/f45561d1.htm,2026-09-25 20:14:10.113549,200.0,cb71ed8736c23085f9ab55b3d49bc08a64d232f62c3400f43bf5c1f3e06fb3f8,SUCCESS,2.372767200009548,
log_1ed9684a3a9241b5,sec_edgar_filings,US_VANGUARD_VIG,https://www.sec.gov/Archives/edgar/data/734383/000005284826000478/f45539d1.htm,2026-09-25 20:14:12.614220,200.0,d7df86e0990cc602f73fd5190c11fb0573556575837de1ef59c238190b687ebc,SUCCESS,2.5513452000013785,
log_03b201c5f1c64117,sec_edgar_filings,US_VANGUARD_VIG,https://www.sec.gov/Archives/edgar/data/734383/000073438326000217/f45735d1.htm,2026-09-25 20:14:15.114536,200.0,7e5912073ed3123dacc4c3b679251d2ffebcb74a32352e726294593a3f399bdb,SUCCESS,1.7153837000078056,
log_173514ebf215466d,sec_edgar_filings,US_VANGUARD_VIG,https://www.sec.gov/Archives/edgar/data/734383/000119312526392561/f46182d1.htm,2026-09-25 20:14:17.654957,200.0,9eb23150e09f0b41b78a237f8e6f893ef5813b75631d243c8b14bfb4f5d7362b,SUCCESS,1.0816067999985535,
log_ced1fa38f184460c,sec_edgar_submissions_api,US_VANGUARD_VTEB,https://data.sec.gov/submissions/CIK0000225997.json,2026-09-25 20:14:23.776841,200.0,e7b3a981296f0bddf29d978184495256b85e1150bb9689b3fc32f380abd5a14d,SUCCESS,1.4731422000040766,
log_f592b786cf7947e9,official_fund_sponsor_page,US_VANGUARD_VTEB,https://investor.vanguard.com/investment-products/etfs/profile/vteb,2026-09-25 20:14:27.732259,200.0,3a3a4c0ea6cacb80511e421aa928df47c58bdc785e5e25b3956f5dd76203c653,SUCCESS,3.8302664999937406,
log_643aeba9aa284114,sec_edgar_filings,US_VANGUARD_VTEB,https://www.sec.gov/Archives/edgar/data/225997/000168386324006089/f39705d0.htm,2026-09-25 20:14:59.744755,200.0,682066462ceb40c691452730dd1de6dc0bc4b60540fb3714d7f4ce1b44479380,SUCCESS,31.986902799995732,
log_585fee99e7244410,sec_edgar_filings,US_VANGUARD_VTEB,https://www.sec.gov/Archives/edgar/data/225997/000168386324006004/f39685d1.htm,2026-09-25 20:15:03.737181,200.0,9c6368b82beecef6ed8497a7fce70a785b88539a1a709a54957ba94481aca478,SUCCESS,5.69129950000206,
log_043f3cf3545c4126,sec_edgar_filings,US_VANGUARD_VTEB,https://www.sec.gov/Archives/edgar/data/225997/000168386325001366/f40901d1.htm,2026-09-25 20:15:38.331136,503.0,,SOURCE_UNAVAILABLE,36.75421250000363,HTTP 503: Service Unavailable
log_93e092f872a04aa2,sec_edgar_filings,US_VANGUARD_VTEB,https://www.sec.gov/Archives/edgar/data/225997/000168386325001296/f40907d1.htm,2026-09-25 20:15:49.372078,200.0,07c230d98a20cebca64ee6615500438544f3c50e6760bcc9d685b4930ff25f09,SUCCESS,1.0166165999980876,
log_a61ef00a4c6b46d0,sec_edgar_filings,US_VANGUARD_VTEB,https://www.sec.gov/Archives/edgar/data/225997/000168386325000986/f40794d1.htm,2026-09-25 20:16:05.440722,200.0,54daa59fbb5a350d65dc0395200323f01a8e4215234b6dfa61fb74dc7a0e38ab,SUCCESS,16.58901130000595,
log_cfe96ea145624ab7,sec_edgar_filings,US_VANGUARD_VTEB,https://www.sec.gov/Archives/edgar/data/225997/000168386325000559/f40490d0.htm,2026-09-25 20:16:07.941308,200.0,aa5f6da325b20a78000d21f5b418af39b55e1f68b3e89d442f33f2afb6ea769c,SUCCESS,1.853469599998789,
log_fab7c397a2cb42c5,sec_edgar_filings,US_VANGUARD_VTEB,https://www.sec.gov/Archives/edgar/data/225997/000168386325002405/f41203d1.htm,2026-09-25 20:16:23.205690,200.0,b5e641f32eda23d04ca6907103b0ff959f66bcb1b17e060e596eb9ec3f4c3767,SUCCESS,28.443865299996105,
log_47533d73f0a44ed6,sec_edgar_filings,US_VANGUARD_VTEB,https://www.sec.gov/Archives/edgar/data/225997/000168386325005558/f42371d1.htm,2026-09-25 20:16:53.677668,200.0,5db49a9a9c590e9511f872322ae0590740594d40763abf54a345a98008d316b7,SUCCESS,13.482028099999297,
log_55a9792fc4d443a2,sec_edgar_filings,US_VANGUARD_VTEB,https://www.sec.gov/Archives/edgar/data/225997/000168386325007112/f42753d1.htm,2026-09-25 20:16:56.177837,200.0,ddcdf2b814d8d39c1a43070a6c05c64ca1a9740570abe92bc59901795eae6121,SUCCESS,1.5910799999983283,
log_16143ac57bbb4f21,sec_edgar_filings,US_VANGUARD_VTEB,https://www.sec.gov/Archives/edgar/data/225997/000119312525224194/f43052d1.htm,2026-09-25 20:17:24.952677,503.0,,SOURCE_UNAVAILABLE,37.90004759999283,HTTP 503: Service Unavailable
log_67aadb9dd1c84722,sec_edgar_filings,US_VANGUARD_VTEB,https://www.sec.gov/Archives/edgar/data/225997/000119312526012319/f43764d1.htm,2026-09-25 20:18:10.526783,503.0,,SOURCE_UNAVAILABLE,43.50776210000913,HTTP 503: Service Unavailable
log_34e2232caeb64dec,sec_edgar_filings,US_VANGUARD_VTEB,https://www.sec.gov/Archives/edgar/data/225997/000119312526009903/f43758d1.htm,2026-09-25 20:18:49.039182,503.0,,RETRIEVAL_FAILED,42.04003139999986,HTTP Timeout: The read operation timed out
log_960a0c884aac4033,sec_edgar_filings,US_VANGUARD_VTEB,https://www.sec.gov/Archives/edgar/data/225997/000119312526009897/f43759d1.htm,2026-09-25 20:19:32.716177,503.0,,SOURCE_UNAVAILABLE,39.05881189998763,HTTP 503: Service Unavailable
log_fae13ba32c934f96,sec_edgar_filings,US_VANGUARD_VTEB,https://www.sec.gov/Archives/edgar/data/225997/000119312526045639/f44014d1.htm,2026-09-25 20:19:57.081048,200.0,991b8ec6f0f0908a005f3f3c81f871604a6297eab688d4553e382439e44b4452,SUCCESS,21.429180299994186,
log_93c4dd8e898942cc,sec_edgar_filings,US_VANGUARD_VTEB,https://www.sec.gov/Archives/edgar/data/225997/000089119026000154/f45282d1.htm,2026-09-25 20:20:34.253300,503.0,,SOURCE_UNAVAILABLE,37.19133129999682,HTTP 503: Service Unavailable
log_feb80da10479462a,sec_edgar_filings,US_VANGUARD_VTEB,https://www.sec.gov/Archives/edgar/data/225997/000089119026000239/f45593d1.htm,2026-09-25 20:21:11.873907,503.0,,SOURCE_UNAVAILABLE,36.88971540000057,HTTP 503: Service Unavailable
log_e014219aaaf640cc,sec_edgar_filings,US_VANGUARD_VTEB,https://www.sec.gov/Archives/edgar/data/225997/000022599726000271/f45892d1.htm,2026-09-25 20:21:51.184064,200.0,c9aff1aee3de2cd69405a82d19e514abcf9dfe8fd1bb3b5d07afab9bfaf58d67,SUCCESS,35.1550802999991,
log_8e6dfafdee1949ed,sec_edgar_submissions_api,US_VANGUARD_BSV,https://data.sec.gov/submissions/CIK0000794105.json,2026-09-25 20:22:05.714391,200.0,642aea3facbfa3354284a4f47be38020c5f8f2f5ffb1b50bfce52ea61189710b,SUCCESS,2.7997275999950944,
log_51572c5509f842cf,official_fund_sponsor_page,US_VANGUARD_BSV,https://investor.vanguard.com/investment-products/etfs/profile/bsv,2026-09-25 20:22:09.558724,200.0,80f127a4ee7ae71a30d57fe745097f1efc01ebd600d78949f9a1b03bb39fc22d,SUCCESS,3.5408554000023287,
log_ec8ccc76cda44f85,sec_edgar_filings,US_VANGUARD_BSV,https://www.sec.gov/Archives/edgar/data/794105/000168386324006004/f39685d1.htm,2026-09-25 20:22:41.863118,503.0,,SOURCE_UNAVAILABLE,39.10205159999896,HTTP 503: Service Unavailable
log_64173379514e4050,sec_edgar_filings,US_VANGUARD_BSV,https://www.sec.gov/Archives/edgar/data/794105/000168386325000142/f40425d1.htm,2026-09-25 20:22:55.172215,200.0,a1486557e9811c386157ac1759df6bfd0ef1b12efbb66079d07ad2ce7e62ee22,SUCCESS,0.8341843000089284,
log_2e8eba2c6106457e,sec_edgar_filings,US_VANGUARD_BSV,https://www.sec.gov/Archives/edgar/data/794105/000168386325001366/f40901d1.htm,2026-09-25 20:22:57.672751,200.0,ba2bfee539c0e04d37892507c9d5fc78c27c3fcfcdf13eabce9dc0149b21efa7,SUCCESS,1.7985634000069695,
log_39c039ae59844025,sec_edgar_filings,US_VANGUARD_BSV,https://www.sec.gov/Archives/edgar/data/794105/000168386325000986/f40794d1.htm,2026-09-25 20:23:00.173047,200.0,54daa59fbb5a350d65dc0395200323f01a8e4215234b6dfa61fb74dc7a0e38ab,SUCCESS,2.9616326999966986,
log_988d02de896d41ec,sec_edgar_filings,US_VANGUARD_BSV,https://www.sec.gov/Archives/edgar/data/794105/000168386325000573/f40515d0.htm,2026-09-25 20:23:30.033350,503.0,,RETRIEVAL_FAILED,43.9709276999929,HTTP Timeout: The read operation timed out
log_0afa817ba39946cb,sec_edgar_filings,US_VANGUARD_BSV,https://www.sec.gov/Archives/edgar/data/794105/000168386325005558/f42371d1.htm,2026-09-25 20:24:15.834541,503.0,,RETRIEVAL_FAILED,41.90267409999797,HTTP Timeout: The read operation timed out
log_6b6a326cc2e944dc,sec_edgar_filings,US_VANGUARD_BSV,https://www.sec.gov/Archives/edgar/data/794105/000168386325007112/f42753d1.htm,2026-09-25 20:24:58.401008,503.0,,RETRIEVAL_FAILED,42.469928200007416,HTTP Timeout: The read operation timed out
log_b062d9e8219b4984,sec_edgar_filings,US_VANGUARD_BSV,https://www.sec.gov/Archives/edgar/data/794105/000119312525224194/f43052d1.htm,2026-09-25 20:25:42.000469,503.0,,SOURCE_UNAVAILABLE,38.07465599999705,HTTP 503: Service Unavailable
log_160170d63753480d,sec_edgar_filings,US_VANGUARD_BSV,https://www.sec.gov/Archives/edgar/data/794105/000119312526012319/f43764d1.htm,2026-09-25 20:26:14.054895,200.0,c6e28ca0259f1b613585b2ec9dd8535123e140d18b00c4130328b5992e0472f1,SUCCESS,26.744653700006893,
log_b8db13ebd1014d15,sec_edgar_filings,US_VANGUARD_BSV,https://www.sec.gov/Archives/edgar/data/794105/000119312526009903/f43758d1.htm,2026-09-25 20:26:23.478191,200.0,108930a6eb1d5f3935ff35eba3614ac81b73ed6d3f7f7a943c2eb892d899d4bb,SUCCESS,0.8760343000030844,
log_e5c89964da4c4ac1,sec_edgar_filings,US_VANGUARD_BSV,https://www.sec.gov/Archives/edgar/data/794105/000119312526009897/f43759d1.htm,2026-09-25 20:26:55.717563,200.0,ba2791338923753c9ebc0347fb88c33af1088edb03ddf72fbad96e0a189b960d,SUCCESS,37.16294569999445,
log_03b6ea53bfad41a9,sec_edgar_filings,US_VANGUARD_BSV,https://www.sec.gov/Archives/edgar/data/794105/000119312526045639/f44014d1.htm,2026-09-25 20:27:03.166439,200.0,991b8ec6f0f0908a005f3f3c81f871604a6297eab688d4553e382439e44b4452,SUCCESS,9.72909969999455,
log_cf59a8275d554fc2,sec_edgar_filings,US_VANGUARD_BSV,https://www.sec.gov/Archives/edgar/data/794105/000119312526032819/f43887d1.htm,2026-09-25 20:27:12.898102,200.0,83cf1e5d685e21584da012c3731ba6c877498f575fb2ae81267ffebd07e2df61,SUCCESS,1.325962699993397,
log_038c10bbdb644180,sec_edgar_filings,US_VANGUARD_BSV,https://www.sec.gov/Archives/edgar/data/794105/000079410526000099/f44750d1.htm,2026-09-25 20:27:17.055908,200.0,e04d7c73032f963ebe4aba5dc5b6d54ac13c7b9012def701d993891ec5e3c472,SUCCESS,3.517604399996344,
log_72adaaa4032042ba,sec_edgar_filings,US_VANGUARD_BSV,https://www.sec.gov/Archives/edgar/data/794105/000089119026000154/f45282d1.htm,2026-09-25 20:27:36.210203,200.0,714019e768c6b543392f6747553d4f7fd6fc1c467056af3e2c15d81c10af680a,SUCCESS,18.123779000001377,
log_0820d2592d624928,sec_edgar_filings,US_VANGUARD_BSV,https://www.sec.gov/Archives/edgar/data/794105/000079410526000130/f45263d1.htm,2026-09-25 20:27:40.132286,200.0,153fcc7fe1293fb3b640195818ce9bd1fda5ac31c11c03597fd05e13f972560c,SUCCESS,1.2039276999857975,
log_c40226d12b6b4cd0,sec_edgar_filings,US_VANGUARD_BSV,https://www.sec.gov/Archives/edgar/data/794105/000089119026000239/f45593d1.htm,2026-09-25 20:28:09.493264,503.0,,SOURCE_UNAVAILABLE,37.97820789999969,HTTP 503: Service Unavailable
log_a4e7e52795ba4319,sec_edgar_filings,US_VANGUARD_BSV,https://www.sec.gov/Archives/edgar/data/794105/000102188226000648/f45888d1.htm,2026-09-25 20:28:51.261779,503.0,,SOURCE_UNAVAILABLE,38.78676090000954,HTTP 503: Service Unavailable
log_b75a741cdd6649b9,sec_edgar_submissions_api,US_VANGUARD_BIV,https://data.sec.gov/submissions/CIK0000794105.json,2026-09-25 20:29:08.675431,200.0,642aea3facbfa3354284a4f47be38020c5f8f2f5ffb1b50bfce52ea61189710b,SUCCESS,2.296878499997547,
log_474ea5c90606463a,official_fund_sponsor_page,US_VANGUARD_BIV,https://investor.vanguard.com/investment-products/etfs/profile/biv,2026-09-25 20:29:12.484154,200.0,f2ab75ce9504214720e3aff3b9c92ec0f2f409cd4c9aedf643f3db0d3c7754f7,SUCCESS,4.163655799988192,
log_bd6f434be4c945e9,sec_edgar_filings,US_VANGUARD_BIV,https://www.sec.gov/Archives/edgar/data/794105/000168386324006004/f39685d1.htm,2026-09-25 20:29:44.660109,200.0,9c6368b82beecef6ed8497a7fce70a785b88539a1a709a54957ba94481aca478,SUCCESS,29.026345699996455,
log_6c7b9f8bb71b4e91,sec_edgar_filings,US_VANGUARD_BIV,https://www.sec.gov/Archives/edgar/data/794105/000168386325000142/f40425d1.htm,2026-09-25 20:29:50.273970,200.0,a1486557e9811c386157ac1759df6bfd0ef1b12efbb66079d07ad2ce7e62ee22,SUCCESS,0.9923091000091517,
log_865b22982d734799,sec_edgar_filings,US_VANGUARD_BIV,https://www.sec.gov/Archives/edgar/data/794105/000168386325001366/f40901d1.htm,2026-09-25 20:29:52.774330,200.0,ba2bfee539c0e04d37892507c9d5fc78c27c3fcfcdf13eabce9dc0149b21efa7,SUCCESS,1.0472055999998702,
log_99402723064345c9,sec_edgar_filings,US_VANGUARD_BIV,https://www.sec.gov/Archives/edgar/data/794105/000168386325000986/f40794d1.htm,2026-09-25 20:29:55.274743,200.0,54daa59fbb5a350d65dc0395200323f01a8e4215234b6dfa61fb74dc7a0e38ab,SUCCESS,2.5759039999975357,
log_ea230bfd98c449a4,sec_edgar_filings,US_VANGUARD_BIV,https://www.sec.gov/Archives/edgar/data/794105/000168386325000573/f40515d0.htm,2026-09-25 20:30:33.807779,200.0,0013fd34c3f04c486555fcdca191ef4ffc98a4135959381933e3c9f528d81c90,SUCCESS,38.54653759999201,
log_40449a267f83488d,sec_edgar_filings,US_VANGUARD_BIV,https://www.sec.gov/Archives/edgar/data/794105/000168386325005558/f42371d1.htm,2026-09-25 20:30:42.294517,200.0,5db49a9a9c590e9511f872322ae0590740594d40763abf54a345a98008d316b7,SUCCESS,1.9584597000066424,
log_77745be10a6c4b02,sec_edgar_filings,US_VANGUARD_BIV,https://www.sec.gov/Archives/edgar/data/794105/000168386325007112/f42753d1.htm,2026-09-25 20:30:45.718582,200.0,ddcdf2b814d8d39c1a43070a6c05c64ca1a9740570abe92bc59901795eae6121,SUCCESS,1.001435300000594,
log_e1fe6e9bba5d48a9,sec_edgar_filings,US_VANGUARD_BIV,https://www.sec.gov/Archives/edgar/data/794105/000119312525224194/f43052d1.htm,2026-09-25 20:30:48.218932,200.0,dc1f2ccccbc011ff4049cd401927f32a5b14ff2c0a0742595bc4dc54fe9cc446,SUCCESS,3.182282399997348,
log_f124c04e935a4d13,sec_edgar_filings,US_VANGUARD_BIV,https://www.sec.gov/Archives/edgar/data/794105/000119312526012319/f43764d1.htm,2026-09-25 20:30:59.549042,200.0,c6e28ca0259f1b613585b2ec9dd8535123e140d18b00c4130328b5992e0472f1,SUCCESS,1.221498300001258,
log_a0f56810ec7e40da,sec_edgar_filings,US_VANGUARD_BIV,https://www.sec.gov/Archives/edgar/data/794105/000119312526009903/f43758d1.htm,2026-09-25 20:31:02.049396,200.0,108930a6eb1d5f3935ff35eba3614ac81b73ed6d3f7f7a943c2eb892d899d4bb,SUCCESS,2.134637199997087,
log_228660d436c745ea,sec_edgar_filings,US_VANGUARD_BIV,https://www.sec.gov/Archives/edgar/data/794105/000119312526009897/f43759d1.htm,2026-09-25 20:31:04.550090,200.0,ba2791338923753c9ebc0347fb88c33af1088edb03ddf72fbad96e0a189b960d,SUCCESS,2.5399245000007795,
log_3aaf8130066e497a,sec_edgar_filings,US_VANGUARD_BIV,https://www.sec.gov/Archives/edgar/data/794105/000119312526045639/f44014d1.htm,2026-09-25 20:31:07.195187,200.0,991b8ec6f0f0908a005f3f3c81f871604a6297eab688d4553e382439e44b4452,SUCCESS,1.2953696000040509,
log_b998f79967824429,sec_edgar_filings,US_VANGUARD_BIV,https://www.sec.gov/Archives/edgar/data/794105/000119312526032819/f43887d1.htm,2026-09-25 20:31:09.695724,200.0,83cf1e5d685e21584da012c3731ba6c877498f575fb2ae81267ffebd07e2df61,SUCCESS,2.1505440999899292,
log_0ff79991faf44e70,sec_edgar_filings,US_VANGUARD_BIV,https://www.sec.gov/Archives/edgar/data/794105/000079410526000099/f44750d1.htm,2026-09-25 20:31:13.542328,200.0,e04d7c73032f963ebe4aba5dc5b6d54ac13c7b9012def701d993891ec5e3c472,SUCCESS,1.175029899997753,
log_9b2d954af3924367,sec_edgar_filings,US_VANGUARD_BIV,https://www.sec.gov/Archives/edgar/data/794105/000089119026000154/f45282d1.htm,2026-09-25 20:31:16.162295,200.0,714019e768c6b543392f6747553d4f7fd6fc1c467056af3e2c15d81c10af680a,SUCCESS,1.1577361000090605,
log_c47e8b13808d4e0a,sec_edgar_filings,US_VANGUARD_BIV,https://www.sec.gov/Archives/edgar/data/794105/000079410526000130/f45263d1.htm,2026-09-25 20:31:18.662602,200.0,153fcc7fe1293fb3b640195818ce9bd1fda5ac31c11c03597fd05e13f972560c,SUCCESS,2.415892299992265,
log_c74433c7c2c94994,sec_edgar_filings,US_VANGUARD_BIV,https://www.sec.gov/Archives/edgar/data/794105/000089119026000239/f45593d1.htm,2026-09-25 20:31:52.467535,200.0,b70535903e7fdf5108dd0d43273ba10523a3e69054ac49e2d1b9fa17cee14798,SUCCESS,32.61441740000737,
log_afc52a1373f34fe2,sec_edgar_filings,US_VANGUARD_BIV,https://www.sec.gov/Archives/edgar/data/794105/000102188226000648/f45888d1.htm,2026-09-25 20:32:23.780013,503.0,,SOURCE_UNAVAILABLE,38.444788799999515,HTTP 503: Service Unavailable
log_91776ef17c72452e,sec_edgar_submissions_api,US_VANGUARD_BLV,https://data.sec.gov/submissions/CIK0000794105.json,2026-09-25 20:32:41.977442,200.0,642aea3facbfa3354284a4f47be38020c5f8f2f5ffb1b50bfce52ea61189710b,SUCCESS,2.8011501000000862,
log_cdf3768e5d2f423e,official_fund_sponsor_page,US_VANGUARD_BLV,https://investor.vanguard.com/investment-products/etfs/profile/blv,2026-09-25 20:32:45.987188,200.0,a0145febaef6a26b0fa24dc5d91339c60d3a54ef0890d32f345a70e33c4ae975,SUCCESS,3.7332642000110354,
log_2cd9c0b6a4104809,sec_edgar_filings,US_VANGUARD_BLV,https://www.sec.gov/Archives/edgar/data/794105/000168386324006004/f39685d1.htm,2026-09-25 20:32:52.261291,200.0,9c6368b82beecef6ed8497a7fce70a785b88539a1a709a54957ba94481aca478,SUCCESS,2.0972192000044743,
log_1ce3fa28082f4845,sec_edgar_filings,US_VANGUARD_BLV,https://www.sec.gov/Archives/edgar/data/794105/000168386325000142/f40425d1.htm,2026-09-25 20:32:58.003270,200.0,a1486557e9811c386157ac1759df6bfd0ef1b12efbb66079d07ad2ce7e62ee22,SUCCESS,1.4684559000015724,
log_2d6787ad85504759,sec_edgar_filings,US_VANGUARD_BLV,https://www.sec.gov/Archives/edgar/data/794105/000168386325001366/f40901d1.htm,2026-09-25 20:33:01.026333,200.0,ba2bfee539c0e04d37892507c9d5fc78c27c3fcfcdf13eabce9dc0149b21efa7,SUCCESS,2.0341579999949317,
log_ce8f18ee940d4d0e,sec_edgar_filings,US_VANGUARD_BLV,https://www.sec.gov/Archives/edgar/data/794105/000168386325000986/f40794d1.htm,2026-09-25 20:33:03.526745,200.0,54daa59fbb5a350d65dc0395200323f01a8e4215234b6dfa61fb74dc7a0e38ab,SUCCESS,1.3400751000008313,
log_5f16a05b770e4cb6,sec_edgar_filings,US_VANGUARD_BLV,https://www.sec.gov/Archives/edgar/data/794105/000168386325000573/f40515d0.htm,2026-09-25 20:33:06.027105,200.0,0013fd34c3f04c486555fcdca191ef4ffc98a4135959381933e3c9f528d81c90,SUCCESS,2.5161669999943115,
log_70bdb370d0c34867,sec_edgar_filings,US_VANGUARD_BLV,https://www.sec.gov/Archives/edgar/data/794105/000168386325005558/f42371d1.htm,2026-09-25 20:33:14.616478,200.0,5db49a9a9c590e9511f872322ae0590740594d40763abf54a345a98008d316b7,SUCCESS,1.039440000007744,
log_43123793bf5d49d4,sec_edgar_filings,US_VANGUARD_BLV,https://www.sec.gov/Archives/edgar/data/794105/000168386325007112/f42753d1.htm,2026-09-25 20:33:17.337029,200.0,ddcdf2b814d8d39c1a43070a6c05c64ca1a9740570abe92bc59901795eae6121,SUCCESS,1.0081818000035128,
log_963c73ea726c4df4,sec_edgar_filings,US_VANGUARD_BLV,https://www.sec.gov/Archives/edgar/data/794105/000119312525224194/f43052d1.htm,2026-09-25 20:33:19.905527,200.0,dc1f2ccccbc011ff4049cd401927f32a5b14ff2c0a0742595bc4dc54fe9cc446,SUCCESS,0.9245914000057383,
log_39806e307a454ae2,sec_edgar_filings,US_VANGUARD_BLV,https://www.sec.gov/Archives/edgar/data/794105/000119312526012319/f43764d1.htm,2026-09-25 20:33:27.124822,200.0,c6e28ca0259f1b613585b2ec9dd8535123e140d18b00c4130328b5992e0472f1,SUCCESS,1.1691648999985773,
log_1c2762b0d5754358,sec_edgar_filings,US_VANGUARD_BLV,https://www.sec.gov/Archives/edgar/data/794105/000119312526009903/f43758d1.htm,2026-09-25 20:33:29.625114,200.0,108930a6eb1d5f3935ff35eba3614ac81b73ed6d3f7f7a943c2eb892d899d4bb,SUCCESS,2.1313062999979593,
log_c1cb909981044bfd,sec_edgar_filings,US_VANGUARD_BLV,https://www.sec.gov/Archives/edgar/data/794105/000119312526009897/f43759d1.htm,2026-09-25 20:33:32.125284,200.0,ba2791338923753c9ebc0347fb88c33af1088edb03ddf72fbad96e0a189b960d,SUCCESS,2.4793374000000767,
log_3a3f137f7fb54b44,sec_edgar_filings,US_VANGUARD_BLV,https://www.sec.gov/Archives/edgar/data/794105/000119312526045639/f44014d1.htm,2026-09-25 20:33:34.625885,200.0,991b8ec6f0f0908a005f3f3c81f871604a6297eab688d4553e382439e44b4452,SUCCESS,1.7575330999970902,
log_12e468178be24512,sec_edgar_filings,US_VANGUARD_BLV,https://www.sec.gov/Archives/edgar/data/794105/000119312526032819/f43887d1.htm,2026-09-25 20:33:37.126195,200.0,83cf1e5d685e21584da012c3731ba6c877498f575fb2ae81267ffebd07e2df61,SUCCESS,1.7809296999912476,
log_d2c83392b6404afc,sec_edgar_filings,US_VANGUARD_BLV,https://www.sec.gov/Archives/edgar/data/794105/000079410526000099/f44750d1.htm,2026-09-25 20:33:41.245745,200.0,e04d7c73032f963ebe4aba5dc5b6d54ac13c7b9012def701d993891ec5e3c472,SUCCESS,1.029176500000176,
log_0d1d313b1c1a42a4,sec_edgar_filings,US_VANGUARD_BLV,https://www.sec.gov/Archives/edgar/data/794105/000089119026000154/f45282d1.htm,2026-09-25 20:33:43.788799,200.0,714019e768c6b543392f6747553d4f7fd6fc1c467056af3e2c15d81c10af680a,SUCCESS,0.9829035000002477,
log_2c8b2d82f1e545da,sec_edgar_filings,US_VANGUARD_BLV,https://www.sec.gov/Archives/edgar/data/794105/000079410526000130/f45263d1.htm,2026-09-25 20:33:46.289092,200.0,153fcc7fe1293fb3b640195818ce9bd1fda5ac31c11c03597fd05e13f972560c,SUCCESS,2.445388300009654,
log_1313a17af39148d5,sec_edgar_filings,US_VANGUARD_BLV,https://www.sec.gov/Archives/edgar/data/794105/000089119026000239/f45593d1.htm,2026-09-25 20:33:48.806500,200.0,b70535903e7fdf5108dd0d43273ba10523a3e69054ac49e2d1b9fa17cee14798,SUCCESS,0.9283531999972183,
log_1198620ceb6748fc,sec_edgar_filings,US_VANGUARD_BLV,https://www.sec.gov/Archives/edgar/data/794105/000102188226000648/f45888d1.htm,2026-09-25 20:34:19.654720,503.0,,SOURCE_UNAVAILABLE,38.24046329999692,HTTP 503: Service Unavailable
log_51744176bbf147e2,sec_edgar_submissions_api,US_VANGUARD_VFIAX,https://data.sec.gov/submissions/CIK0000036405.json,2026-09-25 20:34:38.357223,200.0,d4dd740e24f358ac02892098c91c6ed22320ecf548f22e8c981d87c31e528fce,SUCCESS,2.0851775000046473,
log_387953270657499a,official_fund_sponsor_page,US_VANGUARD_VFIAX,https://investor.vanguard.com/investment-products/mutual-funds/profile/vfiax,2026-09-25 20:34:42.419422,200.0,6cedb718fb3e87e8e540832eb51bd1675f4b109ddda55d10aca90444f6d0728f,SUCCESS,2.3506365999928676,
log_19f84ba41a3f4ae7,sec_edgar_filings,US_VANGUARD_VFIAX,https://www.sec.gov/Archives/edgar/data/36405/000168386324006090/f39702d0.htm,2026-09-25 20:34:47.778465,200.0,09c37a4d1c469a52ca1f6e8382044b2a75b05c7be393068e50007f70c148baf8,SUCCESS,2.1639944999915315,
log_03af4ab2f8204589,sec_edgar_filings,US_VANGUARD_VFIAX,https://www.sec.gov/Archives/edgar/data/36405/000168386324006004/f39685d1.htm,2026-09-25 20:35:18.099659,200.0,9c6368b82beecef6ed8497a7fce70a785b88539a1a709a54957ba94481aca478,SUCCESS,41.789724799993564,
log_6b550514aed843a7,sec_edgar_filings,US_VANGUARD_VFIAX,https://www.sec.gov/Archives/edgar/data/36405/000168386325001366/f40901d1.htm,2026-09-25 20:35:33.564983,200.0,ba2bfee539c0e04d37892507c9d5fc78c27c3fcfcdf13eabce9dc0149b21efa7,SUCCESS,0.6196477000048617,
log_ead4b286dddd40ca,sec_edgar_filings,US_VANGUARD_VFIAX,https://www.sec.gov/Archives/edgar/data/36405/000168386325000986/f40794d1.htm,2026-09-25 20:35:36.065680,200.0,54daa59fbb5a350d65dc0395200323f01a8e4215234b6dfa61fb74dc7a0e38ab,SUCCESS,2.8451013999874704,
log_f770e4ae8ce1438e,sec_edgar_filings,US_VANGUARD_VFIAX,https://www.sec.gov/Archives/edgar/data/36405/000168386325000822/f40650d1.htm,2026-09-25 20:35:38.566121,200.0,b101cc6df16a9ecd5051fdd421825b7a0b0cbdbc3ccb85c775ae28c5c67b1040,SUCCESS,2.519140199990943,
log_3e28e2a202c34d91,sec_edgar_filings,US_VANGUARD_VFIAX,https://www.sec.gov/Archives/edgar/data/36405/000168386325000571/f40517d0.htm,2026-09-25 20:35:41.066359,200.0,a762d90bb9364d8a714eab36ca56e39c178f6fea3a408932d17ed1f3ad1a5d2f,SUCCESS,3.0225304999912623,
log_99609665c5cd442b,sec_edgar_filings,US_VANGUARD_VFIAX,https://www.sec.gov/Archives/edgar/data/36405/000168386325004878/f42106d1.htm,2026-09-25 20:35:46.696603,200.0,97bac02cbc19d3cf9c7058067fc4bf899c59825ae3546111aabe4c84d224b8c9,SUCCESS,1.884726199990837,
log_3cd52c3d62124764,sec_edgar_filings,US_VANGUARD_VFIAX,https://www.sec.gov/Archives/edgar/data/36405/000168386325004688/f42062d1.htm,2026-09-25 20:35:49.197099,200.0,60c86bb5f1d5fa56b02e5b96db2c158dfe38bd1332abf6ace31ab8462e46eb99,SUCCESS,1.480577299997094,
log_457cee0246954b8f,sec_edgar_filings,US_VANGUARD_VFIAX,https://www.sec.gov/Archives/edgar/data/36405/000168386325005211/f42299d1.htm,2026-09-25 20:35:51.697261,200.0,46d1ea5c3f8d4eaa03ef4c75a3a89ab062ba252eaee599334eb39a829a03aa41,SUCCESS,4.166685200005304,
log_c2da793400374065,sec_edgar_filings,US_VANGUARD_VFIAX,https://www.sec.gov/Archives/edgar/data/36405/000168386325005558/f42371d1.htm,2026-09-25 20:35:57.010846,200.0,5db49a9a9c590e9511f872322ae0590740594d40763abf54a345a98008d316b7,SUCCESS,1.2906726000073832,
log_5eb40fab10ea4fb3,sec_edgar_filings,US_VANGUARD_VFIAX,https://www.sec.gov/Archives/edgar/data/36405/000168386325007112/f42753d1.htm,2026-09-25 20:35:59.647645,200.0,ddcdf2b814d8d39c1a43070a6c05c64ca1a9740570abe92bc59901795eae6121,SUCCESS,5.529054400001769,
log_0568140233494b1d,sec_edgar_filings,US_VANGUARD_VFIAX,https://www.sec.gov/Archives/edgar/data/36405/000119312525224194/f43052d1.htm,2026-09-25 20:36:06.520400,200.0,dc1f2ccccbc011ff4049cd401927f32a5b14ff2c0a0742595bc4dc54fe9cc446,SUCCESS,1.291739399996004,
log_bb4175650a374d46,sec_edgar_filings,US_VANGUARD_VFIAX,https://www.sec.gov/Archives/edgar/data/36405/000119312525244346/f43105d1.htm,2026-09-25 20:36:09.210537,200.0,68a9a26a3d7ed8deaf258e63f60257397d437c7fe6ea58f1e8ef29e62ca7a62e,SUCCESS,1.3547199000022374,
log_916174994567461a,sec_edgar_filings,US_VANGUARD_VFIAX,https://www.sec.gov/Archives/edgar/data/36405/000119312526012319/f43764d1.htm,2026-09-25 20:36:12.820723,200.0,c6e28ca0259f1b613585b2ec9dd8535123e140d18b00c4130328b5992e0472f1,SUCCESS,1.0675477999902796,
log_e6b23589b62c4ae4,sec_edgar_filings,US_VANGUARD_VFIAX,https://www.sec.gov/Archives/edgar/data/36405/000119312526009903/f43758d1.htm,2026-09-25 20:36:15.321380,200.0,108930a6eb1d5f3935ff35eba3614ac81b73ed6d3f7f7a943c2eb892d899d4bb,SUCCESS,2.008739199998672,
log_aad2d5197a334c5e,sec_edgar_filings,US_VANGUARD_VFIAX,https://www.sec.gov/Archives/edgar/data/36405/000119312526009900/f43755d1.htm,2026-09-25 20:36:17.821607,200.0,a29bddef6ac8f16ee18aa963db4fb4e348409d1936063d685821b207f096b8c7,SUCCESS,2.9334845000121277,
log_8a2dbcdb66b24a00,sec_edgar_filings,US_VANGUARD_VFIAX,https://www.sec.gov/Archives/edgar/data/36405/000119312526009897/f43759d1.htm,2026-09-25 20:36:20.322187,200.0,ba2791338923753c9ebc0347fb88c33af1088edb03ddf72fbad96e0a189b960d,SUCCESS,2.3523980000027223,
log_36757855376b4d9c,sec_edgar_submissions_api,US_VANGUARD_VFIAX,https://data.sec.gov/submissions/CIK0000036405.json,2026-09-26 11:21:59.996983,200.0,d4dd740e24f358ac02892098c91c6ed22320ecf548f22e8c981d87c31e528fce,SUCCESS,3.056826199986972,
log_14382dba122d427a,official_fund_sponsor_page,US_VANGUARD_VFIAX,https://investor.vanguard.com/investment-products/mutual-funds/profile/vfiax,2026-09-26 11:22:04.499626,200.0,9d0257f22c3fb913ccfa1ab6e9cff0016af1f1f30ff5fdfca12e3bd744641a19,SUCCESS,2.618870899983449,
log_e4f0afc39174471c,sec_edgar_filings,US_VANGUARD_VFIAX,https://www.sec.gov/Archives/edgar/data/36405/000168386324006090/f39702d0.htm,2026-09-26 11:22:11.087789,200.0,6da5fbfa9d0ced200034bfc4189ecb3bf88b3e3177ae282c69f4826b407e6279,SUCCESS,1.2869398000184447,
log_9e7c92cea9284c5b,sec_edgar_filings,US_VANGUARD_VFIAX,https://www.sec.gov/Archives/edgar/data/36405/000168386324006004/f39685d1.htm,2026-09-26 11:22:13.590257,200.0,4d5b8c6bf8704f9df5993be8ec305df888c67c09ac789a2416b927ad034730f7,SUCCESS,3.6843788000114728,
log_76a60b90ff2b4fa8,sec_edgar_filings,US_VANGUARD_VFIAX,https://www.sec.gov/Archives/edgar/data/36405/000168386325001366/f40901d1.htm,2026-09-26 11:22:18.464956,200.0,5cd2193b4b8c8e39accef7a62b0e67c8cab74bc0bc3feacc9307c85357336259,SUCCESS,2.5394805000105407,
log_9b87a48797bc4e3a,sec_edgar_filings,US_VANGUARD_VFIAX,https://www.sec.gov/Archives/edgar/data/36405/000168386325000986/f40794d1.htm,2026-09-26 11:22:21.012262,200.0,73a8e2553b04e5b4ebccf9c142e55f0dbc86ec92790ff186e2bf2895cdfc6260,SUCCESS,1.7731172999774572,
log_85a6869f9f24467f,sec_edgar_filings,US_VANGUARD_VFIAX,https://www.sec.gov/Archives/edgar/data/36405/000168386325000822/f40650d1.htm,2026-09-26 11:22:23.512654,200.0,fc567ff795a8f691f5bc79653a357f39c50fdbc9df9e155d20dc30e89db13050,SUCCESS,2.579697200009832,
log_c02f826e9b334c21,sec_edgar_filings,US_VANGUARD_VFIAX,https://www.sec.gov/Archives/edgar/data/36405/000168386325000571/f40517d0.htm,2026-09-26 11:22:26.015513,200.0,f53923993adf5405dd4f014f378f17369e6b21aa3db18b118758216e8a92d45d,SUCCESS,3.5918163000023924,
log_bbf215b3e20548bb,sec_edgar_filings,US_VANGUARD_VFIAX,https://www.sec.gov/Archives/edgar/data/36405/000168386325004878/f42106d1.htm,2026-09-26 11:22:33.674220,200.0,3a507290b48c7c46b1a743e90369cafe1ad0ae24729c016e88e7dbfead56d662,SUCCESS,2.658298599999398,
log_90e0ad11ce074d43,sec_edgar_filings,US_VANGUARD_VFIAX,https://www.sec.gov/Archives/edgar/data/36405/000168386325004688/f42062d1.htm,2026-09-26 11:22:36.392498,200.0,ac8cda0edd949529a38976cc2dc652b2b407009da7de2d5ea478c9587a0e417b,SUCCESS,2.132771100004902,
log_87dbf772b31c4b4d,sec_edgar_filings,US_VANGUARD_VFIAX,https://www.sec.gov/Archives/edgar/data/36405/000168386325005211/f42299d1.htm,2026-09-26 11:22:40.189749,200.0,8304682f7da8a1be2ed2537f07f40851295e4fcc23c037f468612884a8f395dd,SUCCESS,1.1377237999986392,
log_c8c2d707e81f463b,sec_edgar_filings,US_VANGUARD_VFIAX,https://www.sec.gov/Archives/edgar/data/36405/000168386325005558/f42371d1.htm,2026-09-26 11:22:42.902867,200.0,e69232994a2aca31c59ccd4ecb0000d5602bd4a84e9afe21deb03c11d18a56f7,SUCCESS,1.8502663999970537,
log_c4173f3f1121492b,sec_edgar_filings,US_VANGUARD_VFIAX,https://www.sec.gov/Archives/edgar/data/36405/000168386325007112/f42753d1.htm,2026-09-26 11:22:46.150959,200.0,46024696d6187cce8b13370dda8350ef46500ec0331f6d20c1b71dfb6a261f32,SUCCESS,2.1622649999917485,
log_c406ed08673d4b9b,sec_edgar_filings,US_VANGUARD_VFIAX,https://www.sec.gov/Archives/edgar/data/36405/000119312525224194/f43052d1.htm,2026-09-26 11:22:49.806655,200.0,64869d9f00457d6146fac801f501621090ea714e5d6c96f0b01241b8452aba3e,SUCCESS,1.4470622999942861,
log_2c2691ddef084313,sec_edgar_filings,US_VANGUARD_VFIAX,https://www.sec.gov/Archives/edgar/data/36405/000119312525244346/f43105d1.htm,2026-09-26 11:22:52.939361,200.0,5f1f4237c7cb653d9b309168acbf447d5970232cb0dc6596f7d3698f579f0b44,SUCCESS,1.5492235000128858,
log_b55f1d1e5e714d75,sec_edgar_filings,US_VANGUARD_VFIAX,https://www.sec.gov/Archives/edgar/data/36405/000119312526012319/f43764d1.htm,2026-09-26 11:22:58.860584,200.0,b874410402d976a1b6169125749acb7c0b83f9845b5d7425cb46f7ece86eaa57,SUCCESS,1.6326934000244364,
log_6a9f43ec37b24dcb,sec_edgar_filings,US_VANGUARD_VFIAX,https://www.sec.gov/Archives/edgar/data/36405/000119312526009903/f43758d1.htm,2026-09-26 11:23:01.360967,200.0,2be3be4eb184cee2e8e2ecf4b729fd1c8b398d6c0a44f66a03d20149159bc3f8,SUCCESS,1.9781530999753159,
log_2ff9c38dd546408d,sec_edgar_filings,US_VANGUARD_VFIAX,https://www.sec.gov/Archives/edgar/data/36405/000119312526009900/f43755d1.htm,2026-09-26 11:23:03.861421,200.0,b2dcf6295e3c7e1b8fdd45dd1244c2e62e122726f44d2c952a069174bf0fbcc3,SUCCESS,2.461944799986668,
log_3cdfb275cfaf4ec5,sec_edgar_filings,US_VANGUARD_VFIAX,https://www.sec.gov/Archives/edgar/data/36405/000119312526009897/f43759d1.htm,2026-09-26 11:23:06.361735,200.0,fa8cf35c2cdf12d7e6e15e4f113ca8455c5bc09ef2a610dca3792261c535ffef,SUCCESS,3.2022378999972716,
log_bb25c7e482e448a7,sec_edgar_filings,US_VANGUARD_VFIAX,https://www.sec.gov/Archives/edgar/data/36405/000119312526045639/f44014d1.htm,2026-09-26 11:23:09.933779,200.0,7ad1cbf5314cd88fa17719e31ea68d0fed6e697930c383abd57306b27aa9babd,SUCCESS,1.5488519000064116,
log_4cb3a2689ccb48f2,sec_edgar_filings,US_VANGUARD_VFIAX,https://www.sec.gov/Archives/edgar/data/36405/000119312526032833/f43896d1.htm,2026-09-26 11:23:12.434297,200.0,1d6f906f5d3d4eff116dcd9e82f12811ff246f6336ff509dc4d9c96534fea562,SUCCESS,3.229618700017454,
log_61ede05cd1e142b1,sec_edgar_filings,US_VANGUARD_VFIAX,https://www.sec.gov/Archives/edgar/data/36405/000089119026000154/f45282d1.htm,2026-09-26 11:23:17.200345,200.0,5fa77712affc15a5b0bf5de959cc642c17ffd66916d13e74bbcd752528ae05e1,SUCCESS,0.9726464999839664,
log_cae7c3d8ea434f74,sec_edgar_filings,US_VANGUARD_VFIAX,https://www.sec.gov/Archives/edgar/data/36405/000089119026000239/f45593d1.htm,2026-09-26 11:23:19.700502,200.0,33787b4a19c19b0e1a171ac011df56444c5763f242a5e99a3001219fb3fa46ca,SUCCESS,1.9367348999949172,
log_a1242163fb3d4143,sec_edgar_filings,US_VANGUARD_VFIAX,https://www.sec.gov/Archives/edgar/data/36405/000005284826000478/f45539d1.htm,2026-09-26 11:23:22.200835,200.0,4866e1f90197e0275941dca93e8924265d5b2741fae03ec35a20124f6be96c70,SUCCESS,1.9672218000050634,
log_0887c19e04e44c55,sec_edgar_filings,US_VANGUARD_VFIAX,https://www.sec.gov/Archives/edgar/data/36405/000003640526000386/f45788d1.htm,2026-09-26 11:23:24.992410,200.0,f6d8bbf268eb8f1882e44e8da0e29e2a13a7058cc81f34d6cc6d8052a6345446,SUCCESS,1.469217200006824,
log_e7a21a1cc2564b8a,sec_edgar_filings,US_VANGUARD_VFIAX,https://www.sec.gov/Archives/edgar/data/36405/000119312526392561/f46182d1.htm,2026-09-26 11:23:29.426408,200.0,a57efe241f07454bed5c0714b6908b45511ed5180e862ab4be74008856f78f18,SUCCESS,1.4054519000055734,
log_6344dda2e0504602,sec_edgar_submissions_api,US_VANGUARD_VTSAX,https://data.sec.gov/submissions/CIK0000036405.json,2026-09-26 11:23:36.554702,200.0,d4dd740e24f358ac02892098c91c6ed22320ecf548f22e8c981d87c31e528fce,SUCCESS,2.785049699974479,
log_a7bfe56d7f4d4c8d,official_fund_sponsor_page,US_VANGUARD_VTSAX,https://investor.vanguard.com/investment-products/mutual-funds/profile/vtsax,2026-09-26 11:23:40.634530,200.0,32edbf2ef6a0bcddf9492aa70d803a9bec07f5ac619f0f08652932482b6b4a94,SUCCESS,3.6235544999944977,
log_e220ffa39fc041fe,sec_edgar_filings,US_VANGUARD_VTSAX,https://www.sec.gov/Archives/edgar/data/36405/000168386324006090/f39702d0.htm,2026-09-26 11:23:46.265175,200.0,6da5fbfa9d0ced200034bfc4189ecb3bf88b3e3177ae282c69f4826b407e6279,SUCCESS,2.135473300004378,
log_03a1a7102ce34039,sec_edgar_filings,US_VANGUARD_VTSAX,https://www.sec.gov/Archives/edgar/data/36405/000168386324006004/f39685d1.htm,2026-09-26 11:23:48.765552,200.0,4d5b8c6bf8704f9df5993be8ec305df888c67c09ac789a2416b927ad034730f7,SUCCESS,2.4454243000072893,
log_1e52046bc8ca4811,sec_edgar_filings,US_VANGUARD_VTSAX,https://www.sec.gov/Archives/edgar/data/36405/000168386325001366/f40901d1.htm,2026-09-26 11:23:53.931963,200.0,5cd2193b4b8c8e39accef7a62b0e67c8cab74bc0bc3feacc9307c85357336259,SUCCESS,1.0788876000151504,
log_14f087c0772a4c3d,sec_edgar_filings,US_VANGUARD_VTSAX,https://www.sec.gov/Archives/edgar/data/36405/000168386325000986/f40794d1.htm,2026-09-26 11:23:56.433730,200.0,73a8e2553b04e5b4ebccf9c142e55f0dbc86ec92790ff186e2bf2895cdfc6260,SUCCESS,2.445409000007203,
log_d53db30acd5c47e6,sec_edgar_filings,US_VANGUARD_VTSAX,https://www.sec.gov/Archives/edgar/data/36405/000168386325000822/f40650d1.htm,2026-09-26 11:23:58.934114,200.0,fc567ff795a8f691f5bc79653a357f39c50fdbc9df9e155d20dc30e89db13050,SUCCESS,2.453919199993834,
log_38a18bd1a06944b3,sec_edgar_filings,US_VANGUARD_VTSAX,https://www.sec.gov/Archives/edgar/data/36405/000168386325000571/f40517d0.htm,2026-09-26 11:24:01.435076,200.0,f53923993adf5405dd4f014f378f17369e6b21aa3db18b118758216e8a92d45d,SUCCESS,2.590136299986625,
log_b54ba5cb22c54c22,sec_edgar_filings,US_VANGUARD_VTSAX,https://www.sec.gov/Archives/edgar/data/36405/000168386325004878/f42106d1.htm,2026-09-26 11:24:07.016732,200.0,3a507290b48c7c46b1a743e90369cafe1ad0ae24729c016e88e7dbfead56d662,SUCCESS,1.2192108999879565,
log_938e3d54e4fa4a42,sec_edgar_filings,US_VANGUARD_VTSAX,https://www.sec.gov/Archives/edgar/data/36405/000168386325004688/f42062d1.htm,2026-09-26 11:24:09.517252,200.0,ac8cda0edd949529a38976cc2dc652b2b407009da7de2d5ea478c9587a0e417b,SUCCESS,2.422841299994616,
log_1ed8466e63d34442,sec_edgar_filings,US_VANGUARD_VTSAX,https://www.sec.gov/Archives/edgar/data/36405/000168386325005211/f42299d1.htm,2026-09-26 11:24:12.023957,200.0,8304682f7da8a1be2ed2537f07f40851295e4fcc23c037f468612884a8f395dd,SUCCESS,0.7291258999903221,
log_05cc62cf135a41bc,sec_edgar_filings,US_VANGUARD_VTSAX,https://www.sec.gov/Archives/edgar/data/36405/000168386325005558/f42371d1.htm,2026-09-26 11:24:14.525790,200.0,e69232994a2aca31c59ccd4ecb0000d5602bd4a84e9afe21deb03c11d18a56f7,SUCCESS,1.7522349999926519,
log_a8abe95c32a5443a,sec_edgar_filings,US_VANGUARD_VTSAX,https://www.sec.gov/Archives/edgar/data/36405/000168386325007112/f42753d1.htm,2026-09-26 11:24:17.026133,200.0,46024696d6187cce8b13370dda8350ef46500ec0331f6d20c1b71dfb6a261f32,SUCCESS,2.351147100009257,
log_2e65549cc0de4a30,sec_edgar_filings,US_VANGUARD_VTSAX,https://www.sec.gov/Archives/edgar/data/36405/000119312525224194/f43052d1.htm,2026-09-26 11:24:19.526678,200.0,64869d9f00457d6146fac801f501621090ea714e5d6c96f0b01241b8452aba3e,SUCCESS,1.3190713999792933,
log_c288cb92e6c441eb,sec_edgar_filings,US_VANGUARD_VTSAX,https://www.sec.gov/Archives/edgar/data/36405/000119312525244346/f43105d1.htm,2026-09-26 11:24:22.122229,200.0,5f1f4237c7cb653d9b309168acbf447d5970232cb0dc6596f7d3698f579f0b44,SUCCESS,1.564249999995809,
log_8e76563b12e945ce,sec_edgar_filings,US_VANGUARD_VTSAX,https://www.sec.gov/Archives/edgar/data/36405/000119312526012319/f43764d1.htm,2026-09-26 11:24:27.934967,200.0,b874410402d976a1b6169125749acb7c0b83f9845b5d7425cb46f7ece86eaa57,SUCCESS,1.6837721999909263,
log_ad56f6341b2f41b5,sec_edgar_filings,US_VANGUARD_VTSAX,https://www.sec.gov/Archives/edgar/data/36405/000119312526009903/f43758d1.htm,2026-09-26 11:24:30.435606,200.0,2be3be4eb184cee2e8e2ecf4b729fd1c8b398d6c0a44f66a03d20149159bc3f8,SUCCESS,1.9566669999912847,
log_7faa2e5104e54176,sec_edgar_filings,US_VANGUARD_VTSAX,https://www.sec.gov/Archives/edgar/data/36405/000119312526009900/f43755d1.htm,2026-09-26 11:24:32.935940,200.0,b2dcf6295e3c7e1b8fdd45dd1244c2e62e122726f44d2c952a069174bf0fbcc3,SUCCESS,2.345945799985202,
log_79ca7062e9ad4835,sec_edgar_filings,US_VANGUARD_VTSAX,https://www.sec.gov/Archives/edgar/data/36405/000119312526009897/f43759d1.htm,2026-09-26 11:24:35.437729,200.0,fa8cf35c2cdf12d7e6e15e4f113ca8455c5bc09ef2a610dca3792261c535ffef,SUCCESS,2.8794597999949474,
log_954a67537e194aef,sec_edgar_filings,US_VANGUARD_VTSAX,https://www.sec.gov/Archives/edgar/data/36405/000119312526045639/f44014d1.htm,2026-09-26 11:24:38.587393,200.0,7ad1cbf5314cd88fa17719e31ea68d0fed6e697930c383abd57306b27aa9babd,SUCCESS,1.1942822999844793,
log_e1a9b0e17b014a83,sec_edgar_filings,US_VANGUARD_VTSAX,https://www.sec.gov/Archives/edgar/data/36405/000119312526032833/f43896d1.htm,2026-09-26 11:24:41.087862,200.0,1d6f906f5d3d4eff116dcd9e82f12811ff246f6336ff509dc4d9c96534fea562,SUCCESS,2.504443199984962,
log_ab7151b74a1f432a,sec_edgar_filings,US_VANGUARD_VTSAX,https://www.sec.gov/Archives/edgar/data/36405/000089119026000154/f45282d1.htm,2026-09-26 11:24:46.669212,200.0,5fa77712affc15a5b0bf5de959cc642c17ffd66916d13e74bbcd752528ae05e1,SUCCESS,1.1004083999723662,
log_98187eeb502c4bf4,sec_edgar_filings,US_VANGUARD_VTSAX,https://www.sec.gov/Archives/edgar/data/36405/000089119026000239/f45593d1.htm,2026-09-26 11:24:49.169661,200.0,33787b4a19c19b0e1a171ac011df56444c5763f242a5e99a3001219fb3fa46ca,SUCCESS,1.3636918000120204,
log_d02ddb88196f4acf,sec_edgar_filings,US_VANGUARD_VTSAX,https://www.sec.gov/Archives/edgar/data/36405/000005284826000478/f45539d1.htm,2026-09-26 11:24:51.669920,200.0,4866e1f90197e0275941dca93e8924265d5b2741fae03ec35a20124f6be96c70,SUCCESS,2.3146896999969613,
log_02c299d8146244dd,sec_edgar_filings,US_VANGUARD_VTSAX,https://www.sec.gov/Archives/edgar/data/36405/000003640526000386/f45788d1.htm,2026-09-26 11:24:54.242226,200.0,f6d8bbf268eb8f1882e44e8da0e29e2a13a7058cc81f34d6cc6d8052a6345446,SUCCESS,1.0882659000053536,
log_45618f9fa7d44231,sec_edgar_filings,US_VANGUARD_VTSAX,https://www.sec.gov/Archives/edgar/data/36405/000119312526392561/f46182d1.htm,2026-09-26 11:24:58.551456,200.0,a57efe241f07454bed5c0714b6908b45511ed5180e862ab4be74008856f78f18,SUCCESS,1.8111327000078745,
log_57fd9da129d741e9,sec_edgar_submissions_api,US_VANGUARD_VBTLX,https://data.sec.gov/submissions/CIK0000794105.json,2026-09-26 11:25:06.814705,200.0,642aea3facbfa3354284a4f47be38020c5f8f2f5ffb1b50bfce52ea61189710b,SUCCESS,6.3469029999978375,
log_5bb80d6a70b54f39,official_fund_sponsor_page,US_VANGUARD_VBTLX,https://investor.vanguard.com/investment-products/mutual-funds/profile/vbtlx,2026-09-26 11:25:14.322770,200.0,668fd44dc0e2015c7eb634f4fd187e96540f658bfa960e2236b46ceeb5f9ffb0,SUCCESS,3.33038050000323,
log_e3eeecfed75e401c,sec_edgar_filings,US_VANGUARD_VBTLX,https://www.sec.gov/Archives/edgar/data/794105/000168386324006004/f39685d1.htm,2026-09-26 11:25:20.549344,200.0,4d5b8c6bf8704f9df5993be8ec305df888c67c09ac789a2416b927ad034730f7,SUCCESS,3.0120250999752898,
log_1a8e891570124b48,sec_edgar_filings,US_VANGUARD_VBTLX,https://www.sec.gov/Archives/edgar/data/794105/000168386325000142/f40425d1.htm,2026-09-26 11:25:25.618708,200.0,b28cafe4ce7be84cfe37c4fffdf368c4b55e784fc04ab2f7d6e7b6a26e461ff0,SUCCESS,1.0593378999910783,
log_df1c8288e2774a20,sec_edgar_filings,US_VANGUARD_VBTLX,https://www.sec.gov/Archives/edgar/data/794105/000168386325001366/f40901d1.htm,2026-09-26 11:25:28.119310,200.0,5cd2193b4b8c8e39accef7a62b0e67c8cab74bc0bc3feacc9307c85357336259,SUCCESS,1.2178114000125788,
log_b8f9e68b581c4171,sec_edgar_filings,US_VANGUARD_VBTLX,https://www.sec.gov/Archives/edgar/data/794105/000168386325000986/f40794d1.htm,2026-09-26 11:25:30.619392,200.0,73a8e2553b04e5b4ebccf9c142e55f0dbc86ec92790ff186e2bf2895cdfc6260,SUCCESS,2.9202687999932095,
log_c35dbdd9fc9d491a,sec_edgar_filings,US_VANGUARD_VBTLX,https://www.sec.gov/Archives/edgar/data/794105/000168386325000573/f40515d0.htm,2026-09-26 11:25:33.209431,200.0,fcbada4e104ee9506c986f0daf37e26322ec26342f9ef5c49163920879bcf159,SUCCESS,4.2211305999953765,
log_ceaa9ffe152545bb,sec_edgar_filings,US_VANGUARD_VBTLX,https://www.sec.gov/Archives/edgar/data/794105/000168386325005558/f42371d1.htm,2026-09-26 11:25:45.044410,200.0,e69232994a2aca31c59ccd4ecb0000d5602bd4a84e9afe21deb03c11d18a56f7,SUCCESS,2.4001445999892894,
log_321fb720a190456f,sec_edgar_filings,US_VANGUARD_VBTLX,https://www.sec.gov/Archives/edgar/data/794105/000168386325007112/f42753d1.htm,2026-09-26 11:25:49.073076,200.0,46024696d6187cce8b13370dda8350ef46500ec0331f6d20c1b71dfb6a261f32,SUCCESS,1.3326089000038337,
log_d741274130b341f4,sec_edgar_filings,US_VANGUARD_VBTLX,https://www.sec.gov/Archives/edgar/data/794105/000119312525224194/f43052d1.htm,2026-09-26 11:25:52.019756,200.0,64869d9f00457d6146fac801f501621090ea714e5d6c96f0b01241b8452aba3e,SUCCESS,1.3837319999875035,
log_76ea671cd5fa4357,sec_edgar_filings,US_VANGUARD_VBTLX,https://www.sec.gov/Archives/edgar/data/794105/000119312526012319/f43764d1.htm,2026-09-26 11:26:00.406176,200.0,b874410402d976a1b6169125749acb7c0b83f9845b5d7425cb46f7ece86eaa57,SUCCESS,1.438821600022493,
log_ded535926a4e400a,sec_edgar_filings,US_VANGUARD_VBTLX,https://www.sec.gov/Archives/edgar/data/794105/000119312526009903/f43758d1.htm,2026-09-26 11:26:02.906262,200.0,2be3be4eb184cee2e8e2ecf4b729fd1c8b398d6c0a44f66a03d20149159bc3f8,SUCCESS,2.443399200012209,
log_335fcaec2e554961,sec_edgar_filings,US_VANGUARD_VBTLX,https://www.sec.gov/Archives/edgar/data/794105/000119312526009897/f43759d1.htm,2026-09-26 11:26:05.425718,200.0,fa8cf35c2cdf12d7e6e15e4f113ca8455c5bc09ef2a610dca3792261c535ffef,SUCCESS,2.890437900001416,
log_b7dea77fc9284920,sec_edgar_filings,US_VANGUARD_VBTLX,https://www.sec.gov/Archives/edgar/data/794105/000119312526045639/f44014d1.htm,2026-09-26 11:26:08.868989,200.0,7ad1cbf5314cd88fa17719e31ea68d0fed6e697930c383abd57306b27aa9babd,SUCCESS,0.6915348999900743,
log_f0ae7276ff9240af,sec_edgar_filings,US_VANGUARD_VBTLX,https://www.sec.gov/Archives/edgar/data/794105/000119312526032819/f43887d1.htm,2026-09-26 11:26:11.369553,200.0,9e82cfe50c33fd8a80d1e1bb1ec1ff76519cc440bc1d94ab980d8b809f9f7bfa,SUCCESS,2.8742767999938224,
log_c0dfb73e4f1845e1,sec_edgar_filings,US_VANGUARD_VBTLX,https://www.sec.gov/Archives/edgar/data/794105/000079410526000099/f44750d1.htm,2026-09-26 11:26:15.621936,200.0,9aa5cdbce6c4dd5ceaacb90eeaf5eb792b95ccbe957608900ac499c6c8c6f7d3,SUCCESS,1.1881198000046425,
log_433ba85598e34c54,sec_edgar_filings,US_VANGUARD_VBTLX,https://www.sec.gov/Archives/edgar/data/794105/000089119026000154/f45282d1.htm,2026-09-26 11:26:18.347835,200.0,5fa77712affc15a5b0bf5de959cc642c17ffd66916d13e74bbcd752528ae05e1,SUCCESS,1.2267441999865696,
log_2e059078496449b1,sec_edgar_filings,US_VANGUARD_VBTLX,https://www.sec.gov/Archives/edgar/data/794105/000079410526000130/f45263d1.htm,2026-09-26 11:26:20.848443,200.0,a5d277c94ddac336174bad1f26be09826f49a12a2159cf207815e96b31069cf9,SUCCESS,2.4079521000094246,
log_4606b7ccf20a4f27,sec_edgar_filings,US_VANGUARD_VBTLX,https://www.sec.gov/Archives/edgar/data/794105/000089119026000239/f45593d1.htm,2026-09-26 11:26:23.673212,200.0,33787b4a19c19b0e1a171ac011df56444c5763f242a5e99a3001219fb3fa46ca,SUCCESS,1.493271499988623,
log_1f13129b8af64818,sec_edgar_filings,US_VANGUARD_VBTLX,https://www.sec.gov/Archives/edgar/data/794105/000102188226000648/f45888d1.htm,2026-09-26 11:26:28.176962,200.0,1b99addd732104edf37d5621fad149c43d16731e3a3332ddda24a4bbcb6d457e,SUCCESS,1.1921831000072416,
log_de96efcfabf54dfe,sec_edgar_submissions_api,US_VANGUARD_VTIAX,https://data.sec.gov/submissions/CIK0000736054.json,2026-09-26 11:26:37.631606,200.0,a78e2d3fd0a3c6f360ba45169728fdfca04c47e6bbf25c61681e2666d61da38a,SUCCESS,3.1175271999964025,
log_d7f608d6c41b45fd,official_fund_sponsor_page,US_VANGUARD_VTIAX,https://investor.vanguard.com/investment-products/mutual-funds/profile/vtiax,2026-09-26 11:26:41.990998,200.0,93d3a9b314e3b327554715674b20cd1e2088ae77f397d45d2095652cbae62b64,SUCCESS,2.70973909998429,
log_1be848fc4c8a493b,sec_edgar_filings,US_VANGUARD_VTIAX,https://www.sec.gov/Archives/edgar/data/736054/000168386324006004/f39685d1.htm,2026-09-26 11:26:47.343859,200.0,4d5b8c6bf8704f9df5993be8ec305df888c67c09ac789a2416b927ad034730f7,SUCCESS,2.6007183000037912,
log_a46ea096f80e47c3,sec_edgar_filings,US_VANGUARD_VTIAX,https://www.sec.gov/Archives/edgar/data/736054/000168386325001501/f40723d1.htm,2026-09-26 11:26:55.063645,200.0,04b602071bd25768980276f73b7d0dcd1af8414b0ad3e32c12cb51d61be98c16,SUCCESS,1.6030926999810617,
log_9aa634053c444ec0,sec_edgar_filings,US_VANGUARD_VTIAX,https://www.sec.gov/Archives/edgar/data/736054/000168386325001500/f40726d1.htm,2026-09-26 11:26:57.563820,200.0,53bbcc8520a23a55bdb11edeefa5d935f3ed0bfce52dcef65799368569c3975e,SUCCESS,2.4923045999894384,
log_91c7af5087a0420d,sec_edgar_filings,US_VANGUARD_VTIAX,https://www.sec.gov/Archives/edgar/data/736054/000168386325001498/f40721d1.htm,2026-09-26 11:27:00.064018,200.0,66ef88e577d5b2b67735c14f3f6d5ce6d056f82983d365869ad39daebead0d76,SUCCESS,2.399791900010314,
log_dca629beb10545a5,sec_edgar_filings,US_VANGUARD_VTIAX,https://www.sec.gov/Archives/edgar/data/736054/000168386325001497/f40725d1.htm,2026-09-26 11:27:02.564451,200.0,2fed787e61c6f1423d0e49c1baf0cd93dee84edcc92b294e0f9df583901b962c,SUCCESS,2.5181233000184875,
log_0d1cb2e395934d6e,sec_edgar_filings,US_VANGUARD_VTIAX,https://www.sec.gov/Archives/edgar/data/736054/000168386325001366/f40901d1.htm,2026-09-26 11:27:05.064751,200.0,5cd2193b4b8c8e39accef7a62b0e67c8cab74bc0bc3feacc9307c85357336259,SUCCESS,2.37274890000117,
log_03dee68ace79432f,sec_edgar_filings,US_VANGUARD_VTIAX,https://www.sec.gov/Archives/edgar/data/736054/000168386325000985/f40727d1.htm,2026-09-26 11:27:07.565244,200.0,ca122c12801919691f88cb85b3e2027d450a01a60bdb7e72b0c6b537dcc371fb,SUCCESS,2.538855599996168,
log_deb32a5a955640ff,sec_edgar_filings,US_VANGUARD_VTIAX,https://www.sec.gov/Archives/edgar/data/736054/000168386325000822/f40650d1.htm,2026-09-26 11:27:10.065367,200.0,fc567ff795a8f691f5bc79653a357f39c50fdbc9df9e155d20dc30e89db13050,SUCCESS,2.632538499980001,
log_9a70eec883bb4065,sec_edgar_filings,US_VANGUARD_VTIAX,https://www.sec.gov/Archives/edgar/data/736054/000168386325000569/f40516d0.htm,2026-09-26 11:27:12.565508,200.0,1291bc79e99a4b87737e08c97310064bf6a365a893b66b29fb5f41cc5d9e6e64,SUCCESS,2.367076900001848,
log_826fb1b1439e4db5,sec_edgar_filings,US_VANGUARD_VTIAX,https://www.sec.gov/Archives/edgar/data/736054/000168386325005558/f42371d1.htm,2026-09-26 11:27:22.197040,200.0,e69232994a2aca31c59ccd4ecb0000d5602bd4a84e9afe21deb03c11d18a56f7,SUCCESS,1.3350425999960862,
log_95b753b2c21c420b,sec_edgar_filings,US_VANGUARD_VTIAX,https://www.sec.gov/Archives/edgar/data/736054/000168386325007112/f42753d1.htm,2026-09-26 11:27:24.697226,200.0,46024696d6187cce8b13370dda8350ef46500ec0331f6d20c1b71dfb6a261f32,SUCCESS,1.5226166999782436,
log_e8f602c51dbe4c2e,sec_edgar_filings,US_VANGUARD_VTIAX,https://www.sec.gov/Archives/edgar/data/736054/000119312525224194/f43052d1.htm,2026-09-26 11:27:27.197621,200.0,64869d9f00457d6146fac801f501621090ea714e5d6c96f0b01241b8452aba3e,SUCCESS,2.282617500022752,
log_3301e1288ece44b7,sec_edgar_filings,US_VANGUARD_VTIAX,https://www.sec.gov/Archives/edgar/data/736054/000119312526012319/f43764d1.htm,2026-09-26 11:27:34.669581,200.0,b874410402d976a1b6169125749acb7c0b83f9845b5d7425cb46f7ece86eaa57,SUCCESS,2.434506199992029,
log_95ff1796240d4a6d,sec_edgar_filings,US_VANGUARD_VTIAX,https://www.sec.gov/Archives/edgar/data/736054/000119312526009903/f43758d1.htm,2026-09-26 11:27:37.190770,200.0,2be3be4eb184cee2e8e2ecf4b729fd1c8b398d6c0a44f66a03d20149159bc3f8,SUCCESS,1.3426486999960616,
log_d6aa72d11ef14c40,sec_edgar_filings,US_VANGUARD_VTIAX,https://www.sec.gov/Archives/edgar/data/736054/000119312526009897/f43759d1.htm,2026-09-26 11:27:39.691333,200.0,fa8cf35c2cdf12d7e6e15e4f113ca8455c5bc09ef2a610dca3792261c535ffef,SUCCESS,2.58006999999634,
log_38258e03cd9b4570,sec_edgar_filings,US_VANGUARD_VTIAX,https://www.sec.gov/Archives/edgar/data/736054/000119312526079503/f44202d1.htm,2026-09-26 11:27:42.405490,200.0,f786bd273590501934dc21e7cb680fb723deb03786ff4f8635dfc35d22afae94,SUCCESS,1.0518672000034712,
log_07043de96ef14ebd,sec_edgar_filings,US_VANGUARD_VTIAX,https://www.sec.gov/Archives/edgar/data/736054/000119312526077512/f44042d1.htm,2026-09-26 11:27:44.905925,200.0,d1744c2ed9b149cf5ef89826f5dcea42a2c66e2b7c6cd9dbc077bb4f1949f3a5,SUCCESS,3.5968899999861605,
log_505354fa684c4551,sec_edgar_filings,US_VANGUARD_VTIAX,https://www.sec.gov/Archives/edgar/data/736054/000119312526077507/f44043d1.htm,2026-09-26 11:27:47.406213,200.0,df621bbe157f3be1c6637b81d896767ef7970b4834485e3f965f66a89424eb41,SUCCESS,1.5294575000007171,
log_ca8ba5b1c70a4b05,sec_edgar_filings,US_VANGUARD_VTIAX,https://www.sec.gov/Archives/edgar/data/736054/000119312526077506/f44041d1.htm,2026-09-26 11:27:49.906467,200.0,b980e6653efd2ecd3da8a508126018044de062eb752245786b62cea4aba4cab3,SUCCESS,2.419265999982599,
log_a6819c1a0a7f48e1,sec_edgar_filings,US_VANGUARD_VTIAX,https://www.sec.gov/Archives/edgar/data/736054/000119312526077505/f44044d1.htm,2026-09-26 11:27:52.406718,200.0,940b0f704072d8c4e8bd01007d8b258ddb56adb94469bc6574494c8083cd05e4,SUCCESS,2.37417729999288,
log_ccb50ab3d2a54f08,sec_edgar_filings,US_VANGUARD_VTIAX,https://www.sec.gov/Archives/edgar/data/736054/000119312526045639/f44014d1.htm,2026-09-26 11:27:54.906959,200.0,7ad1cbf5314cd88fa17719e31ea68d0fed6e697930c383abd57306b27aa9babd,SUCCESS,2.6267154999950435,
log_6e7a30b16d3b4b3b,sec_edgar_filings,US_VANGUARD_VTIAX,https://www.sec.gov/Archives/edgar/data/736054/000119312526032823/f43899d1.htm,2026-09-26 11:27:57.407245,200.0,2fae8489e40162719a2c24cca149388682420b79d8f0147ac4a3df0ed0ca8f0d,SUCCESS,2.920596999989357,
log_48d2a7d368654c86,sec_edgar_filings,US_VANGUARD_VTIAX,https://www.sec.gov/Archives/edgar/data/736054/000089119026000154/f45282d1.htm,2026-09-26 11:28:02.369439,200.0,5fa77712affc15a5b0bf5de959cc642c17ffd66916d13e74bbcd752528ae05e1,SUCCESS,1.3713565999933053,
log_07aa0921625242b6,sec_edgar_filings,US_VANGUARD_VTIAX,https://www.sec.gov/Archives/edgar/data/736054/000073605426000102/f45201d1.htm,2026-09-26 11:28:04.870057,200.0,a8efbf07f4cd3d08d1388d736d021c72932216b1919500ad39a2e37756ef5f05,SUCCESS,2.339351300004637,
log_6d4850e5ba15469b,sec_edgar_filings,US_VANGUARD_VTIAX,https://www.sec.gov/Archives/edgar/data/736054/000089119026000239/f45593d1.htm,2026-09-26 11:28:07.630605,200.0,33787b4a19c19b0e1a171ac011df56444c5763f242a5e99a3001219fb3fa46ca,SUCCESS,1.5285720999818295,
log_6ddeee3dbad94f26,sec_edgar_submissions_api,US_VANGUARD_VWEAX,https://data.sec.gov/submissions/CIK0000106444.json,2026-09-26 11:28:19.422311,200.0,026a1e307476ee485dfcc947de62d3b44c78370a15da611fb525bac44c21c066,SUCCESS,3.1060422000009567,
log_622fa734574041e2,official_fund_sponsor_page,US_VANGUARD_VWEAX,https://investor.vanguard.com/investment-products/mutual-funds/profile/vweax,2026-09-26 11:28:23.613957,200.0,0c50e9868f27095e1a71dbeea723e96126e342517afe7dfce62c74536ad45441,SUCCESS,3.7323983999958728,
log_8885e9cb834548d1,sec_edgar_filings,US_VANGUARD_VWEAX,https://www.sec.gov/Archives/edgar/data/106444/000168386324006004/f39685d1.htm,2026-09-26 11:28:30.386682,200.0,4d5b8c6bf8704f9df5993be8ec305df888c67c09ac789a2416b927ad034730f7,SUCCESS,1.8654171999951359,
log_04a853e150c84523,sec_edgar_filings,US_VANGUARD_VWEAX,https://www.sec.gov/Archives/edgar/data/106444/000168386325000141/f40442d1.htm,2026-09-26 11:28:33.711569,200.0,ba72165244ec7ec44e2e148d4310767c35573ff07aac8da253ee5dbed516b302,SUCCESS,1.5885985000059009,
log_923a3fa4117b4926,sec_edgar_filings,US_VANGUARD_VWEAX,https://www.sec.gov/Archives/edgar/data/106444/000168386325001366/f40901d1.htm,2026-09-26 11:28:36.212112,200.0,5cd2193b4b8c8e39accef7a62b0e67c8cab74bc0bc3feacc9307c85357336259,SUCCESS,1.2023459999763872,
log_98003d5b28704ae6,sec_edgar_filings,US_VANGUARD_VWEAX,https://www.sec.gov/Archives/edgar/data/106444/000168386325000986/f40794d1.htm,2026-09-26 11:28:38.716378,200.0,73a8e2553b04e5b4ebccf9c142e55f0dbc86ec92790ff186e2bf2895cdfc6260,SUCCESS,3.2934620000014547,
log_d9b3a872025b4f7a,sec_edgar_filings,US_VANGUARD_VWEAX,https://www.sec.gov/Archives/edgar/data/106444/000168386325000822/f40650d1.htm,2026-09-26 11:28:41.216819,200.0,fc567ff795a8f691f5bc79653a357f39c50fdbc9df9e155d20dc30e89db13050,SUCCESS,2.0968449000210967,
log_086b4025b54b4f63,sec_edgar_filings,US_VANGUARD_VWEAX,https://www.sec.gov/Archives/edgar/data/106444/000168386325000567/f40519d0.htm,2026-09-26 11:28:43.717479,200.0,9813247e66a5f265ad78b99cf1f1470d64edadebca4b9d4477bd77cc164f68b1,SUCCESS,2.593109400011599,
log_ad22bf29a89d41e5,sec_edgar_filings,US_VANGUARD_VWEAX,https://www.sec.gov/Archives/edgar/data/106444/000168386325004877/f42131d1.htm,2026-09-26 11:28:49.256806,200.0,04d27c615cfdc2d7e9b312f4631b37911cc7b81cb3befd2f2123b66934edb401,SUCCESS,1.3059980999969412,
log_d99bc78a0d6944f4,sec_edgar_filings,US_VANGUARD_VWEAX,https://www.sec.gov/Archives/edgar/data/106444/000168386325005211/f42299d1.htm,2026-09-26 11:28:51.956535,200.0,8304682f7da8a1be2ed2537f07f40851295e4fcc23c037f468612884a8f395dd,SUCCESS,1.2345682999875862,
log_2006c65947704af1,sec_edgar_filings,US_VANGUARD_VWEAX,https://www.sec.gov/Archives/edgar/data/106444/000168386325005674/f42476d0.htm,2026-09-26 11:28:54.599822,200.0,43f383ec1c97d6385a5a3237a7598c2b1c51ec28e9f88a022dafe60ac22541bf,SUCCESS,1.7867289999849163,
log_060932d70d9b44c3,sec_edgar_filings,US_VANGUARD_VWEAX,https://www.sec.gov/Archives/edgar/data/106444/000168386325005558/f42371d1.htm,2026-09-26 11:28:57.102204,200.0,e69232994a2aca31c59ccd4ecb0000d5602bd4a84e9afe21deb03c11d18a56f7,SUCCESS,2.410907600016799,
log_eae9fb7256604fb2,sec_edgar_filings,US_VANGUARD_VWEAX,https://www.sec.gov/Archives/edgar/data/106444/000168386325007112/f42753d1.htm,2026-09-26 11:29:00.584179,200.0,46024696d6187cce8b13370dda8350ef46500ec0331f6d20c1b71dfb6a261f32,SUCCESS,1.4266365999937989,
log_7998c5a15473430c,sec_edgar_filings,US_VANGUARD_VWEAX,https://www.sec.gov/Archives/edgar/data/106444/000119312525224194/f43052d1.htm,2026-09-26 11:29:03.517814,200.0,64869d9f00457d6146fac801f501621090ea714e5d6c96f0b01241b8452aba3e,SUCCESS,2.5439756000123452,
log_f75be294f34f4c3d,sec_edgar_filings,US_VANGUARD_VWEAX,https://www.sec.gov/Archives/edgar/data/106444/000119312526012319/f43764d1.htm,2026-09-26 11:29:11.378837,200.0,b874410402d976a1b6169125749acb7c0b83f9845b5d7425cb46f7ece86eaa57,SUCCESS,1.7379613000084646,
log_3ea08bf7d43440a4,sec_edgar_filings,US_VANGUARD_VWEAX,https://www.sec.gov/Archives/edgar/data/106444/000119312526009903/f43758d1.htm,2026-09-26 11:29:13.879137,200.0,2be3be4eb184cee2e8e2ecf4b729fd1c8b398d6c0a44f66a03d20149159bc3f8,SUCCESS,2.1589188000070862,
log_334c697308e7463f,sec_edgar_filings,US_VANGUARD_VWEAX,https://www.sec.gov/Archives/edgar/data/106444/000119312526009900/f43755d1.htm,2026-09-26 11:29:16.379480,200.0,b2dcf6295e3c7e1b8fdd45dd1244c2e62e122726f44d2c952a069174bf0fbcc3,SUCCESS,2.512519499985501,
log_2092ec9a54144495,sec_edgar_filings,US_VANGUARD_VWEAX,https://www.sec.gov/Archives/edgar/data/106444/000119312526009897/f43759d1.htm,2026-09-26 11:29:18.879979,200.0,fa8cf35c2cdf12d7e6e15e4f113ca8455c5bc09ef2a610dca3792261c535ffef,SUCCESS,3.929595800000243,
log_e3c97308e5da4069,sec_edgar_filings,US_VANGUARD_VWEAX,https://www.sec.gov/Archives/edgar/data/106444/000119312526045639/f44014d1.htm,2026-09-26 11:29:23.294851,200.0,7ad1cbf5314cd88fa17719e31ea68d0fed6e697930c383abd57306b27aa9babd,SUCCESS,1.417640500003472,
log_4b2d8b0faba746be,sec_edgar_filings,US_VANGUARD_VWEAX,https://www.sec.gov/Archives/edgar/data/106444/000010644426000167/f44745d1.htm,2026-09-26 11:29:26.358512,200.0,fc340485410bc232a5893aef083ed2e9d2cdb3a2573c3cb6695054b0b57b17b6,SUCCESS,1.3573746999900322,
log_7305f77475544180,sec_edgar_filings,US_VANGUARD_VWEAX,https://www.sec.gov/Archives/edgar/data/106444/000119312526243185/f45380d1.htm,2026-09-26 11:29:29.222887,200.0,a9c9fd964ee070e2399368ea0eb95003f56c7cb0821af523c80906fd64729508,SUCCESS,1.3080541999952402,
log_1b9ae13e35bd449d,sec_edgar_filings,US_VANGUARD_VWEAX,https://www.sec.gov/Archives/edgar/data/106444/000010644426000221/f45313d1.htm,2026-09-26 11:29:31.723164,200.0,89a83ea2034f9bce736d38cffb5ad600a0a77527b00bf5e93af4f20c442343b5,SUCCESS,2.6683176000078674,
log_ebe121d001ed42ec,sec_edgar_filings,US_VANGUARD_VWEAX,https://www.sec.gov/Archives/edgar/data/106444/000089119026000154/f45282d1.htm,2026-09-26 11:29:34.223882,200.0,5fa77712affc15a5b0bf5de959cc642c17ffd66916d13e74bbcd752528ae05e1,SUCCESS,2.2661134999943897,
log_a25f0eb441134e20,sec_edgar_filings,US_VANGUARD_VWEAX,https://www.sec.gov/Archives/edgar/data/106444/000010644426000169/f45264d1.htm,2026-09-26 11:29:36.724263,200.0,6d9d12d83f6a999829612b0a1319f823448166745116b881fa3868367bae8aad,SUCCESS,2.39077840000391,
log_99fb98df82cd4fb6,sec_edgar_filings,US_VANGUARD_VWEAX,https://www.sec.gov/Archives/edgar/data/106444/000010644426000357/f45628d1.htm,2026-09-26 11:29:39.381861,200.0,ef07a2116429abe8b8706d4e617527ce4f9190d9383cd78fd26723990b34b843,SUCCESS,1.4346730000106618,
log_769134e784d04755,sec_edgar_filings,US_VANGUARD_VWEAX,https://www.sec.gov/Archives/edgar/data/106444/000089119026000239/f45593d1.htm,2026-09-26 11:29:41.897621,200.0,33787b4a19c19b0e1a171ac011df56444c5763f242a5e99a3001219fb3fa46ca,SUCCESS,2.4346439999935683,
log_2585a5d4cbe040b2,sec_edgar_filings,US_VANGUARD_VWEAX,https://www.sec.gov/Archives/edgar/data/106444/000010644426000259/f45560d1.htm,2026-09-26 11:29:44.398134,200.0,c05cfb9d96a26e279f95bc5fb663e9c588e204085759049d1810fbecb7798bff,SUCCESS,2.1050314999883994,
log_2882bfad936941c2,sec_edgar_filings,US_VANGUARD_VWEAX,https://www.sec.gov/Archives/edgar/data/106444/000005284826000478/f45539d1.htm,2026-09-26 11:29:46.898937,200.0,4866e1f90197e0275941dca93e8924265d5b2741fae03ec35a20124f6be96c70,SUCCESS,2.930042099993443,
log_54d7a0d361d249e7,sec_edgar_filings,US_VANGUARD_VWEAX,https://www.sec.gov/Archives/edgar/data/106444/000010644426000231/f45398d1.htm,2026-09-26 11:29:49.399301,200.0,6f0cccab7be8275bf09816c9d9cbfd8ab6123dbdbcfa469736e632c8068167b7,SUCCESS,2.361445399990771,
log_0fdf31777d9c4af3,sec_edgar_filings,US_VANGUARD_VWEAX,https://www.sec.gov/Archives/edgar/data/106444/000119312526392561/f46182d1.htm,2026-09-26 11:29:56.602011,200.0,a57efe241f07454bed5c0714b6908b45511ed5180e862ab4be74008856f78f18,SUCCESS,1.317505999992136,
log_1e30cb0347ce4024,sec_edgar_filings,US_VANGUARD_VWEAX,https://www.sec.gov/Archives/edgar/data/106444/000010644426000397/f45985d1.htm,2026-09-26 11:29:59.102715,200.0,a7e5afa333da00d9e81693745db16e44792fd5bb76b24a88e41a88ba2cd4357c,SUCCESS,2.914666500000749,
log_cd9b25ba7d844962,sedar_tmx_notices,CA_VANGUARD_VCN,https://www.tmx.com/dividends/VCN,2026-09-26 11:54:10.139372,404.0,,INSUFFICIENT_EVIDENCE,1.873056300013559,HTTP 404: Not Found
log_3f646d3076d44c15,official_fund_sponsor_page,CA_VANGUARD_VCN,https://www.vanguard.ca/en/investor/products/products-group/etfs/VCN,2026-09-26 11:54:13.778793,200.0,b8d979352f6c6ddfc59b2ea26efe63670f12b435f2325f45d73505aa88b82090,SUCCESS,4.244051400019089,
log_dff6716baf754d4a,sedar_tmx_notices,CA_VANGUARD_VAB,https://www.tmx.com/dividends/VAB,2026-09-26 11:54:30.273892,404.0,,INSUFFICIENT_EVIDENCE,1.1287164999812376,HTTP 404: Not Found
log_70fa29df9991430c,official_fund_sponsor_page,CA_VANGUARD_VAB,https://www.vanguard.ca/en/investor/products/products-group/etfs/VAB,2026-09-26 11:54:31.402740,200.0,08b110674e05bc750b268c6cd04027b10c0a7b72c24e06d7650e63f2d7854a83,SUCCESS,2.177654500002973,
log_09a542e6809f482c,sedar_tmx_notices,CA_VANGUARD_VDY,https://www.tmx.com/dividends/VDY,2026-09-26 11:54:47.929437,404.0,,INSUFFICIENT_EVIDENCE,1.1344145000039134,HTTP 404: Not Found
log_7eb0b02eda5e4881,official_fund_sponsor_page,CA_VANGUARD_VDY,https://www.vanguard.ca/en/investor/products/products-group/etfs/VDY,2026-09-26 11:54:49.063995,200.0,d46d68966a26de0ddcbe595ba7ea4080c132d06c284b41f0fed6a49f28e6e66d,SUCCESS,2.503592299995944,
log_e8c3f265b50c48eb,sedar_tmx_notices,CA_VANGUARD_VFV,https://www.tmx.com/dividends/VFV,2026-09-26 11:55:05.239013,404.0,,INSUFFICIENT_EVIDENCE,1.4180876000027638,HTTP 404: Not Found
log_4e1c2d7c98f94ca8,official_fund_sponsor_page,CA_VANGUARD_VFV,https://www.vanguard.ca/en/investor/products/products-group/etfs/VFV,2026-09-26 11:55:06.657288,200.0,0ed78636a22891341c20816ed597de4855676b7dba0f3fc922e82db688157552,SUCCESS,1.7331346000137273,
log_3dbc4d94e5b34077,sedar_tmx_notices,CA_VANGUARD_VSB,https://www.tmx.com/dividends/VSB,2026-09-26 11:55:21.968064,404.0,,INSUFFICIENT_EVIDENCE,2.303327600006014,HTTP 404: Not Found
log_85a29334f8ef49aa,official_fund_sponsor_page,CA_VANGUARD_VSB,https://www.vanguard.ca/en/investor/products/products-group/etfs/VSB,2026-09-26 11:55:24.271569,200.0,1ef9845482dfa4464413b8219e48db71481d7cd95e99d228b227f7ae5f2caea5,SUCCESS,2.263880699989386,
log_5a9fd0a6c5624643,sedar_tmx_notices,CA_VANGUARD_VBAL,https://www.tmx.com/dividends/VBAL,2026-09-26 11:55:40.841646,404.0,,INSUFFICIENT_EVIDENCE,1.2287237999844365,HTTP 404: Not Found
log_c813868a64a74f31,official_fund_sponsor_page,CA_VANGUARD_VBAL,https://www.vanguard.ca/en/investor/products/products-group/etfs/VBAL,2026-09-26 11:55:42.070555,200.0,6755c472ca9847d729af8c75fec4b34d3ae9dc348f88ffb329eb0477f80296ab,SUCCESS,3.8122476000280585,
log_d622c12707e44f91,sedar_tmx_notices,CA_VANGUARD_VGRO,https://www.tmx.com/dividends/VGRO,2026-09-26 11:56:00.658735,404.0,,INSUFFICIENT_EVIDENCE,1.147831500013126,HTTP 404: Not Found
log_0ed6a6d0626845b4,official_fund_sponsor_page,CA_VANGUARD_VGRO,https://www.vanguard.ca/en/investor/products/products-group/etfs/VGRO,2026-09-26 11:56:01.806748,200.0,c7118ac945a6873909455f230a6dd972e472af9519583bea630198f35d7dde44,SUCCESS,3.9374857999791857,
log_bf9f58f5428b4070,sedar_tmx_notices,CA_RBC_RCD,https://www.tmx.com/dividends/RCD,2026-09-26 12:02:30.889673,404.0,,INSUFFICIENT_EVIDENCE,3.134240099985618,HTTP 404: Not Found
log_400a62df3ae6498f,official_fund_sponsor_page,CA_RBC_RCD,https://www.rbcgam.com/en/ca/products/etfs/RCD/detail,2026-09-26 12:02:34.942823,200.0,082ebce2350314b3794b73427d48fa14ba26e240de46dd746d45774dcd1da8ad,SUCCESS,10.540867999981856,
log_9f3500d179be4250,sedar_tmx_notices,CA_RBC_RUSB,https://www.tmx.com/dividends/RUSB,2026-09-26 12:04:09.514463,404.0,,INSUFFICIENT_EVIDENCE,2.2690796999959275,HTTP 404: Not Found
log_67aa20c5b8484ad4,official_fund_sponsor_page,CA_RBC_RUSB,https://www.rbcgam.com/en/ca/products/etfs/RUSB/detail,2026-09-26 12:04:11.784133,200.0,b2ea90479f867ed9b3a6f32206047d3f279a3947ea639c459827528cde019026,SUCCESS,6.4377668000233825,
log_9e6a55d27a2741b0,sedar_tmx_notices,CA_BMO_ZCN,https://www.tmx.com/dividends/ZCN,2026-09-26 13:02:40.313902,404.0,,INSUFFICIENT_EVIDENCE,2.605431799980579,HTTP 404: Not Found
log_354415f846714397,official_fund_sponsor_page,CA_BMO_ZCN,https://www.bmogam.com/ca-en/investors/investment-solutions/etfs/bmo-sptsx-capped-composite-index-etf-zcn/,2026-09-26 13:02:59.469634,,,RETRIEVAL_FAILED,0.0,"Blocked by robots.txt (logged, not worked around)."
log_61be8f0a20c44179,official_fund_sponsor_page,CA_BMO_ZCN,https://www.bmogam.com/ca-en/investors/investment-solutions/etfs/bmo-sptsx-capped-composite-index-etf-zcn/,2026-09-26 13:02:59.539003,,,RETRIEVAL_FAILED,0.0,"Blocked by robots.txt (logged, not worked around)."
log_f89abea24cd24a01,sedar_tmx_notices,CA_BMO_ZAG,https://www.tmx.com/dividends/ZAG,2026-09-26 13:03:04.465700,404.0,,INSUFFICIENT_EVIDENCE,3.3831829999980982,HTTP 404: Not Found
log_887b1fc9bd004a7d,official_fund_sponsor_page,CA_BMO_ZAG,https://www.bmogam.com/ca-en/investors/investment-solutions/etfs/bmo-aggregate-bond-index-etf-zag/,2026-09-26 13:03:23.874876,,,RETRIEVAL_FAILED,0.0,"Blocked by robots.txt (logged, not worked around)."
log_695a402706b845f5,official_fund_sponsor_page,CA_BMO_ZAG,https://www.bmogam.com/ca-en/investors/investment-solutions/etfs/bmo-aggregate-bond-index-etf-zag/,2026-09-26 13:03:23.919606,,,RETRIEVAL_FAILED,0.0,"Blocked by robots.txt (logged, not worked around)."
log_229b3c19a058477d,sedar_tmx_notices,CA_BMO_ZEB,https://www.tmx.com/dividends/ZEB,2026-09-26 13:03:28.489498,404.0,,INSUFFICIENT_EVIDENCE,3.173668999981601,HTTP 404: Not Found
log_0038a37160f7408b,official_fund_sponsor_page,CA_BMO_ZEB,https://www.bmogam.com/ca-en/investors/investment-solutions/etfs/bmo-equal-weight-banks-index-etf-zeb/,2026-09-26 13:03:47.496623,,,RETRIEVAL_FAILED,0.0,"Blocked by robots.txt (logged, not worked around)."
log_64dbec3bb1304636,official_fund_sponsor_page,CA_BMO_ZEB,https://www.bmogam.com/ca-en/investors/investment-solutions/etfs/bmo-equal-weight-banks-index-etf-zeb/,2026-09-26 13:03:47.586460,,,RETRIEVAL_FAILED,0.0,"Blocked by robots.txt (logged, not worked around)."
log_7faf834ab53d44ff,sedar_tmx_notices,CA_BMO_ZWB,https://www.tmx.com/dividends/ZWB,2026-09-26 13:03:52.221626,404.0,,INSUFFICIENT_EVIDENCE,3.175947499985341,HTTP 404: Not Found
log_0cf8f09486c147ae,official_fund_sponsor_page,CA_BMO_ZWB,https://www.bmogam.com/ca-en/investors/investment-solutions/etfs/bmo-covered-call-canadian-banks-etf-zwb/,2026-09-26 13:04:10.502308,,,RETRIEVAL_FAILED,0.0,"Blocked by robots.txt (logged, not worked around)."
log_ca23d8000e1c4ee7,official_fund_sponsor_page,CA_BMO_ZWB,https://www.bmogam.com/ca-en/investors/investment-solutions/etfs/bmo-covered-call-canadian-banks-etf-zwb/,2026-09-26 13:04:10.656715,,,RETRIEVAL_FAILED,0.0,"Blocked by robots.txt (logged, not worked around)."
log_a8e0cac738a242e0,sedar_tmx_notices,CA_BMO_ZUT,https://www.tmx.com/dividends/ZUT,2026-09-26 13:04:15.296856,404.0,,INSUFFICIENT_EVIDENCE,1.7472588999953587,HTTP 404: Not Found
log_b717dcf565c44b69,official_fund_sponsor_page,CA_BMO_ZUT,https://www.bmogam.com/ca-en/investors/investment-solutions/etfs/bmo-equal-weight-utilities-index-etf-zut/,2026-09-26 13:04:33.140246,,,RETRIEVAL_FAILED,0.0,"Blocked by robots.txt (logged, not worked around)."
log_db9e43ff73bd4b86,official_fund_sponsor_page,CA_BMO_ZUT,https://www.bmogam.com/ca-en/investors/investment-solutions/etfs/bmo-equal-weight-utilities-index-etf-zut/,2026-09-26 13:04:33.213342,,,RETRIEVAL_FAILED,0.0,"Blocked by robots.txt (logged, not worked around)."
log_0d333baf26294091,sedar_tmx_notices,CA_BMO_ZDV,https://www.tmx.com/dividends/ZDV,2026-09-26 13:04:37.893989,404.0,,INSUFFICIENT_EVIDENCE,3.2789660000125878,HTTP 404: Not Found
log_30ba5428541f4584,official_fund_sponsor_page,CA_BMO_ZDV,https://www.bmogam.com/ca-en/investors/investment-solutions/etfs/bmo-canadian-dividend-etf-zdv/,2026-09-26 13:04:56.282318,,,RETRIEVAL_FAILED,0.0,"Blocked by robots.txt (logged, not worked around)."
log_40cc76f3c5414031,official_fund_sponsor_page,CA_BMO_ZDV,https://www.bmogam.com/ca-en/investors/investment-solutions/etfs/bmo-canadian-dividend-etf-zdv/,2026-09-26 13:04:56.360038,,,RETRIEVAL_FAILED,0.0,"Blocked by robots.txt (logged, not worked around)."
log_ed9cd08ccbba4ced,sedar_tmx_notices,CA_BMO_ZDB,https://www.tmx.com/dividends/ZDB,2026-09-26 13:05:01.044738,404.0,,INSUFFICIENT_EVIDENCE,3.27703230001498,HTTP 404: Not Found
log_a415ace109fc4218,official_fund_sponsor_page,CA_BMO_ZDB,https://www.bmogam.com/ca-en/investors/investment-solutions/etfs/bmo-discount-bond-index-etf-zdb/,2026-09-26 13:05:18.977315,,,RETRIEVAL_FAILED,0.0,"Blocked by robots.txt (logged, not worked around)."
log_9ed15f845745470d,official_fund_sponsor_page,CA_BMO_ZDB,https://www.bmogam.com/ca-en/investors/investment-solutions/etfs/bmo-discount-bond-index-etf-zdb/,2026-09-26 13:05:19.058915,,,RETRIEVAL_FAILED,0.0,"Blocked by robots.txt (logged, not worked around)."
log_9f20a141c6fa486d,sedar_tmx_notices,CA_BMO_ZPR,https://www.tmx.com/dividends/ZPR,2026-09-26 13:05:23.712199,404.0,,INSUFFICIENT_EVIDENCE,3.1140541000058874,HTTP 404: Not Found
log_64e2a5d9fb634f21,official_fund_sponsor_page,CA_BMO_ZPR,https://www.bmogam.com/ca-en/investors/investment-solutions/etfs/bmo-laddered-preferred-share-index-etf-zpr/,2026-09-26 13:05:42.046553,,,RETRIEVAL_FAILED,0.0,"Blocked by robots.txt (logged, not worked around)."
log_8c1eba5ba0334f1a,official_fund_sponsor_page,CA_BMO_ZPR,https://www.bmogam.com/ca-en/investors/investment-solutions/etfs/bmo-laddered-preferred-share-index-etf-zpr/,2026-09-26 13:05:42.102951,,,RETRIEVAL_FAILED,0.0,"Blocked by robots.txt (logged, not worked around)."
log_f5308a8fbbb043e8,sedar_tmx_notices,CA_ISHARES_XIC,https://www.tmx.com/dividends/XIC,2026-09-26 13:05:46.718067,404.0,,INSUFFICIENT_EVIDENCE,3.323479899991071,HTTP 404: Not Found
log_da163677607d4c23,official_fund_sponsor_page,CA_ISHARES_XIC,https://www.blackrock.com/ca/investors/en/products/239837/,2026-09-26 13:05:51.136475,403.0,,RETRIEVAL_FAILED,1.3845143000071403,HTTP 403: Forbidden
log_78c577464dde481b,sedar_tmx_notices,CA_ISHARES_XBB,https://www.tmx.com/dividends/XBB,2026-09-26 13:05:57.170802,404.0,,INSUFFICIENT_EVIDENCE,5.936040300002787,HTTP 404: Not Found
log_f6b486c46bf548cd,official_fund_sponsor_page,CA_ISHARES_XBB,https://www.blackrock.com/ca/investors/en/products/239493/,2026-09-26 13:06:04.276151,403.0,,RETRIEVAL_FAILED,2.026192900026217,HTTP 403: Forbidden
log_63ca01462be747e0,sedar_tmx_notices,CA_ISHARES_XEI,https://www.tmx.com/dividends/XEI,2026-09-26 13:06:09.778762,404.0,,INSUFFICIENT_EVIDENCE,2.7666274000075646,HTTP 404: Not Found
log_b3a3e0d73718489e,official_fund_sponsor_page,CA_ISHARES_XEI,https://www.blackrock.com/ca/investors/en/products/239846/,2026-09-26 13:06:13.801987,403.0,,RETRIEVAL_FAILED,2.0133337000152096,HTTP 403: Forbidden
log_d8beb33e98b54e6c,sedar_tmx_notices,CA_ISHARES_XDV,https://www.tmx.com/dividends/XDV,2026-09-26 13:06:19.639421,404.0,,INSUFFICIENT_EVIDENCE,3.685603699996136,HTTP 404: Not Found
log_2da4f4221aa0419c,official_fund_sponsor_page,CA_ISHARES_XDV,https://www.blackrock.com/ca/investors/en/products/239835/,2026-09-26 13:06:24.554113,403.0,,RETRIEVAL_FAILED,1.7965962000016589,HTTP 403: Forbidden
log_cfcce39febd64d56,sedar_tmx_notices,CA_ISHARES_XUT,https://www.tmx.com/dividends/XUT,2026-09-26 13:06:30.701991,404.0,,INSUFFICIENT_EVIDENCE,3.173263400007272,HTTP 404: Not Found
log_f9f1a6465b714e70,official_fund_sponsor_page,CA_ISHARES_XUT,https://www.blackrock.com/ca/investors/en/products/239848/,2026-09-26 13:06:35.101083,403.0,,RETRIEVAL_FAILED,2.187100699986331,HTTP 403: Forbidden
log_132b011fdaba42e5,sedar_tmx_notices,CA_ISHARES_XSB,https://www.tmx.com/dividends/XSB,2026-09-26 13:06:41.012147,404.0,,INSUFFICIENT_EVIDENCE,3.3794436999887694,HTTP 404: Not Found
log_15b72009782d40bb,official_fund_sponsor_page,CA_ISHARES_XSB,https://www.blackrock.com/ca/investors/en/products/239498/,2026-09-26 13:06:45.447800,403.0,,RETRIEVAL_FAILED,2.0214005000016186,HTTP 403: Forbidden
log_636d133621b444bc,sedar_tmx_notices,CA_ISHARES_XSH,https://www.tmx.com/dividends/XSH,2026-09-26 13:06:51.334860,404.0,,INSUFFICIENT_EVIDENCE,2.9086511000059545,HTTP 404: Not Found
log_c7494488b35a4e10,official_fund_sponsor_page,CA_ISHARES_XSH,https://www.blackrock.com/ca/investors/en/products/239499/,2026-09-26 13:06:55.315253,403.0,,RETRIEVAL_FAILED,2.141507199994521,HTTP 403: Forbidden
log_b62d68ed4ca14182,sedar_tmx_notices,CA_ISHARES_XHY,https://www.tmx.com/dividends/XHY,2026-09-26 13:07:00.942266,404.0,,INSUFFICIENT_EVIDENCE,2.683175999991363,HTTP 404: Not Found
log_669d83c8493b4b9d,official_fund_sponsor_page,CA_ISHARES_XHY,https://www.blackrock.com/ca/investors/en/products/239556/,2026-09-26 13:07:05.718471,403.0,,RETRIEVAL_FAILED,2.7343091999937315,HTTP 403: Forbidden
log_fb1c14719d93440d,sedar_tmx_notices,CA_RBC_RBN,https://www.tmx.com/dividends/RBN,2026-09-26 13:07:11.831586,404.0,,INSUFFICIENT_EVIDENCE,3.1781230999913532,HTTP 404: Not Found
log_e82abbbef43b4338,official_fund_sponsor_page,CA_RBC_RBN,https://www.rbcgam.com/en/ca/products/etfs/RBN/detail,2026-09-26 13:07:16.228394,404.0,,INSUFFICIENT_EVIDENCE,2.6558083999843802,HTTP 404: 
log_16c32d7cccae4b9d,official_fund_sponsor_page,CA_RBC_RBF556,https://www.rbcgam.com/en/ca/products/mutual-funds/RBF556/detail,2026-09-26 13:07:23.324719,200.0,b6a730581942bb23e89c2766f97e36e1d58a94b049e275d200faddb17944133c,SUCCESS,4.711201500002062,
log_c7641065771647b9,official_fund_sponsor_page,CA_RBC_RBF266,https://www.rbcgam.com/en/ca/products/mutual-funds/RBF266/detail,2026-09-26 13:08:37.727226,200.0,46795d93c7024f77e6c064872d4e48fe88c96226d10d0fcf8f33a968a22c13eb,SUCCESS,12.819173500000034,
log_f7834ebd61774ae5,sedar_tmx_notices,CA_TD_TTP,https://www.tmx.com/dividends/TTP,2026-09-26 13:09:46.252336,404.0,,INSUFFICIENT_EVIDENCE,4.488826100016013,HTTP 404: Not Found
log_d35dd8a7b52c43ac,official_fund_sponsor_page,CA_TD_TTP,https://www.td.com/ca/en/asset-management/funds/solutions/etfs/FundCard/TD%20Canadian%20Equity%20Index%20ETF/?fundId=6831,2026-09-26 13:09:52.017104,200.0,82d5022f239beec46aec62203ce486fd1ff82dd694041c1c737ee3f55d3d713e,SUCCESS,6.667637600010494,
log_54229ce2fe424679,sedar_tmx_notices,CA_TD_TPU,https://www.tmx.com/dividends/TPU,2026-09-26 13:10:04.294757,404.0,,INSUFFICIENT_EVIDENCE,3.276285200001439,HTTP 404: Not Found
log_53db50dae3a1411d,official_fund_sponsor_page,CA_TD_TPU,https://www.td.com/ca/en/asset-management/funds/solutions/etfs/FundCard/TD%20U.S.%20Equity%20Index%20ETF/?fundId=6833,2026-09-26 13:10:08.708067,200.0,82d5022f239beec46aec62203ce486fd1ff82dd694041c1c737ee3f55d3d713e,SUCCESS,6.034514500002842,
log_70ab8f2991674bc1,official_fund_sponsor_page,CA_TD_TDB900,https://www.td.com/ca/en/asset-management/funds/solutions/mutual-funds/FundCard/TD%20Canadian%20Index%20Fund%20-%20e/?fundId=3261,2026-09-26 13:10:19.492118,200.0,cfb1c7bbf34eced2d59fa87a59e624561e47caaa68836930edfb34cd1f9edd0f,SUCCESS,4.4522121000045445,
log_d690546f83704fd6,official_fund_sponsor_page,CA_TD_TDB902,https://www.td.com/ca/en/asset-management/funds/solutions/mutual-funds/FundCard/TD%20U.S.%20Index%20Fund%20-%20e/?fundId=3270,2026-09-26 13:10:34.213675,200.0,3206e8eef860f065c904a53bdbf1f44f82a9d5c7a4c9b845006c0e1d1bcb0b4d,SUCCESS,4.914352099993266,
log_2d19b5c14f7243e0,official_fund_sponsor_page,CA_TD_TDB909,https://www.td.com/ca/en/asset-management/funds/solutions/mutual-funds/FundCard/TD%20Canadian%20Bond%20Index%20Fund%20-%20e/?fundId=4817,2026-09-26 13:10:48.920793,200.0,f7d42b3f4ad1d5fdc7e46df60bfccf7e85b1586582e3bbdf4f74aa6e0bd0d734,SUCCESS,5.14324669999769,
log_d29095717c374128,sedar_tmx_notices,CA_GLOBALX_HXT,https://www.tmx.com/dividends/HXT,2026-09-26 13:11:03.135172,404.0,,INSUFFICIENT_EVIDENCE,3.0414323000004515,HTTP 404: Not Found
log_27f0f54444764a7f,official_fund_sponsor_page,CA_GLOBALX_HXT,https://www.globalx.ca/product/hxt,2026-09-26 13:11:07.445262,403.0,,RETRIEVAL_FAILED,1.535962100024335,HTTP 403: Forbidden
log_72ecc72885814ef5,sedar_tmx_notices,CA_GLOBALX_HBB,https://www.tmx.com/dividends/HBB,2026-09-26 13:11:13.641319,404.0,,INSUFFICIENT_EVIDENCE,4.615701700007776,HTTP 404: Not Found
log_e1287262e41d4848,official_fund_sponsor_page,CA_GLOBALX_HBB,https://www.globalx.ca/product/hbb,2026-09-26 13:11:19.516350,403.0,,RETRIEVAL_FAILED,2.5319177000201307,HTTP 403: Forbidden
log_aa82713222544c07,sedar_tmx_notices,CA_GLOBALX_HDIV,https://www.tmx.com/dividends/HDIV,2026-09-26 13:11:25.744550,404.0,,INSUFFICIENT_EVIDENCE,3.277312099991832,HTTP 404: Not Found
log_3e7834dfc27f49c0,official_fund_sponsor_page,CA_GLOBALX_HDIV,https://www.globalx.ca/product/hdiv,2026-09-26 13:11:30.119801,403.0,,RETRIEVAL_FAILED,2.6537677999876905,HTTP 403: Forbidden
log_19eb486826e54c70,sedar_tmx_notices,CA_CI_FIE,https://www.tmx.com/dividends/FIE,2026-09-26 13:11:36.478506,404.0,,INSUFFICIENT_EVIDENCE,3.380013100017095,HTTP 404: Not Found
log_71ee6ec435334471,official_fund_sponsor_page,CA_CI_FIE,https://funds.cifinancial.com/en/funds/etfs/CICanadianFinancialMonthlyIncomeETF.html,2026-09-26 13:11:42.264569,400.0,,RETRIEVAL_FAILED,1.6995045999938156,HTTP 400: Bad Request
log_fbefed05cc13410e,official_fund_sponsor_page,CA_CI_FIE,https://funds.cifinancial.com/en/funds/etfs/CICanadianFinancialMonthlyIncomeETF.html,2026-09-26 13:11:44.765015,400.0,,RETRIEVAL_FAILED,2.0146306000242475,HTTP 400: Bad Request
log_d0d21e279419409d,sedar_tmx_notices,CA_CI_FIG,https://www.tmx.com/dividends/FIG,2026-09-26 13:11:50.625392,404.0,,INSUFFICIENT_EVIDENCE,3.379821299982723,HTTP 404: Not Found
log_8495154b7d1d4610,official_fund_sponsor_page,CA_CI_FIG,https://funds.cifinancial.com/en/funds/etfs/CIInvestmentGradeBondETF.html,2026-09-26 13:11:55.110122,200.0,3c64d43795269a2d718b68f2b88b1f78f4548ff09ba20eb93a08243c587015b6,SUCCESS,2.9232684999878984,
log_bab50f8228ae4ff0,sedar_tmx_notices,CA_CI_CDZ,https://www.tmx.com/dividends/CDZ,2026-09-26 13:12:06.787647,404.0,,INSUFFICIENT_EVIDENCE,3.079951899999287,HTTP 404: Not Found
log_9d847b174b294e76,official_fund_sponsor_page,CA_CI_CDZ,https://funds.cifinancial.com/en/funds/etfs/CIMorningstarCanadaDividendTarget30IndexETF.html,2026-09-26 13:12:10.984603,400.0,,RETRIEVAL_FAILED,1.8409973999951035,HTTP 400: Bad Request
log_99f25e80ceb547d5,official_fund_sponsor_page,CA_CI_CDZ,https://funds.cifinancial.com/en/funds/etfs/CIMorningstarCanadaDividendTarget30IndexETF.html,2026-09-26 13:12:13.485201,400.0,,RETRIEVAL_FAILED,2.0742098999908194,HTTP 400: Bad Request
log_44b1082c14b04006,sedar_tmx_notices,CA_MACKENZIE_QBB,https://www.tmx.com/dividends/QBB,2026-09-26 13:12:19.488754,404.0,,INSUFFICIENT_EVIDENCE,3.1722166999825276,HTTP 404: Not Found
log_6b647fbbf5fe4ccb,official_fund_sponsor_page,CA_MACKENZIE_QBB,https://www.mackenzieinvestments.com/en/products/etfs/mackenzie-canadian-aggregate-bond-index-etf-qbb,2026-09-26 13:12:24.048540,403.0,,RETRIEVAL_FAILED,0.9423366999835707,HTTP 403: Forbidden
log_9c3d9615c39e4dfc,sec_edgar_submissions_api,US_ISHARES_IVV,https://data.sec.gov/submissions/CIK0001100663.json,2026-09-26 13:16:35.992977,200.0,bb6aec42416c270a7fb00e6ea1740fc7c718e3847f412ae57f09dc867c5e1fc0,SUCCESS,3.479666900006123,
log_f2f1efdbace043cd,sec_edgar_submissions_api,US_ISHARES_IVV,https://data.sec.gov/submissions/CIK0001100663-submissions-002.json,2026-09-26 13:16:38.493187,200.0,ad220ef41a624867cdf87d37d40a407f1f177df021b340bd29797de6991a987d,SUCCESS,2.3482310000108555,
log_75b5808c9d16423b,official_fund_sponsor_page,US_ISHARES_IVV,https://www.ishares.com/us/products/239726/,2026-09-26 13:16:42.966314,403.0,,RETRIEVAL_FAILED,2.088112800003728,HTTP 403: Forbidden
log_73f41088f55942f4,sec_edgar_filings,US_ISHARES_IVV,https://www.sec.gov/Archives/edgar/data/1100663/000119312524245748/d843984d497.htm,2026-09-26 13:16:47.136130,200.0,73cd78c59440c22b4db721a87e2892f80d4c4f45a394ece6826d7125bf1fd801,SUCCESS,2.481456599984085,
log_78beab672b514409,sec_edgar_filings,US_ISHARES_IVV,https://www.sec.gov/Archives/edgar/data/1100663/000119312524242848/d866922d497.htm,2026-09-26 13:16:49.636437,200.0,1f5a90ec402fe09bb4b06e8f3a31c4621f53c31a38502ae46b196363a104a8b5,SUCCESS,2.8415403999970295,
log_685db46736984f5c,sec_edgar_filings,US_ISHARES_IVV,https://www.sec.gov/Archives/edgar/data/1100663/000119312524239640/d895738d497.htm,2026-09-26 13:16:52.137090,200.0,ea0d28b5f47a015457e4aded5c16e673c9ce9f5c9c8fd071c3541ec3d4ebd2fe,SUCCESS,2.0466695000068285,
log_86ffd600ec274d98,sec_edgar_filings,US_ISHARES_IVV,https://www.sec.gov/Archives/edgar/data/1100663/000119312524238913/d894453d497.htm,2026-09-26 13:16:54.637686,200.0,58691ce5e5a1ebc3bedc51cc98d5cf7c67e6fd7e6d6a4bf1ddc14aec0332f2a0,SUCCESS,5.005257399985567,
log_f00ec72bd1ec4722,sec_edgar_filings,US_ISHARES_IVV,https://www.sec.gov/Archives/edgar/data/1100663/000119312524238908/d894041d497.htm,2026-09-26 13:16:58.670844,200.0,5a971737e3d25608d6874bb6ff5ede8c0e0f392b86a86297d45b641472fc86cf,SUCCESS,1.648848499986343,
log_9d385abaabc147df,sec_edgar_filings,US_ISHARES_IVV,https://www.sec.gov/Archives/edgar/data/1100663/000119312524238902/d890449d497.htm,2026-09-26 13:17:01.171267,200.0,e8f91d733b89b0732f87820bb0ceb5ef936e75cb702bb1a26cd77603b9d2006e,SUCCESS,3.3357388000003994,
log_bfec98a1233b4ac8,sec_edgar_filings,US_ISHARES_IVV,https://www.sec.gov/Archives/edgar/data/1100663/000119312524238835/d860426d497.htm,2026-09-26 13:17:03.671465,200.0,3b8598f26180a24673c2565d9bc505ec40d04445a8a0dbf3b84ca346ef55d512,SUCCESS,2.0949514000094496,
log_9acded699de942e5,sec_edgar_filings,US_ISHARES_IVV,https://www.sec.gov/Archives/edgar/data/1100663/000119312524236754/d131931d497.htm,2026-09-26 13:17:06.172354,200.0,578972467512d796af102d2558b629a84edab1a26e1e8a20c02f308698da48e0,SUCCESS,4.40717529997346,
log_4115b40653a54ef8,sec_edgar_filings,US_ISHARES_IVV,https://www.sec.gov/Archives/edgar/data/1100663/000119312524233837/d788518d497.htm,2026-09-26 13:17:10.468567,200.0,deb9d0231aa987b37c95f7f01e5eeaaf234f61414fd81712237ca3d26070801d,SUCCESS,1.5195581000007223,
log_0eac7b1c6fed4bf6,sec_edgar_filings,US_ISHARES_IVV,https://www.sec.gov/Archives/edgar/data/1100663/000119312524229262/d814275d497.htm,2026-09-26 13:17:12.968990,200.0,8d28d6076b70d64c34e1b22e274410cda81084450db5baaebcca312b985f86d5,SUCCESS,6.591495899978327,
log_2bca2570c18042ac,sec_edgar_filings,US_ISHARES_IVV,https://www.sec.gov/Archives/edgar/data/1100663/000119312524267301/d875052d497.htm,2026-09-26 13:17:19.026107,200.0,994014a2e0c0c803bb01c525eeb5f5d10730c70dfd1dea3243be587b097bbe34,SUCCESS,5.071019700000761,
log_41e7c5ee66ba4f4a,sec_edgar_filings,US_ISHARES_IVV,https://www.sec.gov/Archives/edgar/data/1100663/000119312524261914/d911527d497.htm,2026-09-26 13:17:24.598101,200.0,cda2e2e9ec0d7871884db0a66c3f2253f75e092f5810545551f3359c99e7a94a,SUCCESS,1.5286763000185601,
log_a76753eaa3fb43bb,sec_edgar_filings,US_ISHARES_IVV,https://www.sec.gov/Archives/edgar/data/1100663/000119312524287196/d848374d497.htm,2026-09-26 13:17:27.098555,200.0,2c5f89057381013b3ca8bb9e1d1f3c4d684651933a3aeec48a8f89cb33b45cfe,SUCCESS,2.3535531000234187,
log_92af09008889422d,sec_edgar_filings,US_ISHARES_IVV,https://www.sec.gov/Archives/edgar/data/1100663/000119312524287179/d842136d497.htm,2026-09-26 13:17:29.599380,200.0,c84055937d160d9cce60f79b7ab9735d86377ff76c5e315b0fa05a342e0bfb64,SUCCESS,2.9020463000051677,
log_58fced529ab94dca,sec_edgar_filings,US_ISHARES_IVV,https://www.sec.gov/Archives/edgar/data/1100663/000119312524286941/d916258d497.htm,2026-09-26 13:17:32.099601,200.0,9925703ee2adb913becaafb685335ea082fadad4bacf8975e90abf5a4bcbb54a,SUCCESS,1.8877018000057433,
log_96885357026240ae,sec_edgar_filings,US_ISHARES_IVV,https://www.sec.gov/Archives/edgar/data/1100663/000119312524286938/d915949d497.htm,2026-09-26 13:17:34.611762,200.0,58672fb3187fd7cd6a35cab35a21e65a2910a998d9784c569b2474972c9b723d,SUCCESS,2.7154644999827724,
log_b43ef75a134b405d,sec_edgar_filings,US_ISHARES_IVV,https://www.sec.gov/Archives/edgar/data/1100663/000119312524283370/d901579d497.htm,2026-09-26 13:17:37.112177,200.0,0e1b3775a196226c6b5ed01264e821a75e16949946f26cbad676252063283e77,SUCCESS,2.999980799999321,
log_2f281669f73648bb,sec_edgar_filings,US_ISHARES_IVV,https://www.sec.gov/Archives/edgar/data/1100663/000119312524283367/d869601d497.htm,2026-09-26 13:17:39.899443,200.0,d0ef04e6c4c83dd9668a89307f67f2404251b555e865099b25ba5ea662a4d3d7,SUCCESS,1.719521299994085,
log_78fb87e02f564d65,sec_edgar_filings,US_ISHARES_IVV,https://www.sec.gov/Archives/edgar/data/1100663/000119312524282143/d901522d497.htm,2026-09-26 13:17:42.399760,200.0,318477ac4529a7b02621ccb18838b87e5e38ffffcb2b29f0f8d7b2f468cbef26,SUCCESS,2.052077400003327,
log_b4c8301b4da14463,sec_edgar_filings,US_ISHARES_IVV,https://www.sec.gov/Archives/edgar/data/1100663/000119312524282139/d901516d497.htm,2026-09-26 13:17:44.900007,200.0,ca66868c7cba898da6922427eb27d81a405894a6eebfbb3474ff130df5cf999c,SUCCESS,2.456161800015252,
log_6ecd8eeea4064598,sec_edgar_filings,US_ISHARES_IVV,https://www.sec.gov/Archives/edgar/data/1100663/000119312524281940/d826977d497.htm,2026-09-26 13:17:47.400474,200.0,800d5cf486e2fb95e45173b99dd4120efe0e90ad9a51b0fdcdd479bf8e32183a,SUCCESS,2.660600400005933,
log_2fdd24929e404d7e,sec_edgar_filings,US_ISHARES_IVV,https://www.sec.gov/Archives/edgar/data/1100663/000119312524271487/d904601d497.htm,2026-09-26 13:17:49.900758,200.0,0ee77de6ba3db7adbc70affe8919d2663fdec24e83bcbd247571ae1518849360,SUCCESS,3.2094193000230007,
log_684a1cbe28c04dd4,sec_edgar_filings,US_ISHARES_IVV,https://www.sec.gov/Archives/edgar/data/1100663/000119312524271371/d876550d497.htm,2026-09-26 13:17:52.401505,200.0,f18fb9460288f770219675492a623770ad545701783d5a971c3fb6db8e3effa0,SUCCESS,2.632925099984277,
log_48d506cb1f4a4825,sec_edgar_submissions_api,US_ISHARES_IVV,https://data.sec.gov/submissions/CIK0001100663-submissions-001.json,2026-09-26 13:17:55.201398,200.0,4b0840de53146277b9c65f543745bdc767e1b1fe714103072c3a78695ac3aa0e,SUCCESS,3.7932619999919552,
log_04a0f84c77974406,sec_edgar_filings,US_ISHARES_IVV,https://www.sec.gov/Archives/edgar/data/1100663/000119312525011478/d925726d497.htm,2026-09-26 13:17:59.009673,200.0,f3664cc090ef0083395e6c1d676e0ec279501c929ef184749cbafa72846fd637,SUCCESS,1.4655261000152677,
log_ff95bd3fa73b4afc,sec_edgar_filings,US_ISHARES_IVV,https://www.sec.gov/Archives/edgar/data/1100663/000119312525008535/d136256d497.htm,2026-09-26 13:18:01.510238,200.0,1ff29213a01028ad45429b0b9d6b52dcaa727548883a2c547733afa0ba2750ff,SUCCESS,4.253762300009839,
log_4cb7209e9f394224,sec_edgar_filings,US_ISHARES_IVV,https://www.sec.gov/Archives/edgar/data/1100663/000119312525007202/d921290d497.htm,2026-09-26 13:18:04.736026,200.0,3028657a53eda3bf72c5a54a0004b6a982e4cd55ed9bebf07cdc07014eca799c,SUCCESS,2.6184524999989662,
log_c9064916a8564f4f,sec_edgar_filings,US_ISHARES_IVV,https://www.sec.gov/Archives/edgar/data/1100663/000119312524287209/d886745d497.htm,2026-09-26 13:18:07.481685,200.0,f774954618d5741901ac4565eeb2a7a11825afca65900f54e59493db7e251d4c,SUCCESS,2.3630602000048384,
log_bc928aa5e75f456d,sec_edgar_filings,US_ISHARES_IVV,https://www.sec.gov/Archives/edgar/data/1100663/000119312525042406/d905405d497.htm,2026-09-26 13:18:09.982109,200.0,a40b5b7c77c7bed584c0e3c41a61ce151a3e8c4a3e85184c073c04abf40060a0,SUCCESS,1.7207036999752745,
log_2f3493e8f14f461c,sec_edgar_filings,US_ISHARES_IVV,https://www.sec.gov/Archives/edgar/data/1100663/000119312525030937/d895008d497.htm,2026-09-26 13:18:12.483438,200.0,cce4b67c1cca8afb08f9639d26ba1de588a8546f33ec461622e02bbed74af122,SUCCESS,2.559590599994408,
log_963db4c66af84581,sec_edgar_filings,US_ISHARES_IVV,https://www.sec.gov/Archives/edgar/data/1100663/000119312525029722/d925698d497.htm,2026-09-26 13:18:14.987363,200.0,03ebc8cf5cc2b9853c8e5193e6b68c1b2b71b726ce03ae486da082457a9bbf0c,SUCCESS,2.25239569999394,
log_8e986f1b9ca44629,sec_edgar_filings,US_ISHARES_IVV,https://www.sec.gov/Archives/edgar/data/1100663/000119312525029678/d932649d497.htm,2026-09-26 13:18:17.487976,200.0,5f69625987e6b328c3167c7c0fac7b80890ab63ba5f57d870fd46a0204661c54,SUCCESS,2.35280779999448,
log_1115bac40ad84ae4,sec_edgar_filings,US_ISHARES_IVV,https://www.sec.gov/Archives/edgar/data/1100663/000119312525028799/d892616d497.htm,2026-09-26 13:18:19.988331,200.0,02cc3d884d85c2d9ef427144b4c983ba4769bf5d459cf6aa56d1020f8f6f0c5f,SUCCESS,2.660040700022364,
log_b133dff112e74ecf,sec_edgar_filings,US_ISHARES_IVV,https://www.sec.gov/Archives/edgar/data/1100663/000119312525021017/d906687d497.htm,2026-09-26 13:18:22.488875,200.0,56a66b99815118f99a046fb15a38a9d3862dc2c2d9fa9b6541c8c024e3710029,SUCCESS,2.9484729999967385,
log_7032673326224bed,sec_edgar_filings,US_ISHARES_IVV,https://www.sec.gov/Archives/edgar/data/1100663/000119312525062530/d905260d497.htm,2026-09-26 13:18:24.989106,200.0,d53dcc1164a6cbd06effdf058a8eeb0bd607fbd470e80c2f9a88a64871f13e8a,SUCCESS,1.9828344999987166,
log_32a111ad89264eab,sec_edgar_filings,US_ISHARES_IVV,https://www.sec.gov/Archives/edgar/data/1100663/000119312525061395/d905254d497.htm,2026-09-26 13:18:27.489236,200.0,01b4962adcb1e3c59fe864aabac99adca02b1515d2b2acea9c2b2c9c8692bdce,SUCCESS,2.557606999995187,
log_bc4b225b24da4546,sec_edgar_filings,US_ISHARES_IVV,https://www.sec.gov/Archives/edgar/data/1100663/000119312525060393/d927851d497.htm,2026-09-26 13:18:29.989970,200.0,0c2fc85960f736c95a96e3055b59fabb1f1d8e3c2cc62a540c567c882e63c872,SUCCESS,2.4043622000026517,
log_0e627023c5c846bf,sec_edgar_filings,US_ISHARES_IVV,https://www.sec.gov/Archives/edgar/data/1100663/000119312525057907/d735691d497.htm,2026-09-26 13:18:32.490323,200.0,9de8e5b1a19a3cb51d50d0e2a5ed98306a03cbc40358ec14c3f07a4e6c6b4075,SUCCESS,2.900626899994677,
log_9b68f4c3f7c14bd3,sec_edgar_filings,US_ISHARES_IVV,https://www.sec.gov/Archives/edgar/data/1100663/000119312525083044/d766022d497.htm,2026-09-26 13:18:34.990509,200.0,1811c75c01a16c8e6dfdde84fdc20a7250d5630af06c4683c08c2b8f2bc76435,SUCCESS,2.893629099999089,
log_df03327d9bdb4244,sec_edgar_filings,US_ISHARES_IVV,https://www.sec.gov/Archives/edgar/data/1100663/000119312525080178/d883981d497.htm,2026-09-26 13:18:37.541363,200.0,bd61602ea1a25b0c6aff2ed976674be824a5f6de3990710e4476c1c577638b7a,SUCCESS,1.4337957000243478,
log_2b262c87d55f4bf9,sec_edgar_filings,US_ISHARES_IVV,https://www.sec.gov/Archives/edgar/data/1100663/000119312525080167/d945860d497.htm,2026-09-26 13:18:40.041611,200.0,57743c011c824292d57e2b132a6d929f2ba050e2b381438049ed3ea487c87f0b,SUCCESS,2.5151791000098456,
log_ef15f3b0b5fd45a4,sec_edgar_filings,US_ISHARES_IVV,https://www.sec.gov/Archives/edgar/data/1100663/000119312525073419/d941411d497.htm,2026-09-26 13:18:42.541995,200.0,f38944bd289fef91d0e3f29f4733b2d9b075b27d3038656379ac3f314451af66,SUCCESS,2.7651530999864917,
log_87e482b8928e437d,sec_edgar_filings,US_ISHARES_IVV,https://www.sec.gov/Archives/edgar/data/1100663/000119312525073416/d940735d497.htm,2026-09-26 13:18:45.042666,200.0,44fa50fecf601612aa223e1c6278fc06779ef1ceb060246ad51942e4b49729ef,SUCCESS,2.4535098999913316,
log_4a08c52dd8f249b7,sec_edgar_filings,US_ISHARES_IVV,https://www.sec.gov/Archives/edgar/data/1100663/000119312525072394/d896448d497.htm,2026-09-26 13:18:47.543320,200.0,cd66eb18ab2124907da3cb9929d864a1dfc1211d43ed39ec8d640ca5b45e656b,SUCCESS,2.3076555999869015,
log_306a2f5a14834d4b,sec_edgar_filings,US_ISHARES_IVV,https://www.sec.gov/Archives/edgar/data/1100663/000119312525069353/d735233d497.htm,2026-09-26 13:18:50.048094,200.0,bd631bfadae77be216c92b72654dfd4504e6e2a746c481c9023e2837da1fc9a1,SUCCESS,2.708810899988748,
log_67e24530026042d0,sec_edgar_filings,US_ISHARES_IVV,https://www.sec.gov/Archives/edgar/data/1100663/000119312525068983/d917197d497.htm,2026-09-26 13:18:52.548690,200.0,4681f150652580c721432b2c6bc1aba6a2b73381b164b559e6768b376076469a,SUCCESS,4.627395399991656,
log_1148f13e16fa49c0,sec_edgar_filings,US_ISHARES_IVV,https://www.sec.gov/Archives/edgar/data/1100663/000119312525130716/d892250d497.htm,2026-09-26 13:18:56.499253,200.0,07097d37d41b28b001e461b999b8e03d0acf90aa0b97c6d92e39b5387157079c,SUCCESS,6.164436299994122,
log_8eed138b7e824e1a,sec_edgar_filings,US_ISHARES_IVV,https://www.sec.gov/Archives/edgar/data/1100663/000119312525121682/d15263d497.htm,2026-09-26 13:19:03.685913,200.0,5293c75e44da6168a77d4016250a479abfa0047f1baf52210cb46fa79dd15a10,SUCCESS,1.7676410000131,
log_1df873844be54086,sec_edgar_filings,US_ISHARES_IVV,https://www.sec.gov/Archives/edgar/data/1100663/000119312525152756/d20784d497.htm,2026-09-26 13:19:06.186367,200.0,a0f7d16dba80cd489ec03d4ba26e79aac85fbe741494e7bb442064056aa3f986,SUCCESS,2.2187082000018563,
log_4a0ba46451f342a7,sec_edgar_filings,US_ISHARES_IVV,https://www.sec.gov/Archives/edgar/data/1100663/000119312525152664/d892910d497.htm,2026-09-26 13:19:08.686812,200.0,97e2ee0c713fcb5de4514cbdc2e4bb7c23da21e109d95ab31a9df7878b25c2c9,SUCCESS,2.5579450999794062,
log_ab42cb8a31b141bd,sec_edgar_filings,US_ISHARES_IVV,https://www.sec.gov/Archives/edgar/data/1100663/000119312525152656/d62694d497.htm,2026-09-26 13:19:11.187782,200.0,dd9998f610aa00a9f785a7ad8373d9261cb8a4ce31cc451303a5c00d2430f900,SUCCESS,2.5609690000128467,
log_dcb06576d14a409a,sec_edgar_filings,US_ISHARES_IVV,https://www.sec.gov/Archives/edgar/data/1100663/000119312525151483/d858154d497.htm,2026-09-26 13:19:13.688603,200.0,800c8beabe6173b381bd2ad13c7e7f26ba6ffe3bce326f1551ac5b4f78f1ae9d,SUCCESS,2.3822857000050135,
log_d26b89d1d6f34589,sec_edgar_filings,US_ISHARES_IVV,https://www.sec.gov/Archives/edgar/data/1100663/000119312525151481/d937804d497.htm,2026-09-26 13:19:16.188700,200.0,195666b0e83bd51ac0216adecf97dfeb363f47ffd8ff0e906bd8a698c26bd2dd,SUCCESS,2.527977000019746,
log_e4581f73d4b344a0,sec_edgar_filings,US_ISHARES_IVV,https://www.sec.gov/Archives/edgar/data/1100663/000119312525151480/d926596d497.htm,2026-09-26 13:19:18.689383,200.0,6ea7212d37d29bfd65daa13de43da08de17d24d6903c214bc9131f83f36dbff1,SUCCESS,2.3779896999767516,
log_a1ea3a931c3948e2,sec_edgar_filings,US_ISHARES_IVV,https://www.sec.gov/Archives/edgar/data/1100663/000119312525151477/d933980d497.htm,2026-09-26 13:19:21.189561,200.0,c74ad6fda7f693fcbe610943818f3322a26b4ed9c0c869d964591bba02bdedcf,SUCCESS,2.635118700010935,
log_e094c4c7fc694f53,sec_edgar_filings,US_ISHARES_IVV,https://www.sec.gov/Archives/edgar/data/1100663/000119312525151475/d935891d497.htm,2026-09-26 13:19:23.689775,200.0,da59631fa4508681409796536742272a66bd26b791668d067a57311090715cbf,SUCCESS,2.454068899998674,
log_48c83eaaedfd4fb9,sec_edgar_filings,US_ISHARES_IVV,https://www.sec.gov/Archives/edgar/data/1100663/000119312525151413/d80969d497.htm,2026-09-26 13:19:26.190463,200.0,6102ca7a81826d94c443591375f16c32e26d26670fc6e60fc7246b25f072689a,SUCCESS,3.7395798999932595,
log_edf2c09d6286416f,sec_edgar_filings,US_ISHARES_IVV,https://www.sec.gov/Archives/edgar/data/1100663/000119312525149660/d858192d497.htm,2026-09-26 13:19:29.293152,200.0,9f7afa070a3212af18e457a0c6d61420a835a25bb174ea6ee92718fef8a73baf,SUCCESS,1.4546438000106718,
log_5ecd6bec0ba24234,sec_edgar_filings,US_ISHARES_IVV,https://www.sec.gov/Archives/edgar/data/1100663/000119312525149296/d833515d497.htm,2026-09-26 13:19:31.793439,200.0,2b206ff3b8e5036039bde3ece4dcaddc210a3ddd15cfe20e1d4343277e303650,SUCCESS,3.0235285999951884,
log_205539edb949493c,sec_edgar_filings,US_ISHARES_IVV,https://www.sec.gov/Archives/edgar/data/1100663/000119312525144688/d910466d497.htm,2026-09-26 13:19:34.294186,200.0,3351a3d69c49a2e9cf07f93969c88618483a4ea2c80f07a230e90a57fb46c66f,SUCCESS,1.954121099988697,
log_b39c4bd5a1334366,sec_edgar_filings,US_ISHARES_IVV,https://www.sec.gov/Archives/edgar/data/1100663/000119312525144683/d923637d497.htm,2026-09-26 13:19:36.808566,200.0,b6594468bd3fda66ec0d2191496c71c17466739dcb62bc71de7ebaf4fd89f71d,SUCCESS,2.251598200004082,
log_b63711ebecc04a76,sec_edgar_filings,US_ISHARES_IVV,https://www.sec.gov/Archives/edgar/data/1100663/000119312525143780/d945286d497.htm,2026-09-26 13:19:39.308789,200.0,b8b1b011297fa3486bca11c99dc447d387100b5b691454f43c4f894731745b12,SUCCESS,2.3935295999981463,
log_f9a5b10f8ad947fb,sec_edgar_filings,US_ISHARES_IVV,https://www.sec.gov/Archives/edgar/data/1100663/000119312525140815/d92035d497.htm,2026-09-26 13:19:41.809638,200.0,344eabd3caf3b12a3bca39e08c7c2bfaa4ad3512bce029cf65eac850d3fca7be,SUCCESS,2.827884600003017,
log_fb3bbb39f1b34c03,sec_edgar_filings,US_ISHARES_IVV,https://www.sec.gov/Archives/edgar/data/1100663/000119312525132329/d925393d497.htm,2026-09-26 13:19:44.310412,200.0,0c3214405434124e69c1edb277d1dda32e17fb42945053f19de08c499bd6962a,SUCCESS,2.456089699990116,
log_1860338fb0f2463e,sec_edgar_filings,US_ISHARES_IVV,https://www.sec.gov/Archives/edgar/data/1100663/000119312525132328/d944327d497.htm,2026-09-26 13:19:46.811045,200.0,5a6b2e8df13cdfbe74a52ccc50f7c244a911c4f44716de5206e107f6058653d5,SUCCESS,2.941294400021434,
log_9499efc8ffc54d4b,sec_edgar_filings,US_ISHARES_IVV,https://www.sec.gov/Archives/edgar/data/1100663/000119312525166407/d80334d497.htm,2026-09-26 13:19:49.311461,200.0,5976ca2bccd9cb3ba9ea478782537a52ee1716cfd78078aa6265345769615ff4,SUCCESS,2.2378665000142064,
log_65ffc16285794819,sec_edgar_filings,US_ISHARES_IVV,https://www.sec.gov/Archives/edgar/data/1100663/000119312525166411/d16437d497.htm,2026-09-26 13:19:51.812198,200.0,18b745b6a77097bdbe7dd40937ad6c1f2283ff0da4a6a4cd3712ed4efc690074,SUCCESS,2.056592900014948,
log_8a9ed15c219c456e,sec_edgar_filings,US_ISHARES_IVV,https://www.sec.gov/Archives/edgar/data/1100663/000119312525164409/d45758d497.htm,2026-09-26 13:19:54.312476,200.0,32ec927d59fabaae7067046a32ae851a11f13a81c7b21d8984b618c0367653fc,SUCCESS,2.843510200007586,
log_73eb942c39884854,sec_edgar_filings,US_ISHARES_IVV,https://www.sec.gov/Archives/edgar/data/1100663/000119312525162592/d940331d497.htm,2026-09-26 13:19:56.812803,200.0,fcf8f9a72c67062f989b98521403754a87a82d794fe22eafea09ceda5297284f,SUCCESS,2.1454031000030227,
log_f0b6b1e5b5b3447b,sec_edgar_filings,US_ISHARES_IVV,https://www.sec.gov/Archives/edgar/data/1100663/000119312525162588/d936063d497.htm,2026-09-26 13:19:59.312960,200.0,8aaf5dd09282553b931c85ced5cb7a9cb3a563adab734542dc17a0b4e5e449c9,SUCCESS,2.4554531000030693,
log_a47c7ee932d44758,sec_edgar_filings,US_ISHARES_IVV,https://www.sec.gov/Archives/edgar/data/1100663/000119312525160527/d100349d497.htm,2026-09-26 13:20:01.816470,200.0,5b9fc2fe52399e6e0802341de8b83c6254a0b52a42a9bdbf3d5ae9d9dd13074a,SUCCESS,2.906002699979581,
log_01281800ba944c5b,sec_edgar_filings,US_ISHARES_IVV,https://www.sec.gov/Archives/edgar/data/1100663/000119312525158223/d938286d497.htm,2026-09-26 13:20:04.317148,200.0,36f45b7e9bce75647c3ab6c4430f93ee147ec51161a6e776526b1781c52b21d5,SUCCESS,2.213518699980341,
log_db0530abb1f34173,sec_edgar_filings,US_ISHARES_IVV,https://www.sec.gov/Archives/edgar/data/1100663/000119312525153117/d12766d497.htm,2026-09-26 13:20:06.817424,200.0,d901b7aa571666382f34663604e27babbd701f9abfef16520dcf6d610c33a1a7,SUCCESS,2.350278600002639,
log_7ded64bb6f2e4e29,sec_edgar_filings,US_ISHARES_IVV,https://www.sec.gov/Archives/edgar/data/1100663/000119312525152941/d59861d497.htm,2026-09-26 13:20:09.317658,200.0,b5bad58aae955eb2685b7cefb977e0530f025607ad57268c2deeb5d9a670a17b,SUCCESS,2.458555300021544,
log_346a80d5c5b44339,sec_edgar_filings,US_ISHARES_IVV,https://www.sec.gov/Archives/edgar/data/1100663/000119312525192573/d81584d497.htm,2026-09-26 13:20:11.818260,200.0,aba18f15b38413c0fe4ebe678c157cd3dbf77704081446bdebec37d32a971350,SUCCESS,2.2322168000100646,
log_353e61a5a0af4861,sec_edgar_filings,US_ISHARES_IVV,https://www.sec.gov/Archives/edgar/data/1100663/000119312525185435/d797607d497.htm,2026-09-26 13:20:14.318545,200.0,89f2e1a17120261d47d14c73bb53989ff12eebdb73a0f1048a442bfd81e36231,SUCCESS,4.1869982999924105,
log_fb0abe9746e746fa,sec_edgar_filings,US_ISHARES_IVV,https://www.sec.gov/Archives/edgar/data/1100663/000119312525185274/d946888d497.htm,2026-09-26 13:20:17.239284,200.0,9f9ccbe56f8673cb4e0b5881038ca6e8b817f816b0447acff0f2620b4fb69767,SUCCESS,1.5934070000075735,
log_42f1ade5bec64dc7,sec_edgar_filings,US_ISHARES_IVV,https://www.sec.gov/Archives/edgar/data/1100663/000119312525181867/d32380d497.htm,2026-09-26 13:20:19.739420,200.0,0d914b3094a3b114902160e3a8106f0efd06256e370e959ca30f3d7ee0b21752,SUCCESS,2.399944900011178,
log_3f7729e1ebab4962,sec_edgar_filings,US_ISHARES_IVV,https://www.sec.gov/Archives/edgar/data/1100663/000119312525178119/d945380d497.htm,2026-09-26 13:20:22.239674,200.0,666bc471b3e9b7a40976f1d298e5f516eea91fb1e94b82dfb38d492d1e64be4d,SUCCESS,2.4541354999819305,
log_e7b035d55ddb44e9,sec_edgar_filings,US_ISHARES_IVV,https://www.sec.gov/Archives/edgar/data/1100663/000119312525176991/d68767d497.htm,2026-09-26 13:20:24.740232,200.0,4f59848c0f238e853d2904736316d15848706000baa0d7d5612382769706bd7c,SUCCESS,2.7664772999996785,
log_5e70c4153a92441f,sec_edgar_filings,US_ISHARES_IVV,https://www.sec.gov/Archives/edgar/data/1100663/000119312525171727/d35987d497.htm,2026-09-26 13:20:27.240704,200.0,1a4bbfd46cb9059f052dbb47e10a440a1b0c8091f4d8cc1b83a471c34888d7d2,SUCCESS,2.3464978999982122,
log_28b6100c33584575,sec_edgar_filings,US_ISHARES_IVV,https://www.sec.gov/Archives/edgar/data/1100663/000119312525171725/d946231d497.htm,2026-09-26 13:20:29.740857,200.0,cda92a5b1a1cfd8eb6925718811d5d52405ba30246ea0c60026cef3552c14aae,SUCCESS,2.4539380999922287,
log_5ebcb552b7bd4ca4,sec_edgar_filings,US_ISHARES_IVV,https://www.sec.gov/Archives/edgar/data/1100663/000119312525171382/d91144d497.htm,2026-09-26 13:20:32.241227,200.0,da540bc116c7bfbf3e795771eb0b2089dcb58711dcb108968bb822a0416d2c01,SUCCESS,2.4561816999921575,
log_a38a7f26012140ee,sec_edgar_filings,US_ISHARES_IVV,https://www.sec.gov/Archives/edgar/data/1100663/000119312525171077/d12817d497.htm,2026-09-26 13:20:34.741518,200.0,aeb3943d726dee222a163f7d5edee46cd246849471737bc9b0d55d982e1361db,SUCCESS,2.3521720000135247,
log_7bc49e6a3e734af0,sec_edgar_filings,US_ISHARES_IVV,https://www.sec.gov/Archives/edgar/data/1100663/000119312525170646/d72295d497.htm,2026-09-26 13:20:37.241777,200.0,05add7aa9e4678e3b23c5ac6fdfb1d2ccbfc7652c5fe637702e61ef49610f4bc,SUCCESS,2.921744099992793,
log_b3dd11840b014ee9,sec_edgar_filings,US_ISHARES_IVV,https://www.sec.gov/Archives/edgar/data/1100663/000119312525220684/d14216d497.htm,2026-09-26 13:20:39.742059,200.0,dd39f981b8d1bf7e93226c4c0c8ca7a7d8e11abeedf32daaa2c8f5bdd84d7283,SUCCESS,1.722187400009716,
log_c64bd6faab774c77,sec_edgar_filings,US_ISHARES_IVV,https://www.sec.gov/Archives/edgar/data/1100663/000119312525220667/d74315d497.htm,2026-09-26 13:20:42.242390,200.0,7163e9ded3e0f70f000e219c9b1026484accdbc7cb7e680f2e372b5d965dd612,SUCCESS,2.662700799992308,
log_eb2b603a1aef4a82,sec_edgar_filings,US_ISHARES_IVV,https://www.sec.gov/Archives/edgar/data/1100663/000119312525220646/d922321d497.htm,2026-09-26 13:20:44.742672,200.0,5253c549329b0a54a81a8eb5c632c99bfe740f6ac9f855fbbfa40f7817c1bb50,SUCCESS,2.3527124999964144,
log_c95d4d01b5284527,sec_edgar_filings,US_ISHARES_IVV,https://www.sec.gov/Archives/edgar/data/1100663/000119312525213586/d76986d497.htm,2026-09-26 13:20:47.242932,200.0,588606b57f9afd851d14cc848989ed3d0ace8f6878ec6d72bf36f15cceb8d75d,SUCCESS,2.763433399988571,
log_c3864d2479c14683,sec_edgar_filings,US_ISHARES_IVV,https://www.sec.gov/Archives/edgar/data/1100663/000119312525213416/d12724d497.htm,2026-09-26 13:20:49.743368,200.0,72f2199f76abaf86856631907d6823ebd91a780f1820f87e791975313ff4d5a1,SUCCESS,2.45912290000706,
log_15b90f6763234473,sec_edgar_filings,US_ISHARES_IVV,https://www.sec.gov/Archives/edgar/data/1100663/000119312525202143/d85575d497.htm,2026-09-26 13:20:52.244388,200.0,9d26d441ed06fde53b948a57cd213370c2a5f564bbfd78de3502b7c6925dcf7a,SUCCESS,2.5582417999976315,
log_8195635173164719,sec_edgar_filings,US_ISHARES_IVV,https://www.sec.gov/Archives/edgar/data/1100663/000119312525194258/d45302d497.htm,2026-09-26 13:20:54.745734,200.0,c7c946da7c4f7d94b20cb3c7107299f7828d5b953c9f24c850a4fa24a6467a4c,SUCCESS,2.3533043999923393,
log_53b9601fc3ed4c64,sec_edgar_filings,US_ISHARES_IVV,https://www.sec.gov/Archives/edgar/data/1100663/000119312525193994/d36297d497.htm,2026-09-26 13:20:57.246015,200.0,b853b800d62eb943bc95a96a31fdf69627ff4ef7da8b62b41b8d4733d3cc6272,SUCCESS,2.5564948999963235,
log_6b9f5d5f9d4f4254,sec_edgar_filings,US_ISHARES_IVV,https://www.sec.gov/Archives/edgar/data/1100663/000119312525258900/d850740d497.htm,2026-09-26 13:20:59.746447,200.0,32f501b96f6b8a7322800867cb758f9421767ad82ece941937821b4ecc8274f9,SUCCESS,1.8176035000069533,
log_d21fae693d9641ba,sec_edgar_filings,US_ISHARES_IVV,https://www.sec.gov/Archives/edgar/data/1100663/000119312525258622/d853081d497.htm,2026-09-26 13:21:02.246799,200.0,4d4be3c4ea087ea29229ced99d7b2978587e5cfc455dc8f94fe58643a9caf7ba,SUCCESS,2.8452430000179447,
log_0d1dfab5e6244112,sec_edgar_filings,US_ISHARES_IVV,https://www.sec.gov/Archives/edgar/data/1100663/000119312525245584/d47996d497.htm,2026-09-26 13:21:04.747479,200.0,8963fad299cba9c92ab74fbd0b0a3701942f048949d54ad07e5c323f66ae6316,SUCCESS,2.6658191999886185,
log_84c82fbafbad453d,sec_edgar_filings,US_ISHARES_IVV,https://www.sec.gov/Archives/edgar/data/1100663/000119312525245533/d53643d497.htm,2026-09-26 13:21:07.248223,200.0,fa278f57fde07d67459e17cc5864b008da5199aa69b9762dd534334b2a37b32d,SUCCESS,2.248783099988941,
log_8d9a3ea66a9543d4,sec_edgar_filings,US_ISHARES_IVV,https://www.sec.gov/Archives/edgar/data/1100663/000119312525243500/d847683d497.htm,2026-09-26 13:21:09.748819,200.0,7f6cb699be8e40bee78944c7bd041bfb26c63cd90f924532fb6f5a8d7651cf69,SUCCESS,2.6584999000187963,
log_9db7824cf4ce45e6,sec_edgar_filings,US_ISHARES_IVV,https://www.sec.gov/Archives/edgar/data/1100663/000119312525241455/d21541d497.htm,2026-09-26 13:21:12.248957,200.0,1df50d0b3c4ff13b8f77edfd93e5d1d63a6c218d97c0bd5a0986e82787b264b1,SUCCESS,2.457730199996149,
log_cd460a64e00741ed,sec_edgar_filings,US_ISHARES_IVV,https://www.sec.gov/Archives/edgar/data/1100663/000119312525241445/d17098d497.htm,2026-09-26 13:21:14.750357,200.0,d1d6dc8e525632673411aba7a1a39c4a3f7c3a887167b46c22ee1b029975831a,SUCCESS,2.3519999999844003,
log_e016b51c09ad415a,sec_edgar_filings,US_ISHARES_IVV,https://www.sec.gov/Archives/edgar/data/1100663/000119312525240445/d13496d497.htm,2026-09-26 13:21:17.250605,200.0,7c9b915ca21c70a7469c2388530b511343b7b813f1057b9f639120b5be24f1fc,SUCCESS,2.255315000016708,
log_f0131aa12aa64cf5,sec_edgar_filings,US_ISHARES_IVV,https://www.sec.gov/Archives/edgar/data/1100663/000119312525240193/d46937d497.htm,2026-09-26 13:21:19.751675,200.0,083af31cf339ba43b7ff354c9c4f18ec77318dd812e83c9f61ff0702198b340a,SUCCESS,2.455467599997064,
log_f10efb807d85431c,sec_edgar_filings,US_ISHARES_IVV,https://www.sec.gov/Archives/edgar/data/1100663/000119312525237066/d838386d497.htm,2026-09-26 13:21:22.251868,200.0,aab6a39bd1af51aa3f72858dabcbce792bcb8384e45787c182da56ec75c1359a,SUCCESS,2.7644921999890357,
log_84092b02d2374587,sec_edgar_filings,US_ISHARES_IVV,https://www.sec.gov/Archives/edgar/data/1100663/000119312525233824/d14518d497.htm,2026-09-26 13:21:24.752245,200.0,fe9b0227a29f114c16819e84ca4eff0745cc92822823d24ca797cc4fc9229233,SUCCESS,2.4528275999764446,
log_80ecbb2719ca4851,sec_edgar_filings,US_ISHARES_IVV,https://www.sec.gov/Archives/edgar/data/1100663/000119312525230367/d863213d497.htm,2026-09-26 13:21:27.252545,200.0,8faccea853cc4ef5aef1acc9032222749fccb4d53dd7d2530414585580ed4328,SUCCESS,2.2529362000059336,
log_29b345704ac34856,sec_edgar_filings,US_ISHARES_IVV,https://www.sec.gov/Archives/edgar/data/1100663/000119312525226832/d140482d497.htm,2026-09-26 13:21:29.752987,200.0,86b1dc2d05ebcfd117767c2158e886c96e2cb5045834940bf25c71c32f35c5d0,SUCCESS,4.445597699988866,
log_56662e65ba3e4fc9,sec_edgar_filings,US_ISHARES_IVV,https://www.sec.gov/Archives/edgar/data/1100663/000119312525225574/d77896d497.htm,2026-09-26 13:21:32.854073,200.0,9e5da6c2f2e15011702321b35531eb6e230385886c1acce719b3b378fe015b55,SUCCESS,2.1910592000058386,
log_da2a58b028e74f30,sec_edgar_filings,US_ISHARES_IVV,https://www.sec.gov/Archives/edgar/data/1100663/000119312525297711/d938912d497.htm,2026-09-26 13:21:35.354297,200.0,014a10b21d4a8687ed6eb12c37ccb0f372f94b7dbab55639b8d9b09411dcf6b4,SUCCESS,1.2392031000053976,
log_e30d7b164b314469,sec_edgar_filings,US_ISHARES_IVV,https://www.sec.gov/Archives/edgar/data/1100663/000119312525291668/d87125d497.htm,2026-09-26 13:21:37.857003,200.0,6146fc79bb79b050e0ed9ed08acdb5ff7bca5b8b3acab77ca56fbaf32207a9e4,SUCCESS,2.867312000016682,
log_0fd7001b63954993,sec_edgar_filings,US_ISHARES_IVV,https://www.sec.gov/Archives/edgar/data/1100663/000119312525287109/d82955d497.htm,2026-09-26 13:21:40.357300,200.0,8ce91b3b112647d42edce41a7d15bc0229ac0bb21bcc7a3cf2ef934c1f7ba959,SUCCESS,2.6637366999930236,
log_5b1f7fdde9b7480a,sec_edgar_filings,US_ISHARES_IVV,https://www.sec.gov/Archives/edgar/data/1100663/000119312525283231/d67648d497.htm,2026-09-26 13:21:42.857589,200.0,d15976a5418d3b283973221ac1a5190850f4896912b73f695ef16e4a23d1d481,SUCCESS,2.9906706000037957,
log_63db5257c0454786,sec_edgar_filings,US_ISHARES_IVV,https://www.sec.gov/Archives/edgar/data/1100663/000119312525331050/d922635d497.htm,2026-09-26 13:21:46.018125,200.0,ddcd7dfc2f263e62cc4fb38373ceafe9f7ce480ed2924b0b54df62998780015c,SUCCESS,1.399496599973645,
log_f1e39ddb8ee347eb,sec_edgar_filings,US_ISHARES_IVV,https://www.sec.gov/Archives/edgar/data/1100663/000119312525328765/d86147d497.htm,2026-09-26 13:21:48.518492,200.0,1a5d89bafba00026b2d4c2846bfe463eb02310698afecdb7dc3eb5cff4a8c13d,SUCCESS,2.543029199994635,
log_26a67f4f7344457f,sec_edgar_filings,US_ISHARES_IVV,https://www.sec.gov/Archives/edgar/data/1100663/000119312525324952/d938265d497.htm,2026-09-26 13:21:51.019244,200.0,1db040fee1d07b3c6a8a5580cacdf2a2b59546a2e6204315a58de6939c48c652,SUCCESS,2.612088900001254,
log_2dcbd06a16944ee3,sec_edgar_filings,US_ISHARES_IVV,https://www.sec.gov/Archives/edgar/data/1100663/000119312525316017/d58282d497.htm,2026-09-26 13:21:53.519593,200.0,43b1d307691b158f0a8e8d83e8bcf68b2c72f37cb3b64b19155f2fc03b29a285,SUCCESS,2.8673462999868207,
log_b7ca4cc29cd2490e,sec_edgar_filings,US_ISHARES_IVV,https://www.sec.gov/Archives/edgar/data/1100663/000119312525309780/d79527d497.htm,2026-09-26 13:21:56.020566,200.0,0b5b3712b8575efa22704d689646817d34ad633e1750ea64c7c550e08f0f0723,SUCCESS,2.2503423000162,
log_dce0ea2ea10d402b,sec_edgar_filings,US_ISHARES_IVV,https://www.sec.gov/Archives/edgar/data/1100663/000119312525308207/d90938d497.htm,2026-09-26 13:21:58.521198,200.0,dec7649fe650e46097ea1f9159f68533ed28e09bb1cabc0d7ecfd0ab79a12e7a,SUCCESS,2.1510070000076666,
log_ccc9841d80094398,sec_edgar_filings,US_ISHARES_IVV,https://www.sec.gov/Archives/edgar/data/1100663/000119312525308009/d88695d497.htm,2026-09-26 13:22:01.021416,200.0,dbe724f097a785cad1dce26a486b7574954c6a55907bc08837568fbadf2fd4e4,SUCCESS,2.762640699977055,
log_60d93785c7da49cb,sec_edgar_filings,US_ISHARES_IVV,https://www.sec.gov/Archives/edgar/data/1100663/000119312526015356/d35944d497.htm,2026-09-26 13:22:03.521749,200.0,79f71ed6aaeca36030a19fb4a9b54be5b62769f1c9a0bb47f916ad43ea71bd68,SUCCESS,2.2558995000144932,
log_a6f7a8c6b51c4517,sec_edgar_filings,US_ISHARES_IVV,https://www.sec.gov/Archives/edgar/data/1100663/000119312526006456/d816607d497.htm,2026-09-26 13:22:06.022003,200.0,acd54a975e88f98bde579d172fd408fa271f88ee59fc8a418ac14948a40b1c91,SUCCESS,2.5970215999986976,
log_08c6d5a254ab4025,sec_edgar_filings,US_ISHARES_IVV,https://www.sec.gov/Archives/edgar/data/1100663/000119312525338493/d36519d497.htm,2026-09-26 13:22:08.522364,200.0,174cbc0f9f9e957466ee19b8f629b4b089554841fa6bfc0108e314380ae311c4,SUCCESS,2.9517450999992434,
log_e2b97ab7276e4508,sec_edgar_filings,US_ISHARES_IVV,https://www.sec.gov/Archives/edgar/data/1100663/000119312526064485/d29673d497.htm,2026-09-26 13:22:11.022765,200.0,358467b1d1cda828ab60b904b89d15ba9db8db0e34f30f124dd656afdf8d5af0,SUCCESS,1.6765595999895595,
log_6ff4e8dd17ea43b9,sec_edgar_filings,US_ISHARES_IVV,https://www.sec.gov/Archives/edgar/data/1100663/000119312526056745/d51363d497.htm,2026-09-26 13:22:13.522813,200.0,8836ae41550d37826386f892c93bedab2d44980905829085d6382a1f7e40f6e6,SUCCESS,2.7110961000144016,
log_3085e1109d8e4c3a,sec_edgar_filings,US_ISHARES_IVV,https://www.sec.gov/Archives/edgar/data/1100663/000119312526051617/d88238d497.htm,2026-09-26 13:22:16.023182,200.0,f5d8afd79b11205ea23703358fddcbc7ae0fa3c646ad136e532fdee78ef887e3,SUCCESS,2.457687700021779,
log_58d43d9c759540f3,sec_edgar_filings,US_ISHARES_IVV,https://www.sec.gov/Archives/edgar/data/1100663/000119312526051604/d38921d497.htm,2026-09-26 13:22:18.523850,200.0,86ae91b01315c6abfae9b331e8b024218968c0b245b9b775f400fc8ec78c245b,SUCCESS,3.41579840000486,
log_105068880b854412,sec_edgar_filings,US_ISHARES_IVV,https://www.sec.gov/Archives/edgar/data/1100663/000119312526051590/d25478d497.htm,2026-09-26 13:22:21.024746,200.0,774898db3076c024639916885fb4a04bf8a40401803bc9676bd722c39b4adbfb,SUCCESS,2.5148063999949954,
log_2cfbba44f2884494,sec_edgar_filings,US_ISHARES_IVV,https://www.sec.gov/Archives/edgar/data/1100663/000119312526129300/d765912d497.htm,2026-09-26 13:22:23.525461,200.0,55acaa1112fa42626026576f5f29a8044415f933b3fdebcdf59bbea1bc3bc357,SUCCESS,1.628738900006283,
log_ab217d6617fe43c6,sec_edgar_filings,US_ISHARES_IVV,https://www.sec.gov/Archives/edgar/data/1100663/000119312526121940/d117046d497.htm,2026-09-26 13:22:26.025687,200.0,0f65ad011a6ffe9b0fc676ca42a6ef0402d529b9e93c1d7e0a3324c01222bf85,SUCCESS,2.5608337000012398,
log_499bc1a5d86d4258,sec_edgar_filings,US_ISHARES_IVV,https://www.sec.gov/Archives/edgar/data/1100663/000119312526117990/d36768d497.htm,2026-09-26 13:22:28.525936,200.0,b830b7f3c2295aecdd5adfc2b30f7ce78ffcf3860c3b267591b1f28ae5504e3c,SUCCESS,2.3529468000051565,
log_b5d171e4d32d48c7,sec_edgar_filings,US_ISHARES_IVV,https://www.sec.gov/Archives/edgar/data/1100663/000119312526114192/d45638d497.htm,2026-09-26 13:22:31.026069,200.0,f8bac38858835400b2b1f7af0c41445954bd31f9de091a866fa51d1a99aa6a81,SUCCESS,2.5869212999823503,
log_6454b6d0e757439c,sec_edgar_filings,US_ISHARES_IVV,https://www.sec.gov/Archives/edgar/data/1100663/000119312526114010/d864601d497.htm,2026-09-26 13:22:33.526656,200.0,d0bab012bec0a65529ea9c60350e454406eb8bf56209d0da1c5f2b04d8039b95,SUCCESS,1.6747237000090536,
log_4e6ca03380c54b9f,sec_edgar_filings,US_ISHARES_IVV,https://www.sec.gov/Archives/edgar/data/1100663/000119312526102313/d13062d497.htm,2026-09-26 13:22:36.027073,200.0,d31656f8006feaa6fe94db3df8a97a8a179f992425f265e4f71601732824f9da,SUCCESS,3.2287978999956977,
log_539807554f184863,sec_edgar_filings,US_ISHARES_IVV,https://www.sec.gov/Archives/edgar/data/1100663/000119312526097152/d29298d497.htm,2026-09-26 13:22:38.527534,200.0,5fdf1972fbe924e4227f9280986015ab772139b8e63fbd40929dfd65629c9be0,SUCCESS,1.7576706999971066,
log_2ea2ee11cdb946f2,sec_edgar_filings,US_ISHARES_IVV,https://www.sec.gov/Archives/edgar/data/1100663/000119312526083306/d116517d497.htm,2026-09-26 13:22:41.030422,200.0,b1a783a5b59d9307d78e2b0b17a901e9c3607f647ea07e938467be1fd93324b8,SUCCESS,2.407802500005346,
log_f5a90176afda475b,sec_edgar_filings,US_ISHARES_IVV,https://www.sec.gov/Archives/edgar/data/1100663/000119312526196607/d112890d497.htm,2026-09-26 13:22:43.530067,200.0,9eed563de402618d22fa5c9e7a4c7e6b1baba74c7cf15f590f79ea3eba758a48,SUCCESS,2.4062135000131093,
log_b4210055ffde4c6c,sec_edgar_filings,US_ISHARES_IVV,https://www.sec.gov/Archives/edgar/data/1100663/000119312526188422/d17882d497.htm,2026-09-26 13:22:46.030485,200.0,b9a0745cf7961915f13ff6090bbec9ed7e4c3d0c17db47a44dc430f3ed11ccfe,SUCCESS,2.4202057000075,
log_b20ab7462103464e,sec_edgar_filings,US_ISHARES_IVV,https://www.sec.gov/Archives/edgar/data/1100663/000119312526164165/d88796d497.htm,2026-09-26 13:22:48.530633,200.0,2e6720a7265726e643da19293d7bf63009c73cb5322a3c00dd47b297e92ba504,SUCCESS,3.1066223999951035,
log_9bb9dad109994c6e,sec_edgar_filings,US_ISHARES_IVV,https://www.sec.gov/Archives/edgar/data/1100663/000119312526140146/d105386d497.htm,2026-09-26 13:22:51.031149,200.0,222cd8f805c81305a65dbde504e71a28f0da7f9edd9cfbf214c6648ed3e7c5e6,SUCCESS,2.251099000015529,
log_f326dcebd80f4a13,sec_edgar_filings,US_ISHARES_IVV,https://www.sec.gov/Archives/edgar/data/1100663/000119312526140080/d106622d497.htm,2026-09-26 13:22:53.534404,200.0,c5dce8b7c2800f2e49356a0b1cf40acc3fb4947a0af23ba630881fa06b81107a,SUCCESS,2.1476203000056557,
log_d309957ac1d54b76,sec_edgar_filings,US_ISHARES_IVV,https://www.sec.gov/Archives/edgar/data/1100663/000119312526135209/d129347d497.htm,2026-09-26 13:22:56.036264,200.0,50aec65e6ca60613675b43059d6a4f6d7165013def7bce388de9e77c99ee1eff,SUCCESS,2.5178466999786906,
log_3fab348691204469,sec_edgar_filings,US_ISHARES_IVV,https://www.sec.gov/Archives/edgar/data/1100663/000119312526239677/d24890d497.htm,2026-09-26 13:22:58.536482,200.0,00dfc510d2afa23776628877b7d2da00d9bb68846a34d3f4093a3dc82989f240,SUCCESS,2.599273300002096,
log_af6ff13c56f9479b,sec_edgar_filings,US_ISHARES_IVV,https://www.sec.gov/Archives/edgar/data/1100663/000119312526237040/d105379d497.htm,2026-09-26 13:23:01.037273,200.0,34ce8d4a4765d9d6f85c92409e69eb11d96cbb0aa6009d22ac6d5c4acb16e6af,SUCCESS,2.29821660000016,
log_ccb93af3893c453b,sec_edgar_filings,US_ISHARES_IVV,https://www.sec.gov/Archives/edgar/data/1100663/000119312526237012/d108481d497.htm,2026-09-26 13:23:03.537621,200.0,e062db17e91eb6d274a408b722deb2922c343f47c2a952ea53b30bd0c8f73d1b,SUCCESS,2.6126804999948945,
log_83170966159a4886,sec_edgar_filings,US_ISHARES_IVV,https://www.sec.gov/Archives/edgar/data/1100663/000119312526232632/d112764d497.htm,2026-09-26 13:23:06.038178,200.0,7c7ea35c15c0f1c619211835bc9ab1c27b581c05452715229b395f3a09f05548,SUCCESS,2.495584400021471,
log_2c3cdcffe9dd4672,sec_edgar_filings,US_ISHARES_IVV,https://www.sec.gov/Archives/edgar/data/1100663/000119312526204769/d121690d497.htm,2026-09-26 13:23:08.538575,200.0,9458041f9c688c4fb667e5bcd94149e648043fee27b4cedb1807a84a102b677b,SUCCESS,2.6196950000012293,
log_bf146b43e1304b41,sec_edgar_filings,US_ISHARES_IVV,https://www.sec.gov/Archives/edgar/data/1100663/000119312526288507/d144232d497.htm,2026-09-26 13:23:11.039468,200.0,773a3e1d979da58058029ea9050369a87e4f8c1c017a7900d3774deb7698ed00,SUCCESS,2.562719500012463,
log_5d49c52e73034ef8,sec_edgar_filings,US_ISHARES_IVV,https://www.sec.gov/Archives/edgar/data/1100663/000119312526279612/d74881d497.htm,2026-09-26 13:23:13.540070,200.0,986d7bb132a2a1e8e07022dd290e936730cba6d368b2ef285524041c7927f645,SUCCESS,2.1451262999908067,
log_be0df395c18a42a8,sec_edgar_filings,US_ISHARES_IVV,https://www.sec.gov/Archives/edgar/data/1100663/000119312526279474/d143191d497.htm,2026-09-26 13:23:16.041761,200.0,c2e89a5a595852ec3ea74ffbd9b8aead89b827907db3e3f825c839653137d541,SUCCESS,2.4506733000162058,
log_62aa64394ccd48da,sec_edgar_filings,US_ISHARES_IVV,https://www.sec.gov/Archives/edgar/data/1100663/000119312526269593/d74967d497.htm,2026-09-26 13:23:18.543184,200.0,d4753ee9f18867febc13cfc93b240606a9fbda656f189e03583543df3b4876e8,SUCCESS,3.4569898000045214,
log_63bf86edadd54c9d,sec_edgar_filings,US_ISHARES_IVV,https://www.sec.gov/Archives/edgar/data/1100663/000119312526269590/d168658d497.htm,2026-09-26 13:23:21.043557,200.0,75746f0add85ebd7724d05ad887fbf580a1445da20a3c4ea2c4667f5876817e7,SUCCESS,1.5659746000019368,
log_737bc0fedbce4952,sec_edgar_filings,US_ISHARES_IVV,https://www.sec.gov/Archives/edgar/data/1100663/000119312526267888/d121420d497.htm,2026-09-26 13:23:23.543780,200.0,caf4b1428f5efd3798756d9815425203d0cdf51d458688629441438d39e971f3,SUCCESS,2.7596902000077534,
log_2ac3634ae4354972,sec_edgar_filings,US_ISHARES_IVV,https://www.sec.gov/Archives/edgar/data/1100663/000119312526267877/d143945d497.htm,2026-09-26 13:23:26.044521,200.0,4a92334408598170baca70379751806d09fe308a82895775a2eb7ca7cc6a103a,SUCCESS,2.7637998999853153,
log_9601dbf0a62441a0,sec_edgar_filings,US_ISHARES_IVV,https://www.sec.gov/Archives/edgar/data/1100663/000119312526267872/d74088d497.htm,2026-09-26 13:23:28.545479,200.0,b5e4771bb7559c9a634293e8e25652843e18172a3a94373c05a68e218348b01b,SUCCESS,2.04480770000373,
log_e176b024ae0b4118,sec_edgar_filings,US_ISHARES_IVV,https://www.sec.gov/Archives/edgar/data/1100663/000119312526267869/d46038d497.htm,2026-09-26 13:23:31.046587,200.0,be5ad514db0fd1cf813e62e133885811797f770cb8142592179335cc06d1cf97,SUCCESS,2.763894000003347,
log_9309f187bde34aae,sec_edgar_filings,US_ISHARES_IVV,https://www.sec.gov/Archives/edgar/data/1100663/000119312526267864/d20417d497.htm,2026-09-26 13:23:33.546926,200.0,250a1267e11495bba825a62f3629f7ca68600f8128bfaec4589d5bc5b7046e09,SUCCESS,2.3533691000193357,
log_09d2beb243fe452e,sec_edgar_filings,US_ISHARES_IVV,https://www.sec.gov/Archives/edgar/data/1100663/000119312526267858/d162061d497.htm,2026-09-26 13:23:36.047507,200.0,ad55ffb9bb1173f124b5aa4d14412b17a90a1afc6012f9da964797c237168b21,SUCCESS,7.087480100017274,
log_fc83e97d988c41d0,sec_edgar_filings,US_ISHARES_IVV,https://www.sec.gov/Archives/edgar/data/1100663/000119312526267852/d154427d497.htm,2026-09-26 13:23:42.169005,200.0,844ba76a2078925801265f3b074f5f7968763d1aae83c4aea0358307062c8663,SUCCESS,2.2644361999991816,
log_0bd3c7a744804633,sec_edgar_filings,US_ISHARES_IVV,https://www.sec.gov/Archives/edgar/data/1100663/000119312526249172/d126264d497.htm,2026-09-26 13:23:44.670804,200.0,383c995df14c85e21826b8f6e567b3f2f5115addd7a5179ffd892aad5d1df59a,SUCCESS,1.812787600007141,
log_e258864cbe704903,sec_edgar_filings,US_ISHARES_IVV,https://www.sec.gov/Archives/edgar/data/1100663/000119312526326458/d123143d497.htm,2026-09-26 13:23:47.171437,200.0,43768bc03c1fb71017ba076ff5b15c2ec3fb28211326160b8e4168eb94ce5fb4,SUCCESS,2.270980100001907,
log_dc95ad7370c74ad5,sec_edgar_filings,US_ISHARES_IVV,https://www.sec.gov/Archives/edgar/data/1100663/000119312526326445/d25273d497.htm,2026-09-26 13:23:49.672050,200.0,a08218d45dfe0ba8ea3ed37dab2eda58a5dc3d159c23e857980c839f51d7bea0,SUCCESS,2.5551038999983575,
log_8f0d5277c67d4412,sec_edgar_filings,US_ISHARES_IVV,https://www.sec.gov/Archives/edgar/data/1100663/000119312526326439/d161787d497.htm,2026-09-26 13:23:52.173305,200.0,fd29b9dcfee58630afe0e308d3fe3466b80df1cde8a0af6d24299e0f797acb7d,SUCCESS,2.4505816000164486,
log_d79f6702d4cf44bb,sec_edgar_filings,US_ISHARES_IVV,https://www.sec.gov/Archives/edgar/data/1100663/000119312526307874/d94466d497.htm,2026-09-26 13:23:54.673531,200.0,ece03ba68a5aaf3c817c4f6b9bd64b677ead55387401497b6c00f84cff703039,SUCCESS,2.411476200009929,
log_5196973fd74b45e1,sec_edgar_filings,US_ISHARES_IVV,https://www.sec.gov/Archives/edgar/data/1100663/000119312526306133/d157213d497.htm,2026-09-26 13:23:57.173785,200.0,a9dad30a31ad649f3cf48231a29734ed55bbc27ba5d1bc578c1c4c33c984eacd,SUCCESS,2.497380400018301,
log_048a7265fc024aa9,sec_edgar_filings,US_ISHARES_IVV,https://www.sec.gov/Archives/edgar/data/1100663/000119312526306123/d160783d497.htm,2026-09-26 13:23:59.674591,200.0,9e374339c503ac1f3afbf3a6dc056115cfdc9d347ed16bd29782dde2f08116c1,SUCCESS,2.5664847000152804,
log_a8e3df1d14ee4afd,sec_edgar_filings,US_ISHARES_IVV,https://www.sec.gov/Archives/edgar/data/1100663/000119312526306122/d145677d497.htm,2026-09-26 13:24:02.174986,200.0,8589633deb798a60f69354eba15cf808392dbe86479e9022b7d24bb6eaa8cf04,SUCCESS,2.258894099999452,
log_353f37baeef9496c,sec_edgar_filings,US_ISHARES_IVV,https://www.sec.gov/Archives/edgar/data/1100663/000119312526306120/d151429d497.htm,2026-09-26 13:24:04.675783,200.0,dd1fdf7770161ec03ecf76037796c9a8e9abf891cd94766b425761307a09a189,SUCCESS,2.9277833999949507,
log_c56ea26753d143e1,sec_edgar_filings,US_ISHARES_IVV,https://www.sec.gov/Archives/edgar/data/1100663/000119312526306119/d154864d497.htm,2026-09-26 13:24:07.176052,200.0,7c7159c45b0a42513d6d7a90b8da303ec3b521f540dce139268f1768d015c253,SUCCESS,2.4518237999873236,
log_9fa2889234e041ca,sec_edgar_filings,US_ISHARES_IVV,https://www.sec.gov/Archives/edgar/data/1100663/000119312526306116/d155509d497.htm,2026-09-26 13:24:09.676428,200.0,ca038d7e15083df015eabe836cc73d1a42841d009c8618643512a730cd67f53f,SUCCESS,2.4578395999851637,
log_589e93bf02af47f8,sec_edgar_filings,US_ISHARES_IVV,https://www.sec.gov/Archives/edgar/data/1100663/000119312526306115/d156341d497.htm,2026-09-26 13:24:12.177973,200.0,6a496bc7d22bed5123125cb7712cf7812e39d4640163dce29eb3d5ecd1f4bf47,SUCCESS,2.986248200002592,
log_0d97960eb92d4efc,sec_edgar_filings,US_ISHARES_IVV,https://www.sec.gov/Archives/edgar/data/1100663/000119312526300908/d898074d497.htm,2026-09-26 13:24:14.678783,200.0,3e6d6cb4e9d5e319e905d0517c8c81e27ef8f049a5ee7979dc656693dcabe5e8,SUCCESS,1.8130838999932166,
log_99e222fbe4cc4d5c,sec_edgar_filings,US_ISHARES_IVV,https://www.sec.gov/Archives/edgar/data/1100663/000119312526294655/d83700d497.htm,2026-09-26 13:24:17.179727,200.0,e8b2fea09a8fe965aecb2c68b1d5d9762df5969614f02c334c4e59347a6fa57d,SUCCESS,2.829757100000279,
log_5fab2e4db0ec4058,sec_edgar_filings,US_ISHARES_IVV,https://www.sec.gov/Archives/edgar/data/1100663/000119312526293181/d83700d497.htm,2026-09-26 13:24:19.680810,200.0,e8f5a24b7941ee340b2658503a979bf50cff8d427ba84b0f1f9beef45ad6220d,SUCCESS,2.3889119000232313,
log_3f24fd3891e84225,sec_edgar_filings,US_ISHARES_IVV,https://www.sec.gov/Archives/edgar/data/1100663/000119312526292033/d110723d497.htm,2026-09-26 13:24:22.181037,200.0,7079e7b67616604fea2e6705db4f54ad9be03ac09d45f24c26791ec1f59f0259,SUCCESS,2.249952599988319,
log_0741b352eeb741e9,sec_edgar_filings,US_ISHARES_IVV,https://www.sec.gov/Archives/edgar/data/1100663/000119312526291166/d10430d497.htm,2026-09-26 13:24:24.681561,200.0,2b68846bec4b87534a84a40c21287c4b487928c4bd4e9ce9eef95400f4881a20,SUCCESS,2.663154499983648,
log_e609329a9e2542c2,sec_edgar_filings,US_ISHARES_IVV,https://www.sec.gov/Archives/edgar/data/1100663/000119312526376132/d164169d497.htm,2026-09-26 13:24:27.182012,200.0,f292ea03a7b41ecd56cbffeab5257516e8fec1022c3f4ad9556d81338a05c1f1,SUCCESS,2.716343300009612,
log_d81affbcfff24e76,sec_edgar_filings,US_ISHARES_IVV,https://www.sec.gov/Archives/edgar/data/1100663/000119312526376116/d163838d497.htm,2026-09-26 13:24:29.684300,200.0,bfb1512e0663a51c307efe1528613329a962c689781a152e98487604b2cddf93,SUCCESS,2.435786400019424,
log_85c446fa9e92453a,sec_edgar_filings,US_ISHARES_IVV,https://www.sec.gov/Archives/edgar/data/1100663/000119312526376106/d163946d497.htm,2026-09-26 13:24:32.185734,200.0,b817e92971553388949ecfb6bdb93d61fcb1e847f7eebab8d2727665ded240bf,SUCCESS,2.4685154000180773,
log_4d79243d382a4854,sec_edgar_filings,US_ISHARES_IVV,https://www.sec.gov/Archives/edgar/data/1100663/000119312526361162/d133118d497.htm,2026-09-26 13:24:34.686797,200.0,76b1ea9ac40a6b517caf643e713dbe64ed9e90bc2921725f8029e3223ecda59b,SUCCESS,1.937876599986339,
log_9d22f63732094014,sec_edgar_filings,US_ISHARES_IVV,https://www.sec.gov/Archives/edgar/data/1100663/000119312526354177/d153282d497.htm,2026-09-26 13:24:37.187050,200.0,9bec2fc7e5a69ef29a95ccd8530ca371c69987d4094d5dab7dc6340d263e071e,SUCCESS,2.7543398000125308,
log_3c22b14932fc4744,sec_edgar_filings,US_ISHARES_IVV,https://www.sec.gov/Archives/edgar/data/1100663/000119312526352275/d129369d497.htm,2026-09-26 13:24:39.687633,200.0,692c91c055a773e202244fb5ff32263ac76740e73e89e012fa6e8b75816a41ff,SUCCESS,3.0721731999947224,
log_6a7cbc2ea5524c48,sec_edgar_filings,US_ISHARES_IVV,https://www.sec.gov/Archives/edgar/data/1100663/000119312526338192/d114838d497.htm,2026-09-26 13:24:42.190803,200.0,d4c38eba0231e950a1c9fd7415b294cefb64770e7c25a88dc70ce9a66a613073,SUCCESS,1.7401742999791168,
log_890885efc2924dcd,sec_edgar_filings,US_ISHARES_IVV,https://www.sec.gov/Archives/edgar/data/1100663/000119312526338183/d89689d497.htm,2026-09-26 13:24:44.691155,200.0,d9bd8e1943854d56e26635ebcb86f5f05085ddd325e97bb9e1b8e352992b3d44,SUCCESS,2.4556888999941293,
log_3ca332fcfc744473,sec_edgar_filings,US_ISHARES_IVV,https://www.sec.gov/Archives/edgar/data/1100663/000119312526338154/d83054d497.htm,2026-09-26 13:24:47.191481,200.0,5d8a2e8962feaefe5267f62857f5ffac52d1b06834515413e0aedcdafb44266f,SUCCESS,2.762136399978772,
log_2dacba0a4f064f85,sec_edgar_filings,US_ISHARES_IVV,https://www.sec.gov/Archives/edgar/data/1100663/000119312526330968/d55058d497.htm,2026-09-26 13:24:49.691803,200.0,1453a922fcb3e15b8a1571f2e31e8acb6ba9244e25b4e93ba41d830f527cf60a,SUCCESS,2.352550700015854,
log_92f8129fc61c4a9e,sec_edgar_filings,US_ISHARES_IVV,https://www.sec.gov/Archives/edgar/data/1100663/000119312526398125/d181895d497.htm,2026-09-26 13:24:52.192604,200.0,f90830fac01431c0cce67505b4647302913ccecebcd4897a5474b036a096be1a,SUCCESS,2.130287500011036,
log_1dc222f1b8d749ec,sec_edgar_filings,US_ISHARES_IVV,https://www.sec.gov/Archives/edgar/data/1100663/000119312526395798/d165827d497.htm,2026-09-26 13:24:54.692755,200.0,0c3cfe67e6af77e64d9e6d04065c6d22ad980a74e3015a41c0ecd33d9dc6da89,SUCCESS,3.2750247000076342,
log_c3580c8cc9bd459d,sec_edgar_filings,US_ISHARES_IVV,https://www.sec.gov/Archives/edgar/data/1100663/000119312526389306/d135258d497.htm,2026-09-26 13:24:57.202668,200.0,68df629271f45e35a78889b2d64132946935c6f0fb8a92dc302f4349ac48c807,SUCCESS,1.8418558999837842,
log_923e02ddcf214c44,sec_edgar_filings,US_ISHARES_IVV,https://www.sec.gov/Archives/edgar/data/1100663/000119312526383660/d118308d497.htm,2026-09-26 13:24:59.702963,200.0,5218173e9800d7c826c95a828c16d2380143629ee41bd16d8827bad9e5ef1502,SUCCESS,2.4742782000103034,
log_436cbb2c5fbd4767,sec_edgar_filings,US_ISHARES_IVV,https://www.sec.gov/Archives/edgar/data/1100663/000119312526380260/d535954d497.htm,2026-09-26 13:25:02.203257,200.0,b2116b75eacee79bb4c3395bb99c62ba989cea3ff221ac6348d97bfac4130311,SUCCESS,2.7470033999998122,
log_42921507f5484318,sec_edgar_filings,US_ISHARES_IVV,https://www.sec.gov/Archives/edgar/data/1100663/000119312526377124/d133702d497.htm,2026-09-26 13:25:04.703412,200.0,0a95c885d359ec7d9ebfe6b55935c1450be2f223c69a0edaa7022469da13cce9,SUCCESS,2.4560176999948453,
log_43260e1982c24210,sec_edgar_submissions_api,US_ISHARES_AGG,https://data.sec.gov/submissions/CIK0001100663.json,2026-09-26 13:25:10.951943,200.0,bb6aec42416c270a7fb00e6ea1740fc7c718e3847f412ae57f09dc867c5e1fc0,SUCCESS,2.504081999999471,
log_6e60137a529744bf,sec_edgar_submissions_api,US_ISHARES_AGG,https://data.sec.gov/submissions/CIK0001100663-submissions-002.json,2026-09-26 13:25:13.452092,200.0,ad220ef41a624867cdf87d37d40a407f1f177df021b340bd29797de6991a987d,SUCCESS,3.0777647999930196,
log_8b28b9be01904e58,official_fund_sponsor_page,US_ISHARES_AGG,https://www.ishares.com/us/products/239458/,2026-09-26 13:25:17.996553,403.0,,RETRIEVAL_FAILED,2.059847099997569,HTTP 403: Forbidden
log_9a029a3ef3de4ddd,sec_edgar_filings,US_ISHARES_AGG,https://www.sec.gov/Archives/edgar/data/1100663/000119312524245748/d843984d497.htm,2026-09-26 13:25:21.605069,200.0,73cd78c59440c22b4db721a87e2892f80d4c4f45a394ece6826d7125bf1fd801,SUCCESS,2.137101700005587,
log_beced37b714b4cfb,sec_edgar_filings,US_ISHARES_AGG,https://www.sec.gov/Archives/edgar/data/1100663/000119312524242848/d866922d497.htm,2026-09-26 13:25:24.105382,200.0,1f5a90ec402fe09bb4b06e8f3a31c4621f53c31a38502ae46b196363a104a8b5,SUCCESS,2.4189054000016768,
log_c3898d1363724add,sec_edgar_filings,US_ISHARES_AGG,https://www.sec.gov/Archives/edgar/data/1100663/000119312524239640/d895738d497.htm,2026-09-26 13:25:26.606125,200.0,ea0d28b5f47a015457e4aded5c16e673c9ce9f5c9c8fd071c3541ec3d4ebd2fe,SUCCESS,2.499061700014863,
log_59bb6b27b82e4257,sec_edgar_filings,US_ISHARES_AGG,https://www.sec.gov/Archives/edgar/data/1100663/000119312524238913/d894453d497.htm,2026-09-26 13:25:29.106496,200.0,58691ce5e5a1ebc3bedc51cc98d5cf7c67e6fd7e6d6a4bf1ddc14aec0332f2a0,SUCCESS,2.2288326999987476,
log_2860b99198c14d80,sec_edgar_filings,US_ISHARES_AGG,https://www.sec.gov/Archives/edgar/data/1100663/000119312524238908/d894041d497.htm,2026-09-26 13:25:31.606824,200.0,5a971737e3d25608d6874bb6ff5ede8c0e0f392b86a86297d45b641472fc86cf,SUCCESS,2.9474642999994103,
log_9dc2d2743d464580,sec_edgar_filings,US_ISHARES_AGG,https://www.sec.gov/Archives/edgar/data/1100663/000119312524238902/d890449d497.htm,2026-09-26 13:25:34.107694,200.0,e8f91d733b89b0732f87820bb0ceb5ef936e75cb702bb1a26cd77603b9d2006e,SUCCESS,1.989431499998318,
log_9a2ce7c4366144f4,sec_edgar_filings,US_ISHARES_AGG,https://www.sec.gov/Archives/edgar/data/1100663/000119312524238835/d860426d497.htm,2026-09-26 13:25:36.607945,200.0,3b8598f26180a24673c2565d9bc505ec40d04445a8a0dbf3b84ca346ef55d512,SUCCESS,2.4950879999960307,
log_adb877f8ad9a4aee,sec_edgar_filings,US_ISHARES_AGG,https://www.sec.gov/Archives/edgar/data/1100663/000119312524236754/d131931d497.htm,2026-09-26 13:25:39.108547,200.0,578972467512d796af102d2558b629a84edab1a26e1e8a20c02f308698da48e0,SUCCESS,2.8266850999789312,
log_c9f85d4188e44241,sec_edgar_filings,US_ISHARES_AGG,https://www.sec.gov/Archives/edgar/data/1100663/000119312524233837/d788518d497.htm,2026-09-26 13:25:41.609392,200.0,deb9d0231aa987b37c95f7f01e5eeaaf234f61414fd81712237ca3d26070801d,SUCCESS,1.9671520999982022,
log_73e36fd25421479b,sec_edgar_filings,US_ISHARES_AGG,https://www.sec.gov/Archives/edgar/data/1100663/000119312524229262/d814275d497.htm,2026-09-26 13:25:44.110135,200.0,8d28d6076b70d64c34e1b22e274410cda81084450db5baaebcca312b985f86d5,SUCCESS,2.658883299998706,
log_7055141663964508,sec_edgar_filings,US_ISHARES_AGG,https://www.sec.gov/Archives/edgar/data/1100663/000119312524267301/d875052d497.htm,2026-09-26 13:25:46.610745,200.0,994014a2e0c0c803bb01c525eeb5f5d10730c70dfd1dea3243be587b097bbe34,SUCCESS,3.8463293999957386,
log_bc9dd0ced7354979,sec_edgar_filings,US_ISHARES_AGG,https://www.sec.gov/Archives/edgar/data/1100663/000119312524261914/d911527d497.htm,2026-09-26 13:25:49.930314,200.0,cda2e2e9ec0d7871884db0a66c3f2253f75e092f5810545551f3359c99e7a94a,SUCCESS,0.9980705000052694,
log_99bdc8db8f574b67,sec_edgar_filings,US_ISHARES_AGG,https://www.sec.gov/Archives/edgar/data/1100663/000119312524287196/d848374d497.htm,2026-09-26 13:25:52.432766,200.0,2c5f89057381013b3ca8bb9e1d1f3c4d684651933a3aeec48a8f89cb33b45cfe,SUCCESS,2.637331100006122,
log_e6014c06ab5340e8,sec_edgar_filings,US_ISHARES_AGG,https://www.sec.gov/Archives/edgar/data/1100663/000119312524287179/d842136d497.htm,2026-09-26 13:25:54.933656,200.0,c84055937d160d9cce60f79b7ab9735d86377ff76c5e315b0fa05a342e0bfb64,SUCCESS,2.5714480000024196,
log_d66c5c3358fc431d,sec_edgar_filings,US_ISHARES_AGG,https://www.sec.gov/Archives/edgar/data/1100663/000119312524286941/d916258d497.htm,2026-09-26 13:25:57.434183,200.0,9925703ee2adb913becaafb685335ea082fadad4bacf8975e90abf5a4bcbb54a,SUCCESS,2.8566265999979805,
log_18f98107e5ac4ba9,sec_edgar_filings,US_ISHARES_AGG,https://www.sec.gov/Archives/edgar/data/1100663/000119312524286938/d915949d497.htm,2026-09-26 13:25:59.934780,200.0,58672fb3187fd7cd6a35cab35a21e65a2910a998d9784c569b2474972c9b723d,SUCCESS,1.9403487000090536,
log_9b7636a327d044ec,sec_edgar_filings,US_ISHARES_AGG,https://www.sec.gov/Archives/edgar/data/1100663/000119312524283370/d901579d497.htm,2026-09-26 13:26:02.435162,200.0,0e1b3775a196226c6b5ed01264e821a75e16949946f26cbad676252063283e77,SUCCESS,2.697253599995747,
log_c5a3cdb16dac40ba,sec_edgar_filings,US_ISHARES_AGG,https://www.sec.gov/Archives/edgar/data/1100663/000119312524283367/d869601d497.htm,2026-09-26 13:26:04.935471,200.0,d0ef04e6c4c83dd9668a89307f67f2404251b555e865099b25ba5ea662a4d3d7,SUCCESS,2.1584876000124495,
log_d9d110ce3f9e4c0e,sec_edgar_filings,US_ISHARES_AGG,https://www.sec.gov/Archives/edgar/data/1100663/000119312524282143/d901522d497.htm,2026-09-26 13:26:07.436012,200.0,318477ac4529a7b02621ccb18838b87e5e38ffffcb2b29f0f8d7b2f468cbef26,SUCCESS,2.204884500009939,
log_a861be7534eb4f03,sec_edgar_filings,US_ISHARES_AGG,https://www.sec.gov/Archives/edgar/data/1100663/000119312524282139/d901516d497.htm,2026-09-26 13:26:09.936341,200.0,ca66868c7cba898da6922427eb27d81a405894a6eebfbb3474ff130df5cf999c,SUCCESS,2.545710300008068,
log_cd4c830ac18e4428,sec_edgar_filings,US_ISHARES_AGG,https://www.sec.gov/Archives/edgar/data/1100663/000119312524281940/d826977d497.htm,2026-09-26 13:26:12.436767,200.0,800d5cf486e2fb95e45173b99dd4120efe0e90ad9a51b0fdcdd479bf8e32183a,SUCCESS,2.6617749000142794,
log_7a24d0a41fa74d3c,sec_edgar_filings,US_ISHARES_AGG,https://www.sec.gov/Archives/edgar/data/1100663/000119312524271487/d904601d497.htm,2026-09-26 13:26:14.937172,200.0,0ee77de6ba3db7adbc70affe8919d2663fdec24e83bcbd247571ae1518849360,SUCCESS,2.8222950999916065,
log_2f385ea076124927,sec_edgar_filings,US_ISHARES_AGG,https://www.sec.gov/Archives/edgar/data/1100663/000119312524271371/d876550d497.htm,2026-09-26 13:26:17.439046,200.0,f18fb9460288f770219675492a623770ad545701783d5a971c3fb6db8e3effa0,SUCCESS,2.04357930002152,
log_19c5af0c7d5b4f5a,sec_edgar_submissions_api,US_ISHARES_AGG,https://data.sec.gov/submissions/CIK0001100663-submissions-001.json,2026-09-26 13:26:18.999002,200.0,4b0840de53146277b9c65f543745bdc767e1b1fe714103072c3a78695ac3aa0e,SUCCESS,2.8623491000034846,
log_ac2b170ef97d4fa0,sec_edgar_filings,US_ISHARES_AGG,https://www.sec.gov/Archives/edgar/data/1100663/000119312525011478/d925726d497.htm,2026-09-26 13:26:21.875131,200.0,f3664cc090ef0083395e6c1d676e0ec279501c929ef184749cbafa72846fd637,SUCCESS,1.1069760999816936,
log_74f178f142ca4de0,sec_edgar_filings,US_ISHARES_AGG,https://www.sec.gov/Archives/edgar/data/1100663/000119312525008535/d136256d497.htm,2026-09-26 13:26:24.375559,200.0,1ff29213a01028ad45429b0b9d6b52dcaa727548883a2c547733afa0ba2750ff,SUCCESS,2.5013121999800205,
log_3322847fb5804151,sec_edgar_filings,US_ISHARES_AGG,https://www.sec.gov/Archives/edgar/data/1100663/000119312525007202/d921290d497.htm,2026-09-26 13:26:26.876071,200.0,3028657a53eda3bf72c5a54a0004b6a982e4cd55ed9bebf07cdc07014eca799c,SUCCESS,6.344959999987623,
log_939c7d52e6384838,sec_edgar_filings,US_ISHARES_AGG,https://www.sec.gov/Archives/edgar/data/1100663/000119312524287209/d886745d497.htm,2026-09-26 13:26:31.978902,200.0,f774954618d5741901ac4565eeb2a7a11825afca65900f54e59493db7e251d4c,SUCCESS,1.1730263000063132,
log_7f86050960e149c3,sec_edgar_filings,US_ISHARES_AGG,https://www.sec.gov/Archives/edgar/data/1100663/000119312525042406/d905405d497.htm,2026-09-26 13:26:34.479345,200.0,a40b5b7c77c7bed584c0e3c41a61ce151a3e8c4a3e85184c073c04abf40060a0,SUCCESS,2.378739100007806,
log_7cf9e77adae74011,sec_edgar_filings,US_ISHARES_AGG,https://www.sec.gov/Archives/edgar/data/1100663/000119312525030937/d895008d497.htm,2026-09-26 13:26:36.979727,200.0,cce4b67c1cca8afb08f9639d26ba1de588a8546f33ec461622e02bbed74af122,SUCCESS,2.7629916000005323,
log_b3ce145703384f3f,sec_edgar_filings,US_ISHARES_AGG,https://www.sec.gov/Archives/edgar/data/1100663/000119312525029722/d925698d497.htm,2026-09-26 13:26:39.485172,200.0,03ebc8cf5cc2b9853c8e5193e6b68c1b2b71b726ce03ae486da082457a9bbf0c,SUCCESS,2.2130904000077862,
log_0164e384d52648d3,sec_edgar_filings,US_ISHARES_AGG,https://www.sec.gov/Archives/edgar/data/1100663/000119312525029678/d932649d497.htm,2026-09-26 13:26:41.985578,200.0,5f69625987e6b328c3167c7c0fac7b80890ab63ba5f57d870fd46a0204661c54,SUCCESS,2.5369708000216633,
log_ca8c27b012834e3c,sec_edgar_filings,US_ISHARES_AGG,https://www.sec.gov/Archives/edgar/data/1100663/000119312525028799/d892616d497.htm,2026-09-26 13:26:44.485969,200.0,02cc3d884d85c2d9ef427144b4c983ba4769bf5d459cf6aa56d1020f8f6f0c5f,SUCCESS,2.551763299998129,
log_b05ec6bbeb34494e,sec_edgar_filings,US_ISHARES_AGG,https://www.sec.gov/Archives/edgar/data/1100663/000119312525021017/d906687d497.htm,2026-09-26 13:26:46.986908,200.0,56a66b99815118f99a046fb15a38a9d3862dc2c2d9fa9b6541c8c024e3710029,SUCCESS,2.5255004999926314,
log_320e4653e6264905,sec_edgar_filings,US_ISHARES_AGG,https://www.sec.gov/Archives/edgar/data/1100663/000119312525062530/d905260d497.htm,2026-09-26 13:26:49.487662,200.0,d53dcc1164a6cbd06effdf058a8eeb0bd607fbd470e80c2f9a88a64871f13e8a,SUCCESS,2.146053300006315,
log_73d9d81792364fa9,sec_edgar_filings,US_ISHARES_AGG,https://www.sec.gov/Archives/edgar/data/1100663/000119312525061395/d905254d497.htm,2026-09-26 13:26:51.987912,200.0,01b4962adcb1e3c59fe864aabac99adca02b1515d2b2acea9c2b2c9c8692bdce,SUCCESS,2.5071357999986503,
log_ec84fd0bc3214e9c,sec_edgar_filings,US_ISHARES_AGG,https://www.sec.gov/Archives/edgar/data/1100663/000119312525060393/d927851d497.htm,2026-09-26 13:26:54.488060,200.0,0c2fc85960f736c95a96e3055b59fabb1f1d8e3c2cc62a540c567c882e63c872,SUCCESS,2.7157202000089455,
log_ec16704fb72741b6,sec_edgar_filings,US_ISHARES_AGG,https://www.sec.gov/Archives/edgar/data/1100663/000119312525057907/d735691d497.htm,2026-09-26 13:26:56.988506,200.0,9de8e5b1a19a3cb51d50d0e2a5ed98306a03cbc40358ec14c3f07a4e6c6b4075,SUCCESS,2.4924865000066347,
log_bc73502b302e47c0,sec_edgar_filings,US_ISHARES_AGG,https://www.sec.gov/Archives/edgar/data/1100663/000119312525083044/d766022d497.htm,2026-09-26 13:26:59.493444,200.0,1811c75c01a16c8e6dfdde84fdc20a7250d5630af06c4683c08c2b8f2bc76435,SUCCESS,2.568653099995572,
log_cf558b4f283840a7,sec_edgar_filings,US_ISHARES_AGG,https://www.sec.gov/Archives/edgar/data/1100663/000119312525080178/d883981d497.htm,2026-09-26 13:27:01.993929,200.0,bd61602ea1a25b0c6aff2ed976674be824a5f6de3990710e4476c1c577638b7a,SUCCESS,2.1265490999794565,
log_fee3ae4d0e064fb4,sec_edgar_filings,US_ISHARES_AGG,https://www.sec.gov/Archives/edgar/data/1100663/000119312525080167/d945860d497.htm,2026-09-26 13:27:04.495374,200.0,57743c011c824292d57e2b132a6d929f2ba050e2b381438049ed3ea487c87f0b,SUCCESS,3.871380099997623,
log_cfd4fc0dd3c04173,sec_edgar_filings,US_ISHARES_AGG,https://www.sec.gov/Archives/edgar/data/1100663/000119312525073419/d941411d497.htm,2026-09-26 13:27:06.995646,200.0,f38944bd289fef91d0e3f29f4733b2d9b075b27d3038656379ac3f314451af66,SUCCESS,1.8833536000165623,
log_a22b0b1252d644ea,sec_edgar_filings,US_ISHARES_AGG,https://www.sec.gov/Archives/edgar/data/1100663/000119312525073416/d940735d497.htm,2026-09-26 13:27:09.495936,200.0,44fa50fecf601612aa223e1c6278fc06779ef1ceb060246ad51942e4b49729ef,SUCCESS,1.9019454999943264,
log_4e6a18a611db46d8,sec_edgar_filings,US_ISHARES_AGG,https://www.sec.gov/Archives/edgar/data/1100663/000119312525072394/d896448d497.htm,2026-09-26 13:27:11.996606,200.0,cd66eb18ab2124907da3cb9929d864a1dfc1211d43ed39ec8d640ca5b45e656b,SUCCESS,2.6608855000231415,
log_8cef005606de494d,sec_edgar_filings,US_ISHARES_AGG,https://www.sec.gov/Archives/edgar/data/1100663/000119312525069353/d735233d497.htm,2026-09-26 13:27:14.497025,200.0,bd631bfadae77be216c92b72654dfd4504e6e2a746c481c9023e2837da1fc9a1,SUCCESS,2.8665966000116896,
log_e7c953c20ebe45b4,sec_edgar_filings,US_ISHARES_AGG,https://www.sec.gov/Archives/edgar/data/1100663/000119312525068983/d917197d497.htm,2026-09-26 13:27:16.997314,200.0,4681f150652580c721432b2c6bc1aba6a2b73381b164b559e6768b376076469a,SUCCESS,2.254140099976212,
log_608334daae8e41f0,sec_edgar_filings,US_ISHARES_AGG,https://www.sec.gov/Archives/edgar/data/1100663/000119312525130716/d892250d497.htm,2026-09-26 13:27:19.497457,200.0,07097d37d41b28b001e461b999b8e03d0acf90aa0b97c6d92e39b5387157079c,SUCCESS,3.8731673000147566,
log_29cfaf09ae3e47de,sec_edgar_filings,US_ISHARES_AGG,https://www.sec.gov/Archives/edgar/data/1100663/000119312525121682/d15263d497.htm,2026-09-26 13:27:22.867430,200.0,5293c75e44da6168a77d4016250a479abfa0047f1baf52210cb46fa79dd15a10,SUCCESS,1.3836593000160065,
log_b6e7a586c7734974,sec_edgar_filings,US_ISHARES_AGG,https://www.sec.gov/Archives/edgar/data/1100663/000119312525152756/d20784d497.htm,2026-09-26 13:27:25.368029,200.0,a0f7d16dba80cd489ec03d4ba26e79aac85fbe741494e7bb442064056aa3f986,SUCCESS,4.5640922999882605,
log_b76fabf96f85439c,sec_edgar_filings,US_ISHARES_AGG,https://www.sec.gov/Archives/edgar/data/1100663/000119312525152664/d892910d497.htm,2026-09-26 13:27:29.008578,200.0,97e2ee0c713fcb5de4514cbdc2e4bb7c23da21e109d95ab31a9df7878b25c2c9,SUCCESS,1.181101199996192,
log_62dec9e9a3ee4305,sec_edgar_filings,US_ISHARES_AGG,https://www.sec.gov/Archives/edgar/data/1100663/000119312525152656/d62694d497.htm,2026-09-26 13:27:31.508788,200.0,dd9998f610aa00a9f785a7ad8373d9261cb8a4ce31cc451303a5c00d2430f900,SUCCESS,2.9692749999812804,
log_ee57ccd9c7b24cba,sec_edgar_filings,US_ISHARES_AGG,https://www.sec.gov/Archives/edgar/data/1100663/000119312525151483/d858154d497.htm,2026-09-26 13:27:34.009019,200.0,800c8beabe6173b381bd2ad13c7e7f26ba6ffe3bce326f1551ac5b4f78f1ae9d,SUCCESS,1.4194419999839738,
log_5c70315a94fd4218,sec_edgar_filings,US_ISHARES_AGG,https://www.sec.gov/Archives/edgar/data/1100663/000119312525151481/d937804d497.htm,2026-09-26 13:27:36.509719,200.0,195666b0e83bd51ac0216adecf97dfeb363f47ffd8ff0e906bd8a698c26bd2dd,SUCCESS,2.533085700008087,
log_9ee670df73fe4df7,sec_edgar_filings,US_ISHARES_AGG,https://www.sec.gov/Archives/edgar/data/1100663/000119312525151480/d926596d497.htm,2026-09-26 13:27:39.009972,200.0,6ea7212d37d29bfd65daa13de43da08de17d24d6903c214bc9131f83f36dbff1,SUCCESS,2.6120027999859303,
log_fc4a7e2eda334573,sec_edgar_filings,US_ISHARES_AGG,https://www.sec.gov/Archives/edgar/data/1100663/000119312525151477/d933980d497.htm,2026-09-26 13:27:41.510687,200.0,c74ad6fda7f693fcbe610943818f3322a26b4ed9c0c869d964591bba02bdedcf,SUCCESS,2.3540497999929357,
log_4ee027f6c68a4ac9,sec_edgar_filings,US_ISHARES_AGG,https://www.sec.gov/Archives/edgar/data/1100663/000119312525151475/d935891d497.htm,2026-09-26 13:27:44.011049,200.0,da59631fa4508681409796536742272a66bd26b791668d067a57311090715cbf,SUCCESS,2.5876462000014726,
log_a3aedbf565b64e48,sec_edgar_filings,US_ISHARES_AGG,https://www.sec.gov/Archives/edgar/data/1100663/000119312525151413/d80969d497.htm,2026-09-26 13:27:46.511322,200.0,6102ca7a81826d94c443591375f16c32e26d26670fc6e60fc7246b25f072689a,SUCCESS,3.314854299998842,
log_5c1df37d623b4bec,sec_edgar_filings,US_ISHARES_AGG,https://www.sec.gov/Archives/edgar/data/1100663/000119312525149660/d858192d497.htm,2026-09-26 13:27:49.012646,200.0,9f7afa070a3212af18e457a0c6d61420a835a25bb174ea6ee92718fef8a73baf,SUCCESS,1.8631415000127163,
log_1eaf91a42e7d407b,sec_edgar_filings,US_ISHARES_AGG,https://www.sec.gov/Archives/edgar/data/1100663/000119312525149296/d833515d497.htm,2026-09-26 13:27:51.513134,200.0,2b206ff3b8e5036039bde3ece4dcaddc210a3ddd15cfe20e1d4343277e303650,SUCCESS,3.551941799989436,
log_5f2c7ef275b544e9,sec_edgar_filings,US_ISHARES_AGG,https://www.sec.gov/Archives/edgar/data/1100663/000119312525144688/d910466d497.htm,2026-09-26 13:27:54.014706,200.0,3351a3d69c49a2e9cf07f93969c88618483a4ea2c80f07a230e90a57fb46c66f,SUCCESS,1.7127672999922652,
log_79f5975d460a429f,sec_edgar_filings,US_ISHARES_AGG,https://www.sec.gov/Archives/edgar/data/1100663/000119312525144683/d923637d497.htm,2026-09-26 13:27:56.514824,200.0,b6594468bd3fda66ec0d2191496c71c17466739dcb62bc71de7ebaf4fd89f71d,SUCCESS,2.8870219999807887,
log_8fb000cb4fe94242,sec_edgar_filings,US_ISHARES_AGG,https://www.sec.gov/Archives/edgar/data/1100663/000119312525143780/d945286d497.htm,2026-09-26 13:27:59.015215,200.0,b8b1b011297fa3486bca11c99dc447d387100b5b691454f43c4f894731745b12,SUCCESS,2.6388891999959014,
log_a0c4f58760b0409b,sec_edgar_filings,US_ISHARES_AGG,https://www.sec.gov/Archives/edgar/data/1100663/000119312525140815/d92035d497.htm,2026-09-26 13:28:01.515688,200.0,344eabd3caf3b12a3bca39e08c7c2bfaa4ad3512bce029cf65eac850d3fca7be,SUCCESS,1.9445790000027046,
log_855a8ccba86a4f59,sec_edgar_filings,US_ISHARES_AGG,https://www.sec.gov/Archives/edgar/data/1100663/000119312525132329/d925393d497.htm,2026-09-26 13:28:04.015911,200.0,0c3214405434124e69c1edb277d1dda32e17fb42945053f19de08c499bd6962a,SUCCESS,2.6595438000222202,
log_56a3ba0f7a4f4177,sec_edgar_filings,US_ISHARES_AGG,https://www.sec.gov/Archives/edgar/data/1100663/000119312525132328/d944327d497.htm,2026-09-26 13:28:06.516042,200.0,5a6b2e8df13cdfbe74a52ccc50f7c244a911c4f44716de5206e107f6058653d5,SUCCESS,2.0907531999982893,
log_995f7fb92adb458e,sec_edgar_filings,US_ISHARES_AGG,https://www.sec.gov/Archives/edgar/data/1100663/000119312525166407/d80334d497.htm,2026-09-26 13:28:09.016159,200.0,5976ca2bccd9cb3ba9ea478782537a52ee1716cfd78078aa6265345769615ff4,SUCCESS,2.302594599983422,
log_dbc46928492e4264,sec_edgar_filings,US_ISHARES_AGG,https://www.sec.gov/Archives/edgar/data/1100663/000119312525166411/d16437d497.htm,2026-09-26 13:28:11.516684,200.0,18b745b6a77097bdbe7dd40937ad6c1f2283ff0da4a6a4cd3712ed4efc690074,SUCCESS,3.174433300009696,
log_960c2b6c11964073,sec_edgar_filings,US_ISHARES_AGG,https://www.sec.gov/Archives/edgar/data/1100663/000119312525164409/d45758d497.htm,2026-09-26 13:28:14.046064,200.0,32ec927d59fabaae7067046a32ae851a11f13a81c7b21d8984b618c0367653fc,SUCCESS,2.084504600003129,
log_3e8e73cff02e40ef,sec_edgar_filings,US_ISHARES_AGG,https://www.sec.gov/Archives/edgar/data/1100663/000119312525162592/d940331d497.htm,2026-09-26 13:28:16.546582,200.0,fcf8f9a72c67062f989b98521403754a87a82d794fe22eafea09ceda5297284f,SUCCESS,2.2739881000015885,
log_e97abd4a71924bab,sec_edgar_filings,US_ISHARES_AGG,https://www.sec.gov/Archives/edgar/data/1100663/000119312525162588/d936063d497.htm,2026-09-26 13:28:19.046855,200.0,8aaf5dd09282553b931c85ced5cb7a9cb3a563adab734542dc17a0b4e5e449c9,SUCCESS,2.455637500010198,
log_af00d333c6bb43e7,sec_edgar_filings,US_ISHARES_AGG,https://www.sec.gov/Archives/edgar/data/1100663/000119312525160527/d100349d497.htm,2026-09-26 13:28:21.547321,200.0,5b9fc2fe52399e6e0802341de8b83c6254a0b52a42a9bdbf3d5ae9d9dd13074a,SUCCESS,2.1618467000080273,
log_fb5d9896f81a4e51,sec_edgar_filings,US_ISHARES_AGG,https://www.sec.gov/Archives/edgar/data/1100663/000119312525158223/d938286d497.htm,2026-09-26 13:28:24.047717,200.0,36f45b7e9bce75647c3ab6c4430f93ee147ec51161a6e776526b1781c52b21d5,SUCCESS,3.2509895999974106,
log_09c6b50b60e74f1f,sec_edgar_filings,US_ISHARES_AGG,https://www.sec.gov/Archives/edgar/data/1100663/000119312525153117/d12766d497.htm,2026-09-26 13:28:26.548585,200.0,d901b7aa571666382f34663604e27babbd701f9abfef16520dcf6d610c33a1a7,SUCCESS,2.6689397000009194,
log_d7422e3c09e342ce,sec_edgar_filings,US_ISHARES_AGG,https://www.sec.gov/Archives/edgar/data/1100663/000119312525152941/d59861d497.htm,2026-09-26 13:28:29.049273,200.0,b5bad58aae955eb2685b7cefb977e0530f025607ad57268c2deeb5d9a670a17b,SUCCESS,1.9059201999916695,
log_df4536b177d44d24,sec_edgar_filings,US_ISHARES_AGG,https://www.sec.gov/Archives/edgar/data/1100663/000119312525192573/d81584d497.htm,2026-09-26 13:28:31.555086,200.0,aba18f15b38413c0fe4ebe678c157cd3dbf77704081446bdebec37d32a971350,SUCCESS,2.4974644999892917,
log_ee499483a8bf46cd,sec_edgar_filings,US_ISHARES_AGG,https://www.sec.gov/Archives/edgar/data/1100663/000119312525185435/d797607d497.htm,2026-09-26 13:28:34.055835,200.0,89f2e1a17120261d47d14c73bb53989ff12eebdb73a0f1048a442bfd81e36231,SUCCESS,2.419567700009793,
log_7ff8fc5fbba44f9c,sec_edgar_filings,US_ISHARES_AGG,https://www.sec.gov/Archives/edgar/data/1100663/000119312525185274/d946888d497.htm,2026-09-26 13:28:36.556139,200.0,9f9ccbe56f8673cb4e0b5881038ca6e8b817f816b0447acff0f2620b4fb69767,SUCCESS,2.685004700004356,
log_36ecd033c6a74b75,sec_edgar_filings,US_ISHARES_AGG,https://www.sec.gov/Archives/edgar/data/1100663/000119312525181867/d32380d497.htm,2026-09-26 13:28:39.056613,200.0,0d914b3094a3b114902160e3a8106f0efd06256e370e959ca30f3d7ee0b21752,SUCCESS,2.8826909000054,
log_e5fb02bc23274712,sec_edgar_filings,US_ISHARES_AGG,https://www.sec.gov/Archives/edgar/data/1100663/000119312525178119/d945380d497.htm,2026-09-26 13:28:41.556949,200.0,666bc471b3e9b7a40976f1d298e5f516eea91fb1e94b82dfb38d492d1e64be4d,SUCCESS,1.939280599995982,
log_5e2ffb3319534aaa,sec_edgar_filings,US_ISHARES_AGG,https://www.sec.gov/Archives/edgar/data/1100663/000119312525176991/d68767d497.htm,2026-09-26 13:28:44.057239,200.0,4f59848c0f238e853d2904736316d15848706000baa0d7d5612382769706bd7c,SUCCESS,3.208153800020227,
log_b0fbc0689c664afc,sec_edgar_filings,US_ISHARES_AGG,https://www.sec.gov/Archives/edgar/data/1100663/000119312525171727/d35987d497.htm,2026-09-26 13:28:46.557625,200.0,1a4bbfd46cb9059f052dbb47e10a440a1b0c8091f4d8cc1b83a471c34888d7d2,SUCCESS,1.7450916999951005,
log_4481f4eb2aa34ca3,sec_edgar_filings,US_ISHARES_AGG,https://www.sec.gov/Archives/edgar/data/1100663/000119312525171725/d946231d497.htm,2026-09-26 13:28:49.057819,200.0,cda92a5b1a1cfd8eb6925718811d5d52405ba30246ea0c60026cef3552c14aae,SUCCESS,4.747437899990473,
log_e05ac4fdd8364bc9,sec_edgar_filings,US_ISHARES_AGG,https://www.sec.gov/Archives/edgar/data/1100663/000119312525171382/d91144d497.htm,2026-09-26 13:28:52.316721,200.0,da540bc116c7bfbf3e795771eb0b2089dcb58711dcb108968bb822a0416d2c01,SUCCESS,2.15111330000218,
log_c785c0281e214560,sec_edgar_filings,US_ISHARES_AGG,https://www.sec.gov/Archives/edgar/data/1100663/000119312525171077/d12817d497.htm,2026-09-26 13:28:54.817033,200.0,aeb3943d726dee222a163f7d5edee46cd246849471737bc9b0d55d982e1361db,SUCCESS,1.336788999993587,
log_7a85c15beeda4e6a,sec_edgar_filings,US_ISHARES_AGG,https://www.sec.gov/Archives/edgar/data/1100663/000119312525170646/d72295d497.htm,2026-09-26 13:28:57.317342,200.0,05add7aa9e4678e3b23c5ac6fdfb1d2ccbfc7652c5fe637702e61ef49610f4bc,SUCCESS,2.815020799986087,
log_23cdbe5756de4d35,sec_edgar_filings,US_ISHARES_AGG,https://www.sec.gov/Archives/edgar/data/1100663/000119312525220684/d14216d497.htm,2026-09-26 13:28:59.817980,200.0,dd39f981b8d1bf7e93226c4c0c8ca7a7d8e11abeedf32daaa2c8f5bdd84d7283,SUCCESS,1.9268317999958526,
log_be6dc1209b16491e,sec_edgar_filings,US_ISHARES_AGG,https://www.sec.gov/Archives/edgar/data/1100663/000119312525220667/d74315d497.htm,2026-09-26 13:29:02.318472,200.0,7163e9ded3e0f70f000e219c9b1026484accdbc7cb7e680f2e372b5d965dd612,SUCCESS,2.929821900004754,
log_ba1c111a436f4364,sec_edgar_filings,US_ISHARES_AGG,https://www.sec.gov/Archives/edgar/data/1100663/000119312525220646/d922321d497.htm,2026-09-26 13:29:04.819154,200.0,5253c549329b0a54a81a8eb5c632c99bfe740f6ac9f855fbbfa40f7817c1bb50,SUCCESS,2.5501149999909103,
log_c32d384dc65a4508,sec_edgar_filings,US_ISHARES_AGG,https://www.sec.gov/Archives/edgar/data/1100663/000119312525213586/d76986d497.htm,2026-09-26 13:29:07.319381,200.0,588606b57f9afd851d14cc848989ed3d0ace8f6878ec6d72bf36f15cceb8d75d,SUCCESS,2.9811069999996107,
log_eb9b1175edea4646,sec_edgar_filings,US_ISHARES_AGG,https://www.sec.gov/Archives/edgar/data/1100663/000119312525213416/d12724d497.htm,2026-09-26 13:29:09.820273,200.0,72f2199f76abaf86856631907d6823ebd91a780f1820f87e791975313ff4d5a1,SUCCESS,1.4949555000057444,
log_a72b3bfb5d764603,sec_edgar_filings,US_ISHARES_AGG,https://www.sec.gov/Archives/edgar/data/1100663/000119312525202143/d85575d497.htm,2026-09-26 13:29:12.321248,200.0,9d26d441ed06fde53b948a57cd213370c2a5f564bbfd78de3502b7c6925dcf7a,SUCCESS,2.536897300014971,
log_9f7bd6d8fd4f4d42,sec_edgar_filings,US_ISHARES_AGG,https://www.sec.gov/Archives/edgar/data/1100663/000119312525194258/d45302d497.htm,2026-09-26 13:29:14.855496,200.0,c7c946da7c4f7d94b20cb3c7107299f7828d5b953c9f24c850a4fa24a6467a4c,SUCCESS,2.5470769999956246,
log_bac6f41585e64c77,sec_edgar_filings,US_ISHARES_AGG,https://www.sec.gov/Archives/edgar/data/1100663/000119312525193994/d36297d497.htm,2026-09-26 13:29:17.376584,200.0,b853b800d62eb943bc95a96a31fdf69627ff4ef7da8b62b41b8d4733d3cc6272,SUCCESS,3.60947060000035,
log_f5090eb1811948e5,sec_edgar_filings,US_ISHARES_AGG,https://www.sec.gov/Archives/edgar/data/1100663/000119312525258900/d850740d497.htm,2026-09-26 13:29:19.877188,200.0,32f501b96f6b8a7322800867cb758f9421767ad82ece941937821b4ecc8274f9,SUCCESS,1.1170572999981232,
log_824cdafb902a4fe6,sec_edgar_filings,US_ISHARES_AGG,https://www.sec.gov/Archives/edgar/data/1100663/000119312525258622/d853081d497.htm,2026-09-26 13:29:22.378433,200.0,4d4be3c4ea087ea29229ced99d7b2978587e5cfc455dc8f94fe58643a9caf7ba,SUCCESS,3.219286200008355,
log_c96f66e6334b4d78,sec_edgar_filings,US_ISHARES_AGG,https://www.sec.gov/Archives/edgar/data/1100663/000119312525245584/d47996d497.htm,2026-09-26 13:29:24.878711,200.0,8963fad299cba9c92ab74fbd0b0a3701942f048949d54ad07e5c323f66ae6316,SUCCESS,1.8278662999800872,
log_8b70fb0cfac54a67,sec_edgar_filings,US_ISHARES_AGG,https://www.sec.gov/Archives/edgar/data/1100663/000119312525245533/d53643d497.htm,2026-09-26 13:29:27.379778,200.0,fa278f57fde07d67459e17cc5864b008da5199aa69b9762dd534334b2a37b32d,SUCCESS,2.8621226999966893,
log_5dc624c4809840bc,sec_edgar_filings,US_ISHARES_AGG,https://www.sec.gov/Archives/edgar/data/1100663/000119312525243500/d847683d497.htm,2026-09-26 13:29:29.880203,200.0,7f6cb699be8e40bee78944c7bd041bfb26c63cd90f924532fb6f5a8d7651cf69,SUCCESS,2.436620499996934,
log_277e224290954f3e,sec_edgar_filings,US_ISHARES_AGG,https://www.sec.gov/Archives/edgar/data/1100663/000119312525241455/d21541d497.htm,2026-09-26 13:29:32.380622,200.0,1df50d0b3c4ff13b8f77edfd93e5d1d63a6c218d97c0bd5a0986e82787b264b1,SUCCESS,2.9870773000002373,
log_fe21fdd6d15d4e0d,sec_edgar_filings,US_ISHARES_AGG,https://www.sec.gov/Archives/edgar/data/1100663/000119312525241445/d17098d497.htm,2026-09-26 13:29:34.880701,200.0,d1d6dc8e525632673411aba7a1a39c4a3f7c3a887167b46c22ee1b029975831a,SUCCESS,2.4651305000006687,
log_90d2d021399c4fad,sec_edgar_filings,US_ISHARES_AGG,https://www.sec.gov/Archives/edgar/data/1100663/000119312525240445/d13496d497.htm,2026-09-26 13:29:37.380953,200.0,7c9b915ca21c70a7469c2388530b511343b7b813f1057b9f639120b5be24f1fc,SUCCESS,2.3466539999935776,
log_606dbf2c6ab44204,sec_edgar_filings,US_ISHARES_AGG,https://www.sec.gov/Archives/edgar/data/1100663/000119312525240193/d46937d497.htm,2026-09-26 13:29:39.891598,200.0,083af31cf339ba43b7ff354c9c4f18ec77318dd812e83c9f61ff0702198b340a,SUCCESS,3.0747486000182107,
log_c0c2a94d0b04483c,sec_edgar_filings,US_ISHARES_AGG,https://www.sec.gov/Archives/edgar/data/1100663/000119312525237066/d838386d497.htm,2026-09-26 13:29:42.392279,200.0,aab6a39bd1af51aa3f72858dabcbce792bcb8384e45787c182da56ec75c1359a,SUCCESS,3.7785327000019606,
log_32a17c3f26c5409c,sec_edgar_filings,US_ISHARES_AGG,https://www.sec.gov/Archives/edgar/data/1100663/000119312525233824/d14518d497.htm,2026-09-26 13:29:45.878438,200.0,fe9b0227a29f114c16819e84ca4eff0745cc92822823d24ca797cc4fc9229233,SUCCESS,1.5018795999931172,
log_b410d351984441fd,sec_edgar_filings,US_ISHARES_AGG,https://www.sec.gov/Archives/edgar/data/1100663/000119312525230367/d863213d497.htm,2026-09-26 13:29:48.378663,200.0,8faccea853cc4ef5aef1acc9032222749fccb4d53dd7d2530414585580ed4328,SUCCESS,2.139379200001713,
log_137c06c380b14987,sec_edgar_filings,US_ISHARES_AGG,https://www.sec.gov/Archives/edgar/data/1100663/000119312525226832/d140482d497.htm,2026-09-26 13:29:50.932872,200.0,86b1dc2d05ebcfd117767c2158e886c96e2cb5045834940bf25c71c32f35c5d0,SUCCESS,2.8012033000122756,
log_a4a472cd3bbf4447,sec_edgar_filings,US_ISHARES_AGG,https://www.sec.gov/Archives/edgar/data/1100663/000119312525225574/d77896d497.htm,2026-09-26 13:29:53.472708,200.0,9e5da6c2f2e15011702321b35531eb6e230385886c1acce719b3b378fe015b55,SUCCESS,2.1140090000117198,
log_60fb5fb21c124fc9,sec_edgar_filings,US_ISHARES_AGG,https://www.sec.gov/Archives/edgar/data/1100663/000119312525297711/d938912d497.htm,2026-09-26 13:29:55.973007,200.0,014a10b21d4a8687ed6eb12c37ccb0f372f94b7dbab55639b8d9b09411dcf6b4,SUCCESS,2.437427299999399,
log_6153a395ab18442d,sec_edgar_filings,US_ISHARES_AGG,https://www.sec.gov/Archives/edgar/data/1100663/000119312525291668/d87125d497.htm,2026-09-26 13:29:58.473109,200.0,6146fc79bb79b050e0ed9ed08acdb5ff7bca5b8b3acab77ca56fbaf32207a9e4,SUCCESS,2.4252336000208743,
log_cff1afc8d16d4beb,sec_edgar_filings,US_ISHARES_AGG,https://www.sec.gov/Archives/edgar/data/1100663/000119312525287109/d82955d497.htm,2026-09-26 13:30:00.973640,200.0,8ce91b3b112647d42edce41a7d15bc0229ac0bb21bcc7a3cf2ef934c1f7ba959,SUCCESS,2.576984099985566,
log_507396f3ba1c47fd,sec_edgar_filings,US_ISHARES_AGG,https://www.sec.gov/Archives/edgar/data/1100663/000119312525283231/d67648d497.htm,2026-09-26 13:30:03.473903,200.0,d15976a5418d3b283973221ac1a5190850f4896912b73f695ef16e4a23d1d481,SUCCESS,3.1059428000007756,
log_0122380a46054438,sec_edgar_filings,US_ISHARES_AGG,https://www.sec.gov/Archives/edgar/data/1100663/000119312525331050/d922635d497.htm,2026-09-26 13:30:05.976743,200.0,ddcd7dfc2f263e62cc4fb38373ceafe9f7ce480ed2924b0b54df62998780015c,SUCCESS,1.5521481999894604,
log_c8d3c36fc4964928,sec_edgar_filings,US_ISHARES_AGG,https://www.sec.gov/Archives/edgar/data/1100663/000119312525328765/d86147d497.htm,2026-09-26 13:30:08.501444,200.0,1a5d89bafba00026b2d4c2846bfe463eb02310698afecdb7dc3eb5cff4a8c13d,SUCCESS,2.628696100000525,
log_a148e53f6b7143ae,sec_edgar_filings,US_ISHARES_AGG,https://www.sec.gov/Archives/edgar/data/1100663/000119312525324952/d938265d497.htm,2026-09-26 13:30:11.001250,200.0,1db040fee1d07b3c6a8a5580cacdf2a2b59546a2e6204315a58de6939c48c652,SUCCESS,2.837981899996521,
log_064130f89b424b57,sec_edgar_filings,US_ISHARES_AGG,https://www.sec.gov/Archives/edgar/data/1100663/000119312525316017/d58282d497.htm,2026-09-26 13:30:13.501515,200.0,43b1d307691b158f0a8e8d83e8bcf68b2c72f37cb3b64b19155f2fc03b29a285,SUCCESS,1.9250726999889594,
log_f1d51fe6c6fa4254,sec_edgar_filings,US_ISHARES_AGG,https://www.sec.gov/Archives/edgar/data/1100663/000119312525309780/d79527d497.htm,2026-09-26 13:30:16.005178,200.0,0b5b3712b8575efa22704d689646817d34ad633e1750ea64c7c550e08f0f0723,SUCCESS,2.5053936000040267,
log_897b1545cbf14e88,sec_edgar_filings,US_ISHARES_AGG,https://www.sec.gov/Archives/edgar/data/1100663/000119312525308207/d90938d497.htm,2026-09-26 13:30:18.524532,200.0,dec7649fe650e46097ea1f9159f68533ed28e09bb1cabc0d7ecfd0ab79a12e7a,SUCCESS,2.5825113000173587,
log_d5ed94d8dce94777,sec_edgar_filings,US_ISHARES_AGG,https://www.sec.gov/Archives/edgar/data/1100663/000119312525308009/d88695d497.htm,2026-09-26 13:30:21.027221,200.0,dbe724f097a785cad1dce26a486b7574954c6a55907bc08837568fbadf2fd4e4,SUCCESS,2.401897999981884,
log_7da68e1a9b6a4bf6,sec_edgar_filings,US_ISHARES_AGG,https://www.sec.gov/Archives/edgar/data/1100663/000119312526015356/d35944d497.htm,2026-09-26 13:30:23.526375,200.0,79f71ed6aaeca36030a19fb4a9b54be5b62769f1c9a0bb47f916ad43ea71bd68,SUCCESS,2.4367530000163242,
log_e31456eabb424fa7,sec_edgar_filings,US_ISHARES_AGG,https://www.sec.gov/Archives/edgar/data/1100663/000119312526006456/d816607d497.htm,2026-09-26 13:30:26.026630,200.0,acd54a975e88f98bde579d172fd408fa271f88ee59fc8a418ac14948a40b1c91,SUCCESS,2.5987588000134565,
log_375817e921564d06,sec_edgar_filings,US_ISHARES_AGG,https://www.sec.gov/Archives/edgar/data/1100663/000119312525338493/d36519d497.htm,2026-09-26 13:30:28.527375,200.0,174cbc0f9f9e957466ee19b8f629b4b089554841fa6bfc0108e314380ae311c4,SUCCESS,2.4136218999919947,
log_76aa26eac01c4682,sec_edgar_filings,US_ISHARES_AGG,https://www.sec.gov/Archives/edgar/data/1100663/000119312526064485/d29673d497.htm,2026-09-26 13:30:31.028413,200.0,358467b1d1cda828ab60b904b89d15ba9db8db0e34f30f124dd656afdf8d5af0,SUCCESS,2.5744401999982074,
log_b670073667894f13,sec_edgar_filings,US_ISHARES_AGG,https://www.sec.gov/Archives/edgar/data/1100663/000119312526056745/d51363d497.htm,2026-09-26 13:30:33.528836,200.0,8836ae41550d37826386f892c93bedab2d44980905829085d6382a1f7e40f6e6,SUCCESS,2.4374856000067666,
log_b426f623a01b46a6,sec_edgar_filings,US_ISHARES_AGG,https://www.sec.gov/Archives/edgar/data/1100663/000119312526051617/d88238d497.htm,2026-09-26 13:30:36.029395,200.0,f5d8afd79b11205ea23703358fddcbc7ae0fa3c646ad136e532fdee78ef887e3,SUCCESS,2.6755402000271715,
log_87ecfb641c584e8c,sec_edgar_filings,US_ISHARES_AGG,https://www.sec.gov/Archives/edgar/data/1100663/000119312526051604/d38921d497.htm,2026-09-26 13:30:38.529835,200.0,86ae91b01315c6abfae9b331e8b024218968c0b245b9b775f400fc8ec78c245b,SUCCESS,2.5045994999818504,
log_fadb763f63be4e45,sec_edgar_filings,US_ISHARES_AGG,https://www.sec.gov/Archives/edgar/data/1100663/000119312526051590/d25478d497.htm,2026-09-26 13:30:41.030567,200.0,774898db3076c024639916885fb4a04bf8a40401803bc9676bd722c39b4adbfb,SUCCESS,2.3266059999878053,
log_0f91a061d7694447,sec_edgar_filings,US_ISHARES_AGG,https://www.sec.gov/Archives/edgar/data/1100663/000119312526129300/d765912d497.htm,2026-09-26 13:30:43.531772,200.0,55acaa1112fa42626026576f5f29a8044415f933b3fdebcdf59bbea1bc3bc357,SUCCESS,2.405793800018728,
log_86db84e3b69f409f,sec_edgar_filings,US_ISHARES_AGG,https://www.sec.gov/Archives/edgar/data/1100663/000119312526121940/d117046d497.htm,2026-09-26 13:30:46.032404,200.0,0f65ad011a6ffe9b0fc676ca42a6ef0402d529b9e93c1d7e0a3324c01222bf85,SUCCESS,2.5040547999960836,
log_828664c7ca8e44f0,sec_edgar_filings,US_ISHARES_AGG,https://www.sec.gov/Archives/edgar/data/1100663/000119312526117990/d36768d497.htm,2026-09-26 13:30:48.532876,200.0,b830b7f3c2295aecdd5adfc2b30f7ce78ffcf3860c3b267591b1f28ae5504e3c,SUCCESS,2.4666568000102416,
log_288da35bb140406d,sec_edgar_filings,US_ISHARES_AGG,https://www.sec.gov/Archives/edgar/data/1100663/000119312526114192/d45638d497.htm,2026-09-26 13:30:51.032734,200.0,f8bac38858835400b2b1f7af0c41445954bd31f9de091a866fa51d1a99aa6a81,SUCCESS,2.7366274999803863,
log_08ffca9fe23a4d10,sec_edgar_filings,US_ISHARES_AGG,https://www.sec.gov/Archives/edgar/data/1100663/000119312526114010/d864601d497.htm,2026-09-26 13:30:53.533050,200.0,d0bab012bec0a65529ea9c60350e454406eb8bf56209d0da1c5f2b04d8039b95,SUCCESS,1.9771504999953322,
log_6a10b5d8f8d14cb8,sec_edgar_filings,US_ISHARES_AGG,https://www.sec.gov/Archives/edgar/data/1100663/000119312526102313/d13062d497.htm,2026-09-26 13:30:56.033376,200.0,d31656f8006feaa6fe94db3df8a97a8a179f992425f265e4f71601732824f9da,SUCCESS,2.669859899993753,
log_e1b1121af47940f1,sec_edgar_filings,US_ISHARES_AGG,https://www.sec.gov/Archives/edgar/data/1100663/000119312526097152/d29298d497.htm,2026-09-26 13:30:58.534114,200.0,5fdf1972fbe924e4227f9280986015ab772139b8e63fbd40929dfd65629c9be0,SUCCESS,2.3612670000002254,
log_49d736bd40f94c4d,sec_edgar_filings,US_ISHARES_AGG,https://www.sec.gov/Archives/edgar/data/1100663/000119312526083306/d116517d497.htm,2026-09-26 13:31:01.034409,200.0,b1a783a5b59d9307d78e2b0b17a901e9c3607f647ea07e938467be1fd93324b8,SUCCESS,2.5028906000079587,
log_ee8308b387e3452f,sec_edgar_filings,US_ISHARES_AGG,https://www.sec.gov/Archives/edgar/data/1100663/000119312526196607/d112890d497.htm,2026-09-26 13:31:03.534971,200.0,9eed563de402618d22fa5c9e7a4c7e6b1baba74c7cf15f590f79ea3eba758a48,SUCCESS,2.4083861999970395,
log_9c132089cc224905,sec_edgar_filings,US_ISHARES_AGG,https://www.sec.gov/Archives/edgar/data/1100663/000119312526188422/d17882d497.htm,2026-09-26 13:31:06.035212,200.0,b9a0745cf7961915f13ff6090bbec9ed7e4c3d0c17db47a44dc430f3ed11ccfe,SUCCESS,2.453631000011228,
log_550714fe7b5d43c8,sec_edgar_filings,US_ISHARES_AGG,https://www.sec.gov/Archives/edgar/data/1100663/000119312526164165/d88796d497.htm,2026-09-26 13:31:08.535698,200.0,2e6720a7265726e643da19293d7bf63009c73cb5322a3c00dd47b297e92ba504,SUCCESS,2.521006499999203,
log_b34b17042c184b30,sec_edgar_filings,US_ISHARES_AGG,https://www.sec.gov/Archives/edgar/data/1100663/000119312526140146/d105386d497.htm,2026-09-26 13:31:11.036533,200.0,222cd8f805c81305a65dbde504e71a28f0da7f9edd9cfbf214c6648ed3e7c5e6,SUCCESS,2.5167965999862645,
log_230126dee15e4228,sec_edgar_filings,US_ISHARES_AGG,https://www.sec.gov/Archives/edgar/data/1100663/000119312526140080/d106622d497.htm,2026-09-26 13:31:13.536968,200.0,c5dce8b7c2800f2e49356a0b1cf40acc3fb4947a0af23ba630881fa06b81107a,SUCCESS,2.5217392000195105,
log_350aaf75397f4207,sec_edgar_filings,US_ISHARES_AGG,https://www.sec.gov/Archives/edgar/data/1100663/000119312526135209/d129347d497.htm,2026-09-26 13:31:16.037537,200.0,50aec65e6ca60613675b43059d6a4f6d7165013def7bce388de9e77c99ee1eff,SUCCESS,2.461728599999333,
log_cab3135c754d4e3b,sec_edgar_filings,US_ISHARES_AGG,https://www.sec.gov/Archives/edgar/data/1100663/000119312526239677/d24890d497.htm,2026-09-26 13:31:18.538040,200.0,00dfc510d2afa23776628877b7d2da00d9bb68846a34d3f4093a3dc82989f240,SUCCESS,2.665517900022678,
log_3ff7d6a228ea4b86,sec_edgar_filings,US_ISHARES_AGG,https://www.sec.gov/Archives/edgar/data/1100663/000119312526237040/d105379d497.htm,2026-09-26 13:31:21.038978,200.0,34ce8d4a4765d9d6f85c92409e69eb11d96cbb0aa6009d22ac6d5c4acb16e6af,SUCCESS,2.6595028000010643,
log_1df1d528fef44db9,sec_edgar_filings,US_ISHARES_AGG,https://www.sec.gov/Archives/edgar/data/1100663/000119312526237012/d108481d497.htm,2026-09-26 13:31:23.539086,200.0,e062db17e91eb6d274a408b722deb2922c343f47c2a952ea53b30bd0c8f73d1b,SUCCESS,2.114385399996536,
log_797d6d0115b9408a,sec_edgar_filings,US_ISHARES_AGG,https://www.sec.gov/Archives/edgar/data/1100663/000119312526232632/d112764d497.htm,2026-09-26 13:31:26.039786,200.0,7c7ea35c15c0f1c619211835bc9ab1c27b581c05452715229b395f3a09f05548,SUCCESS,2.4517312000098173,
log_b26430a8bfda46ea,sec_edgar_filings,US_ISHARES_AGG,https://www.sec.gov/Archives/edgar/data/1100663/000119312526204769/d121690d497.htm,2026-09-26 13:31:28.540168,200.0,9458041f9c688c4fb667e5bcd94149e648043fee27b4cedb1807a84a102b677b,SUCCESS,2.5250856000056956,
log_2d23a8466ef8470f,sec_edgar_filings,US_ISHARES_AGG,https://www.sec.gov/Archives/edgar/data/1100663/000119312526288507/d144232d497.htm,2026-09-26 13:31:31.040554,200.0,773a3e1d979da58058029ea9050369a87e4f8c1c017a7900d3774deb7698ed00,SUCCESS,2.4869588000001386,
log_26871aae59614247,sec_edgar_filings,US_ISHARES_AGG,https://www.sec.gov/Archives/edgar/data/1100663/000119312526279612/d74881d497.htm,2026-09-26 13:31:33.541156,200.0,986d7bb132a2a1e8e07022dd290e936730cba6d368b2ef285524041c7927f645,SUCCESS,2.3662277000257745,
log_b45d18b8a7b946c5,sec_edgar_filings,US_ISHARES_AGG,https://www.sec.gov/Archives/edgar/data/1100663/000119312526279474/d143191d497.htm,2026-09-26 13:31:36.041551,200.0,c2e89a5a595852ec3ea74ffbd9b8aead89b827907db3e3f825c839653137d541,SUCCESS,2.484878999995999,
log_f942e3efb6034b8d,sec_edgar_filings,US_ISHARES_AGG,https://www.sec.gov/Archives/edgar/data/1100663/000119312526269593/d74967d497.htm,2026-09-26 13:31:38.542131,200.0,d4753ee9f18867febc13cfc93b240606a9fbda656f189e03583543df3b4876e8,SUCCESS,3.3212938999931794,
log_853ab12d3aec4eba,sec_edgar_filings,US_ISHARES_AGG,https://www.sec.gov/Archives/edgar/data/1100663/000119312526269590/d168658d497.htm,2026-09-26 13:31:41.042554,200.0,75746f0add85ebd7724d05ad887fbf580a1445da20a3c4ea2c4667f5876817e7,SUCCESS,1.714262299996335,
log_cf6f803aa61046e5,sec_edgar_filings,US_ISHARES_AGG,https://www.sec.gov/Archives/edgar/data/1100663/000119312526267888/d121420d497.htm,2026-09-26 13:31:43.542907,200.0,caf4b1428f5efd3798756d9815425203d0cdf51d458688629441438d39e971f3,SUCCESS,2.524329099978786,
log_814b317334554919,sec_edgar_filings,US_ISHARES_AGG,https://www.sec.gov/Archives/edgar/data/1100663/000119312526267877/d143945d497.htm,2026-09-26 13:31:46.044247,200.0,4a92334408598170baca70379751806d09fe308a82895775a2eb7ca7cc6a103a,SUCCESS,2.4350619000033475,
log_e1be881986f845e9,sec_edgar_filings,US_ISHARES_AGG,https://www.sec.gov/Archives/edgar/data/1100663/000119312526267872/d74088d497.htm,2026-09-26 13:31:48.544444,200.0,b5e4771bb7559c9a634293e8e25652843e18172a3a94373c05a68e218348b01b,SUCCESS,2.5617078999930527,
log_5361273444124dd3,sec_edgar_filings,US_ISHARES_AGG,https://www.sec.gov/Archives/edgar/data/1100663/000119312526267869/d46038d497.htm,2026-09-26 13:31:51.045071,200.0,be5ad514db0fd1cf813e62e133885811797f770cb8142592179335cc06d1cf97,SUCCESS,2.464860999985831,
log_85a31ca1537a4113,sec_edgar_filings,US_ISHARES_AGG,https://www.sec.gov/Archives/edgar/data/1100663/000119312526267864/d20417d497.htm,2026-09-26 13:31:53.545588,200.0,250a1267e11495bba825a62f3629f7ca68600f8128bfaec4589d5bc5b7046e09,SUCCESS,2.8314480999833904,
log_e94d7f4547e24158,sec_edgar_filings,US_ISHARES_AGG,https://www.sec.gov/Archives/edgar/data/1100663/000119312526267858/d162061d497.htm,2026-09-26 13:31:56.045840,200.0,ad55ffb9bb1173f124b5aa4d14412b17a90a1afc6012f9da964797c237168b21,SUCCESS,2.7248676999879535,
log_6538bf43837a4e6b,sec_edgar_filings,US_ISHARES_AGG,https://www.sec.gov/Archives/edgar/data/1100663/000119312526267852/d154427d497.htm,2026-09-26 13:31:58.546220,200.0,844ba76a2078925801265f3b074f5f7968763d1aae83c4aea0358307062c8663,SUCCESS,2.051755599997705,
log_a6706972bf72413c,sec_edgar_filings,US_ISHARES_AGG,https://www.sec.gov/Archives/edgar/data/1100663/000119312526249172/d126264d497.htm,2026-09-26 13:32:01.046596,200.0,383c995df14c85e21826b8f6e567b3f2f5115addd7a5179ffd892aad5d1df59a,SUCCESS,2.363839999976335,
log_6bc48b5c06a9429b,sec_edgar_filings,US_ISHARES_AGG,https://www.sec.gov/Archives/edgar/data/1100663/000119312526326458/d123143d497.htm,2026-09-26 13:32:03.546852,200.0,43768bc03c1fb71017ba076ff5b15c2ec3fb28211326160b8e4168eb94ce5fb4,SUCCESS,2.485167199978605,
log_294207ea95094d67,sec_edgar_filings,US_ISHARES_AGG,https://www.sec.gov/Archives/edgar/data/1100663/000119312526326445/d25273d497.htm,2026-09-26 13:32:06.047194,200.0,a08218d45dfe0ba8ea3ed37dab2eda58a5dc3d159c23e857980c839f51d7bea0,SUCCESS,2.443978600000264,
log_0f86b661ebfb4d80,sec_edgar_filings,US_ISHARES_AGG,https://www.sec.gov/Archives/edgar/data/1100663/000119312526326439/d161787d497.htm,2026-09-26 13:32:08.547750,200.0,fd29b9dcfee58630afe0e308d3fe3466b80df1cde8a0af6d24299e0f797acb7d,SUCCESS,2.4695180999988224,
log_47889d8ca7b54725,sec_edgar_filings,US_ISHARES_AGG,https://www.sec.gov/Archives/edgar/data/1100663/000119312526307874/d94466d497.htm,2026-09-26 13:32:11.048969,200.0,ece03ba68a5aaf3c817c4f6b9bd64b677ead55387401497b6c00f84cff703039,SUCCESS,2.6766888999845833,
log_8ac80068d51f47b3,sec_edgar_filings,US_ISHARES_AGG,https://www.sec.gov/Archives/edgar/data/1100663/000119312526306133/d157213d497.htm,2026-09-26 13:32:13.549518,200.0,a9dad30a31ad649f3cf48231a29734ed55bbc27ba5d1bc578c1c4c33c984eacd,SUCCESS,2.372117299993988,
log_973ef0cb247c4279,sec_edgar_filings,US_ISHARES_AGG,https://www.sec.gov/Archives/edgar/data/1100663/000119312526306123/d160783d497.htm,2026-09-26 13:32:16.049883,200.0,9e374339c503ac1f3afbf3a6dc056115cfdc9d347ed16bd29782dde2f08116c1,SUCCESS,2.399470999982441,
log_d0e156b47dd9459b,sec_edgar_filings,US_ISHARES_AGG,https://www.sec.gov/Archives/edgar/data/1100663/000119312526306122/d145677d497.htm,2026-09-26 13:32:18.551493,200.0,8589633deb798a60f69354eba15cf808392dbe86479e9022b7d24bb6eaa8cf04,SUCCESS,2.5788732999935746,
log_6403cc9b5496452e,sec_edgar_filings,US_ISHARES_AGG,https://www.sec.gov/Archives/edgar/data/1100663/000119312526306120/d151429d497.htm,2026-09-26 13:32:21.051738,200.0,dd1fdf7770161ec03ecf76037796c9a8e9abf891cd94766b425761307a09a189,SUCCESS,2.6643443999928422,
log_e005baa8dbcf43d9,sec_edgar_filings,US_ISHARES_AGG,https://www.sec.gov/Archives/edgar/data/1100663/000119312526306119/d154864d497.htm,2026-09-26 13:32:23.552151,200.0,7c7159c45b0a42513d6d7a90b8da303ec3b521f540dce139268f1768d015c253,SUCCESS,2.2809997999866027,
log_1b443aa65f174405,sec_edgar_filings,US_ISHARES_AGG,https://www.sec.gov/Archives/edgar/data/1100663/000119312526306116/d155509d497.htm,2026-09-26 13:32:26.052504,200.0,ca038d7e15083df015eabe836cc73d1a42841d009c8618643512a730cd67f53f,SUCCESS,2.5692162000050303,
log_dc6db033b0f34393,sec_edgar_filings,US_ISHARES_AGG,https://www.sec.gov/Archives/edgar/data/1100663/000119312526306115/d156341d497.htm,2026-09-26 13:32:28.553653,200.0,6a496bc7d22bed5123125cb7712cf7812e39d4640163dce29eb3d5ecd1f4bf47,SUCCESS,2.4393284000107087,
log_2c87c03a91a24772,sec_edgar_filings,US_ISHARES_AGG,https://www.sec.gov/Archives/edgar/data/1100663/000119312526300908/d898074d497.htm,2026-09-26 13:32:31.054581,200.0,3e6d6cb4e9d5e319e905d0517c8c81e27ef8f049a5ee7979dc656693dcabe5e8,SUCCESS,2.5277363999921363,
log_5f41fc2d58e741da,sec_edgar_filings,US_ISHARES_AGG,https://www.sec.gov/Archives/edgar/data/1100663/000119312526294655/d83700d497.htm,2026-09-26 13:32:33.554827,200.0,e8b2fea09a8fe965aecb2c68b1d5d9762df5969614f02c334c4e59347a6fa57d,SUCCESS,2.6989530000137165,
log_227ec3b569724d2f,sec_edgar_filings,US_ISHARES_AGG,https://www.sec.gov/Archives/edgar/data/1100663/000119312526293181/d83700d497.htm,2026-09-26 13:32:36.055121,200.0,e8f5a24b7941ee340b2658503a979bf50cff8d427ba84b0f1f9beef45ad6220d,SUCCESS,2.3214108999818563,
log_ce6c4d4d4e744722,sec_edgar_filings,US_ISHARES_AGG,https://www.sec.gov/Archives/edgar/data/1100663/000119312526292033/d110723d497.htm,2026-09-26 13:32:38.555408,200.0,7079e7b67616604fea2e6705db4f54ad9be03ac09d45f24c26791ec1f59f0259,SUCCESS,2.491817500005709,
log_e38436e8cdfd4275,sec_edgar_filings,US_ISHARES_AGG,https://www.sec.gov/Archives/edgar/data/1100663/000119312526291166/d10430d497.htm,2026-09-26 13:32:41.055826,200.0,2b68846bec4b87534a84a40c21287c4b487928c4bd4e9ce9eef95400f4881a20,SUCCESS,2.458070399996359,
log_bfc563856d874ca3,sec_edgar_filings,US_ISHARES_AGG,https://www.sec.gov/Archives/edgar/data/1100663/000119312526376132/d164169d497.htm,2026-09-26 13:32:43.556367,200.0,f292ea03a7b41ecd56cbffeab5257516e8fec1022c3f4ad9556d81338a05c1f1,SUCCESS,2.2968250999983866,
log_99986cc338f34a09,sec_edgar_filings,US_ISHARES_AGG,https://www.sec.gov/Archives/edgar/data/1100663/000119312526376116/d163838d497.htm,2026-09-26 13:32:46.057798,200.0,bfb1512e0663a51c307efe1528613329a962c689781a152e98487604b2cddf93,SUCCESS,2.5839260000211652,
log_a52989eea6df4015,sec_edgar_filings,US_ISHARES_AGG,https://www.sec.gov/Archives/edgar/data/1100663/000119312526376106/d163946d497.htm,2026-09-26 13:32:48.557904,200.0,b817e92971553388949ecfb6bdb93d61fcb1e847f7eebab8d2727665ded240bf,SUCCESS,2.7685408999968786,
log_5987c665eb324f13,sec_edgar_filings,US_ISHARES_AGG,https://www.sec.gov/Archives/edgar/data/1100663/000119312526361162/d133118d497.htm,2026-09-26 13:32:51.058950,200.0,76b1ea9ac40a6b517caf643e713dbe64ed9e90bc2921725f8029e3223ecda59b,SUCCESS,2.381802099989727,
log_56d08ccbb07145d3,sec_edgar_filings,US_ISHARES_AGG,https://www.sec.gov/Archives/edgar/data/1100663/000119312526354177/d153282d497.htm,2026-09-26 13:32:53.559264,200.0,9bec2fc7e5a69ef29a95ccd8530ca371c69987d4094d5dab7dc6340d263e071e,SUCCESS,2.387117500009481,
log_29a744bbbe924de6,sec_edgar_filings,US_ISHARES_AGG,https://www.sec.gov/Archives/edgar/data/1100663/000119312526352275/d129369d497.htm,2026-09-26 13:32:56.059726,200.0,692c91c055a773e202244fb5ff32263ac76740e73e89e012fa6e8b75816a41ff,SUCCESS,2.533819100004621,
log_c0fd808f62774ab8,sec_edgar_filings,US_ISHARES_AGG,https://www.sec.gov/Archives/edgar/data/1100663/000119312526338192/d114838d497.htm,2026-09-26 13:32:58.560571,200.0,d4c38eba0231e950a1c9fd7415b294cefb64770e7c25a88dc70ce9a66a613073,SUCCESS,2.4994617000047583,
log_3c2f82c693494e22,sec_edgar_filings,US_ISHARES_AGG,https://www.sec.gov/Archives/edgar/data/1100663/000119312526338183/d89689d497.htm,2026-09-26 13:33:01.060688,200.0,d9bd8e1943854d56e26635ebcb86f5f05085ddd325e97bb9e1b8e352992b3d44,SUCCESS,2.466302100016037,
log_4e77a94906aa4c24,sec_edgar_filings,US_ISHARES_AGG,https://www.sec.gov/Archives/edgar/data/1100663/000119312526338154/d83054d497.htm,2026-09-26 13:33:03.561413,200.0,5d8a2e8962feaefe5267f62857f5ffac52d1b06834515413e0aedcdafb44266f,SUCCESS,2.434750200016424,
log_8a677d4afd244364,sec_edgar_filings,US_ISHARES_AGG,https://www.sec.gov/Archives/edgar/data/1100663/000119312526330968/d55058d497.htm,2026-09-26 13:33:06.061528,200.0,1453a922fcb3e15b8a1571f2e31e8acb6ba9244e25b4e93ba41d830f527cf60a,SUCCESS,2.444417099992279,
log_0dcd7e7b64d74f51,sec_edgar_filings,US_ISHARES_AGG,https://www.sec.gov/Archives/edgar/data/1100663/000119312526398125/d181895d497.htm,2026-09-26 13:33:08.561935,200.0,f90830fac01431c0cce67505b4647302913ccecebcd4897a5474b036a096be1a,SUCCESS,2.4042374000127893,
log_f31e8a7dfe41480f,sec_edgar_filings,US_ISHARES_AGG,https://www.sec.gov/Archives/edgar/data/1100663/000119312526395798/d165827d497.htm,2026-09-26 13:33:11.062213,200.0,0c3cfe67e6af77e64d9e6d04065c6d22ad980a74e3015a41c0ecd33d9dc6da89,SUCCESS,2.6077701000031084,
log_49857262a5824b50,sec_edgar_filings,US_ISHARES_AGG,https://www.sec.gov/Archives/edgar/data/1100663/000119312526389306/d135258d497.htm,2026-09-26 13:33:13.562574,200.0,68df629271f45e35a78889b2d64132946935c6f0fb8a92dc302f4349ac48c807,SUCCESS,2.5284763999807183,
log_44ee6971e95f4d40,sec_edgar_filings,US_ISHARES_AGG,https://www.sec.gov/Archives/edgar/data/1100663/000119312526383660/d118308d497.htm,2026-09-26 13:33:16.064610,200.0,5218173e9800d7c826c95a828c16d2380143629ee41bd16d8827bad9e5ef1502,SUCCESS,2.471429299999727,
log_cc01c4c2af7645be,sec_edgar_filings,US_ISHARES_AGG,https://www.sec.gov/Archives/edgar/data/1100663/000119312526380260/d535954d497.htm,2026-09-26 13:33:18.564937,200.0,b2116b75eacee79bb4c3395bb99c62ba989cea3ff221ac6348d97bfac4130311,SUCCESS,2.5618937999824993,
log_3e96b11453ea4022,sec_edgar_filings,US_ISHARES_AGG,https://www.sec.gov/Archives/edgar/data/1100663/000119312526377124/d133702d497.htm,2026-09-26 13:33:21.065422,200.0,0a95c885d359ec7d9ebfe6b55935c1450be2f223c69a0edaa7022469da13cce9,SUCCESS,2.4562017999996897,
log_bd9c83b25dcd4906,sec_edgar_submissions_api,US_ISHARES_IWM,https://data.sec.gov/submissions/CIK0001100663.json,2026-09-26 13:33:29.211957,200.0,bb6aec42416c270a7fb00e6ea1740fc7c718e3847f412ae57f09dc867c5e1fc0,SUCCESS,2.2841109999862965,
log_ebbbf20839d84f65,sec_edgar_submissions_api,US_ISHARES_IWM,https://data.sec.gov/submissions/CIK0001100663-submissions-002.json,2026-09-26 13:33:31.712382,200.0,ad220ef41a624867cdf87d37d40a407f1f177df021b340bd29797de6991a987d,SUCCESS,1.8275480999727733,
log_904a412a686a4e49,official_fund_sponsor_page,US_ISHARES_IWM,https://www.ishares.com/us/products/239710/,2026-09-26 13:33:35.842131,403.0,,RETRIEVAL_FAILED,1.3691185000061523,HTTP 403: Forbidden
log_850ae9327e414971,sec_edgar_filings,US_ISHARES_IWM,https://www.sec.gov/Archives/edgar/data/1100663/000119312524245748/d843984d497.htm,2026-09-26 13:33:39.406772,200.0,73cd78c59440c22b4db721a87e2892f80d4c4f45a394ece6826d7125bf1fd801,SUCCESS,2.118362299981527,
log_a1c87411c5e74f0f,sec_edgar_filings,US_ISHARES_IWM,https://www.sec.gov/Archives/edgar/data/1100663/000119312524242848/d866922d497.htm,2026-09-26 13:33:41.907346,200.0,1f5a90ec402fe09bb4b06e8f3a31c4621f53c31a38502ae46b196363a104a8b5,SUCCESS,1.9223148000019137,
log_e264b913189641ee,sec_edgar_filings,US_ISHARES_IWM,https://www.sec.gov/Archives/edgar/data/1100663/000119312524239640/d895738d497.htm,2026-09-26 13:33:44.407944,200.0,ea0d28b5f47a015457e4aded5c16e673c9ce9f5c9c8fd071c3541ec3d4ebd2fe,SUCCESS,2.547380800009705,
log_a2d8f594e56d45e1,sec_edgar_filings,US_ISHARES_IWM,https://www.sec.gov/Archives/edgar/data/1100663/000119312524238913/d894453d497.htm,2026-09-26 13:33:46.908284,200.0,58691ce5e5a1ebc3bedc51cc98d5cf7c67e6fd7e6d6a4bf1ddc14aec0332f2a0,SUCCESS,2.590657100023236,
log_405096c921aa4e12,sec_edgar_filings,US_ISHARES_IWM,https://www.sec.gov/Archives/edgar/data/1100663/000119312524238908/d894041d497.htm,2026-09-26 13:33:49.408692,200.0,5a971737e3d25608d6874bb6ff5ede8c0e0f392b86a86297d45b641472fc86cf,SUCCESS,2.3926284999761265,
log_c152bb5fdf3f4c5f,sec_edgar_filings,US_ISHARES_IWM,https://www.sec.gov/Archives/edgar/data/1100663/000119312524238902/d890449d497.htm,2026-09-26 13:33:51.908961,200.0,e8f91d733b89b0732f87820bb0ceb5ef936e75cb702bb1a26cd77603b9d2006e,SUCCESS,2.526436799991643,
log_60db53a7ab0b4959,sec_edgar_filings,US_ISHARES_IWM,https://www.sec.gov/Archives/edgar/data/1100663/000119312524238835/d860426d497.htm,2026-09-26 13:33:54.409883,200.0,3b8598f26180a24673c2565d9bc505ec40d04445a8a0dbf3b84ca346ef55d512,SUCCESS,2.4259496000013314,
log_bc979f9c26404ec5,sec_edgar_filings,US_ISHARES_IWM,https://www.sec.gov/Archives/edgar/data/1100663/000119312524236754/d131931d497.htm,2026-09-26 13:33:56.910351,200.0,578972467512d796af102d2558b629a84edab1a26e1e8a20c02f308698da48e0,SUCCESS,3.9717439000087325,
log_08e7f9026cda4a81,sec_edgar_filings,US_ISHARES_IWM,https://www.sec.gov/Archives/edgar/data/1100663/000119312524233837/d788518d497.htm,2026-09-26 13:33:59.652743,200.0,deb9d0231aa987b37c95f7f01e5eeaaf234f61414fd81712237ca3d26070801d,SUCCESS,1.006369300012011,
log_5a8a78253d0d4b57,sec_edgar_filings,US_ISHARES_IWM,https://www.sec.gov/Archives/edgar/data/1100663/000119312524229262/d814275d497.htm,2026-09-26 13:34:02.153037,200.0,8d28d6076b70d64c34e1b22e274410cda81084450db5baaebcca312b985f86d5,SUCCESS,2.657849300012458,
log_903d062ef288483c,sec_edgar_filings,US_ISHARES_IWM,https://www.sec.gov/Archives/edgar/data/1100663/000119312524267301/d875052d497.htm,2026-09-26 13:34:04.653512,200.0,994014a2e0c0c803bb01c525eeb5f5d10730c70dfd1dea3243be587b097bbe34,SUCCESS,2.7573033000226133,
log_ef1e9d657ab04ceb,sec_edgar_filings,US_ISHARES_IWM,https://www.sec.gov/Archives/edgar/data/1100663/000119312524261914/d911527d497.htm,2026-09-26 13:34:07.163109,200.0,cda2e2e9ec0d7871884db0a66c3f2253f75e092f5810545551f3359c99e7a94a,SUCCESS,1.3336910999787506,
log_e18d56400c9c4df6,sec_edgar_filings,US_ISHARES_IWM,https://www.sec.gov/Archives/edgar/data/1100663/000119312524287196/d848374d497.htm,2026-09-26 13:34:09.666976,200.0,2c5f89057381013b3ca8bb9e1d1f3c4d684651933a3aeec48a8f89cb33b45cfe,SUCCESS,2.72953929999494,
log_2aeb5a5c4863402d,sec_edgar_filings,US_ISHARES_IWM,https://www.sec.gov/Archives/edgar/data/1100663/000119312524287179/d842136d497.htm,2026-09-26 13:34:12.167742,200.0,c84055937d160d9cce60f79b7ab9735d86377ff76c5e315b0fa05a342e0bfb64,SUCCESS,2.369360799988499,
log_920363186973466c,sec_edgar_filings,US_ISHARES_IWM,https://www.sec.gov/Archives/edgar/data/1100663/000119312524286941/d916258d497.htm,2026-09-26 13:34:14.667977,200.0,9925703ee2adb913becaafb685335ea082fadad4bacf8975e90abf5a4bcbb54a,SUCCESS,5.419172800000524,
log_dd6ad2c649a04ae5,sec_edgar_filings,US_ISHARES_IWM,https://www.sec.gov/Archives/edgar/data/1100663/000119312524286938/d915949d497.htm,2026-09-26 13:34:18.878531,200.0,58672fb3187fd7cd6a35cab35a21e65a2910a998d9784c569b2474972c9b723d,SUCCESS,2.475994599983096,
log_5b376400a6604e84,sec_edgar_filings,US_ISHARES_IWM,https://www.sec.gov/Archives/edgar/data/1100663/000119312524283370/d901579d497.htm,2026-09-26 13:34:21.379309,200.0,0e1b3775a196226c6b5ed01264e821a75e16949946f26cbad676252063283e77,SUCCESS,3.037344700016547,
log_82cb9fc4896c4644,sec_edgar_filings,US_ISHARES_IWM,https://www.sec.gov/Archives/edgar/data/1100663/000119312524283367/d869601d497.htm,2026-09-26 13:34:24.677494,200.0,d0ef04e6c4c83dd9668a89307f67f2404251b555e865099b25ba5ea662a4d3d7,SUCCESS,1.6949889000097755,
log_297df5180d9d4db7,sec_edgar_filings,US_ISHARES_IWM,https://www.sec.gov/Archives/edgar/data/1100663/000119312524282143/d901522d497.htm,2026-09-26 13:34:27.177616,200.0,318477ac4529a7b02621ccb18838b87e5e38ffffcb2b29f0f8d7b2f468cbef26,SUCCESS,2.929966499999864,
log_5fc0ba15bdf44fc2,sec_edgar_filings,US_ISHARES_IWM,https://www.sec.gov/Archives/edgar/data/1100663/000119312524282139/d901516d497.htm,2026-09-26 13:34:29.677981,200.0,ca66868c7cba898da6922427eb27d81a405894a6eebfbb3474ff130df5cf999c,SUCCESS,1.7107598000147846,
log_08ccb62ee3844a60,sec_edgar_filings,US_ISHARES_IWM,https://www.sec.gov/Archives/edgar/data/1100663/000119312524281940/d826977d497.htm,2026-09-26 13:34:32.178247,200.0,800d5cf486e2fb95e45173b99dd4120efe0e90ad9a51b0fdcdd479bf8e32183a,SUCCESS,2.105555899994215,
log_b1a95cb26b8f49cf,sec_edgar_filings,US_ISHARES_IWM,https://www.sec.gov/Archives/edgar/data/1100663/000119312524271487/d904601d497.htm,2026-09-26 13:34:34.678511,200.0,0ee77de6ba3db7adbc70affe8919d2663fdec24e83bcbd247571ae1518849360,SUCCESS,6.05603889998747,
log_3fc5f714a42b40ac,sec_edgar_filings,US_ISHARES_IWM,https://www.sec.gov/Archives/edgar/data/1100663/000119312524271371/d876550d497.htm,2026-09-26 13:34:39.663009,200.0,f18fb9460288f770219675492a623770ad545701783d5a971c3fb6db8e3effa0,SUCCESS,1.0524618999916129,
log_09076b5e476a42ab,sec_edgar_submissions_api,US_ISHARES_IWM,https://data.sec.gov/submissions/CIK0001100663-submissions-001.json,2026-09-26 13:34:40.869163,200.0,4b0840de53146277b9c65f543745bdc767e1b1fe714103072c3a78695ac3aa0e,SUCCESS,2.5911996999930125,
log_58ba7b1401f64f88,sec_edgar_filings,US_ISHARES_IWM,https://www.sec.gov/Archives/edgar/data/1100663/000119312525011478/d925726d497.htm,2026-09-26 13:34:43.467866,200.0,f3664cc090ef0083395e6c1d676e0ec279501c929ef184749cbafa72846fd637,SUCCESS,0.6915811999933794,
log_d7a349f1dbd74eb6,sec_edgar_filings,US_ISHARES_IWM,https://www.sec.gov/Archives/edgar/data/1100663/000119312525008535/d136256d497.htm,2026-09-26 13:34:45.968372,200.0,1ff29213a01028ad45429b0b9d6b52dcaa727548883a2c547733afa0ba2750ff,SUCCESS,2.9370658999832813,
log_2beae842864143c7,sec_edgar_filings,US_ISHARES_IWM,https://www.sec.gov/Archives/edgar/data/1100663/000119312525007202/d921290d497.htm,2026-09-26 13:34:48.468834,200.0,3028657a53eda3bf72c5a54a0004b6a982e4cd55ed9bebf07cdc07014eca799c,SUCCESS,2.2203874999831896,
log_384a074a9df64796,sec_edgar_filings,US_ISHARES_IWM,https://www.sec.gov/Archives/edgar/data/1100663/000119312524287209/d886745d497.htm,2026-09-26 13:34:50.969382,200.0,f774954618d5741901ac4565eeb2a7a11825afca65900f54e59493db7e251d4c,SUCCESS,2.774484499997925,
log_76f32d63c3ac4e37,sec_edgar_filings,US_ISHARES_IWM,https://www.sec.gov/Archives/edgar/data/1100663/000119312525042406/d905405d497.htm,2026-09-26 13:34:53.469928,200.0,a40b5b7c77c7bed584c0e3c41a61ce151a3e8c4a3e85184c073c04abf40060a0,SUCCESS,2.2019087999942712,
log_4329c1257c8d4442,sec_edgar_filings,US_ISHARES_IWM,https://www.sec.gov/Archives/edgar/data/1100663/000119312525030937/d895008d497.htm,2026-09-26 13:34:55.972823,200.0,cce4b67c1cca8afb08f9639d26ba1de588a8546f33ec461622e02bbed74af122,SUCCESS,2.5782715999812353,
log_5d51551200a44736,sec_edgar_filings,US_ISHARES_IWM,https://www.sec.gov/Archives/edgar/data/1100663/000119312525029722/d925698d497.htm,2026-09-26 13:34:58.473393,200.0,03ebc8cf5cc2b9853c8e5193e6b68c1b2b71b726ce03ae486da082457a9bbf0c,SUCCESS,2.500426400016295,
log_a8c545c9945f420e,sec_edgar_filings,US_ISHARES_IWM,https://www.sec.gov/Archives/edgar/data/1100663/000119312525029678/d932649d497.htm,2026-09-26 13:35:00.973717,200.0,5f69625987e6b328c3167c7c0fac7b80890ab63ba5f57d870fd46a0204661c54,SUCCESS,2.585860099992715,
log_96a55eb8766b4d72,sec_edgar_filings,US_ISHARES_IWM,https://www.sec.gov/Archives/edgar/data/1100663/000119312525028799/d892616d497.htm,2026-09-26 13:35:03.474002,200.0,02cc3d884d85c2d9ef427144b4c983ba4769bf5d459cf6aa56d1020f8f6f0c5f,SUCCESS,2.3419573999999557,
log_259a08d7429f4200,sec_edgar_filings,US_ISHARES_IWM,https://www.sec.gov/Archives/edgar/data/1100663/000119312525021017/d906687d497.htm,2026-09-26 13:35:05.974324,200.0,56a66b99815118f99a046fb15a38a9d3862dc2c2d9fa9b6541c8c024e3710029,SUCCESS,2.4865970000100788,
log_dfe0c4674a32439e,sec_edgar_filings,US_ISHARES_IWM,https://www.sec.gov/Archives/edgar/data/1100663/000119312525062530/d905260d497.htm,2026-09-26 13:35:08.474792,200.0,d53dcc1164a6cbd06effdf058a8eeb0bd607fbd470e80c2f9a88a64871f13e8a,SUCCESS,2.4256552000006195,
log_d7e73e57d28245f1,sec_edgar_filings,US_ISHARES_IWM,https://www.sec.gov/Archives/edgar/data/1100663/000119312525061395/d905254d497.htm,2026-09-26 13:35:10.975332,200.0,01b4962adcb1e3c59fe864aabac99adca02b1515d2b2acea9c2b2c9c8692bdce,SUCCESS,2.7512266999983694,
log_c8b685ea7f6b4eb8,sec_edgar_filings,US_ISHARES_IWM,https://www.sec.gov/Archives/edgar/data/1100663/000119312525060393/d927851d497.htm,2026-09-26 13:35:13.475927,200.0,0c2fc85960f736c95a96e3055b59fabb1f1d8e3c2cc62a540c567c882e63c872,SUCCESS,2.214814099977957,
log_f146612782bf47bb,sec_edgar_filings,US_ISHARES_IWM,https://www.sec.gov/Archives/edgar/data/1100663/000119312525057907/d735691d497.htm,2026-09-26 13:35:15.976526,200.0,9de8e5b1a19a3cb51d50d0e2a5ed98306a03cbc40358ec14c3f07a4e6c6b4075,SUCCESS,2.7453779999923427,
log_2640858838b04cd4,sec_edgar_filings,US_ISHARES_IWM,https://www.sec.gov/Archives/edgar/data/1100663/000119312525083044/d766022d497.htm,2026-09-26 13:35:18.478286,200.0,1811c75c01a16c8e6dfdde84fdc20a7250d5630af06c4683c08c2b8f2bc76435,SUCCESS,2.315177999989828,
log_2dd6e9f9944b48da,sec_edgar_filings,US_ISHARES_IWM,https://www.sec.gov/Archives/edgar/data/1100663/000119312525080178/d883981d497.htm,2026-09-26 13:35:20.978376,200.0,bd61602ea1a25b0c6aff2ed976674be824a5f6de3990710e4476c1c577638b7a,SUCCESS,2.261027300002752,
log_17cb7ea108e64782,sec_edgar_filings,US_ISHARES_IWM,https://www.sec.gov/Archives/edgar/data/1100663/000119312525080167/d945860d497.htm,2026-09-26 13:35:23.478841,200.0,57743c011c824292d57e2b132a6d929f2ba050e2b381438049ed3ea487c87f0b,SUCCESS,2.51539870002307,
log_f603d66842504fe3,sec_edgar_filings,US_ISHARES_IWM,https://www.sec.gov/Archives/edgar/data/1100663/000119312525073419/d941411d497.htm,2026-09-26 13:35:25.979380,200.0,f38944bd289fef91d0e3f29f4733b2d9b075b27d3038656379ac3f314451af66,SUCCESS,3.1892465999990236,
log_9fc77a30db154083,sec_edgar_filings,US_ISHARES_IWM,https://www.sec.gov/Archives/edgar/data/1100663/000119312525073416/d940735d497.htm,2026-09-26 13:35:28.479856,200.0,44fa50fecf601612aa223e1c6278fc06779ef1ceb060246ad51942e4b49729ef,SUCCESS,1.8236614000052214,
log_d7213ca0d44e4e5c,sec_edgar_filings,US_ISHARES_IWM,https://www.sec.gov/Archives/edgar/data/1100663/000119312525072394/d896448d497.htm,2026-09-26 13:35:30.980286,200.0,cd66eb18ab2124907da3cb9929d864a1dfc1211d43ed39ec8d640ca5b45e656b,SUCCESS,2.5709455999895,
log_1c438c97e4ff49db,sec_edgar_filings,US_ISHARES_IWM,https://www.sec.gov/Archives/edgar/data/1100663/000119312525069353/d735233d497.htm,2026-09-26 13:35:33.481037,200.0,bd631bfadae77be216c92b72654dfd4504e6e2a746c481c9023e2837da1fc9a1,SUCCESS,2.4065839999821037,
log_24b33fc43d8d4144,sec_edgar_filings,US_ISHARES_IWM,https://www.sec.gov/Archives/edgar/data/1100663/000119312525068983/d917197d497.htm,2026-09-26 13:35:35.981293,200.0,4681f150652580c721432b2c6bc1aba6a2b73381b164b559e6768b376076469a,SUCCESS,2.5433543999970425,
log_4eff83ffc15441d1,sec_edgar_filings,US_ISHARES_IWM,https://www.sec.gov/Archives/edgar/data/1100663/000119312525130716/d892250d497.htm,2026-09-26 13:35:38.481592,200.0,07097d37d41b28b001e461b999b8e03d0acf90aa0b97c6d92e39b5387157079c,SUCCESS,2.92897570002242,
log_9e5747d91d074014,sec_edgar_filings,US_ISHARES_IWM,https://www.sec.gov/Archives/edgar/data/1100663/000119312525121682/d15263d497.htm,2026-09-26 13:35:40.981875,200.0,5293c75e44da6168a77d4016250a479abfa0047f1baf52210cb46fa79dd15a10,SUCCESS,1.8176580999861471,
log_49d5ec5835db4c58,sec_edgar_filings,US_ISHARES_IWM,https://www.sec.gov/Archives/edgar/data/1100663/000119312525152756/d20784d497.htm,2026-09-26 13:35:43.482147,200.0,a0f7d16dba80cd489ec03d4ba26e79aac85fbe741494e7bb442064056aa3f986,SUCCESS,2.1249468000023626,
log_389ed397ad2f4f5e,sec_edgar_filings,US_ISHARES_IWM,https://www.sec.gov/Archives/edgar/data/1100663/000119312525152664/d892910d497.htm,2026-09-26 13:35:45.982429,200.0,97e2ee0c713fcb5de4514cbdc2e4bb7c23da21e109d95ab31a9df7878b25c2c9,SUCCESS,2.5431162000168115,
log_53a237c818954342,sec_edgar_filings,US_ISHARES_IWM,https://www.sec.gov/Archives/edgar/data/1100663/000119312525152656/d62694d497.htm,2026-09-26 13:35:48.482784,200.0,dd9998f610aa00a9f785a7ad8373d9261cb8a4ce31cc451303a5c00d2430f900,SUCCESS,2.513597800018033,
log_1824c30a48e4463d,sec_edgar_filings,US_ISHARES_IWM,https://www.sec.gov/Archives/edgar/data/1100663/000119312525151483/d858154d497.htm,2026-09-26 13:35:50.984268,200.0,800c8beabe6173b381bd2ad13c7e7f26ba6ffe3bce326f1551ac5b4f78f1ae9d,SUCCESS,2.536660799989477,
log_d75eadbc82a04d10,sec_edgar_filings,US_ISHARES_IWM,https://www.sec.gov/Archives/edgar/data/1100663/000119312525151481/d937804d497.htm,2026-09-26 13:35:53.484841,200.0,195666b0e83bd51ac0216adecf97dfeb363f47ffd8ff0e906bd8a698c26bd2dd,SUCCESS,2.5620943999965675,
log_aec7bd7d26f14a93,sec_edgar_filings,US_ISHARES_IWM,https://www.sec.gov/Archives/edgar/data/1100663/000119312525151480/d926596d497.htm,2026-09-26 13:35:55.985876,200.0,6ea7212d37d29bfd65daa13de43da08de17d24d6903c214bc9131f83f36dbff1,SUCCESS,2.37087720001,
log_54748822071b47a2,sec_edgar_filings,US_ISHARES_IWM,https://www.sec.gov/Archives/edgar/data/1100663/000119312525151477/d933980d497.htm,2026-09-26 13:35:58.486142,200.0,c74ad6fda7f693fcbe610943818f3322a26b4ed9c0c869d964591bba02bdedcf,SUCCESS,2.9636288000037894,
log_4e9e6ec0e80f40f3,sec_edgar_filings,US_ISHARES_IWM,https://www.sec.gov/Archives/edgar/data/1100663/000119312525151475/d935891d497.htm,2026-09-26 13:36:00.986585,200.0,da59631fa4508681409796536742272a66bd26b791668d067a57311090715cbf,SUCCESS,2.0678963999962434,
log_277a58a9bd144441,sec_edgar_filings,US_ISHARES_IWM,https://www.sec.gov/Archives/edgar/data/1100663/000119312525151413/d80969d497.htm,2026-09-26 13:36:03.487382,200.0,6102ca7a81826d94c443591375f16c32e26d26670fc6e60fc7246b25f072689a,SUCCESS,2.7584218000120018,
log_21759c94921248e0,sec_edgar_filings,US_ISHARES_IWM,https://www.sec.gov/Archives/edgar/data/1100663/000119312525149660/d858192d497.htm,2026-09-26 13:36:05.987675,200.0,9f7afa070a3212af18e457a0c6d61420a835a25bb174ea6ee92718fef8a73baf,SUCCESS,1.9723433000035584,
log_04045861ebda4f11,sec_edgar_filings,US_ISHARES_IWM,https://www.sec.gov/Archives/edgar/data/1100663/000119312525149296/d833515d497.htm,2026-09-26 13:36:08.487940,200.0,2b206ff3b8e5036039bde3ece4dcaddc210a3ddd15cfe20e1d4343277e303650,SUCCESS,2.784433299995726,
log_b68ca550c61a4186,sec_edgar_filings,US_ISHARES_IWM,https://www.sec.gov/Archives/edgar/data/1100663/000119312525144688/d910466d497.htm,2026-09-26 13:36:10.988582,200.0,3351a3d69c49a2e9cf07f93969c88618483a4ea2c80f07a230e90a57fb46c66f,SUCCESS,2.4445722000091337,
log_ac69c3db8f57499f,sec_edgar_filings,US_ISHARES_IWM,https://www.sec.gov/Archives/edgar/data/1100663/000119312525144683/d923637d497.htm,2026-09-26 13:36:13.489146,200.0,b6594468bd3fda66ec0d2191496c71c17466739dcb62bc71de7ebaf4fd89f71d,SUCCESS,2.142708200000925,
log_92eab1df9ee84869,sec_edgar_filings,US_ISHARES_IWM,https://www.sec.gov/Archives/edgar/data/1100663/000119312525143780/d945286d497.htm,2026-09-26 13:36:15.990135,200.0,b8b1b011297fa3486bca11c99dc447d387100b5b691454f43c4f894731745b12,SUCCESS,3.445060800004285,
log_b9a99ab020d34b5c,sec_edgar_filings,US_ISHARES_IWM,https://www.sec.gov/Archives/edgar/data/1100663/000119312525140815/d92035d497.htm,2026-09-26 13:36:18.490939,200.0,344eabd3caf3b12a3bca39e08c7c2bfaa4ad3512bce029cf65eac850d3fca7be,SUCCESS,1.6779983000014909,
log_59cf60ef1efa4d88,sec_edgar_filings,US_ISHARES_IWM,https://www.sec.gov/Archives/edgar/data/1100663/000119312525132329/d925393d497.htm,2026-09-26 13:36:20.992238,200.0,0c3214405434124e69c1edb277d1dda32e17fb42945053f19de08c499bd6962a,SUCCESS,2.496829499985324,
log_15cbf385d33e4a87,sec_edgar_filings,US_ISHARES_IWM,https://www.sec.gov/Archives/edgar/data/1100663/000119312525132328/d944327d497.htm,2026-09-26 13:36:23.492686,200.0,5a6b2e8df13cdfbe74a52ccc50f7c244a911c4f44716de5206e107f6058653d5,SUCCESS,2.8411210000049323,
log_0b585782653a47bb,sec_edgar_filings,US_ISHARES_IWM,https://www.sec.gov/Archives/edgar/data/1100663/000119312525166407/d80334d497.htm,2026-09-26 13:36:25.993225,200.0,5976ca2bccd9cb3ba9ea478782537a52ee1716cfd78078aa6265345769615ff4,SUCCESS,1.9595787999860477,
log_007f9c2f640345f1,sec_edgar_filings,US_ISHARES_IWM,https://www.sec.gov/Archives/edgar/data/1100663/000119312525166411/d16437d497.htm,2026-09-26 13:36:28.494258,200.0,18b745b6a77097bdbe7dd40937ad6c1f2283ff0da4a6a4cd3712ed4efc690074,SUCCESS,2.4744043000100646,
log_93425dca52d94b0c,sec_edgar_filings,US_ISHARES_IWM,https://www.sec.gov/Archives/edgar/data/1100663/000119312525164409/d45758d497.htm,2026-09-26 13:36:30.994863,200.0,32ec927d59fabaae7067046a32ae851a11f13a81c7b21d8984b618c0367653fc,SUCCESS,2.428023500018753,
log_b0c9c9b341254b7f,sec_edgar_filings,US_ISHARES_IWM,https://www.sec.gov/Archives/edgar/data/1100663/000119312525162592/d940331d497.htm,2026-09-26 13:36:33.495239,200.0,fcf8f9a72c67062f989b98521403754a87a82d794fe22eafea09ceda5297284f,SUCCESS,2.6316297000157647,
log_45f68d64b006411e,sec_edgar_filings,US_ISHARES_IWM,https://www.sec.gov/Archives/edgar/data/1100663/000119312525162588/d936063d497.htm,2026-09-26 13:36:35.995808,200.0,8aaf5dd09282553b931c85ced5cb7a9cb3a563adab734542dc17a0b4e5e449c9,SUCCESS,2.4820605000131764,
log_b3cf28a7bcb940a8,sec_edgar_filings,US_ISHARES_IWM,https://www.sec.gov/Archives/edgar/data/1100663/000119312525160527/d100349d497.htm,2026-09-26 13:36:38.496471,200.0,5b9fc2fe52399e6e0802341de8b83c6254a0b52a42a9bdbf3d5ae9d9dd13074a,SUCCESS,2.5096110999875236,
log_364ef7c5aa3449e3,sec_edgar_filings,US_ISHARES_IWM,https://www.sec.gov/Archives/edgar/data/1100663/000119312525158223/d938286d497.htm,2026-09-26 13:36:40.997694,200.0,36f45b7e9bce75647c3ab6c4430f93ee147ec51161a6e776526b1781c52b21d5,SUCCESS,2.728519600001164,
log_15a8a87451c14037,sec_edgar_filings,US_ISHARES_IWM,https://www.sec.gov/Archives/edgar/data/1100663/000119312525153117/d12766d497.htm,2026-09-26 13:36:43.498134,200.0,d901b7aa571666382f34663604e27babbd701f9abfef16520dcf6d610c33a1a7,SUCCESS,2.233134299982339,
log_1a82b42a7d6e403c,sec_edgar_filings,US_ISHARES_IWM,https://www.sec.gov/Archives/edgar/data/1100663/000119312525152941/d59861d497.htm,2026-09-26 13:36:45.998501,200.0,b5bad58aae955eb2685b7cefb977e0530f025607ad57268c2deeb5d9a670a17b,SUCCESS,2.5028190999873914,
log_31884d5147194175,sec_edgar_filings,US_ISHARES_IWM,https://www.sec.gov/Archives/edgar/data/1100663/000119312525192573/d81584d497.htm,2026-09-26 13:36:48.499041,200.0,aba18f15b38413c0fe4ebe678c157cd3dbf77704081446bdebec37d32a971350,SUCCESS,2.359274100017501,
log_cba7120cddeb4cbd,sec_edgar_filings,US_ISHARES_IWM,https://www.sec.gov/Archives/edgar/data/1100663/000119312525185435/d797607d497.htm,2026-09-26 13:36:50.999559,200.0,89f2e1a17120261d47d14c73bb53989ff12eebdb73a0f1048a442bfd81e36231,SUCCESS,2.4772042999975383,
log_3763a6b5a6ab410a,sec_edgar_filings,US_ISHARES_IWM,https://www.sec.gov/Archives/edgar/data/1100663/000119312525185274/d946888d497.htm,2026-09-26 13:36:53.500215,200.0,9f9ccbe56f8673cb4e0b5881038ca6e8b817f816b0447acff0f2620b4fb69767,SUCCESS,2.464192899991758,
log_ccd95bdefbf84381,sec_edgar_filings,US_ISHARES_IWM,https://www.sec.gov/Archives/edgar/data/1100663/000119312525181867/d32380d497.htm,2026-09-26 13:36:56.000503,200.0,0d914b3094a3b114902160e3a8106f0efd06256e370e959ca30f3d7ee0b21752,SUCCESS,2.8117359000025317,
log_ea379de03b9c4bd2,sec_edgar_filings,US_ISHARES_IWM,https://www.sec.gov/Archives/edgar/data/1100663/000119312525178119/d945380d497.htm,2026-09-26 13:36:58.500656,200.0,666bc471b3e9b7a40976f1d298e5f516eea91fb1e94b82dfb38d492d1e64be4d,SUCCESS,2.19752879999578,
log_51984ad9c665471b,sec_edgar_filings,US_ISHARES_IWM,https://www.sec.gov/Archives/edgar/data/1100663/000119312525176991/d68767d497.htm,2026-09-26 13:37:01.001040,200.0,4f59848c0f238e853d2904736316d15848706000baa0d7d5612382769706bd7c,SUCCESS,2.5438020000001416,
log_f90d7f31fbaa4d61,sec_edgar_filings,US_ISHARES_IWM,https://www.sec.gov/Archives/edgar/data/1100663/000119312525171727/d35987d497.htm,2026-09-26 13:37:03.501779,200.0,1a4bbfd46cb9059f052dbb47e10a440a1b0c8091f4d8cc1b83a471c34888d7d2,SUCCESS,2.4796920999942813,
log_2ec70851f61942bb,sec_edgar_filings,US_ISHARES_IWM,https://www.sec.gov/Archives/edgar/data/1100663/000119312525171725/d946231d497.htm,2026-09-26 13:37:06.002073,200.0,cda92a5b1a1cfd8eb6925718811d5d52405ba30246ea0c60026cef3552c14aae,SUCCESS,2.7056187000125647,
log_1f32521db1794836,sec_edgar_filings,US_ISHARES_IWM,https://www.sec.gov/Archives/edgar/data/1100663/000119312525171382/d91144d497.htm,2026-09-26 13:37:08.503299,200.0,da540bc116c7bfbf3e795771eb0b2089dcb58711dcb108968bb822a0416d2c01,SUCCESS,2.295498499996029,
log_dbd6746602e9431e,sec_edgar_filings,US_ISHARES_IWM,https://www.sec.gov/Archives/edgar/data/1100663/000119312525171077/d12817d497.htm,2026-09-26 13:37:11.003829,200.0,aeb3943d726dee222a163f7d5edee46cd246849471737bc9b0d55d982e1361db,SUCCESS,3.091679299977841,
log_39936d2d8339424f,sec_edgar_filings,US_ISHARES_IWM,https://www.sec.gov/Archives/edgar/data/1100663/000119312525170646/d72295d497.htm,2026-09-26 13:37:13.504128,200.0,05add7aa9e4678e3b23c5ac6fdfb1d2ccbfc7652c5fe637702e61ef49610f4bc,SUCCESS,3.558269700006349,
log_42403640e9644b1a,sec_edgar_filings,US_ISHARES_IWM,https://www.sec.gov/Archives/edgar/data/1100663/000119312525220684/d14216d497.htm,2026-09-26 13:37:16.712024,200.0,dd39f981b8d1bf7e93226c4c0c8ca7a7d8e11abeedf32daaa2c8f5bdd84d7283,SUCCESS,1.2749499999918044,
log_97c59355f44d4bce,sec_edgar_filings,US_ISHARES_IWM,https://www.sec.gov/Archives/edgar/data/1100663/000119312525220667/d74315d497.htm,2026-09-26 13:37:19.212238,200.0,7163e9ded3e0f70f000e219c9b1026484accdbc7cb7e680f2e372b5d965dd612,SUCCESS,4.369173699989915,
log_3be8408e71e341fa,sec_edgar_filings,US_ISHARES_IWM,https://www.sec.gov/Archives/edgar/data/1100663/000119312525220646/d922321d497.htm,2026-09-26 13:37:22.359271,200.0,5253c549329b0a54a81a8eb5c632c99bfe740f6ac9f855fbbfa40f7817c1bb50,SUCCESS,1.0141614000021946,
log_16353ac268654b99,sec_edgar_filings,US_ISHARES_IWM,https://www.sec.gov/Archives/edgar/data/1100663/000119312525213586/d76986d497.htm,2026-09-26 13:37:24.859535,200.0,588606b57f9afd851d14cc848989ed3d0ace8f6878ec6d72bf36f15cceb8d75d,SUCCESS,2.504567700001644,
log_449b309bfaf6460f,sec_edgar_filings,US_ISHARES_IWM,https://www.sec.gov/Archives/edgar/data/1100663/000119312525213416/d12724d497.htm,2026-09-26 13:37:27.359944,200.0,72f2199f76abaf86856631907d6823ebd91a780f1820f87e791975313ff4d5a1,SUCCESS,2.64044049999211,
log_6ce4e4dea71346eb,sec_edgar_filings,US_ISHARES_IWM,https://www.sec.gov/Archives/edgar/data/1100663/000119312525202143/d85575d497.htm,2026-09-26 13:37:29.860538,200.0,9d26d441ed06fde53b948a57cd213370c2a5f564bbfd78de3502b7c6925dcf7a,SUCCESS,2.5952484000008553,
log_323eef4a7b87416e,sec_edgar_filings,US_ISHARES_IWM,https://www.sec.gov/Archives/edgar/data/1100663/000119312525194258/d45302d497.htm,2026-09-26 13:37:32.361098,200.0,c7c946da7c4f7d94b20cb3c7107299f7828d5b953c9f24c850a4fa24a6467a4c,SUCCESS,2.42211079999106,
log_3c62456d5c5a4d8f,sec_edgar_filings,US_ISHARES_IWM,https://www.sec.gov/Archives/edgar/data/1100663/000119312525193994/d36297d497.htm,2026-09-26 13:37:34.861506,200.0,b853b800d62eb943bc95a96a31fdf69627ff4ef7da8b62b41b8d4733d3cc6272,SUCCESS,2.8806763000029605,
log_6847ae477123451f,sec_edgar_filings,US_ISHARES_IWM,https://www.sec.gov/Archives/edgar/data/1100663/000119312525258900/d850740d497.htm,2026-09-26 13:37:37.362121,200.0,32f501b96f6b8a7322800867cb758f9421767ad82ece941937821b4ecc8274f9,SUCCESS,2.9089217000000644,
log_00b422a5a4ac4f9d,sec_edgar_filings,US_ISHARES_IWM,https://www.sec.gov/Archives/edgar/data/1100663/000119312525258622/d853081d497.htm,2026-09-26 13:37:39.862481,200.0,4d4be3c4ea087ea29229ced99d7b2978587e5cfc455dc8f94fe58643a9caf7ba,SUCCESS,1.534902300016256,
log_cf9e3cd619f24aa0,sec_edgar_filings,US_ISHARES_IWM,https://www.sec.gov/Archives/edgar/data/1100663/000119312525245584/d47996d497.htm,2026-09-26 13:37:42.363477,200.0,8963fad299cba9c92ab74fbd0b0a3701942f048949d54ad07e5c323f66ae6316,SUCCESS,2.318826500006253,
log_2539685874e246af,sec_edgar_filings,US_ISHARES_IWM,https://www.sec.gov/Archives/edgar/data/1100663/000119312525245533/d53643d497.htm,2026-09-26 13:37:44.864936,200.0,fa278f57fde07d67459e17cc5864b008da5199aa69b9762dd534334b2a37b32d,SUCCESS,2.4922157999826595,
log_c269c0ec9db6415b,sec_edgar_filings,US_ISHARES_IWM,https://www.sec.gov/Archives/edgar/data/1100663/000119312525243500/d847683d497.htm,2026-09-26 13:37:47.365223,200.0,7f6cb699be8e40bee78944c7bd041bfb26c63cd90f924532fb6f5a8d7651cf69,SUCCESS,2.382024500024272,
log_65ff928e6373482a,sec_edgar_filings,US_ISHARES_IWM,https://www.sec.gov/Archives/edgar/data/1100663/000119312525241455/d21541d497.htm,2026-09-26 13:37:49.865541,200.0,1df50d0b3c4ff13b8f77edfd93e5d1d63a6c218d97c0bd5a0986e82787b264b1,SUCCESS,2.557392400020035,
log_df4c95c6a8254ec2,sec_edgar_filings,US_ISHARES_IWM,https://www.sec.gov/Archives/edgar/data/1100663/000119312525241445/d17098d497.htm,2026-09-26 13:37:52.366601,200.0,d1d6dc8e525632673411aba7a1a39c4a3f7c3a887167b46c22ee1b029975831a,SUCCESS,2.517758700007107,
log_638e0aae2dd7438c,sec_edgar_filings,US_ISHARES_IWM,https://www.sec.gov/Archives/edgar/data/1100663/000119312525240445/d13496d497.htm,2026-09-26 13:37:54.866768,200.0,7c9b915ca21c70a7469c2388530b511343b7b813f1057b9f639120b5be24f1fc,SUCCESS,2.5752591000054963,
log_fe16d4f063b44759,sec_edgar_filings,US_ISHARES_IWM,https://www.sec.gov/Archives/edgar/data/1100663/000119312525240193/d46937d497.htm,2026-09-26 13:37:57.367206,200.0,083af31cf339ba43b7ff354c9c4f18ec77318dd812e83c9f61ff0702198b340a,SUCCESS,2.536179999995511,
log_50f357cf86c24e1f,sec_edgar_filings,US_ISHARES_IWM,https://www.sec.gov/Archives/edgar/data/1100663/000119312525237066/d838386d497.htm,2026-09-26 13:37:59.867479,200.0,aab6a39bd1af51aa3f72858dabcbce792bcb8384e45787c182da56ec75c1359a,SUCCESS,2.465400999994017,
log_5633c948f3fb4972,sec_edgar_filings,US_ISHARES_IWM,https://www.sec.gov/Archives/edgar/data/1100663/000119312525233824/d14518d497.htm,2026-09-26 13:38:02.367879,200.0,fe9b0227a29f114c16819e84ca4eff0745cc92822823d24ca797cc4fc9229233,SUCCESS,2.042722199985292,
log_25fabdcd780648f8,sec_edgar_filings,US_ISHARES_IWM,https://www.sec.gov/Archives/edgar/data/1100663/000119312525230367/d863213d497.htm,2026-09-26 13:38:04.868485,200.0,8faccea853cc4ef5aef1acc9032222749fccb4d53dd7d2530414585580ed4328,SUCCESS,2.5462640000041574,
log_6ebdcc1ed3d84976,sec_edgar_filings,US_ISHARES_IWM,https://www.sec.gov/Archives/edgar/data/1100663/000119312525226832/d140482d497.htm,2026-09-26 13:38:07.368844,200.0,86b1dc2d05ebcfd117767c2158e886c96e2cb5045834940bf25c71c32f35c5d0,SUCCESS,3.9170608000131324,
log_ef5bb20df5394d3d,sec_edgar_filings,US_ISHARES_IWM,https://www.sec.gov/Archives/edgar/data/1100663/000119312525225574/d77896d497.htm,2026-09-26 13:38:09.868946,200.0,9e5da6c2f2e15011702321b35531eb6e230385886c1acce719b3b378fe015b55,SUCCESS,1.0476886999967974,
log_2e402ebce08a46af,sec_edgar_filings,US_ISHARES_IWM,https://www.sec.gov/Archives/edgar/data/1100663/000119312525297711/d938912d497.htm,2026-09-26 13:38:12.369373,200.0,014a10b21d4a8687ed6eb12c37ccb0f372f94b7dbab55639b8d9b09411dcf6b4,SUCCESS,2.5808560000150464,
log_7130dd0958d141f8,sec_edgar_filings,US_ISHARES_IWM,https://www.sec.gov/Archives/edgar/data/1100663/000119312525291668/d87125d497.htm,2026-09-26 13:38:14.869614,200.0,6146fc79bb79b050e0ed9ed08acdb5ff7bca5b8b3acab77ca56fbaf32207a9e4,SUCCESS,2.8838261000055354,
log_35249aaf714a443b,sec_edgar_filings,US_ISHARES_IWM,https://www.sec.gov/Archives/edgar/data/1100663/000119312525287109/d82955d497.htm,2026-09-26 13:38:17.369914,200.0,8ce91b3b112647d42edce41a7d15bc0229ac0bb21bcc7a3cf2ef934c1f7ba959,SUCCESS,2.3171020000008866,
log_3f5e44ac0ccd423d,sec_edgar_filings,US_ISHARES_IWM,https://www.sec.gov/Archives/edgar/data/1100663/000119312525283231/d67648d497.htm,2026-09-26 13:38:19.870579,200.0,d15976a5418d3b283973221ac1a5190850f4896912b73f695ef16e4a23d1d481,SUCCESS,3.069992300006561,
log_65f63e28726d43f6,sec_edgar_filings,US_ISHARES_IWM,https://www.sec.gov/Archives/edgar/data/1100663/000119312525331050/d922635d497.htm,2026-09-26 13:38:22.370928,200.0,ddcd7dfc2f263e62cc4fb38373ceafe9f7ce480ed2924b0b54df62998780015c,SUCCESS,1.7391394000151195,
log_7557e37e2f354a98,sec_edgar_filings,US_ISHARES_IWM,https://www.sec.gov/Archives/edgar/data/1100663/000119312525328765/d86147d497.htm,2026-09-26 13:38:24.871263,200.0,1a5d89bafba00026b2d4c2846bfe463eb02310698afecdb7dc3eb5cff4a8c13d,SUCCESS,2.213877899979707,
log_0f236cfddf3c4d90,sec_edgar_filings,US_ISHARES_IWM,https://www.sec.gov/Archives/edgar/data/1100663/000119312525324952/d938265d497.htm,2026-09-26 13:38:27.371539,200.0,1db040fee1d07b3c6a8a5580cacdf2a2b59546a2e6204315a58de6939c48c652,SUCCESS,2.596795999997994,
log_610b1751d50e45d2,sec_edgar_filings,US_ISHARES_IWM,https://www.sec.gov/Archives/edgar/data/1100663/000119312525316017/d58282d497.htm,2026-09-26 13:38:29.871866,200.0,43b1d307691b158f0a8e8d83e8bcf68b2c72f37cb3b64b19155f2fc03b29a285,SUCCESS,2.507590099994559,
log_1483c6f0d5664135,sec_edgar_filings,US_ISHARES_IWM,https://www.sec.gov/Archives/edgar/data/1100663/000119312525309780/d79527d497.htm,2026-09-26 13:38:32.372656,200.0,0b5b3712b8575efa22704d689646817d34ad633e1750ea64c7c550e08f0f0723,SUCCESS,2.8674530999851413,
log_c91d4585055a4e19,sec_edgar_filings,US_ISHARES_IWM,https://www.sec.gov/Archives/edgar/data/1100663/000119312525308207/d90938d497.htm,2026-09-26 13:38:34.872935,200.0,dec7649fe650e46097ea1f9159f68533ed28e09bb1cabc0d7ecfd0ab79a12e7a,SUCCESS,2.232900500006508,
log_2859d7d313e7432f,sec_edgar_filings,US_ISHARES_IWM,https://www.sec.gov/Archives/edgar/data/1100663/000119312525308009/d88695d497.htm,2026-09-26 13:38:37.373340,200.0,dbe724f097a785cad1dce26a486b7574954c6a55907bc08837568fbadf2fd4e4,SUCCESS,2.2730239999946207,
log_20eda9038b9145ef,sec_edgar_filings,US_ISHARES_IWM,https://www.sec.gov/Archives/edgar/data/1100663/000119312526015356/d35944d497.htm,2026-09-26 13:38:39.873679,200.0,79f71ed6aaeca36030a19fb4a9b54be5b62769f1c9a0bb47f916ad43ea71bd68,SUCCESS,2.6903974999731872,
log_55d988e19ed54797,sec_edgar_filings,US_ISHARES_IWM,https://www.sec.gov/Archives/edgar/data/1100663/000119312526006456/d816607d497.htm,2026-09-26 13:38:42.374033,200.0,acd54a975e88f98bde579d172fd408fa271f88ee59fc8a418ac14948a40b1c91,SUCCESS,2.3754275999963284,
log_0f731e78c56149bd,sec_edgar_filings,US_ISHARES_IWM,https://www.sec.gov/Archives/edgar/data/1100663/000119312525338493/d36519d497.htm,2026-09-26 13:38:44.874447,200.0,174cbc0f9f9e957466ee19b8f629b4b089554841fa6bfc0108e314380ae311c4,SUCCESS,2.5069263999757823,
log_849d0fe077064bf9,sec_edgar_filings,US_ISHARES_IWM,https://www.sec.gov/Archives/edgar/data/1100663/000119312526064485/d29673d497.htm,2026-09-26 13:38:47.374608,200.0,358467b1d1cda828ab60b904b89d15ba9db8db0e34f30f124dd656afdf8d5af0,SUCCESS,2.5790070999937598,
log_364970f8a1614873,sec_edgar_filings,US_ISHARES_IWM,https://www.sec.gov/Archives/edgar/data/1100663/000119312526056745/d51363d497.htm,2026-09-26 13:38:49.874888,200.0,8836ae41550d37826386f892c93bedab2d44980905829085d6382a1f7e40f6e6,SUCCESS,2.3471417000109795,
log_f8b65c4d0b114281,sec_edgar_filings,US_ISHARES_IWM,https://www.sec.gov/Archives/edgar/data/1100663/000119312526051617/d88238d497.htm,2026-09-26 13:38:52.375647,200.0,f5d8afd79b11205ea23703358fddcbc7ae0fa3c646ad136e532fdee78ef887e3,SUCCESS,2.7247456000186503,
log_29651a36758b4694,sec_edgar_filings,US_ISHARES_IWM,https://www.sec.gov/Archives/edgar/data/1100663/000119312526051604/d38921d497.htm,2026-09-26 13:38:54.876166,200.0,86ae91b01315c6abfae9b331e8b024218968c0b245b9b775f400fc8ec78c245b,SUCCESS,2.138563600019552,
log_6a9cc876d92147e0,sec_edgar_filings,US_ISHARES_IWM,https://www.sec.gov/Archives/edgar/data/1100663/000119312526051590/d25478d497.htm,2026-09-26 13:38:57.376332,200.0,774898db3076c024639916885fb4a04bf8a40401803bc9676bd722c39b4adbfb,SUCCESS,3.6702801000210457,
log_7dc4fbfe7c494f5b,sec_edgar_filings,US_ISHARES_IWM,https://www.sec.gov/Archives/edgar/data/1100663/000119312526129300/d765912d497.htm,2026-09-26 13:38:59.878434,200.0,55acaa1112fa42626026576f5f29a8044415f933b3fdebcdf59bbea1bc3bc357,SUCCESS,1.62232419999782,
log_305f33cc6d854769,sec_edgar_filings,US_ISHARES_IWM,https://www.sec.gov/Archives/edgar/data/1100663/000119312526121940/d117046d497.htm,2026-09-26 13:39:02.378694,200.0,0f65ad011a6ffe9b0fc676ca42a6ef0402d529b9e93c1d7e0a3324c01222bf85,SUCCESS,2.587516700004926,
log_3d77d5ad9b3a4123,sec_edgar_filings,US_ISHARES_IWM,https://www.sec.gov/Archives/edgar/data/1100663/000119312526117990/d36768d497.htm,2026-09-26 13:39:04.879357,200.0,b830b7f3c2295aecdd5adfc2b30f7ce78ffcf3860c3b267591b1f28ae5504e3c,SUCCESS,2.66546560000279,
log_e81923c0a52148d9,sec_edgar_filings,US_ISHARES_IWM,https://www.sec.gov/Archives/edgar/data/1100663/000119312526114192/d45638d497.htm,2026-09-26 13:39:07.380451,200.0,f8bac38858835400b2b1f7af0c41445954bd31f9de091a866fa51d1a99aa6a81,SUCCESS,2.688948299997719,
log_0d32da26ec684090,sec_edgar_filings,US_ISHARES_IWM,https://www.sec.gov/Archives/edgar/data/1100663/000119312526114010/d864601d497.htm,2026-09-26 13:39:09.880793,200.0,d0bab012bec0a65529ea9c60350e454406eb8bf56209d0da1c5f2b04d8039b95,SUCCESS,1.527880700014066,
log_03d4c535fcd84910,sec_edgar_filings,US_ISHARES_IWM,https://www.sec.gov/Archives/edgar/data/1100663/000119312526102313/d13062d497.htm,2026-09-26 13:39:12.381272,200.0,d31656f8006feaa6fe94db3df8a97a8a179f992425f265e4f71601732824f9da,SUCCESS,2.279866900003981,
log_6f50ff78e0984ee0,sec_edgar_filings,US_ISHARES_IWM,https://www.sec.gov/Archives/edgar/data/1100663/000119312526097152/d29298d497.htm,2026-09-26 13:39:14.883051,200.0,5fdf1972fbe924e4227f9280986015ab772139b8e63fbd40929dfd65629c9be0,SUCCESS,2.6133561999886297,
log_fff7df9e780b4425,sec_edgar_filings,US_ISHARES_IWM,https://www.sec.gov/Archives/edgar/data/1100663/000119312526083306/d116517d497.htm,2026-09-26 13:39:17.382047,200.0,b1a783a5b59d9307d78e2b0b17a901e9c3607f647ea07e938467be1fd93324b8,SUCCESS,2.4957577000022866,
log_78bdac0cebb84044,sec_edgar_filings,US_ISHARES_IWM,https://www.sec.gov/Archives/edgar/data/1100663/000119312526196607/d112890d497.htm,2026-09-26 13:39:19.882291,200.0,9eed563de402618d22fa5c9e7a4c7e6b1baba74c7cf15f590f79ea3eba758a48,SUCCESS,2.533703399996739,
log_423d9bd01ded4a3e,sec_edgar_filings,US_ISHARES_IWM,https://www.sec.gov/Archives/edgar/data/1100663/000119312526188422/d17882d497.htm,2026-09-26 13:39:22.382424,200.0,b9a0745cf7961915f13ff6090bbec9ed7e4c3d0c17db47a44dc430f3ed11ccfe,SUCCESS,2.363325199985411,
log_cec146b5f2c84445,sec_edgar_filings,US_ISHARES_IWM,https://www.sec.gov/Archives/edgar/data/1100663/000119312526164165/d88796d497.htm,2026-09-26 13:39:24.882923,200.0,2e6720a7265726e643da19293d7bf63009c73cb5322a3c00dd47b297e92ba504,SUCCESS,3.1846382999792695,
log_6f93b257dd184c44,sec_edgar_filings,US_ISHARES_IWM,https://www.sec.gov/Archives/edgar/data/1100663/000119312526140146/d105386d497.htm,2026-09-26 13:39:27.383287,200.0,222cd8f805c81305a65dbde504e71a28f0da7f9edd9cfbf214c6648ed3e7c5e6,SUCCESS,1.7148742999997921,
log_3d68ee9d54d64c61,sec_edgar_filings,US_ISHARES_IWM,https://www.sec.gov/Archives/edgar/data/1100663/000119312526140080/d106622d497.htm,2026-09-26 13:39:29.883634,200.0,c5dce8b7c2800f2e49356a0b1cf40acc3fb4947a0af23ba630881fa06b81107a,SUCCESS,4.02225229999749,
log_9b4962b76cac44b9,sec_edgar_filings,US_ISHARES_IWM,https://www.sec.gov/Archives/edgar/data/1100663/000119312526135209/d129347d497.htm,2026-09-26 13:39:32.403823,200.0,50aec65e6ca60613675b43059d6a4f6d7165013def7bce388de9e77c99ee1eff,SUCCESS,1.4622823999961838,
log_9cfc9ab107a24a17,sec_edgar_filings,US_ISHARES_IWM,https://www.sec.gov/Archives/edgar/data/1100663/000119312526239677/d24890d497.htm,2026-09-26 13:39:34.904197,200.0,00dfc510d2afa23776628877b7d2da00d9bb68846a34d3f4093a3dc82989f240,SUCCESS,3.229496600019047,
log_829634944a1843ba,sec_edgar_filings,US_ISHARES_IWM,https://www.sec.gov/Archives/edgar/data/1100663/000119312526237040/d105379d497.htm,2026-09-26 13:39:37.404349,200.0,34ce8d4a4765d9d6f85c92409e69eb11d96cbb0aa6009d22ac6d5c4acb16e6af,SUCCESS,1.768061899987515,
log_9a97be7bbff34ad4,sec_edgar_filings,US_ISHARES_IWM,https://www.sec.gov/Archives/edgar/data/1100663/000119312526237012/d108481d497.htm,2026-09-26 13:39:39.904508,200.0,e062db17e91eb6d274a408b722deb2922c343f47c2a952ea53b30bd0c8f73d1b,SUCCESS,3.1802617000066675,
log_c1ac94658e3a4edb,sec_edgar_filings,US_ISHARES_IWM,https://www.sec.gov/Archives/edgar/data/1100663/000119312526232632/d112764d497.htm,2026-09-26 13:39:42.404953,200.0,7c7ea35c15c0f1c619211835bc9ab1c27b581c05452715229b395f3a09f05548,SUCCESS,1.2444357000058517,
log_ea27c5fb26e34292,sec_edgar_filings,US_ISHARES_IWM,https://www.sec.gov/Archives/edgar/data/1100663/000119312526204769/d121690d497.htm,2026-09-26 13:39:44.904997,200.0,9458041f9c688c4fb667e5bcd94149e648043fee27b4cedb1807a84a102b677b,SUCCESS,2.4288334000157192,
log_29ea6c3a7ef749a3,sec_edgar_filings,US_ISHARES_IWM,https://www.sec.gov/Archives/edgar/data/1100663/000119312526288507/d144232d497.htm,2026-09-26 13:39:47.405347,200.0,773a3e1d979da58058029ea9050369a87e4f8c1c017a7900d3774deb7698ed00,SUCCESS,4.702748700015945,
log_558bdf2f703e47e9,sec_edgar_filings,US_ISHARES_IWM,https://www.sec.gov/Archives/edgar/data/1100663/000119312526279612/d74881d497.htm,2026-09-26 13:39:50.547396,200.0,986d7bb132a2a1e8e07022dd290e936730cba6d368b2ef285524041c7927f645,SUCCESS,3.4974360000051092,
log_96fba1040f874f77,sec_edgar_filings,US_ISHARES_IWM,https://www.sec.gov/Archives/edgar/data/1100663/000119312526279474/d143191d497.htm,2026-09-26 13:39:54.045966,200.0,c2e89a5a595852ec3ea74ffbd9b8aead89b827907db3e3f825c839653137d541,SUCCESS,1.301729200000409,
log_c6a9775aac754801,sec_edgar_filings,US_ISHARES_IWM,https://www.sec.gov/Archives/edgar/data/1100663/000119312526269593/d74967d497.htm,2026-09-26 13:39:56.546559,200.0,d4753ee9f18867febc13cfc93b240606a9fbda656f189e03583543df3b4876e8,SUCCESS,3.395067300007213,
log_9dff80bdc6524bc3,sec_edgar_filings,US_ISHARES_IWM,https://www.sec.gov/Archives/edgar/data/1100663/000119312526269590/d168658d497.htm,2026-09-26 13:39:59.046751,200.0,75746f0add85ebd7724d05ad887fbf580a1445da20a3c4ea2c4667f5876817e7,SUCCESS,1.9423692999989726,
log_fc37057201ab42e8,sec_edgar_filings,US_ISHARES_IWM,https://www.sec.gov/Archives/edgar/data/1100663/000119312526267888/d121420d497.htm,2026-09-26 13:40:01.547072,200.0,caf4b1428f5efd3798756d9815425203d0cdf51d458688629441438d39e971f3,SUCCESS,1.8942999999853782,
log_d5910d89a2d449a5,sec_edgar_filings,US_ISHARES_IWM,https://www.sec.gov/Archives/edgar/data/1100663/000119312526267877/d143945d497.htm,2026-09-26 13:40:04.047570,200.0,4a92334408598170baca70379751806d09fe308a82895775a2eb7ca7cc6a103a,SUCCESS,2.6265449000056833,
log_87cd355edb3c44a3,sec_edgar_filings,US_ISHARES_IWM,https://www.sec.gov/Archives/edgar/data/1100663/000119312526267872/d74088d497.htm,2026-09-26 13:40:06.548121,200.0,b5e4771bb7559c9a634293e8e25652843e18172a3a94373c05a68e218348b01b,SUCCESS,3.2875521999958437,
log_088d0b2c6518413a,sec_edgar_filings,US_ISHARES_IWM,https://www.sec.gov/Archives/edgar/data/1100663/000119312526267869/d46038d497.htm,2026-09-26 13:40:09.073018,200.0,be5ad514db0fd1cf813e62e133885811797f770cb8142592179335cc06d1cf97,SUCCESS,3.65750480000861,
log_05dc39bff556422a,sec_edgar_filings,US_ISHARES_IWM,https://www.sec.gov/Archives/edgar/data/1100663/000119312526267864/d20417d497.htm,2026-09-26 13:40:12.170889,200.0,250a1267e11495bba825a62f3629f7ca68600f8128bfaec4589d5bc5b7046e09,SUCCESS,1.2913448000035714,
log_4275d2dbb9f146dd,sec_edgar_filings,US_ISHARES_IWM,https://www.sec.gov/Archives/edgar/data/1100663/000119312526267858/d162061d497.htm,2026-09-26 13:40:14.671086,200.0,ad55ffb9bb1173f124b5aa4d14412b17a90a1afc6012f9da964797c237168b21,SUCCESS,2.4545026999840047,
log_55075719e8c04963,sec_edgar_filings,US_ISHARES_IWM,https://www.sec.gov/Archives/edgar/data/1100663/000119312526267852/d154427d497.htm,2026-09-26 13:40:17.171422,200.0,844ba76a2078925801265f3b074f5f7968763d1aae83c4aea0358307062c8663,SUCCESS,2.1702864000108093,
log_25af6eb8b8324e91,sec_edgar_filings,US_ISHARES_IWM,https://www.sec.gov/Archives/edgar/data/1100663/000119312526249172/d126264d497.htm,2026-09-26 13:40:19.671769,200.0,383c995df14c85e21826b8f6e567b3f2f5115addd7a5179ffd892aad5d1df59a,SUCCESS,2.7453183000034187,
log_8088d447cd494ab9,sec_edgar_filings,US_ISHARES_IWM,https://www.sec.gov/Archives/edgar/data/1100663/000119312526326458/d123143d497.htm,2026-09-26 13:40:22.172309,200.0,43768bc03c1fb71017ba076ff5b15c2ec3fb28211326160b8e4168eb94ce5fb4,SUCCESS,2.329207000002498,
log_1a47762700b64ff6,sec_edgar_filings,US_ISHARES_IWM,https://www.sec.gov/Archives/edgar/data/1100663/000119312526326445/d25273d497.htm,2026-09-26 13:40:24.673323,200.0,a08218d45dfe0ba8ea3ed37dab2eda58a5dc3d159c23e857980c839f51d7bea0,SUCCESS,2.908589900005609,
log_ee33aa5bc5464122,sec_edgar_filings,US_ISHARES_IWM,https://www.sec.gov/Archives/edgar/data/1100663/000119312526326439/d161787d497.htm,2026-09-26 13:40:27.173540,200.0,fd29b9dcfee58630afe0e308d3fe3466b80df1cde8a0af6d24299e0f797acb7d,SUCCESS,2.1826984000217635,
log_d4af69158ffe4875,sec_edgar_filings,US_ISHARES_IWM,https://www.sec.gov/Archives/edgar/data/1100663/000119312526307874/d94466d497.htm,2026-09-26 13:40:29.677206,200.0,ece03ba68a5aaf3c817c4f6b9bd64b677ead55387401497b6c00f84cff703039,SUCCESS,2.6104725999757648,
log_9b9085b1214147f8,sec_edgar_filings,US_ISHARES_IWM,https://www.sec.gov/Archives/edgar/data/1100663/000119312526306133/d157213d497.htm,2026-09-26 13:40:32.177888,200.0,a9dad30a31ad649f3cf48231a29734ed55bbc27ba5d1bc578c1c4c33c984eacd,SUCCESS,3.2865998999914154,
log_1812da024f9c4b0c,sec_edgar_filings,US_ISHARES_IWM,https://www.sec.gov/Archives/edgar/data/1100663/000119312526306123/d160783d497.htm,2026-09-26 13:40:34.678159,200.0,9e374339c503ac1f3afbf3a6dc056115cfdc9d347ed16bd29782dde2f08116c1,SUCCESS,1.5681455000012647,
log_68b0025c6d1f43f6,sec_edgar_filings,US_ISHARES_IWM,https://www.sec.gov/Archives/edgar/data/1100663/000119312526306122/d145677d497.htm,2026-09-26 13:40:37.178563,200.0,8589633deb798a60f69354eba15cf808392dbe86479e9022b7d24bb6eaa8cf04,SUCCESS,2.3497478000062983,
log_3b50cd8bd69144bf,sec_edgar_filings,US_ISHARES_IWM,https://www.sec.gov/Archives/edgar/data/1100663/000119312526306120/d151429d497.htm,2026-09-26 13:40:39.678936,200.0,dd1fdf7770161ec03ecf76037796c9a8e9abf891cd94766b425761307a09a189,SUCCESS,2.4963572999986354,
log_ede6cc0c42814f5a,sec_edgar_filings,US_ISHARES_IWM,https://www.sec.gov/Archives/edgar/data/1100663/000119312526306119/d154864d497.htm,2026-09-26 13:40:42.179850,200.0,7c7159c45b0a42513d6d7a90b8da303ec3b521f540dce139268f1768d015c253,SUCCESS,2.8967161999898963,
log_13d2dd8c34c64d31,sec_edgar_filings,US_ISHARES_IWM,https://www.sec.gov/Archives/edgar/data/1100663/000119312526306116/d155509d497.htm,2026-09-26 13:40:44.680469,200.0,ca038d7e15083df015eabe836cc73d1a42841d009c8618643512a730cd67f53f,SUCCESS,1.740051200002199,
log_32bd61f6087f46b2,sec_edgar_filings,US_ISHARES_IWM,https://www.sec.gov/Archives/edgar/data/1100663/000119312526306115/d156341d497.htm,2026-09-26 13:40:47.181030,200.0,6a496bc7d22bed5123125cb7712cf7812e39d4640163dce29eb3d5ecd1f4bf47,SUCCESS,2.5251217000186443,
log_a0536d964a904073,sec_edgar_filings,US_ISHARES_IWM,https://www.sec.gov/Archives/edgar/data/1100663/000119312526300908/d898074d497.htm,2026-09-26 13:40:49.681422,200.0,3e6d6cb4e9d5e319e905d0517c8c81e27ef8f049a5ee7979dc656693dcabe5e8,SUCCESS,2.4049439000082202,
log_a935d31a92ed4595,sec_edgar_filings,US_ISHARES_IWM,https://www.sec.gov/Archives/edgar/data/1100663/000119312526294655/d83700d497.htm,2026-09-26 13:40:52.181778,200.0,e8b2fea09a8fe965aecb2c68b1d5d9762df5969614f02c334c4e59347a6fa57d,SUCCESS,3.076404100022046,
log_9b3dc920a2684e6d,sec_edgar_filings,US_ISHARES_IWM,https://www.sec.gov/Archives/edgar/data/1100663/000119312526293181/d83700d497.htm,2026-09-26 13:40:54.682192,200.0,e8f5a24b7941ee340b2658503a979bf50cff8d427ba84b0f1f9beef45ad6220d,SUCCESS,2.424634800001513,
log_3aacaa612e514733,sec_edgar_filings,US_ISHARES_IWM,https://www.sec.gov/Archives/edgar/data/1100663/000119312526292033/d110723d497.htm,2026-09-26 13:40:57.182623,200.0,7079e7b67616604fea2e6705db4f54ad9be03ac09d45f24c26791ec1f59f0259,SUCCESS,2.4324470999999903,
log_0a65defcd41546ed,sec_edgar_filings,US_ISHARES_IWM,https://www.sec.gov/Archives/edgar/data/1100663/000119312526291166/d10430d497.htm,2026-09-26 13:40:59.683177,200.0,2b68846bec4b87534a84a40c21287c4b487928c4bd4e9ce9eef95400f4881a20,SUCCESS,2.6313669999944977,
log_6d09be74df0641a1,sec_edgar_filings,US_ISHARES_IWM,https://www.sec.gov/Archives/edgar/data/1100663/000119312526376132/d164169d497.htm,2026-09-26 13:41:02.183713,200.0,f292ea03a7b41ecd56cbffeab5257516e8fec1022c3f4ad9556d81338a05c1f1,SUCCESS,2.3449955000251066,
log_cc6019c4397b4ca2,sec_edgar_filings,US_ISHARES_IWM,https://www.sec.gov/Archives/edgar/data/1100663/000119312526376116/d163838d497.htm,2026-09-26 13:41:04.742191,200.0,bfb1512e0663a51c307efe1528613329a962c689781a152e98487604b2cddf93,SUCCESS,2.43444010001258,
log_58c28e37d58146df,sec_edgar_filings,US_ISHARES_IWM,https://www.sec.gov/Archives/edgar/data/1100663/000119312526376106/d163946d497.htm,2026-09-26 13:41:07.242450,200.0,b817e92971553388949ecfb6bdb93d61fcb1e847f7eebab8d2727665ded240bf,SUCCESS,2.5683966999931727,
log_ecc08dea5b934b93,sec_edgar_filings,US_ISHARES_IWM,https://www.sec.gov/Archives/edgar/data/1100663/000119312526361162/d133118d497.htm,2026-09-26 13:41:09.742688,200.0,76b1ea9ac40a6b517caf643e713dbe64ed9e90bc2921725f8029e3223ecda59b,SUCCESS,2.4326309000025503,
log_62153e596b7e45cd,sec_edgar_filings,US_ISHARES_IWM,https://www.sec.gov/Archives/edgar/data/1100663/000119312526354177/d153282d497.htm,2026-09-26 13:41:12.243025,200.0,9bec2fc7e5a69ef29a95ccd8530ca371c69987d4094d5dab7dc6340d263e071e,SUCCESS,2.4919703000050504,
log_7457209b4875438d,sec_edgar_filings,US_ISHARES_IWM,https://www.sec.gov/Archives/edgar/data/1100663/000119312526352275/d129369d497.htm,2026-09-26 13:41:14.743378,200.0,692c91c055a773e202244fb5ff32263ac76740e73e89e012fa6e8b75816a41ff,SUCCESS,2.539084100018954,
log_34d2bbb46c424ebc,sec_edgar_filings,US_ISHARES_IWM,https://www.sec.gov/Archives/edgar/data/1100663/000119312526338192/d114838d497.htm,2026-09-26 13:41:17.243834,200.0,d4c38eba0231e950a1c9fd7415b294cefb64770e7c25a88dc70ce9a66a613073,SUCCESS,2.432215399981942,
log_9c4e448fcb7c4c55,sec_edgar_filings,US_ISHARES_IWM,https://www.sec.gov/Archives/edgar/data/1100663/000119312526338183/d89689d497.htm,2026-09-26 13:41:19.744132,200.0,d9bd8e1943854d56e26635ebcb86f5f05085ddd325e97bb9e1b8e352992b3d44,SUCCESS,2.529332299978705,
log_74cf92d5c8c6492e,sec_edgar_filings,US_ISHARES_IWM,https://www.sec.gov/Archives/edgar/data/1100663/000119312526338154/d83054d497.htm,2026-09-26 13:41:22.244732,200.0,5d8a2e8962feaefe5267f62857f5ffac52d1b06834515413e0aedcdafb44266f,SUCCESS,2.5259535999794025,
log_cd698496768a491c,sec_edgar_filings,US_ISHARES_IWM,https://www.sec.gov/Archives/edgar/data/1100663/000119312526330968/d55058d497.htm,2026-09-26 13:41:24.744967,200.0,1453a922fcb3e15b8a1571f2e31e8acb6ba9244e25b4e93ba41d830f527cf60a,SUCCESS,2.468136300012702,
log_3e41af987e8b4736,sec_edgar_filings,US_ISHARES_IWM,https://www.sec.gov/Archives/edgar/data/1100663/000119312526398125/d181895d497.htm,2026-09-26 13:41:27.245244,200.0,f90830fac01431c0cce67505b4647302913ccecebcd4897a5474b036a096be1a,SUCCESS,2.36863490001997,
log_afc9ca7859b848d7,sec_edgar_filings,US_ISHARES_IWM,https://www.sec.gov/Archives/edgar/data/1100663/000119312526395798/d165827d497.htm,2026-09-26 13:41:29.745566,200.0,0c3cfe67e6af77e64d9e6d04065c6d22ad980a74e3015a41c0ecd33d9dc6da89,SUCCESS,3.94452600000659,
log_6d1b20fc7e2f448d,sec_edgar_filings,US_ISHARES_IWM,https://www.sec.gov/Archives/edgar/data/1100663/000119312526389306/d135258d497.htm,2026-09-26 13:41:32.245935,200.0,68df629271f45e35a78889b2d64132946935c6f0fb8a92dc302f4349ac48c807,SUCCESS,1.084238200011896,
log_11275316b63b440b,sec_edgar_filings,US_ISHARES_IWM,https://www.sec.gov/Archives/edgar/data/1100663/000119312526383660/d118308d497.htm,2026-09-26 13:41:34.746216,200.0,5218173e9800d7c826c95a828c16d2380143629ee41bd16d8827bad9e5ef1502,SUCCESS,2.466019799991045,
log_3b564962637d454b,sec_edgar_filings,US_ISHARES_IWM,https://www.sec.gov/Archives/edgar/data/1100663/000119312526380260/d535954d497.htm,2026-09-26 13:41:37.246497,200.0,b2116b75eacee79bb4c3395bb99c62ba989cea3ff221ac6348d97bfac4130311,SUCCESS,3.204042199999094,
log_50b521336a7743ae,sec_edgar_filings,US_ISHARES_IWM,https://www.sec.gov/Archives/edgar/data/1100663/000119312526377124/d133702d497.htm,2026-09-26 13:41:39.746999,200.0,0a95c885d359ec7d9ebfe6b55935c1450be2f223c69a0edaa7022469da13cce9,SUCCESS,1.8730146999878343,
log_6c5adf7b11304f50,sec_edgar_submissions_api,US_ISHARES_HYG,https://data.sec.gov/submissions/CIK0001100663.json,2026-09-26 13:41:45.441460,200.0,bb6aec42416c270a7fb00e6ea1740fc7c718e3847f412ae57f09dc867c5e1fc0,SUCCESS,2.900834300002316,
log_aae4fe65594d479f,sec_edgar_submissions_api,US_ISHARES_HYG,https://data.sec.gov/submissions/CIK0001100663-submissions-002.json,2026-09-26 13:41:47.942192,200.0,ad220ef41a624867cdf87d37d40a407f1f177df021b340bd29797de6991a987d,SUCCESS,1.943277800019132,
log_2dd979b619de4b5a,official_fund_sponsor_page,US_ISHARES_HYG,https://www.ishares.com/us/products/239565/,2026-09-26 13:41:51.786697,403.0,,RETRIEVAL_FAILED,2.0286161999974865,HTTP 403: Forbidden
log_468c42ae5ecc4408,sec_edgar_filings,US_ISHARES_HYG,https://www.sec.gov/Archives/edgar/data/1100663/000119312524245748/d843984d497.htm,2026-09-26 13:41:55.373512,200.0,73cd78c59440c22b4db721a87e2892f80d4c4f45a394ece6826d7125bf1fd801,SUCCESS,2.84098159999121,
log_8444daf2628e4313,sec_edgar_filings,US_ISHARES_HYG,https://www.sec.gov/Archives/edgar/data/1100663/000119312524242848/d866922d497.htm,2026-09-26 13:41:57.873613,200.0,1f5a90ec402fe09bb4b06e8f3a31c4621f53c31a38502ae46b196363a104a8b5,SUCCESS,1.4980523999838624,
log_a6ce2ce9ff2e430b,sec_edgar_filings,US_ISHARES_HYG,https://www.sec.gov/Archives/edgar/data/1100663/000119312524239640/d895738d497.htm,2026-09-26 13:42:00.374105,200.0,ea0d28b5f47a015457e4aded5c16e673c9ce9f5c9c8fd071c3541ec3d4ebd2fe,SUCCESS,2.536922900006175,
log_b81cac9574224464,sec_edgar_filings,US_ISHARES_HYG,https://www.sec.gov/Archives/edgar/data/1100663/000119312524238913/d894453d497.htm,2026-09-26 13:42:02.874849,200.0,58691ce5e5a1ebc3bedc51cc98d5cf7c67e6fd7e6d6a4bf1ddc14aec0332f2a0,SUCCESS,3.701350099989213,
log_770d482680d144f4,sec_edgar_filings,US_ISHARES_HYG,https://www.sec.gov/Archives/edgar/data/1100663/000119312524238908/d894041d497.htm,2026-09-26 13:42:05.375104,200.0,5a971737e3d25608d6874bb6ff5ede8c0e0f392b86a86297d45b641472fc86cf,SUCCESS,1.3077963999821804,
log_f5f3eb44224f49af,sec_edgar_filings,US_ISHARES_HYG,https://www.sec.gov/Archives/edgar/data/1100663/000119312524238902/d890449d497.htm,2026-09-26 13:42:07.875390,200.0,e8f91d733b89b0732f87820bb0ceb5ef936e75cb702bb1a26cd77603b9d2006e,SUCCESS,2.4587012999982107,
log_ecc113b7a825400b,sec_edgar_filings,US_ISHARES_HYG,https://www.sec.gov/Archives/edgar/data/1100663/000119312524238835/d860426d497.htm,2026-09-26 13:42:10.375750,200.0,3b8598f26180a24673c2565d9bc505ec40d04445a8a0dbf3b84ca346ef55d512,SUCCESS,2.432360000006156,
log_1988cf1fd5b74383,sec_edgar_filings,US_ISHARES_HYG,https://www.sec.gov/Archives/edgar/data/1100663/000119312524236754/d131931d497.htm,2026-09-26 13:42:12.876395,200.0,578972467512d796af102d2558b629a84edab1a26e1e8a20c02f308698da48e0,SUCCESS,3.01511930002016,
log_cb3d54300fd84ee9,sec_edgar_filings,US_ISHARES_HYG,https://www.sec.gov/Archives/edgar/data/1100663/000119312524233837/d788518d497.htm,2026-09-26 13:42:15.377865,200.0,deb9d0231aa987b37c95f7f01e5eeaaf234f61414fd81712237ca3d26070801d,SUCCESS,2.3014667999814264,
log_d5a5b4821ed040c4,sec_edgar_filings,US_ISHARES_HYG,https://www.sec.gov/Archives/edgar/data/1100663/000119312524229262/d814275d497.htm,2026-09-26 13:42:17.878883,200.0,8d28d6076b70d64c34e1b22e274410cda81084450db5baaebcca312b985f86d5,SUCCESS,2.663827200012747,
log_fb7a30717da74e77,sec_edgar_filings,US_ISHARES_HYG,https://www.sec.gov/Archives/edgar/data/1100663/000119312524267301/d875052d497.htm,2026-09-26 13:42:20.379511,200.0,994014a2e0c0c803bb01c525eeb5f5d10730c70dfd1dea3243be587b097bbe34,SUCCESS,4.3001521000114735,
log_f7b66f5e7b2148b0,sec_edgar_filings,US_ISHARES_HYG,https://www.sec.gov/Archives/edgar/data/1100663/000119312524261914/d911527d497.htm,2026-09-26 13:42:24.776142,200.0,cda2e2e9ec0d7871884db0a66c3f2253f75e092f5810545551f3359c99e7a94a,SUCCESS,1.0326512000174262,
log_a7ddaabd7f864895,sec_edgar_filings,US_ISHARES_HYG,https://www.sec.gov/Archives/edgar/data/1100663/000119312524287196/d848374d497.htm,2026-09-26 13:42:27.276313,200.0,2c5f89057381013b3ca8bb9e1d1f3c4d684651933a3aeec48a8f89cb33b45cfe,SUCCESS,2.278701799979899,
log_730dff0acbc34c67,sec_edgar_filings,US_ISHARES_HYG,https://www.sec.gov/Archives/edgar/data/1100663/000119312524287179/d842136d497.htm,2026-09-26 13:42:29.776568,200.0,c84055937d160d9cce60f79b7ab9735d86377ff76c5e315b0fa05a342e0bfb64,SUCCESS,2.8421645000053104,
log_f87faf322f6044d3,sec_edgar_filings,US_ISHARES_HYG,https://www.sec.gov/Archives/edgar/data/1100663/000119312524286941/d916258d497.htm,2026-09-26 13:42:32.277211,200.0,9925703ee2adb913becaafb685335ea082fadad4bacf8975e90abf5a4bcbb54a,SUCCESS,2.1608272999874316,
log_f8c3ca0a12854891,sec_edgar_filings,US_ISHARES_HYG,https://www.sec.gov/Archives/edgar/data/1100663/000119312524286938/d915949d497.htm,2026-09-26 13:42:34.777505,200.0,58672fb3187fd7cd6a35cab35a21e65a2910a998d9784c569b2474972c9b723d,SUCCESS,2.743218199990224,
log_5e60ded3ef5d49b4,sec_edgar_filings,US_ISHARES_HYG,https://www.sec.gov/Archives/edgar/data/1100663/000119312524283370/d901579d497.htm,2026-09-26 13:42:37.277852,200.0,0e1b3775a196226c6b5ed01264e821a75e16949946f26cbad676252063283e77,SUCCESS,2.577568300010171,
log_46684e89c76347f4,sec_edgar_filings,US_ISHARES_HYG,https://www.sec.gov/Archives/edgar/data/1100663/000119312524283367/d869601d497.htm,2026-09-26 13:42:39.778041,200.0,d0ef04e6c4c83dd9668a89307f67f2404251b555e865099b25ba5ea662a4d3d7,SUCCESS,2.0465670000121463,
log_fbac2c103ce24c08,sec_edgar_filings,US_ISHARES_HYG,https://www.sec.gov/Archives/edgar/data/1100663/000119312524282143/d901522d497.htm,2026-09-26 13:42:42.278327,200.0,318477ac4529a7b02621ccb18838b87e5e38ffffcb2b29f0f8d7b2f468cbef26,SUCCESS,2.288916399993468,
log_1c8683da015c466c,sec_edgar_filings,US_ISHARES_HYG,https://www.sec.gov/Archives/edgar/data/1100663/000119312524282139/d901516d497.htm,2026-09-26 13:42:44.778619,200.0,ca66868c7cba898da6922427eb27d81a405894a6eebfbb3474ff130df5cf999c,SUCCESS,2.404940300009912,
log_98a9699192ca4428,sec_edgar_filings,US_ISHARES_HYG,https://www.sec.gov/Archives/edgar/data/1100663/000119312524281940/d826977d497.htm,2026-09-26 13:42:47.279294,200.0,800d5cf486e2fb95e45173b99dd4120efe0e90ad9a51b0fdcdd479bf8e32183a,SUCCESS,2.8625666000007186,
log_ec6ed7cc6b6f4271,sec_edgar_filings,US_ISHARES_HYG,https://www.sec.gov/Archives/edgar/data/1100663/000119312524271487/d904601d497.htm,2026-09-26 13:42:49.779563,200.0,0ee77de6ba3db7adbc70affe8919d2663fdec24e83bcbd247571ae1518849360,SUCCESS,2.47060450000572,
log_267c898410384c82,sec_edgar_filings,US_ISHARES_HYG,https://www.sec.gov/Archives/edgar/data/1100663/000119312524271371/d876550d497.htm,2026-09-26 13:42:52.279733,200.0,f18fb9460288f770219675492a623770ad545701783d5a971c3fb6db8e3effa0,SUCCESS,2.058703799993964,
log_0623fb7f84cd4c20,sec_edgar_submissions_api,US_ISHARES_HYG,https://data.sec.gov/submissions/CIK0001100663-submissions-001.json,2026-09-26 13:42:53.472111,200.0,4b0840de53146277b9c65f543745bdc767e1b1fe714103072c3a78695ac3aa0e,SUCCESS,2.55781259998912,
log_264fb8d5f4314c43,sec_edgar_filings,US_ISHARES_HYG,https://www.sec.gov/Archives/edgar/data/1100663/000119312525011478/d925726d497.htm,2026-09-26 13:42:56.040703,200.0,f3664cc090ef0083395e6c1d676e0ec279501c929ef184749cbafa72846fd637,SUCCESS,1.0085242000059225,
log_aa651a3b6bee4920,sec_edgar_filings,US_ISHARES_HYG,https://www.sec.gov/Archives/edgar/data/1100663/000119312525008535/d136256d497.htm,2026-09-26 13:42:58.541452,200.0,1ff29213a01028ad45429b0b9d6b52dcaa727548883a2c547733afa0ba2750ff,SUCCESS,2.4700931000115816,
log_79434a57e4d44333,sec_edgar_filings,US_ISHARES_HYG,https://www.sec.gov/Archives/edgar/data/1100663/000119312525007202/d921290d497.htm,2026-09-26 13:43:01.041720,200.0,3028657a53eda3bf72c5a54a0004b6a982e4cd55ed9bebf07cdc07014eca799c,SUCCESS,2.7285619000031147,
log_03346abe712c40f2,sec_edgar_filings,US_ISHARES_HYG,https://www.sec.gov/Archives/edgar/data/1100663/000119312524287209/d886745d497.htm,2026-09-26 13:43:03.541990,200.0,f774954618d5741901ac4565eeb2a7a11825afca65900f54e59493db7e251d4c,SUCCESS,2.514681100001326,
log_2fed7ea5a7a04d4a,sec_edgar_filings,US_ISHARES_HYG,https://www.sec.gov/Archives/edgar/data/1100663/000119312525042406/d905405d497.htm,2026-09-26 13:43:06.042245,200.0,a40b5b7c77c7bed584c0e3c41a61ce151a3e8c4a3e85184c073c04abf40060a0,SUCCESS,2.192939500004286,
log_8959271ba6b84e88,sec_edgar_filings,US_ISHARES_HYG,https://www.sec.gov/Archives/edgar/data/1100663/000119312525030937/d895008d497.htm,2026-09-26 13:43:08.542700,200.0,cce4b67c1cca8afb08f9639d26ba1de588a8546f33ec461622e02bbed74af122,SUCCESS,2.28700030001346,
log_bd6069bd09474127,sec_edgar_filings,US_ISHARES_HYG,https://www.sec.gov/Archives/edgar/data/1100663/000119312525029722/d925698d497.htm,2026-09-26 13:43:11.043811,200.0,03ebc8cf5cc2b9853c8e5193e6b68c1b2b71b726ce03ae486da082457a9bbf0c,SUCCESS,2.639100500004133,
log_6e9b941e89814058,sec_edgar_filings,US_ISHARES_HYG,https://www.sec.gov/Archives/edgar/data/1100663/000119312525029678/d932649d497.htm,2026-09-26 13:43:13.544922,200.0,5f69625987e6b328c3167c7c0fac7b80890ab63ba5f57d870fd46a0204661c54,SUCCESS,2.48280130000785,
log_91d44ce46ec54f93,sec_edgar_filings,US_ISHARES_HYG,https://www.sec.gov/Archives/edgar/data/1100663/000119312525028799/d892616d497.htm,2026-09-26 13:43:16.045022,200.0,02cc3d884d85c2d9ef427144b4c983ba4769bf5d459cf6aa56d1020f8f6f0c5f,SUCCESS,3.4376767999783624,
log_6ce11c3a09e247be,sec_edgar_filings,US_ISHARES_HYG,https://www.sec.gov/Archives/edgar/data/1100663/000119312525021017/d906687d497.htm,2026-09-26 13:43:18.545213,200.0,56a66b99815118f99a046fb15a38a9d3862dc2c2d9fa9b6541c8c024e3710029,SUCCESS,1.5925335999927483,
log_0f99608964a94ede,sec_edgar_filings,US_ISHARES_HYG,https://www.sec.gov/Archives/edgar/data/1100663/000119312525062530/d905260d497.htm,2026-09-26 13:43:21.045317,200.0,d53dcc1164a6cbd06effdf058a8eeb0bd607fbd470e80c2f9a88a64871f13e8a,SUCCESS,2.3956669000035618,
log_7812d3d7790c4b3f,sec_edgar_filings,US_ISHARES_HYG,https://www.sec.gov/Archives/edgar/data/1100663/000119312525061395/d905254d497.htm,2026-09-26 13:43:23.546028,200.0,01b4962adcb1e3c59fe864aabac99adca02b1515d2b2acea9c2b2c9c8692bdce,SUCCESS,2.481950200017309,
log_c67db36e13fd4553,sec_edgar_filings,US_ISHARES_HYG,https://www.sec.gov/Archives/edgar/data/1100663/000119312525060393/d927851d497.htm,2026-09-26 13:43:26.046316,200.0,0c2fc85960f736c95a96e3055b59fabb1f1d8e3c2cc62a540c567c882e63c872,SUCCESS,2.4954887999920174,
log_00536d0c79104f6b,sec_edgar_filings,US_ISHARES_HYG,https://www.sec.gov/Archives/edgar/data/1100663/000119312525057907/d735691d497.htm,2026-09-26 13:43:28.546600,200.0,9de8e5b1a19a3cb51d50d0e2a5ed98306a03cbc40358ec14c3f07a4e6c6b4075,SUCCESS,2.59302359999856,
log_4f1a2f52742343b1,sec_edgar_filings,US_ISHARES_HYG,https://www.sec.gov/Archives/edgar/data/1100663/000119312525083044/d766022d497.htm,2026-09-26 13:43:31.047517,200.0,1811c75c01a16c8e6dfdde84fdc20a7250d5630af06c4683c08c2b8f2bc76435,SUCCESS,2.4927727000031155,
log_773e734d3e284fff,sec_edgar_filings,US_ISHARES_HYG,https://www.sec.gov/Archives/edgar/data/1100663/000119312525080178/d883981d497.htm,2026-09-26 13:43:33.555196,200.0,bd61602ea1a25b0c6aff2ed976674be824a5f6de3990710e4476c1c577638b7a,SUCCESS,2.635593599989079,
log_edcab84af3a24f9b,sec_edgar_filings,US_ISHARES_HYG,https://www.sec.gov/Archives/edgar/data/1100663/000119312525080167/d945860d497.htm,2026-09-26 13:43:36.055484,200.0,57743c011c824292d57e2b132a6d929f2ba050e2b381438049ed3ea487c87f0b,SUCCESS,2.048088799987454,
log_71661bf4133748fb,sec_edgar_filings,US_ISHARES_HYG,https://www.sec.gov/Archives/edgar/data/1100663/000119312525073419/d941411d497.htm,2026-09-26 13:43:38.555730,200.0,f38944bd289fef91d0e3f29f4733b2d9b075b27d3038656379ac3f314451af66,SUCCESS,2.6098924999823794,
log_7a6676737cc44a2f,sec_edgar_filings,US_ISHARES_HYG,https://www.sec.gov/Archives/edgar/data/1100663/000119312525073416/d940735d497.htm,2026-09-26 13:43:41.056075,200.0,44fa50fecf601612aa223e1c6278fc06779ef1ceb060246ad51942e4b49729ef,SUCCESS,2.475538600003347,
log_519abfd5f7704c34,sec_edgar_filings,US_ISHARES_HYG,https://www.sec.gov/Archives/edgar/data/1100663/000119312525072394/d896448d497.htm,2026-09-26 13:43:43.556540,200.0,cd66eb18ab2124907da3cb9929d864a1dfc1211d43ed39ec8d640ca5b45e656b,SUCCESS,2.465160499996273,
log_a2217ebd13584425,sec_edgar_filings,US_ISHARES_HYG,https://www.sec.gov/Archives/edgar/data/1100663/000119312525069353/d735233d497.htm,2026-09-26 13:43:46.056882,200.0,bd631bfadae77be216c92b72654dfd4504e6e2a746c481c9023e2837da1fc9a1,SUCCESS,2.4912006000231486,
log_628d2df235844fb7,sec_edgar_filings,US_ISHARES_HYG,https://www.sec.gov/Archives/edgar/data/1100663/000119312525068983/d917197d497.htm,2026-09-26 13:43:48.557614,200.0,4681f150652580c721432b2c6bc1aba6a2b73381b164b559e6768b376076469a,SUCCESS,2.4684348999871872,
log_7b9297dc2e3e42ef,sec_edgar_filings,US_ISHARES_HYG,https://www.sec.gov/Archives/edgar/data/1100663/000119312525130716/d892250d497.htm,2026-09-26 13:43:51.057994,200.0,07097d37d41b28b001e461b999b8e03d0acf90aa0b97c6d92e39b5387157079c,SUCCESS,3.097150999994483,
log_af84fc823f5542c4,sec_edgar_filings,US_ISHARES_HYG,https://www.sec.gov/Archives/edgar/data/1100663/000119312525121682/d15263d497.htm,2026-09-26 13:43:53.559595,200.0,5293c75e44da6168a77d4016250a479abfa0047f1baf52210cb46fa79dd15a10,SUCCESS,1.523583400005009,
log_7d7d2afd98114103,sec_edgar_filings,US_ISHARES_HYG,https://www.sec.gov/Archives/edgar/data/1100663/000119312525152756/d20784d497.htm,2026-09-26 13:43:56.059948,200.0,a0f7d16dba80cd489ec03d4ba26e79aac85fbe741494e7bb442064056aa3f986,SUCCESS,2.3368090000003576,
log_af41eefe282e4cf9,sec_edgar_filings,US_ISHARES_HYG,https://www.sec.gov/Archives/edgar/data/1100663/000119312525152664/d892910d497.htm,2026-09-26 13:43:58.560669,200.0,97e2ee0c713fcb5de4514cbdc2e4bb7c23da21e109d95ab31a9df7878b25c2c9,SUCCESS,2.520470000017667,
log_f4794f9ac50b490e,sec_edgar_filings,US_ISHARES_HYG,https://www.sec.gov/Archives/edgar/data/1100663/000119312525152656/d62694d497.htm,2026-09-26 13:44:01.061091,200.0,dd9998f610aa00a9f785a7ad8373d9261cb8a4ce31cc451303a5c00d2430f900,SUCCESS,2.587411999993492,
log_33c42bd17dd44d88,sec_edgar_filings,US_ISHARES_HYG,https://www.sec.gov/Archives/edgar/data/1100663/000119312525151483/d858154d497.htm,2026-09-26 13:44:03.561521,200.0,800c8beabe6173b381bd2ad13c7e7f26ba6ffe3bce326f1551ac5b4f78f1ae9d,SUCCESS,2.9171487000130583,
log_6f1fb7076ff646d0,sec_edgar_filings,US_ISHARES_HYG,https://www.sec.gov/Archives/edgar/data/1100663/000119312525151481/d937804d497.htm,2026-09-26 13:44:06.061994,200.0,195666b0e83bd51ac0216adecf97dfeb363f47ffd8ff0e906bd8a698c26bd2dd,SUCCESS,2.097822100011399,
log_e392cff0d885477a,sec_edgar_filings,US_ISHARES_HYG,https://www.sec.gov/Archives/edgar/data/1100663/000119312525151480/d926596d497.htm,2026-09-26 13:44:08.562438,200.0,6ea7212d37d29bfd65daa13de43da08de17d24d6903c214bc9131f83f36dbff1,SUCCESS,2.436677599995164,
log_e3f43c590ecb4ab8,sec_edgar_filings,US_ISHARES_HYG,https://www.sec.gov/Archives/edgar/data/1100663/000119312525151477/d933980d497.htm,2026-09-26 13:44:11.062885,200.0,c74ad6fda7f693fcbe610943818f3322a26b4ed9c0c869d964591bba02bdedcf,SUCCESS,2.4317912999831606,
log_963554a4b31b4a8f,sec_edgar_filings,US_ISHARES_HYG,https://www.sec.gov/Archives/edgar/data/1100663/000119312525151475/d935891d497.htm,2026-09-26 13:44:13.563287,200.0,da59631fa4508681409796536742272a66bd26b791668d067a57311090715cbf,SUCCESS,2.524447900010273,
log_6ac9ec4f7476425b,sec_edgar_filings,US_ISHARES_HYG,https://www.sec.gov/Archives/edgar/data/1100663/000119312525151413/d80969d497.htm,2026-09-26 13:44:16.064016,200.0,6102ca7a81826d94c443591375f16c32e26d26670fc6e60fc7246b25f072689a,SUCCESS,2.7380836000083946,
log_b915e431917e4d84,sec_edgar_filings,US_ISHARES_HYG,https://www.sec.gov/Archives/edgar/data/1100663/000119312525149660/d858192d497.htm,2026-09-26 13:44:18.564874,200.0,9f7afa070a3212af18e457a0c6d61420a835a25bb174ea6ee92718fef8a73baf,SUCCESS,2.2234516000025906,
log_78d7697d7c244bd4,sec_edgar_filings,US_ISHARES_HYG,https://www.sec.gov/Archives/edgar/data/1100663/000119312525149296/d833515d497.htm,2026-09-26 13:44:21.065159,200.0,2b206ff3b8e5036039bde3ece4dcaddc210a3ddd15cfe20e1d4343277e303650,SUCCESS,2.7419854999752715,
log_0dcc30fb034b4e81,sec_edgar_filings,US_ISHARES_HYG,https://www.sec.gov/Archives/edgar/data/1100663/000119312525144688/d910466d497.htm,2026-09-26 13:44:23.565874,200.0,3351a3d69c49a2e9cf07f93969c88618483a4ea2c80f07a230e90a57fb46c66f,SUCCESS,1.8588764000160154,
log_69a511be87174310,sec_edgar_filings,US_ISHARES_HYG,https://www.sec.gov/Archives/edgar/data/1100663/000119312525144683/d923637d497.htm,2026-09-26 13:44:26.066149,200.0,b6594468bd3fda66ec0d2191496c71c17466739dcb62bc71de7ebaf4fd89f71d,SUCCESS,2.887801100005163,
log_aa2510054d5b4132,sec_edgar_filings,US_ISHARES_HYG,https://www.sec.gov/Archives/edgar/data/1100663/000119312525143780/d945286d497.htm,2026-09-26 13:44:28.566675,200.0,b8b1b011297fa3486bca11c99dc447d387100b5b691454f43c4f894731745b12,SUCCESS,2.0856927999993786,
log_8962257d78df4923,sec_edgar_filings,US_ISHARES_HYG,https://www.sec.gov/Archives/edgar/data/1100663/000119312525140815/d92035d497.htm,2026-09-26 13:44:31.067012,200.0,344eabd3caf3b12a3bca39e08c7c2bfaa4ad3512bce029cf65eac850d3fca7be,SUCCESS,2.4017618999932893,
log_c8d30f6d92d54dc8,sec_edgar_filings,US_ISHARES_HYG,https://www.sec.gov/Archives/edgar/data/1100663/000119312525132329/d925393d497.htm,2026-09-26 13:44:33.567272,200.0,0c3214405434124e69c1edb277d1dda32e17fb42945053f19de08c499bd6962a,SUCCESS,2.444863799988525,
log_b5be4fcaf3cd493d,sec_edgar_filings,US_ISHARES_HYG,https://www.sec.gov/Archives/edgar/data/1100663/000119312525132328/d944327d497.htm,2026-09-26 13:44:36.067525,200.0,5a6b2e8df13cdfbe74a52ccc50f7c244a911c4f44716de5206e107f6058653d5,SUCCESS,2.844760400010273,
log_38a7aee193254042,sec_edgar_filings,US_ISHARES_HYG,https://www.sec.gov/Archives/edgar/data/1100663/000119312525166407/d80334d497.htm,2026-09-26 13:44:38.567863,200.0,5976ca2bccd9cb3ba9ea478782537a52ee1716cfd78078aa6265345769615ff4,SUCCESS,1.984404100017855,
log_07182cdc67844b83,sec_edgar_filings,US_ISHARES_HYG,https://www.sec.gov/Archives/edgar/data/1100663/000119312525166411/d16437d497.htm,2026-09-26 13:44:41.068330,200.0,18b745b6a77097bdbe7dd40937ad6c1f2283ff0da4a6a4cd3712ed4efc690074,SUCCESS,2.502272500016261,
log_9f5140c1669a4cc5,sec_edgar_filings,US_ISHARES_HYG,https://www.sec.gov/Archives/edgar/data/1100663/000119312525164409/d45758d497.htm,2026-09-26 13:44:43.568749,200.0,32ec927d59fabaae7067046a32ae851a11f13a81c7b21d8984b618c0367653fc,SUCCESS,2.5271021999942604,
log_16ab742afc7c40d1,sec_edgar_filings,US_ISHARES_HYG,https://www.sec.gov/Archives/edgar/data/1100663/000119312525162592/d940331d497.htm,2026-09-26 13:44:46.069284,200.0,fcf8f9a72c67062f989b98521403754a87a82d794fe22eafea09ceda5297284f,SUCCESS,2.449441000004299,
log_5883aa348d754ffb,sec_edgar_filings,US_ISHARES_HYG,https://www.sec.gov/Archives/edgar/data/1100663/000119312525162588/d936063d497.htm,2026-09-26 13:44:48.570578,200.0,8aaf5dd09282553b931c85ced5cb7a9cb3a563adab734542dc17a0b4e5e449c9,SUCCESS,2.6628192999924067,
log_fe3fd8bc35be414f,sec_edgar_filings,US_ISHARES_HYG,https://www.sec.gov/Archives/edgar/data/1100663/000119312525160527/d100349d497.htm,2026-09-26 13:44:51.071963,200.0,5b9fc2fe52399e6e0802341de8b83c6254a0b52a42a9bdbf3d5ae9d9dd13074a,SUCCESS,2.457184700004291,
log_6cec33e23a5047f0,sec_edgar_filings,US_ISHARES_HYG,https://www.sec.gov/Archives/edgar/data/1100663/000119312525158223/d938286d497.htm,2026-09-26 13:44:53.572129,200.0,36f45b7e9bce75647c3ab6c4430f93ee147ec51161a6e776526b1781c52b21d5,SUCCESS,2.468257500004256,
log_36a7757ba27d4473,sec_edgar_filings,US_ISHARES_HYG,https://www.sec.gov/Archives/edgar/data/1100663/000119312525153117/d12766d497.htm,2026-09-26 13:44:56.072392,200.0,d901b7aa571666382f34663604e27babbd701f9abfef16520dcf6d610c33a1a7,SUCCESS,2.432684200000949,
log_fd803e30ec1c4bde,sec_edgar_filings,US_ISHARES_HYG,https://www.sec.gov/Archives/edgar/data/1100663/000119312525152941/d59861d497.htm,2026-09-26 13:44:58.573099,200.0,b5bad58aae955eb2685b7cefb977e0530f025607ad57268c2deeb5d9a670a17b,SUCCESS,2.5314269999798853,
log_f75ee880394f4bc7,sec_edgar_filings,US_ISHARES_HYG,https://www.sec.gov/Archives/edgar/data/1100663/000119312525192573/d81584d497.htm,2026-09-26 13:45:01.073401,200.0,aba18f15b38413c0fe4ebe678c157cd3dbf77704081446bdebec37d32a971350,SUCCESS,2.4411165000055917,
log_e31a386fc84d46d2,sec_edgar_filings,US_ISHARES_HYG,https://www.sec.gov/Archives/edgar/data/1100663/000119312525185435/d797607d497.htm,2026-09-26 13:45:03.573687,200.0,89f2e1a17120261d47d14c73bb53989ff12eebdb73a0f1048a442bfd81e36231,SUCCESS,4.406697800004622,
log_3c5e49e2975c452d,sec_edgar_filings,US_ISHARES_HYG,https://www.sec.gov/Archives/edgar/data/1100663/000119312525185274/d946888d497.htm,2026-09-26 13:45:06.543967,200.0,9f9ccbe56f8673cb4e0b5881038ca6e8b817f816b0447acff0f2620b4fb69767,SUCCESS,1.0464934000046924,
log_fb7bc92a779940e4,sec_edgar_filings,US_ISHARES_HYG,https://www.sec.gov/Archives/edgar/data/1100663/000119312525181867/d32380d497.htm,2026-09-26 13:45:09.044872,200.0,0d914b3094a3b114902160e3a8106f0efd06256e370e959ca30f3d7ee0b21752,SUCCESS,2.454058700008318,
log_fd1eae74d89947ff,sec_edgar_filings,US_ISHARES_HYG,https://www.sec.gov/Archives/edgar/data/1100663/000119312525178119/d945380d497.htm,2026-09-26 13:45:11.545237,200.0,666bc471b3e9b7a40976f1d298e5f516eea91fb1e94b82dfb38d492d1e64be4d,SUCCESS,2.6102256999874953,
log_30806c232ee24683,sec_edgar_filings,US_ISHARES_HYG,https://www.sec.gov/Archives/edgar/data/1100663/000119312525176991/d68767d497.htm,2026-09-26 13:45:14.045807,200.0,4f59848c0f238e853d2904736316d15848706000baa0d7d5612382769706bd7c,SUCCESS,2.7086801000114065,
log_32a1f2f25a8e4f8c,sec_edgar_filings,US_ISHARES_HYG,https://www.sec.gov/Archives/edgar/data/1100663/000119312525171727/d35987d497.htm,2026-09-26 13:45:16.547343,200.0,1a4bbfd46cb9059f052dbb47e10a440a1b0c8091f4d8cc1b83a471c34888d7d2,SUCCESS,2.3132053000153974,
log_ea94d1099bd74ae5,sec_edgar_filings,US_ISHARES_HYG,https://www.sec.gov/Archives/edgar/data/1100663/000119312525171725/d946231d497.htm,2026-09-26 13:45:19.048017,200.0,cda92a5b1a1cfd8eb6925718811d5d52405ba30246ea0c60026cef3552c14aae,SUCCESS,2.3880219999991823,
log_a31481428dbf4635,sec_edgar_filings,US_ISHARES_HYG,https://www.sec.gov/Archives/edgar/data/1100663/000119312525171382/d91144d497.htm,2026-09-26 13:45:21.549270,200.0,da540bc116c7bfbf3e795771eb0b2089dcb58711dcb108968bb822a0416d2c01,SUCCESS,2.5341941000078805,
log_b8f3874f7efc42d1,sec_edgar_filings,US_ISHARES_HYG,https://www.sec.gov/Archives/edgar/data/1100663/000119312525171077/d12817d497.htm,2026-09-26 13:45:24.049882,200.0,aeb3943d726dee222a163f7d5edee46cd246849471737bc9b0d55d982e1361db,SUCCESS,2.486831099988194,
log_f538ac7c8d2f488e,sec_edgar_filings,US_ISHARES_HYG,https://www.sec.gov/Archives/edgar/data/1100663/000119312525170646/d72295d497.htm,2026-09-26 13:45:26.550351,200.0,05add7aa9e4678e3b23c5ac6fdfb1d2ccbfc7652c5fe637702e61ef49610f4bc,SUCCESS,2.6983272999932524,
log_86c7325077314500,sec_edgar_filings,US_ISHARES_HYG,https://www.sec.gov/Archives/edgar/data/1100663/000119312525220684/d14216d497.htm,2026-09-26 13:45:29.051586,200.0,dd39f981b8d1bf7e93226c4c0c8ca7a7d8e11abeedf32daaa2c8f5bdd84d7283,SUCCESS,1.8767752000130713,
log_bd647cc050254bee,sec_edgar_filings,US_ISHARES_HYG,https://www.sec.gov/Archives/edgar/data/1100663/000119312525220667/d74315d497.htm,2026-09-26 13:45:31.552295,200.0,7163e9ded3e0f70f000e219c9b1026484accdbc7cb7e680f2e372b5d965dd612,SUCCESS,2.6132126999727916,
log_04dc387214274840,sec_edgar_filings,US_ISHARES_HYG,https://www.sec.gov/Archives/edgar/data/1100663/000119312525220646/d922321d497.htm,2026-09-26 13:45:34.052753,200.0,5253c549329b0a54a81a8eb5c632c99bfe740f6ac9f855fbbfa40f7817c1bb50,SUCCESS,2.2399579000193626,
log_0e0758e88dd745c9,sec_edgar_filings,US_ISHARES_HYG,https://www.sec.gov/Archives/edgar/data/1100663/000119312525213586/d76986d497.htm,2026-09-26 13:45:36.553275,200.0,588606b57f9afd851d14cc848989ed3d0ace8f6878ec6d72bf36f15cceb8d75d,SUCCESS,2.2612589999916963,
log_fcbfc4df0d8b4270,sec_edgar_filings,US_ISHARES_HYG,https://www.sec.gov/Archives/edgar/data/1100663/000119312525213416/d12724d497.htm,2026-09-26 13:45:39.053974,200.0,72f2199f76abaf86856631907d6823ebd91a780f1820f87e791975313ff4d5a1,SUCCESS,3.1439613999973517,
log_5ee285cc47584844,sec_edgar_filings,US_ISHARES_HYG,https://www.sec.gov/Archives/edgar/data/1100663/000119312525202143/d85575d497.htm,2026-09-26 13:45:41.554406,200.0,9d26d441ed06fde53b948a57cd213370c2a5f564bbfd78de3502b7c6925dcf7a,SUCCESS,2.294848899997305,
log_2304451246644893,sec_edgar_filings,US_ISHARES_HYG,https://www.sec.gov/Archives/edgar/data/1100663/000119312525194258/d45302d497.htm,2026-09-26 13:45:44.055524,200.0,c7c946da7c4f7d94b20cb3c7107299f7828d5b953c9f24c850a4fa24a6467a4c,SUCCESS,3.267874099983601,
log_68982d84705449f2,sec_edgar_filings,US_ISHARES_HYG,https://www.sec.gov/Archives/edgar/data/1100663/000119312525193994/d36297d497.htm,2026-09-26 13:45:46.558295,200.0,b853b800d62eb943bc95a96a31fdf69627ff4ef7da8b62b41b8d4733d3cc6272,SUCCESS,2.246003300009761,
log_ee1e6605005943cc,sec_edgar_filings,US_ISHARES_HYG,https://www.sec.gov/Archives/edgar/data/1100663/000119312525258900/d850740d497.htm,2026-09-26 13:45:49.058507,200.0,32f501b96f6b8a7322800867cb758f9421767ad82ece941937821b4ecc8274f9,SUCCESS,1.744236300000921,
log_f756a25a595346e9,sec_edgar_filings,US_ISHARES_HYG,https://www.sec.gov/Archives/edgar/data/1100663/000119312525258622/d853081d497.htm,2026-09-26 13:45:51.558802,200.0,4d4be3c4ea087ea29229ced99d7b2978587e5cfc455dc8f94fe58643a9caf7ba,SUCCESS,2.433970899990527,
log_860d9fac8a5f4eeb,sec_edgar_filings,US_ISHARES_HYG,https://www.sec.gov/Archives/edgar/data/1100663/000119312525245584/d47996d497.htm,2026-09-26 13:45:54.059209,200.0,8963fad299cba9c92ab74fbd0b0a3701942f048949d54ad07e5c323f66ae6316,SUCCESS,2.455901699984679,
log_288a0a484c404a24,sec_edgar_filings,US_ISHARES_HYG,https://www.sec.gov/Archives/edgar/data/1100663/000119312525245533/d53643d497.htm,2026-09-26 13:45:56.559633,200.0,fa278f57fde07d67459e17cc5864b008da5199aa69b9762dd534334b2a37b32d,SUCCESS,2.6250641999940854,
log_13a9a58907744dac,sec_edgar_filings,US_ISHARES_HYG,https://www.sec.gov/Archives/edgar/data/1100663/000119312525243500/d847683d497.htm,2026-09-26 13:45:59.059890,200.0,7f6cb699be8e40bee78944c7bd041bfb26c63cd90f924532fb6f5a8d7651cf69,SUCCESS,2.4589088000066113,
log_abe1cdb0f413442b,sec_edgar_filings,US_ISHARES_HYG,https://www.sec.gov/Archives/edgar/data/1100663/000119312525241455/d21541d497.htm,2026-09-26 13:46:01.560657,200.0,1df50d0b3c4ff13b8f77edfd93e5d1d63a6c218d97c0bd5a0986e82787b264b1,SUCCESS,2.5390852999989875,
log_8baef79dc43240ec,sec_edgar_filings,US_ISHARES_HYG,https://www.sec.gov/Archives/edgar/data/1100663/000119312525241445/d17098d497.htm,2026-09-26 13:46:04.061030,200.0,d1d6dc8e525632673411aba7a1a39c4a3f7c3a887167b46c22ee1b029975831a,SUCCESS,3.6401607999869157,
log_af5a0b3cff8541f6,sec_edgar_filings,US_ISHARES_HYG,https://www.sec.gov/Archives/edgar/data/1100663/000119312525240445/d13496d497.htm,2026-09-26 13:46:06.561849,200.0,7c9b915ca21c70a7469c2388530b511343b7b813f1057b9f639120b5be24f1fc,SUCCESS,1.24059039997519,
log_446d8eb12b1c45bf,sec_edgar_filings,US_ISHARES_HYG,https://www.sec.gov/Archives/edgar/data/1100663/000119312525240193/d46937d497.htm,2026-09-26 13:46:09.062159,200.0,083af31cf339ba43b7ff354c9c4f18ec77318dd812e83c9f61ff0702198b340a,SUCCESS,2.6514997000049334,
log_6e679a9e58934013,sec_edgar_filings,US_ISHARES_HYG,https://www.sec.gov/Archives/edgar/data/1100663/000119312525237066/d838386d497.htm,2026-09-26 13:46:11.563802,200.0,aab6a39bd1af51aa3f72858dabcbce792bcb8384e45787c182da56ec75c1359a,SUCCESS,2.419678500009468,
log_dd25aef45ff14539,sec_edgar_filings,US_ISHARES_HYG,https://www.sec.gov/Archives/edgar/data/1100663/000119312525233824/d14518d497.htm,2026-09-26 13:46:14.064787,200.0,fe9b0227a29f114c16819e84ca4eff0745cc92822823d24ca797cc4fc9229233,SUCCESS,2.483360000012908,
log_12e307daec5e461a,sec_edgar_filings,US_ISHARES_HYG,https://www.sec.gov/Archives/edgar/data/1100663/000119312525230367/d863213d497.htm,2026-09-26 13:46:16.565208,200.0,8faccea853cc4ef5aef1acc9032222749fccb4d53dd7d2530414585580ed4328,SUCCESS,2.4205360999912955,
log_f47c2c5caa024183,sec_edgar_filings,US_ISHARES_HYG,https://www.sec.gov/Archives/edgar/data/1100663/000119312525226832/d140482d497.htm,2026-09-26 13:46:19.065479,200.0,86b1dc2d05ebcfd117767c2158e886c96e2cb5045834940bf25c71c32f35c5d0,SUCCESS,2.5606313000025693,
log_e97a63e744e548cd,sec_edgar_filings,US_ISHARES_HYG,https://www.sec.gov/Archives/edgar/data/1100663/000119312525225574/d77896d497.htm,2026-09-26 13:46:21.566126,200.0,9e5da6c2f2e15011702321b35531eb6e230385886c1acce719b3b378fe015b55,SUCCESS,2.766774199990323,
log_c40da079e81642eb,sec_edgar_filings,US_ISHARES_HYG,https://www.sec.gov/Archives/edgar/data/1100663/000119312525297711/d938912d497.htm,2026-09-26 13:46:24.067160,200.0,014a10b21d4a8687ed6eb12c37ccb0f372f94b7dbab55639b8d9b09411dcf6b4,SUCCESS,2.1116519999923185,
log_654bba17e29d4f8d,sec_edgar_filings,US_ISHARES_HYG,https://www.sec.gov/Archives/edgar/data/1100663/000119312525291668/d87125d497.htm,2026-09-26 13:46:26.567739,200.0,6146fc79bb79b050e0ed9ed08acdb5ff7bca5b8b3acab77ca56fbaf32207a9e4,SUCCESS,3.7280278999824077,
log_e9a1c28c0d99434b,sec_edgar_filings,US_ISHARES_HYG,https://www.sec.gov/Archives/edgar/data/1100663/000119312525287109/d82955d497.htm,2026-09-26 13:46:29.069226,200.0,8ce91b3b112647d42edce41a7d15bc0229ac0bb21bcc7a3cf2ef934c1f7ba959,SUCCESS,1.287532000016654,
log_3d0d68b9f4394092,sec_edgar_filings,US_ISHARES_HYG,https://www.sec.gov/Archives/edgar/data/1100663/000119312525283231/d67648d497.htm,2026-09-26 13:46:31.570025,200.0,d15976a5418d3b283973221ac1a5190850f4896912b73f695ef16e4a23d1d481,SUCCESS,3.037392900005216,
log_bfaed0ae98a04e04,sec_edgar_filings,US_ISHARES_HYG,https://www.sec.gov/Archives/edgar/data/1100663/000119312525331050/d922635d497.htm,2026-09-26 13:46:34.070421,200.0,ddcd7dfc2f263e62cc4fb38373ceafe9f7ce480ed2924b0b54df62998780015c,SUCCESS,2.5793135999992955,
log_c18a295ea4864261,sec_edgar_filings,US_ISHARES_HYG,https://www.sec.gov/Archives/edgar/data/1100663/000119312525328765/d86147d497.htm,2026-09-26 13:46:36.571177,200.0,1a5d89bafba00026b2d4c2846bfe463eb02310698afecdb7dc3eb5cff4a8c13d,SUCCESS,1.4257738000014797,
log_ee52b24b5d894db5,sec_edgar_filings,US_ISHARES_HYG,https://www.sec.gov/Archives/edgar/data/1100663/000119312525324952/d938265d497.htm,2026-09-26 13:46:39.071473,200.0,1db040fee1d07b3c6a8a5580cacdf2a2b59546a2e6204315a58de6939c48c652,SUCCESS,2.44405259998166,
log_ec859af614044c04,sec_edgar_filings,US_ISHARES_HYG,https://www.sec.gov/Archives/edgar/data/1100663/000119312525316017/d58282d497.htm,2026-09-26 13:46:41.571760,200.0,43b1d307691b158f0a8e8d83e8bcf68b2c72f37cb3b64b19155f2fc03b29a285,SUCCESS,2.539200700004585,
log_fc698b1d815d4dea,sec_edgar_filings,US_ISHARES_HYG,https://www.sec.gov/Archives/edgar/data/1100663/000119312525309780/d79527d497.htm,2026-09-26 13:46:44.072062,200.0,0b5b3712b8575efa22704d689646817d34ad633e1750ea64c7c550e08f0f0723,SUCCESS,2.609812000009697,
log_42ee4e3aaed844d1,sec_edgar_filings,US_ISHARES_HYG,https://www.sec.gov/Archives/edgar/data/1100663/000119312525308207/d90938d497.htm,2026-09-26 13:46:46.572415,200.0,dec7649fe650e46097ea1f9159f68533ed28e09bb1cabc0d7ecfd0ab79a12e7a,SUCCESS,2.3708073000016157,
log_5b3fb48067504892,sec_edgar_filings,US_ISHARES_HYG,https://www.sec.gov/Archives/edgar/data/1100663/000119312525308009/d88695d497.htm,2026-09-26 13:46:49.073894,200.0,dbe724f097a785cad1dce26a486b7574954c6a55907bc08837568fbadf2fd4e4,SUCCESS,3.611036400019657,
log_690f1dffabec4121,sec_edgar_filings,US_ISHARES_HYG,https://www.sec.gov/Archives/edgar/data/1100663/000119312526015356/d35944d497.htm,2026-09-26 13:46:51.574064,200.0,79f71ed6aaeca36030a19fb4a9b54be5b62769f1c9a0bb47f916ad43ea71bd68,SUCCESS,1.3156071999983396,
log_88cbe98298b243f6,sec_edgar_filings,US_ISHARES_HYG,https://www.sec.gov/Archives/edgar/data/1100663/000119312526006456/d816607d497.htm,2026-09-26 13:46:54.075079,200.0,acd54a975e88f98bde579d172fd408fa271f88ee59fc8a418ac14948a40b1c91,SUCCESS,2.6182127999782097,
log_fad0d786a39841be,sec_edgar_filings,US_ISHARES_HYG,https://www.sec.gov/Archives/edgar/data/1100663/000119312525338493/d36519d497.htm,2026-09-26 13:46:56.575249,200.0,174cbc0f9f9e957466ee19b8f629b4b089554841fa6bfc0108e314380ae311c4,SUCCESS,2.443816400016658,
log_dcf4c393f965422d,sec_edgar_filings,US_ISHARES_HYG,https://www.sec.gov/Archives/edgar/data/1100663/000119312526064485/d29673d497.htm,2026-09-26 13:46:59.075389,200.0,358467b1d1cda828ab60b904b89d15ba9db8db0e34f30f124dd656afdf8d5af0,SUCCESS,2.5553543999849353,
log_9b7f707aa126496c,sec_edgar_filings,US_ISHARES_HYG,https://www.sec.gov/Archives/edgar/data/1100663/000119312526056745/d51363d497.htm,2026-09-26 13:47:01.576800,200.0,8836ae41550d37826386f892c93bedab2d44980905829085d6382a1f7e40f6e6,SUCCESS,2.350966199999675,
log_b14b78d903d446d7,sec_edgar_filings,US_ISHARES_HYG,https://www.sec.gov/Archives/edgar/data/1100663/000119312526051617/d88238d497.htm,2026-09-26 13:47:04.077493,200.0,f5d8afd79b11205ea23703358fddcbc7ae0fa3c646ad136e532fdee78ef887e3,SUCCESS,2.5009028000058606,
log_4c9c52ef97034a07,sec_edgar_filings,US_ISHARES_HYG,https://www.sec.gov/Archives/edgar/data/1100663/000119312526051604/d38921d497.htm,2026-09-26 13:47:06.577872,200.0,86ae91b01315c6abfae9b331e8b024218968c0b245b9b775f400fc8ec78c245b,SUCCESS,2.481164800003171,
log_9de541bb51b74b4f,sec_edgar_filings,US_ISHARES_HYG,https://www.sec.gov/Archives/edgar/data/1100663/000119312526051590/d25478d497.htm,2026-09-26 13:47:09.078674,200.0,774898db3076c024639916885fb4a04bf8a40401803bc9676bd722c39b4adbfb,SUCCESS,2.53778169999714,
log_fe42eba404d94a92,sec_edgar_filings,US_ISHARES_HYG,https://www.sec.gov/Archives/edgar/data/1100663/000119312526129300/d765912d497.htm,2026-09-26 13:47:11.579262,200.0,55acaa1112fa42626026576f5f29a8044415f933b3fdebcdf59bbea1bc3bc357,SUCCESS,2.4022728000127245,
log_d2184e79dee84527,sec_edgar_filings,US_ISHARES_HYG,https://www.sec.gov/Archives/edgar/data/1100663/000119312526121940/d117046d497.htm,2026-09-26 13:47:14.080039,200.0,0f65ad011a6ffe9b0fc676ca42a6ef0402d529b9e93c1d7e0a3324c01222bf85,SUCCESS,2.641935799998464,
log_fc5b34af83fa4321,sec_edgar_filings,US_ISHARES_HYG,https://www.sec.gov/Archives/edgar/data/1100663/000119312526117990/d36768d497.htm,2026-09-26 13:47:16.581389,200.0,b830b7f3c2295aecdd5adfc2b30f7ce78ffcf3860c3b267591b1f28ae5504e3c,SUCCESS,2.7704416000051424,
log_1097b5b1ae534088,sec_edgar_filings,US_ISHARES_HYG,https://www.sec.gov/Archives/edgar/data/1100663/000119312526114192/d45638d497.htm,2026-09-26 13:47:19.082661,200.0,f8bac38858835400b2b1f7af0c41445954bd31f9de091a866fa51d1a99aa6a81,SUCCESS,2.713594800006831,
log_ca849ae979454d30,sec_edgar_filings,US_ISHARES_HYG,https://www.sec.gov/Archives/edgar/data/1100663/000119312526114010/d864601d497.htm,2026-09-26 13:47:21.583129,200.0,d0bab012bec0a65529ea9c60350e454406eb8bf56209d0da1c5f2b04d8039b95,SUCCESS,1.6045078999886755,
log_0b50f0f15eef43a4,sec_edgar_filings,US_ISHARES_HYG,https://www.sec.gov/Archives/edgar/data/1100663/000119312526102313/d13062d497.htm,2026-09-26 13:47:24.084637,200.0,d31656f8006feaa6fe94db3df8a97a8a179f992425f265e4f71601732824f9da,SUCCESS,2.4398284000053536,
log_ddaf84602d204573,sec_edgar_filings,US_ISHARES_HYG,https://www.sec.gov/Archives/edgar/data/1100663/000119312526097152/d29298d497.htm,2026-09-26 13:47:26.586069,200.0,5fdf1972fbe924e4227f9280986015ab772139b8e63fbd40929dfd65629c9be0,SUCCESS,3.5922298000077717,
log_4b6b9fc16cfd4bbc,sec_edgar_filings,US_ISHARES_HYG,https://www.sec.gov/Archives/edgar/data/1100663/000119312526083306/d116517d497.htm,2026-09-26 13:47:29.086913,200.0,b1a783a5b59d9307d78e2b0b17a901e9c3607f647ea07e938467be1fd93324b8,SUCCESS,1.4261888999899384,
log_8da28b4d862744eb,sec_edgar_filings,US_ISHARES_HYG,https://www.sec.gov/Archives/edgar/data/1100663/000119312526196607/d112890d497.htm,2026-09-26 13:47:31.588194,200.0,9eed563de402618d22fa5c9e7a4c7e6b1baba74c7cf15f590f79ea3eba758a48,SUCCESS,2.443041299993638,
log_e786151d0d184c7d,sec_edgar_filings,US_ISHARES_HYG,https://www.sec.gov/Archives/edgar/data/1100663/000119312526188422/d17882d497.htm,2026-09-26 13:47:34.088569,200.0,b9a0745cf7961915f13ff6090bbec9ed7e4c3d0c17db47a44dc430f3ed11ccfe,SUCCESS,2.3879673999908846,
log_6efe2d3d27234d62,sec_edgar_filings,US_ISHARES_HYG,https://www.sec.gov/Archives/edgar/data/1100663/000119312526164165/d88796d497.htm,2026-09-26 13:47:36.589001,200.0,2e6720a7265726e643da19293d7bf63009c73cb5322a3c00dd47b297e92ba504,SUCCESS,2.5482342000177596,
log_241de083792a447d,sec_edgar_filings,US_ISHARES_HYG,https://www.sec.gov/Archives/edgar/data/1100663/000119312526140146/d105386d497.htm,2026-09-26 13:47:39.089475,200.0,222cd8f805c81305a65dbde504e71a28f0da7f9edd9cfbf214c6648ed3e7c5e6,SUCCESS,2.5412496000062674,
log_edda88361ac94894,sec_edgar_filings,US_ISHARES_HYG,https://www.sec.gov/Archives/edgar/data/1100663/000119312526140080/d106622d497.htm,2026-09-26 13:47:41.589919,200.0,c5dce8b7c2800f2e49356a0b1cf40acc3fb4947a0af23ba630881fa06b81107a,SUCCESS,2.4349723999912385,
log_81cab8252ad34d2e,sec_edgar_filings,US_ISHARES_HYG,https://www.sec.gov/Archives/edgar/data/1100663/000119312526135209/d129347d497.htm,2026-09-26 13:47:44.090507,200.0,50aec65e6ca60613675b43059d6a4f6d7165013def7bce388de9e77c99ee1eff,SUCCESS,2.4642700999975204,
log_9eb379c53bff4638,sec_edgar_filings,US_ISHARES_HYG,https://www.sec.gov/Archives/edgar/data/1100663/000119312526239677/d24890d497.htm,2026-09-26 13:47:46.591341,200.0,00dfc510d2afa23776628877b7d2da00d9bb68846a34d3f4093a3dc82989f240,SUCCESS,3.421512300003087,
log_2d240a7d569f45b0,sec_edgar_filings,US_ISHARES_HYG,https://www.sec.gov/Archives/edgar/data/1100663/000119312526237040/d105379d497.htm,2026-09-26 13:47:49.091977,200.0,34ce8d4a4765d9d6f85c92409e69eb11d96cbb0aa6009d22ac6d5c4acb16e6af,SUCCESS,1.4872245000151452,
log_dd7de049c98743d3,sec_edgar_filings,US_ISHARES_HYG,https://www.sec.gov/Archives/edgar/data/1100663/000119312526237012/d108481d497.htm,2026-09-26 13:47:51.592400,200.0,e062db17e91eb6d274a408b722deb2922c343f47c2a952ea53b30bd0c8f73d1b,SUCCESS,2.5943328000139445,
log_583851306ae347e9,sec_edgar_filings,US_ISHARES_HYG,https://www.sec.gov/Archives/edgar/data/1100663/000119312526232632/d112764d497.htm,2026-09-26 13:47:54.094814,200.0,7c7ea35c15c0f1c619211835bc9ab1c27b581c05452715229b395f3a09f05548,SUCCESS,2.599082600005204,
log_70d204676f6643b8,sec_edgar_filings,US_ISHARES_HYG,https://www.sec.gov/Archives/edgar/data/1100663/000119312526204769/d121690d497.htm,2026-09-26 13:47:56.594881,200.0,9458041f9c688c4fb667e5bcd94149e648043fee27b4cedb1807a84a102b677b,SUCCESS,2.3962121000222396,
log_f0885c886a794536,sec_edgar_filings,US_ISHARES_HYG,https://www.sec.gov/Archives/edgar/data/1100663/000119312526288507/d144232d497.htm,2026-09-26 13:47:59.095965,200.0,773a3e1d979da58058029ea9050369a87e4f8c1c017a7900d3774deb7698ed00,SUCCESS,2.4308237000077497,
log_52de8ebc12fc4c91,sec_edgar_filings,US_ISHARES_HYG,https://www.sec.gov/Archives/edgar/data/1100663/000119312526279612/d74881d497.htm,2026-09-26 13:48:01.596032,200.0,986d7bb132a2a1e8e07022dd290e936730cba6d368b2ef285524041c7927f645,SUCCESS,3.7161561000102665,
log_b4a511a3fdef4902,sec_edgar_filings,US_ISHARES_HYG,https://www.sec.gov/Archives/edgar/data/1100663/000119312526279474/d143191d497.htm,2026-09-26 13:48:04.097890,200.0,c2e89a5a595852ec3ea74ffbd9b8aead89b827907db3e3f825c839653137d541,SUCCESS,1.2529788999818265,
log_e9281d6ab4114610,sec_edgar_filings,US_ISHARES_HYG,https://www.sec.gov/Archives/edgar/data/1100663/000119312526269593/d74967d497.htm,2026-09-26 13:48:06.598563,200.0,d4753ee9f18867febc13cfc93b240606a9fbda656f189e03583543df3b4876e8,SUCCESS,2.61822000000393,
log_4be1da2ef4ce4ff3,sec_edgar_filings,US_ISHARES_HYG,https://www.sec.gov/Archives/edgar/data/1100663/000119312526269590/d168658d497.htm,2026-09-26 13:48:09.099661,200.0,75746f0add85ebd7724d05ad887fbf580a1445da20a3c4ea2c4667f5876817e7,SUCCESS,2.422597199998563,
log_1832217a645b47c8,sec_edgar_filings,US_ISHARES_HYG,https://www.sec.gov/Archives/edgar/data/1100663/000119312526267888/d121420d497.htm,2026-09-26 13:48:11.601258,200.0,caf4b1428f5efd3798756d9815425203d0cdf51d458688629441438d39e971f3,SUCCESS,2.450045300007332,
log_38af1ecb7939441d,sec_edgar_filings,US_ISHARES_HYG,https://www.sec.gov/Archives/edgar/data/1100663/000119312526267877/d143945d497.htm,2026-09-26 13:48:14.101362,200.0,4a92334408598170baca70379751806d09fe308a82895775a2eb7ca7cc6a103a,SUCCESS,2.559691800008295,
log_8e52b5a302b04fe8,sec_edgar_filings,US_ISHARES_HYG,https://www.sec.gov/Archives/edgar/data/1100663/000119312526267872/d74088d497.htm,2026-09-26 13:48:16.601645,200.0,b5e4771bb7559c9a634293e8e25652843e18172a3a94373c05a68e218348b01b,SUCCESS,2.400774800014915,
log_73ed03e486214783,sec_edgar_filings,US_ISHARES_HYG,https://www.sec.gov/Archives/edgar/data/1100663/000119312526267869/d46038d497.htm,2026-09-26 13:48:19.102624,200.0,be5ad514db0fd1cf813e62e133885811797f770cb8142592179335cc06d1cf97,SUCCESS,2.6073895000154153,
log_3c4bddfca4c541bb,sec_edgar_filings,US_ISHARES_HYG,https://www.sec.gov/Archives/edgar/data/1100663/000119312526267864/d20417d497.htm,2026-09-26 13:48:21.603166,200.0,250a1267e11495bba825a62f3629f7ca68600f8128bfaec4589d5bc5b7046e09,SUCCESS,2.444286000012653,
log_fef6afb587504d63,sec_edgar_filings,US_ISHARES_HYG,https://www.sec.gov/Archives/edgar/data/1100663/000119312526267858/d162061d497.htm,2026-09-26 13:48:24.104043,200.0,ad55ffb9bb1173f124b5aa4d14412b17a90a1afc6012f9da964797c237168b21,SUCCESS,2.548284999997122,
log_7f63fe6d1ac449d6,sec_edgar_filings,US_ISHARES_HYG,https://www.sec.gov/Archives/edgar/data/1100663/000119312526267852/d154427d497.htm,2026-09-26 13:48:26.604326,200.0,844ba76a2078925801265f3b074f5f7968763d1aae83c4aea0358307062c8663,SUCCESS,3.51974779999,
log_4a21e2f7e4cb4676,sec_edgar_filings,US_ISHARES_HYG,https://www.sec.gov/Archives/edgar/data/1100663/000119312526249172/d126264d497.htm,2026-09-26 13:48:29.104588,200.0,383c995df14c85e21826b8f6e567b3f2f5115addd7a5179ffd892aad5d1df59a,SUCCESS,1.3592754999990575,
log_0957af341e934c80,sec_edgar_filings,US_ISHARES_HYG,https://www.sec.gov/Archives/edgar/data/1100663/000119312526326458/d123143d497.htm,2026-09-26 13:48:31.605072,200.0,43768bc03c1fb71017ba076ff5b15c2ec3fb28211326160b8e4168eb94ce5fb4,SUCCESS,2.5037717999948654,
log_324df98f3c92427c,sec_edgar_filings,US_ISHARES_HYG,https://www.sec.gov/Archives/edgar/data/1100663/000119312526326445/d25273d497.htm,2026-09-26 13:48:34.105232,200.0,a08218d45dfe0ba8ea3ed37dab2eda58a5dc3d159c23e857980c839f51d7bea0,SUCCESS,2.6545504000096116,
log_e1ad4948ccf34f27,sec_edgar_filings,US_ISHARES_HYG,https://www.sec.gov/Archives/edgar/data/1100663/000119312526326439/d161787d497.htm,2026-09-26 13:48:36.605477,200.0,fd29b9dcfee58630afe0e308d3fe3466b80df1cde8a0af6d24299e0f797acb7d,SUCCESS,2.388101699994877,
log_8417e991721249f6,sec_edgar_filings,US_ISHARES_HYG,https://www.sec.gov/Archives/edgar/data/1100663/000119312526307874/d94466d497.htm,2026-09-26 13:48:39.105779,200.0,ece03ba68a5aaf3c817c4f6b9bd64b677ead55387401497b6c00f84cff703039,SUCCESS,2.423022900009528,
log_5c1a7cbd8cec4e4c,sec_edgar_filings,US_ISHARES_HYG,https://www.sec.gov/Archives/edgar/data/1100663/000119312526306133/d157213d497.htm,2026-09-26 13:48:41.606390,200.0,a9dad30a31ad649f3cf48231a29734ed55bbc27ba5d1bc578c1c4c33c984eacd,SUCCESS,2.79817229998298,
log_38bacaeef03d4430,sec_edgar_filings,US_ISHARES_HYG,https://www.sec.gov/Archives/edgar/data/1100663/000119312526306123/d160783d497.htm,2026-09-26 13:48:44.107045,200.0,9e374339c503ac1f3afbf3a6dc056115cfdc9d347ed16bd29782dde2f08116c1,SUCCESS,2.3168847000051755,
log_b80f303aff4d4fa0,sec_edgar_filings,US_ISHARES_HYG,https://www.sec.gov/Archives/edgar/data/1100663/000119312526306122/d145677d497.htm,2026-09-26 13:48:46.607333,200.0,8589633deb798a60f69354eba15cf808392dbe86479e9022b7d24bb6eaa8cf04,SUCCESS,2.3193194999767,
log_ca06d463680849b1,sec_edgar_filings,US_ISHARES_HYG,https://www.sec.gov/Archives/edgar/data/1100663/000119312526306120/d151429d497.htm,2026-09-26 13:48:49.107407,200.0,dd1fdf7770161ec03ecf76037796c9a8e9abf891cd94766b425761307a09a189,SUCCESS,2.6703687999979593,
log_55fbc89baf654bf7,sec_edgar_filings,US_ISHARES_HYG,https://www.sec.gov/Archives/edgar/data/1100663/000119312526306119/d154864d497.htm,2026-09-26 13:48:51.608322,200.0,7c7159c45b0a42513d6d7a90b8da303ec3b521f540dce139268f1768d015c253,SUCCESS,2.379162400000496,
log_e84efea3b8d1465b,sec_edgar_filings,US_ISHARES_HYG,https://www.sec.gov/Archives/edgar/data/1100663/000119312526306116/d155509d497.htm,2026-09-26 13:48:54.108958,200.0,ca038d7e15083df015eabe836cc73d1a42841d009c8618643512a730cd67f53f,SUCCESS,2.366406299988739,
log_939d953575bf43e0,sec_edgar_filings,US_ISHARES_HYG,https://www.sec.gov/Archives/edgar/data/1100663/000119312526306115/d156341d497.htm,2026-09-26 13:48:56.609539,200.0,6a496bc7d22bed5123125cb7712cf7812e39d4640163dce29eb3d5ecd1f4bf47,SUCCESS,2.6656572000065353,
log_07beee63dcac468e,sec_edgar_filings,US_ISHARES_HYG,https://www.sec.gov/Archives/edgar/data/1100663/000119312526300908/d898074d497.htm,2026-09-26 13:48:59.109819,200.0,3e6d6cb4e9d5e319e905d0517c8c81e27ef8f049a5ee7979dc656693dcabe5e8,SUCCESS,2.428922799997963,
log_59145cf3be6343f0,sec_edgar_filings,US_ISHARES_HYG,https://www.sec.gov/Archives/edgar/data/1100663/000119312526294655/d83700d497.htm,2026-09-26 13:49:01.610542,200.0,e8b2fea09a8fe965aecb2c68b1d5d9762df5969614f02c334c4e59347a6fa57d,SUCCESS,2.486405800009379,
log_f077308e0d4f4ec6,sec_edgar_filings,US_ISHARES_HYG,https://www.sec.gov/Archives/edgar/data/1100663/000119312526293181/d83700d497.htm,2026-09-26 13:49:04.111118,200.0,e8f5a24b7941ee340b2658503a979bf50cff8d427ba84b0f1f9beef45ad6220d,SUCCESS,2.5397714000137057,
log_18cb1c116c56444e,sec_edgar_filings,US_ISHARES_HYG,https://www.sec.gov/Archives/edgar/data/1100663/000119312526292033/d110723d497.htm,2026-09-26 13:49:06.611891,200.0,7079e7b67616604fea2e6705db4f54ad9be03ac09d45f24c26791ec1f59f0259,SUCCESS,2.3897403000155464,
log_4ed95e14e2e9461e,sec_edgar_filings,US_ISHARES_HYG,https://www.sec.gov/Archives/edgar/data/1100663/000119312526291166/d10430d497.htm,2026-09-26 13:49:09.112111,200.0,2b68846bec4b87534a84a40c21287c4b487928c4bd4e9ce9eef95400f4881a20,SUCCESS,3.36998930000118,
log_48ad3dd38fe94b6e,sec_edgar_filings,US_ISHARES_HYG,https://www.sec.gov/Archives/edgar/data/1100663/000119312526376132/d164169d497.htm,2026-09-26 13:49:11.618232,200.0,f292ea03a7b41ecd56cbffeab5257516e8fec1022c3f4ad9556d81338a05c1f1,SUCCESS,2.506756199989468,
log_b3441266389f4d9d,sec_edgar_filings,US_ISHARES_HYG,https://www.sec.gov/Archives/edgar/data/1100663/000119312526376116/d163838d497.htm,2026-09-26 13:49:14.118483,200.0,bfb1512e0663a51c307efe1528613329a962c689781a152e98487604b2cddf93,SUCCESS,1.5368752999929711,
log_2b7bcd48b3304623,sec_edgar_filings,US_ISHARES_HYG,https://www.sec.gov/Archives/edgar/data/1100663/000119312526376106/d163946d497.htm,2026-09-26 13:49:16.618980,200.0,b817e92971553388949ecfb6bdb93d61fcb1e847f7eebab8d2727665ded240bf,SUCCESS,2.5480291999992914,
log_ded7dda7d4944df1,sec_edgar_filings,US_ISHARES_HYG,https://www.sec.gov/Archives/edgar/data/1100663/000119312526361162/d133118d497.htm,2026-09-26 13:49:19.119478,200.0,76b1ea9ac40a6b517caf643e713dbe64ed9e90bc2921725f8029e3223ecda59b,SUCCESS,2.6022835000185296,
log_1981e51c41244c0b,sec_edgar_filings,US_ISHARES_HYG,https://www.sec.gov/Archives/edgar/data/1100663/000119312526354177/d153282d497.htm,2026-09-26 13:49:21.621807,200.0,9bec2fc7e5a69ef29a95ccd8530ca371c69987d4094d5dab7dc6340d263e071e,SUCCESS,2.4117859000107273,
log_023357da9e6542f3,sec_edgar_filings,US_ISHARES_HYG,https://www.sec.gov/Archives/edgar/data/1100663/000119312526352275/d129369d497.htm,2026-09-26 13:49:24.122312,200.0,692c91c055a773e202244fb5ff32263ac76740e73e89e012fa6e8b75816a41ff,SUCCESS,2.4818886000139173,
log_ea344a887a3a4cfe,sec_edgar_filings,US_ISHARES_HYG,https://www.sec.gov/Archives/edgar/data/1100663/000119312526338192/d114838d497.htm,2026-09-26 13:49:26.622749,200.0,d4c38eba0231e950a1c9fd7415b294cefb64770e7c25a88dc70ce9a66a613073,SUCCESS,3.2665612999990117,
log_4414a19d0a2b4269,sec_edgar_filings,US_ISHARES_HYG,https://www.sec.gov/Archives/edgar/data/1100663/000119312526338183/d89689d497.htm,2026-09-26 13:49:29.124969,200.0,d9bd8e1943854d56e26635ebcb86f5f05085ddd325e97bb9e1b8e352992b3d44,SUCCESS,1.6631119000085164,
log_50db8a1180824813,sec_edgar_filings,US_ISHARES_HYG,https://www.sec.gov/Archives/edgar/data/1100663/000119312526338154/d83054d497.htm,2026-09-26 13:49:31.625267,200.0,5d8a2e8962feaefe5267f62857f5ffac52d1b06834515413e0aedcdafb44266f,SUCCESS,2.4848730000085197,
log_6db8ac5667114a1b,sec_edgar_filings,US_ISHARES_HYG,https://www.sec.gov/Archives/edgar/data/1100663/000119312526330968/d55058d497.htm,2026-09-26 13:49:34.125643,200.0,1453a922fcb3e15b8a1571f2e31e8acb6ba9244e25b4e93ba41d830f527cf60a,SUCCESS,2.750104500009911,
log_bb36080e578d479f,sec_edgar_filings,US_ISHARES_HYG,https://www.sec.gov/Archives/edgar/data/1100663/000119312526398125/d181895d497.htm,2026-09-26 13:49:36.626054,200.0,f90830fac01431c0cce67505b4647302913ccecebcd4897a5474b036a096be1a,SUCCESS,2.173871799983317,
log_8d969c20a1054414,sec_edgar_filings,US_ISHARES_HYG,https://www.sec.gov/Archives/edgar/data/1100663/000119312526395798/d165827d497.htm,2026-09-26 13:49:39.126329,200.0,0c3cfe67e6af77e64d9e6d04065c6d22ad980a74e3015a41c0ecd33d9dc6da89,SUCCESS,3.1470064999884926,
log_792f8ac49a02482c,sec_edgar_filings,US_ISHARES_HYG,https://www.sec.gov/Archives/edgar/data/1100663/000119312526389306/d135258d497.htm,2026-09-26 13:49:41.626976,200.0,68df629271f45e35a78889b2d64132946935c6f0fb8a92dc302f4349ac48c807,SUCCESS,3.4087825999886263,
log_2de082d3a22640e9,sec_edgar_filings,US_ISHARES_HYG,https://www.sec.gov/Archives/edgar/data/1100663/000119312526383660/d118308d497.htm,2026-09-26 13:49:44.179518,200.0,5218173e9800d7c826c95a828c16d2380143629ee41bd16d8827bad9e5ef1502,SUCCESS,1.1014384999871254,
log_0099b7b9b1b3473f,sec_edgar_filings,US_ISHARES_HYG,https://www.sec.gov/Archives/edgar/data/1100663/000119312526380260/d535954d497.htm,2026-09-26 13:49:46.680604,200.0,b2116b75eacee79bb4c3395bb99c62ba989cea3ff221ac6348d97bfac4130311,SUCCESS,2.387894499988761,
log_a4014ac3fe154b9c,sec_edgar_filings,US_ISHARES_HYG,https://www.sec.gov/Archives/edgar/data/1100663/000119312526377124/d133702d497.htm,2026-09-26 13:49:49.180874,200.0,0a95c885d359ec7d9ebfe6b55935c1450be2f223c69a0edaa7022469da13cce9,SUCCESS,2.5614524999982677,
log_4f1fe554a3ac4d3c,sec_edgar_submissions_api,US_ISHARES_LQD,https://data.sec.gov/submissions/CIK0001100663.json,2026-09-26 13:49:55.122349,200.0,bb6aec42416c270a7fb00e6ea1740fc7c718e3847f412ae57f09dc867c5e1fc0,SUCCESS,3.2153573999821674,
log_54e83577e4a74e72,sec_edgar_submissions_api,US_ISHARES_LQD,https://data.sec.gov/submissions/CIK0001100663-submissions-002.json,2026-09-26 13:49:57.622860,200.0,ad220ef41a624867cdf87d37d40a407f1f177df021b340bd29797de6991a987d,SUCCESS,2.406256999995094,
log_be46f45c548c4c87,official_fund_sponsor_page,US_ISHARES_LQD,https://www.ishares.com/us/products/239566/,2026-09-26 13:50:01.684662,403.0,,RETRIEVAL_FAILED,1.932032499986235,HTTP 403: Forbidden
log_336f99857cc74e80,sec_edgar_filings,US_ISHARES_LQD,https://www.sec.gov/Archives/edgar/data/1100663/000119312524245748/d843984d497.htm,2026-09-26 13:50:05.317407,200.0,73cd78c59440c22b4db721a87e2892f80d4c4f45a394ece6826d7125bf1fd801,SUCCESS,3.549482700007502,
log_e3deeecc45a443d8,sec_edgar_filings,US_ISHARES_LQD,https://www.sec.gov/Archives/edgar/data/1100663/000119312524242848/d866922d497.htm,2026-09-26 13:50:07.915412,200.0,1f5a90ec402fe09bb4b06e8f3a31c4621f53c31a38502ae46b196363a104a8b5,SUCCESS,1.0055518000153825,
log_cf96a0d6e6b4419c,sec_edgar_filings,US_ISHARES_LQD,https://www.sec.gov/Archives/edgar/data/1100663/000119312524239640/d895738d497.htm,2026-09-26 13:50:10.416466,200.0,ea0d28b5f47a015457e4aded5c16e673c9ce9f5c9c8fd071c3541ec3d4ebd2fe,SUCCESS,2.5377753999782726,
log_2aea9bad768e4ded,sec_edgar_filings,US_ISHARES_LQD,https://www.sec.gov/Archives/edgar/data/1100663/000119312524238913/d894453d497.htm,2026-09-26 13:50:12.917374,200.0,58691ce5e5a1ebc3bedc51cc98d5cf7c67e6fd7e6d6a4bf1ddc14aec0332f2a0,SUCCESS,2.4557635000091977,
log_3a20f16f849f4583,sec_edgar_filings,US_ISHARES_LQD,https://www.sec.gov/Archives/edgar/data/1100663/000119312524238908/d894041d497.htm,2026-09-26 13:50:15.418254,200.0,5a971737e3d25608d6874bb6ff5ede8c0e0f392b86a86297d45b641472fc86cf,SUCCESS,2.5990855999989435,
log_ea0e3ab1b4024d76,sec_edgar_filings,US_ISHARES_LQD,https://www.sec.gov/Archives/edgar/data/1100663/000119312524238902/d890449d497.htm,2026-09-26 13:50:17.918528,200.0,e8f91d733b89b0732f87820bb0ceb5ef936e75cb702bb1a26cd77603b9d2006e,SUCCESS,2.5818275999918114,
log_f3380f8cbbed4fca,sec_edgar_filings,US_ISHARES_LQD,https://www.sec.gov/Archives/edgar/data/1100663/000119312524238835/d860426d497.htm,2026-09-26 13:50:20.418805,200.0,3b8598f26180a24673c2565d9bc505ec40d04445a8a0dbf3b84ca346ef55d512,SUCCESS,2.401830599992536,
log_00f3027364a548e1,sec_edgar_filings,US_ISHARES_LQD,https://www.sec.gov/Archives/edgar/data/1100663/000119312524236754/d131931d497.htm,2026-09-26 13:50:22.919238,200.0,578972467512d796af102d2558b629a84edab1a26e1e8a20c02f308698da48e0,SUCCESS,2.7412390999961644,
log_c322acf177c74485,sec_edgar_filings,US_ISHARES_LQD,https://www.sec.gov/Archives/edgar/data/1100663/000119312524233837/d788518d497.htm,2026-09-26 13:50:25.419863,200.0,deb9d0231aa987b37c95f7f01e5eeaaf234f61414fd81712237ca3d26070801d,SUCCESS,1.8550480999983847,
log_f4efa4eed5284643,sec_edgar_filings,US_ISHARES_LQD,https://www.sec.gov/Archives/edgar/data/1100663/000119312524229262/d814275d497.htm,2026-09-26 13:50:27.920387,200.0,8d28d6076b70d64c34e1b22e274410cda81084450db5baaebcca312b985f86d5,SUCCESS,2.6945711000007577,
log_7ea8c1ad8fc94bbb,sec_edgar_filings,US_ISHARES_LQD,https://www.sec.gov/Archives/edgar/data/1100663/000119312524267301/d875052d497.htm,2026-09-26 13:50:30.420711,200.0,994014a2e0c0c803bb01c525eeb5f5d10730c70dfd1dea3243be587b097bbe34,SUCCESS,3.143567199993413,
log_40ac32879b72468d,sec_edgar_filings,US_ISHARES_LQD,https://www.sec.gov/Archives/edgar/data/1100663/000119312524261914/d911527d497.htm,2026-09-26 13:50:33.363039,200.0,cda2e2e9ec0d7871884db0a66c3f2253f75e092f5810545551f3359c99e7a94a,SUCCESS,1.0184786999889184,
log_eaf7f9caa5324d50,sec_edgar_filings,US_ISHARES_LQD,https://www.sec.gov/Archives/edgar/data/1100663/000119312524287196/d848374d497.htm,2026-09-26 13:50:35.863994,200.0,2c5f89057381013b3ca8bb9e1d1f3c4d684651933a3aeec48a8f89cb33b45cfe,SUCCESS,2.308875899994746,
log_a0ce0733e1f042f4,sec_edgar_filings,US_ISHARES_LQD,https://www.sec.gov/Archives/edgar/data/1100663/000119312524287179/d842136d497.htm,2026-09-26 13:50:38.364353,200.0,c84055937d160d9cce60f79b7ab9735d86377ff76c5e315b0fa05a342e0bfb64,SUCCESS,3.145528099994408,
log_8cfca15d787f4b5c,sec_edgar_filings,US_ISHARES_LQD,https://www.sec.gov/Archives/edgar/data/1100663/000119312524286941/d916258d497.htm,2026-09-26 13:50:40.864687,200.0,9925703ee2adb913becaafb685335ea082fadad4bacf8975e90abf5a4bcbb54a,SUCCESS,2.300496900017606,
log_1266003587d64cad,sec_edgar_filings,US_ISHARES_LQD,https://www.sec.gov/Archives/edgar/data/1100663/000119312524286938/d915949d497.htm,2026-09-26 13:50:43.365565,200.0,58672fb3187fd7cd6a35cab35a21e65a2910a998d9784c569b2474972c9b723d,SUCCESS,2.0531388000235893,
log_9f6685aa9dd24ef0,sec_edgar_filings,US_ISHARES_LQD,https://www.sec.gov/Archives/edgar/data/1100663/000119312524283370/d901579d497.htm,2026-09-26 13:50:45.865770,200.0,0e1b3775a196226c6b5ed01264e821a75e16949946f26cbad676252063283e77,SUCCESS,2.7253039999923203,
log_5ff6041e5d3d40f7,sec_edgar_filings,US_ISHARES_LQD,https://www.sec.gov/Archives/edgar/data/1100663/000119312524283367/d869601d497.htm,2026-09-26 13:50:48.366142,200.0,d0ef04e6c4c83dd9668a89307f67f2404251b555e865099b25ba5ea662a4d3d7,SUCCESS,2.1321059000038076,
log_449d48b5aa84433b,sec_edgar_filings,US_ISHARES_LQD,https://www.sec.gov/Archives/edgar/data/1100663/000119312524282143/d901522d497.htm,2026-09-26 13:50:50.866784,200.0,318477ac4529a7b02621ccb18838b87e5e38ffffcb2b29f0f8d7b2f468cbef26,SUCCESS,2.307302000001073,
log_61fa1cf497054392,sec_edgar_filings,US_ISHARES_LQD,https://www.sec.gov/Archives/edgar/data/1100663/000119312524282139/d901516d497.htm,2026-09-26 13:50:53.367589,200.0,ca66868c7cba898da6922427eb27d81a405894a6eebfbb3474ff130df5cf999c,SUCCESS,3.0477635999850463,
log_40987ec3e6674012,sec_edgar_filings,US_ISHARES_LQD,https://www.sec.gov/Archives/edgar/data/1100663/000119312524281940/d826977d497.htm,2026-09-26 13:50:55.868751,200.0,800d5cf486e2fb95e45173b99dd4120efe0e90ad9a51b0fdcdd479bf8e32183a,SUCCESS,2.065900999994483,
log_b42514bff79b406f,sec_edgar_filings,US_ISHARES_LQD,https://www.sec.gov/Archives/edgar/data/1100663/000119312524271487/d904601d497.htm,2026-09-26 13:50:58.369152,200.0,0ee77de6ba3db7adbc70affe8919d2663fdec24e83bcbd247571ae1518849360,SUCCESS,2.7202332000015303,
log_560738970f8e4343,sec_edgar_filings,US_ISHARES_LQD,https://www.sec.gov/Archives/edgar/data/1100663/000119312524271371/d876550d497.htm,2026-09-26 13:51:00.870255,200.0,f18fb9460288f770219675492a623770ad545701783d5a971c3fb6db8e3effa0,SUCCESS,1.9620240000076592,
log_c981ac3733de4522,sec_edgar_submissions_api,US_ISHARES_LQD,https://data.sec.gov/submissions/CIK0001100663-submissions-001.json,2026-09-26 13:51:02.089456,200.0,4b0840de53146277b9c65f543745bdc767e1b1fe714103072c3a78695ac3aa0e,SUCCESS,2.3840818000026047,
log_acc09f064cc74e3a,sec_edgar_filings,US_ISHARES_LQD,https://www.sec.gov/Archives/edgar/data/1100663/000119312525011478/d925726d497.htm,2026-09-26 13:51:04.483503,200.0,f3664cc090ef0083395e6c1d676e0ec279501c929ef184749cbafa72846fd637,SUCCESS,1.0275166000064928,
log_d1c6e3be51ac4771,sec_edgar_filings,US_ISHARES_LQD,https://www.sec.gov/Archives/edgar/data/1100663/000119312525008535/d136256d497.htm,2026-09-26 13:51:06.994285,200.0,1ff29213a01028ad45429b0b9d6b52dcaa727548883a2c547733afa0ba2750ff,SUCCESS,2.734001700009685,
log_b7487b5017fc4bde,sec_edgar_filings,US_ISHARES_LQD,https://www.sec.gov/Archives/edgar/data/1100663/000119312525007202/d921290d497.htm,2026-09-26 13:51:09.494622,200.0,3028657a53eda3bf72c5a54a0004b6a982e4cd55ed9bebf07cdc07014eca799c,SUCCESS,2.413839699991513,
log_480b9c803ea747ef,sec_edgar_filings,US_ISHARES_LQD,https://www.sec.gov/Archives/edgar/data/1100663/000119312524287209/d886745d497.htm,2026-09-26 13:51:11.995158,200.0,f774954618d5741901ac4565eeb2a7a11825afca65900f54e59493db7e251d4c,SUCCESS,2.101171499991324,
log_2ee505fcb52b4dd6,sec_edgar_filings,US_ISHARES_LQD,https://www.sec.gov/Archives/edgar/data/1100663/000119312525042406/d905405d497.htm,2026-09-26 13:51:14.495442,200.0,a40b5b7c77c7bed584c0e3c41a61ce151a3e8c4a3e85184c073c04abf40060a0,SUCCESS,2.5261152000166476,
log_e04802d95ac14548,sec_edgar_filings,US_ISHARES_LQD,https://www.sec.gov/Archives/edgar/data/1100663/000119312525030937/d895008d497.htm,2026-09-26 13:51:16.997792,200.0,cce4b67c1cca8afb08f9639d26ba1de588a8546f33ec461622e02bbed74af122,SUCCESS,2.4314106999954674,
log_7c1c17517da243cd,sec_edgar_filings,US_ISHARES_LQD,https://www.sec.gov/Archives/edgar/data/1100663/000119312525029722/d925698d497.htm,2026-09-26 13:51:19.498225,200.0,03ebc8cf5cc2b9853c8e5193e6b68c1b2b71b726ce03ae486da082457a9bbf0c,SUCCESS,2.545109099999536,
log_45822cd9709e446d,sec_edgar_filings,US_ISHARES_LQD,https://www.sec.gov/Archives/edgar/data/1100663/000119312525029678/d932649d497.htm,2026-09-26 13:51:22.018280,200.0,5f69625987e6b328c3167c7c0fac7b80890ab63ba5f57d870fd46a0204661c54,SUCCESS,2.496062099991832,
log_9f9f2313f53a4567,sec_edgar_filings,US_ISHARES_LQD,https://www.sec.gov/Archives/edgar/data/1100663/000119312525028799/d892616d497.htm,2026-09-26 13:51:24.518961,200.0,02cc3d884d85c2d9ef427144b4c983ba4769bf5d459cf6aa56d1020f8f6f0c5f,SUCCESS,2.5158855999761727,
log_779970c35f604fd5,sec_edgar_filings,US_ISHARES_LQD,https://www.sec.gov/Archives/edgar/data/1100663/000119312525021017/d906687d497.htm,2026-09-26 13:51:27.020302,200.0,56a66b99815118f99a046fb15a38a9d3862dc2c2d9fa9b6541c8c024e3710029,SUCCESS,2.6880409000150394,
log_a5d07237542d4e30,sec_edgar_filings,US_ISHARES_LQD,https://www.sec.gov/Archives/edgar/data/1100663/000119312525062530/d905260d497.htm,2026-09-26 13:51:29.521325,200.0,d53dcc1164a6cbd06effdf058a8eeb0bd607fbd470e80c2f9a88a64871f13e8a,SUCCESS,2.22382149999612,
log_784a5998c11c4757,sec_edgar_filings,US_ISHARES_LQD,https://www.sec.gov/Archives/edgar/data/1100663/000119312525061395/d905254d497.htm,2026-09-26 13:51:32.021707,200.0,01b4962adcb1e3c59fe864aabac99adca02b1515d2b2acea9c2b2c9c8692bdce,SUCCESS,2.544491000007838,
log_b98e3faa95b747dd,sec_edgar_filings,US_ISHARES_LQD,https://www.sec.gov/Archives/edgar/data/1100663/000119312525060393/d927851d497.htm,2026-09-26 13:51:34.522150,200.0,0c2fc85960f736c95a96e3055b59fabb1f1d8e3c2cc62a540c567c882e63c872,SUCCESS,2.3911970000190195,
log_e882dfb87212408f,sec_edgar_filings,US_ISHARES_LQD,https://www.sec.gov/Archives/edgar/data/1100663/000119312525057907/d735691d497.htm,2026-09-26 13:51:37.022317,200.0,9de8e5b1a19a3cb51d50d0e2a5ed98306a03cbc40358ec14c3f07a4e6c6b4075,SUCCESS,2.6970585000235587,
log_f92852a0d5be48ae,sec_edgar_filings,US_ISHARES_LQD,https://www.sec.gov/Archives/edgar/data/1100663/000119312525083044/d766022d497.htm,2026-09-26 13:51:39.522649,200.0,1811c75c01a16c8e6dfdde84fdc20a7250d5630af06c4683c08c2b8f2bc76435,SUCCESS,2.5006334999925457,
log_4f5280c39a144e1c,sec_edgar_filings,US_ISHARES_LQD,https://www.sec.gov/Archives/edgar/data/1100663/000119312525080178/d883981d497.htm,2026-09-26 13:51:42.023066,200.0,bd61602ea1a25b0c6aff2ed976674be824a5f6de3990710e4476c1c577638b7a,SUCCESS,2.3844685000076424,
log_50d08d8528f448ed,sec_edgar_filings,US_ISHARES_LQD,https://www.sec.gov/Archives/edgar/data/1100663/000119312525080167/d945860d497.htm,2026-09-26 13:51:44.523565,200.0,57743c011c824292d57e2b132a6d929f2ba050e2b381438049ed3ea487c87f0b,SUCCESS,2.3322746999911033,
log_e68f7d3f6ad142e8,sec_edgar_filings,US_ISHARES_LQD,https://www.sec.gov/Archives/edgar/data/1100663/000119312525073419/d941411d497.htm,2026-09-26 13:51:47.023905,200.0,f38944bd289fef91d0e3f29f4733b2d9b075b27d3038656379ac3f314451af66,SUCCESS,2.5534033000003546,
log_f3730049295e4d98,sec_edgar_filings,US_ISHARES_LQD,https://www.sec.gov/Archives/edgar/data/1100663/000119312525073416/d940735d497.htm,2026-09-26 13:51:49.524160,200.0,44fa50fecf601612aa223e1c6278fc06779ef1ceb060246ad51942e4b49729ef,SUCCESS,2.412349499994889,
log_257d589d598b4b52,sec_edgar_filings,US_ISHARES_LQD,https://www.sec.gov/Archives/edgar/data/1100663/000119312525072394/d896448d497.htm,2026-09-26 13:51:52.024972,200.0,cd66eb18ab2124907da3cb9929d864a1dfc1211d43ed39ec8d640ca5b45e656b,SUCCESS,2.5853076000057627,
log_10b404772bc9434c,sec_edgar_filings,US_ISHARES_LQD,https://www.sec.gov/Archives/edgar/data/1100663/000119312525069353/d735233d497.htm,2026-09-26 13:51:54.525429,200.0,bd631bfadae77be216c92b72654dfd4504e6e2a746c481c9023e2837da1fc9a1,SUCCESS,2.658862299984321,
log_12b882b7afad4103,sec_edgar_filings,US_ISHARES_LQD,https://www.sec.gov/Archives/edgar/data/1100663/000119312525068983/d917197d497.htm,2026-09-26 13:51:57.026031,200.0,4681f150652580c721432b2c6bc1aba6a2b73381b164b559e6768b376076469a,SUCCESS,2.763273400021717,
log_91582524d1fe4172,sec_edgar_filings,US_ISHARES_LQD,https://www.sec.gov/Archives/edgar/data/1100663/000119312525130716/d892250d497.htm,2026-09-26 13:51:59.526909,200.0,07097d37d41b28b001e461b999b8e03d0acf90aa0b97c6d92e39b5387157079c,SUCCESS,3.6709427000023425,
log_58967fcc9a604c8b,sec_edgar_filings,US_ISHARES_LQD,https://www.sec.gov/Archives/edgar/data/1100663/000119312525121682/d15263d497.htm,2026-09-26 13:52:02.697463,200.0,5293c75e44da6168a77d4016250a479abfa0047f1baf52210cb46fa79dd15a10,SUCCESS,0.9258580000023358,
log_3dee1d4edde54791,sec_edgar_filings,US_ISHARES_LQD,https://www.sec.gov/Archives/edgar/data/1100663/000119312525152756/d20784d497.htm,2026-09-26 13:52:05.197886,200.0,a0f7d16dba80cd489ec03d4ba26e79aac85fbe741494e7bb442064056aa3f986,SUCCESS,2.598560999991605,
log_1394b9c6e1bd43dd,sec_edgar_filings,US_ISHARES_LQD,https://www.sec.gov/Archives/edgar/data/1100663/000119312525152664/d892910d497.htm,2026-09-26 13:52:07.698265,200.0,97e2ee0c713fcb5de4514cbdc2e4bb7c23da21e109d95ab31a9df7878b25c2c9,SUCCESS,2.4261153000115883,
log_28e610fe492d4f2f,sec_edgar_filings,US_ISHARES_LQD,https://www.sec.gov/Archives/edgar/data/1100663/000119312525152656/d62694d497.htm,2026-09-26 13:52:10.198558,200.0,dd9998f610aa00a9f785a7ad8373d9261cb8a4ce31cc451303a5c00d2430f900,SUCCESS,2.462928400025703,
log_e79ebe0084f24c02,sec_edgar_filings,US_ISHARES_LQD,https://www.sec.gov/Archives/edgar/data/1100663/000119312525151483/d858154d497.htm,2026-09-26 13:52:12.699133,200.0,800c8beabe6173b381bd2ad13c7e7f26ba6ffe3bce326f1551ac5b4f78f1ae9d,SUCCESS,2.5436354000121355,
log_a4fa19b1c0794680,sec_edgar_filings,US_ISHARES_LQD,https://www.sec.gov/Archives/edgar/data/1100663/000119312525151481/d937804d497.htm,2026-09-26 13:52:15.199506,200.0,195666b0e83bd51ac0216adecf97dfeb363f47ffd8ff0e906bd8a698c26bd2dd,SUCCESS,2.815065200004028,
log_53d9e323d6194239,sec_edgar_filings,US_ISHARES_LQD,https://www.sec.gov/Archives/edgar/data/1100663/000119312525151480/d926596d497.htm,2026-09-26 13:52:17.701389,200.0,6ea7212d37d29bfd65daa13de43da08de17d24d6903c214bc9131f83f36dbff1,SUCCESS,2.1172617000120226,
log_425f068d68354b10,sec_edgar_filings,US_ISHARES_LQD,https://www.sec.gov/Archives/edgar/data/1100663/000119312525151477/d933980d497.htm,2026-09-26 13:52:20.201443,200.0,c74ad6fda7f693fcbe610943818f3322a26b4ed9c0c869d964591bba02bdedcf,SUCCESS,2.49571129999822,
log_962cc68cdb4342b3,sec_edgar_filings,US_ISHARES_LQD,https://www.sec.gov/Archives/edgar/data/1100663/000119312525151475/d935891d497.htm,2026-09-26 13:52:22.702199,200.0,da59631fa4508681409796536742272a66bd26b791668d067a57311090715cbf,SUCCESS,2.498383099999046,
log_92e78d21bdc74a1e,sec_edgar_filings,US_ISHARES_LQD,https://www.sec.gov/Archives/edgar/data/1100663/000119312525151413/d80969d497.htm,2026-09-26 13:52:25.202492,200.0,6102ca7a81826d94c443591375f16c32e26d26670fc6e60fc7246b25f072689a,SUCCESS,2.710748900019098,
log_1f22c4a3fc4340e7,sec_edgar_filings,US_ISHARES_LQD,https://www.sec.gov/Archives/edgar/data/1100663/000119312525149660/d858192d497.htm,2026-09-26 13:52:27.702747,200.0,9f7afa070a3212af18e457a0c6d61420a835a25bb174ea6ee92718fef8a73baf,SUCCESS,2.1795054000103846,
log_3e59e2e138b448fa,sec_edgar_filings,US_ISHARES_LQD,https://www.sec.gov/Archives/edgar/data/1100663/000119312525149296/d833515d497.htm,2026-09-26 13:52:30.203416,200.0,2b206ff3b8e5036039bde3ece4dcaddc210a3ddd15cfe20e1d4343277e303650,SUCCESS,2.7829696999979205,
log_8253a971ff07485e,sec_edgar_filings,US_ISHARES_LQD,https://www.sec.gov/Archives/edgar/data/1100663/000119312525144688/d910466d497.htm,2026-09-26 13:52:32.703669,200.0,3351a3d69c49a2e9cf07f93969c88618483a4ea2c80f07a230e90a57fb46c66f,SUCCESS,1.8291813000105321,
log_890883d1c41e4955,sec_edgar_filings,US_ISHARES_LQD,https://www.sec.gov/Archives/edgar/data/1100663/000119312525144683/d923637d497.htm,2026-09-26 13:52:35.203736,200.0,b6594468bd3fda66ec0d2191496c71c17466739dcb62bc71de7ebaf4fd89f71d,SUCCESS,2.49866280000424,
log_e9910b9def3c4867,sec_edgar_filings,US_ISHARES_LQD,https://www.sec.gov/Archives/edgar/data/1100663/000119312525143780/d945286d497.htm,2026-09-26 13:52:37.704015,200.0,b8b1b011297fa3486bca11c99dc447d387100b5b691454f43c4f894731745b12,SUCCESS,2.4935977999994066,
log_1417331d10444dea,sec_edgar_filings,US_ISHARES_LQD,https://www.sec.gov/Archives/edgar/data/1100663/000119312525140815/d92035d497.htm,2026-09-26 13:52:40.204331,200.0,344eabd3caf3b12a3bca39e08c7c2bfaa4ad3512bce029cf65eac850d3fca7be,SUCCESS,2.5291302999830805,
log_f67f0655e0e046be,sec_edgar_filings,US_ISHARES_LQD,https://www.sec.gov/Archives/edgar/data/1100663/000119312525132329/d925393d497.htm,2026-09-26 13:52:42.704774,200.0,0c3214405434124e69c1edb277d1dda32e17fb42945053f19de08c499bd6962a,SUCCESS,3.418308899999829,
log_d81b4b3063834bbc,sec_edgar_filings,US_ISHARES_LQD,https://www.sec.gov/Archives/edgar/data/1100663/000119312525132328/d944327d497.htm,2026-09-26 13:52:45.205121,200.0,5a6b2e8df13cdfbe74a52ccc50f7c244a911c4f44716de5206e107f6058653d5,SUCCESS,2.897736699989764,
log_db1f64b1785b4a14,sec_edgar_filings,US_ISHARES_LQD,https://www.sec.gov/Archives/edgar/data/1100663/000119312525166407/d80334d497.htm,2026-09-26 13:52:47.750757,200.0,5976ca2bccd9cb3ba9ea478782537a52ee1716cfd78078aa6265345769615ff4,SUCCESS,1.3090966000163462,
log_545afde1d3814f29,sec_edgar_filings,US_ISHARES_LQD,https://www.sec.gov/Archives/edgar/data/1100663/000119312525166411/d16437d497.htm,2026-09-26 13:52:50.251047,200.0,18b745b6a77097bdbe7dd40937ad6c1f2283ff0da4a6a4cd3712ed4efc690074,SUCCESS,2.1525219999894034,
log_433bb11b4d8d42aa,sec_edgar_filings,US_ISHARES_LQD,https://www.sec.gov/Archives/edgar/data/1100663/000119312525164409/d45758d497.htm,2026-09-26 13:52:52.751525,200.0,32ec927d59fabaae7067046a32ae851a11f13a81c7b21d8984b618c0367653fc,SUCCESS,2.5013034000003245,
log_e2f806449edf4e01,sec_edgar_filings,US_ISHARES_LQD,https://www.sec.gov/Archives/edgar/data/1100663/000119312525162592/d940331d497.htm,2026-09-26 13:52:55.252573,200.0,fcf8f9a72c67062f989b98521403754a87a82d794fe22eafea09ceda5297284f,SUCCESS,2.740441700007068,
log_184b1424f2d442a8,sec_edgar_filings,US_ISHARES_LQD,https://www.sec.gov/Archives/edgar/data/1100663/000119312525162588/d936063d497.htm,2026-09-26 13:52:57.752854,200.0,8aaf5dd09282553b931c85ced5cb7a9cb3a563adab734542dc17a0b4e5e449c9,SUCCESS,2.3842130999837536,
log_dc7067313e744da9,sec_edgar_filings,US_ISHARES_LQD,https://www.sec.gov/Archives/edgar/data/1100663/000119312525160527/d100349d497.htm,2026-09-26 13:53:00.253953,200.0,5b9fc2fe52399e6e0802341de8b83c6254a0b52a42a9bdbf3d5ae9d9dd13074a,SUCCESS,3.7354852999851573,
log_1ac6b9d86d1c4a80,sec_edgar_filings,US_ISHARES_LQD,https://www.sec.gov/Archives/edgar/data/1100663/000119312525158223/d938286d497.htm,2026-09-26 13:53:02.754837,200.0,36f45b7e9bce75647c3ab6c4430f93ee147ec51161a6e776526b1781c52b21d5,SUCCESS,1.166881100012688,
log_b4e0fec9e8cb41a0,sec_edgar_filings,US_ISHARES_LQD,https://www.sec.gov/Archives/edgar/data/1100663/000119312525153117/d12766d497.htm,2026-09-26 13:53:05.255841,200.0,d901b7aa571666382f34663604e27babbd701f9abfef16520dcf6d610c33a1a7,SUCCESS,2.654433500021696,
log_0a1a3ee831d44d28,sec_edgar_filings,US_ISHARES_LQD,https://www.sec.gov/Archives/edgar/data/1100663/000119312525152941/d59861d497.htm,2026-09-26 13:53:07.756218,200.0,b5bad58aae955eb2685b7cefb977e0530f025607ad57268c2deeb5d9a670a17b,SUCCESS,2.366311099991435,
log_bdc2694b40514dc2,sec_edgar_filings,US_ISHARES_LQD,https://www.sec.gov/Archives/edgar/data/1100663/000119312525192573/d81584d497.htm,2026-09-26 13:53:10.258092,200.0,aba18f15b38413c0fe4ebe678c157cd3dbf77704081446bdebec37d32a971350,SUCCESS,2.651203000015812,
log_e3f12e0e8cc2427d,sec_edgar_filings,US_ISHARES_LQD,https://www.sec.gov/Archives/edgar/data/1100663/000119312525185435/d797607d497.htm,2026-09-26 13:53:12.758669,200.0,89f2e1a17120261d47d14c73bb53989ff12eebdb73a0f1048a442bfd81e36231,SUCCESS,2.348453899991,
log_d2a3231934904224,sec_edgar_filings,US_ISHARES_LQD,https://www.sec.gov/Archives/edgar/data/1100663/000119312525185274/d946888d497.htm,2026-09-26 13:53:15.259300,200.0,9f9ccbe56f8673cb4e0b5881038ca6e8b817f816b0447acff0f2620b4fb69767,SUCCESS,2.9037766000255942,
log_cb70807da6af4919,sec_edgar_filings,US_ISHARES_LQD,https://www.sec.gov/Archives/edgar/data/1100663/000119312525181867/d32380d497.htm,2026-09-26 13:53:17.759781,200.0,0d914b3094a3b114902160e3a8106f0efd06256e370e959ca30f3d7ee0b21752,SUCCESS,2.0983389999892097,
log_1a5e40e9a2404bc1,sec_edgar_filings,US_ISHARES_LQD,https://www.sec.gov/Archives/edgar/data/1100663/000119312525178119/d945380d497.htm,2026-09-26 13:53:20.259982,200.0,666bc471b3e9b7a40976f1d298e5f516eea91fb1e94b82dfb38d492d1e64be4d,SUCCESS,2.5106153000087943,
log_93ba0962f31143e8,sec_edgar_filings,US_ISHARES_LQD,https://www.sec.gov/Archives/edgar/data/1100663/000119312525176991/d68767d497.htm,2026-09-26 13:53:22.760437,200.0,4f59848c0f238e853d2904736316d15848706000baa0d7d5612382769706bd7c,SUCCESS,2.6074155000096653,
log_c2b65b96e1374cd0,sec_edgar_filings,US_ISHARES_LQD,https://www.sec.gov/Archives/edgar/data/1100663/000119312525171727/d35987d497.htm,2026-09-26 13:53:25.263925,200.0,1a4bbfd46cb9059f052dbb47e10a440a1b0c8091f4d8cc1b83a471c34888d7d2,SUCCESS,2.5847458000062034,
log_0a4e14b02a124de7,sec_edgar_filings,US_ISHARES_LQD,https://www.sec.gov/Archives/edgar/data/1100663/000119312525171725/d946231d497.htm,2026-09-26 13:53:27.765030,200.0,cda92a5b1a1cfd8eb6925718811d5d52405ba30246ea0c60026cef3552c14aae,SUCCESS,2.234054600005038,
log_6adeaac2a63d4aef,sec_edgar_filings,US_ISHARES_LQD,https://www.sec.gov/Archives/edgar/data/1100663/000119312525171382/d91144d497.htm,2026-09-26 13:53:30.265479,200.0,da540bc116c7bfbf3e795771eb0b2089dcb58711dcb108968bb822a0416d2c01,SUCCESS,2.9731799000001047,
log_b748c1f4851b4a94,sec_edgar_filings,US_ISHARES_LQD,https://www.sec.gov/Archives/edgar/data/1100663/000119312525171077/d12817d497.htm,2026-09-26 13:53:32.766027,200.0,aeb3943d726dee222a163f7d5edee46cd246849471737bc9b0d55d982e1361db,SUCCESS,2.1135758999735117,
log_6c013b774f584be9,sec_edgar_filings,US_ISHARES_LQD,https://www.sec.gov/Archives/edgar/data/1100663/000119312525170646/d72295d497.htm,2026-09-26 13:53:35.266720,200.0,05add7aa9e4678e3b23c5ac6fdfb1d2ccbfc7652c5fe637702e61ef49610f4bc,SUCCESS,2.759487400006037,
log_0d4d8af6ccc94c70,sec_edgar_filings,US_ISHARES_LQD,https://www.sec.gov/Archives/edgar/data/1100663/000119312525220684/d14216d497.htm,2026-09-26 13:53:37.767198,200.0,dd39f981b8d1bf7e93226c4c0c8ca7a7d8e11abeedf32daaa2c8f5bdd84d7283,SUCCESS,1.7888283999927808,
log_f27b3ec14c7d40f7,sec_edgar_filings,US_ISHARES_LQD,https://www.sec.gov/Archives/edgar/data/1100663/000119312525220667/d74315d497.htm,2026-09-26 13:53:40.267522,200.0,7163e9ded3e0f70f000e219c9b1026484accdbc7cb7e680f2e372b5d965dd612,SUCCESS,2.8328995000047144,
log_7e1e9dda9f68424e,sec_edgar_filings,US_ISHARES_LQD,https://www.sec.gov/Archives/edgar/data/1100663/000119312525220646/d922321d497.htm,2026-09-26 13:53:42.768327,200.0,5253c549329b0a54a81a8eb5c632c99bfe740f6ac9f855fbbfa40f7817c1bb50,SUCCESS,2.3450045000063255,
log_451082dc17ac4d43,sec_edgar_filings,US_ISHARES_LQD,https://www.sec.gov/Archives/edgar/data/1100663/000119312525213586/d76986d497.htm,2026-09-26 13:53:45.271217,200.0,588606b57f9afd851d14cc848989ed3d0ace8f6878ec6d72bf36f15cceb8d75d,SUCCESS,2.7701043999986723,
log_638f3b8081dd4b22,sec_edgar_filings,US_ISHARES_LQD,https://www.sec.gov/Archives/edgar/data/1100663/000119312525213416/d12724d497.htm,2026-09-26 13:53:47.771964,200.0,72f2199f76abaf86856631907d6823ebd91a780f1820f87e791975313ff4d5a1,SUCCESS,2.086045700008981,
log_e5743629bdb44bfb,sec_edgar_filings,US_ISHARES_LQD,https://www.sec.gov/Archives/edgar/data/1100663/000119312525202143/d85575d497.htm,2026-09-26 13:53:50.272257,200.0,9d26d441ed06fde53b948a57cd213370c2a5f564bbfd78de3502b7c6925dcf7a,SUCCESS,2.6245578000089154,
log_28861befb8bb4e05,sec_edgar_filings,US_ISHARES_LQD,https://www.sec.gov/Archives/edgar/data/1100663/000119312525194258/d45302d497.htm,2026-09-26 13:53:52.772578,200.0,c7c946da7c4f7d94b20cb3c7107299f7828d5b953c9f24c850a4fa24a6467a4c,SUCCESS,2.352377500006696,
log_b248f3aeee4f4662,sec_edgar_filings,US_ISHARES_LQD,https://www.sec.gov/Archives/edgar/data/1100663/000119312525193994/d36297d497.htm,2026-09-26 13:53:55.272939,200.0,b853b800d62eb943bc95a96a31fdf69627ff4ef7da8b62b41b8d4733d3cc6272,SUCCESS,2.963286899990635,
log_4f2440b718b641cd,sec_edgar_filings,US_ISHARES_LQD,https://www.sec.gov/Archives/edgar/data/1100663/000119312525258900/d850740d497.htm,2026-09-26 13:53:57.773101,200.0,32f501b96f6b8a7322800867cb758f9421767ad82ece941937821b4ecc8274f9,SUCCESS,1.7077364999859128,
log_c273fe6a884f4fa7,sec_edgar_filings,US_ISHARES_LQD,https://www.sec.gov/Archives/edgar/data/1100663/000119312525258622/d853081d497.htm,2026-09-26 13:54:00.273536,200.0,4d4be3c4ea087ea29229ced99d7b2978587e5cfc455dc8f94fe58643a9caf7ba,SUCCESS,2.539607500017155,
log_6d8c383af32b4499,sec_edgar_filings,US_ISHARES_LQD,https://www.sec.gov/Archives/edgar/data/1100663/000119312525245584/d47996d497.htm,2026-09-26 13:54:02.774366,200.0,8963fad299cba9c92ab74fbd0b0a3701942f048949d54ad07e5c323f66ae6316,SUCCESS,2.5771882999979425,
log_07ff3fcf024a4f5f,sec_edgar_filings,US_ISHARES_LQD,https://www.sec.gov/Archives/edgar/data/1100663/000119312525245533/d53643d497.htm,2026-09-26 13:54:05.274576,200.0,fa278f57fde07d67459e17cc5864b008da5199aa69b9762dd534334b2a37b32d,SUCCESS,2.4251189999922644,
log_3680734593064819,sec_edgar_filings,US_ISHARES_LQD,https://www.sec.gov/Archives/edgar/data/1100663/000119312525243500/d847683d497.htm,2026-09-26 13:54:07.774862,200.0,7f6cb699be8e40bee78944c7bd041bfb26c63cd90f924532fb6f5a8d7651cf69,SUCCESS,2.534367599990219,
log_a99bf7e218984c02,sec_edgar_filings,US_ISHARES_LQD,https://www.sec.gov/Archives/edgar/data/1100663/000119312525241455/d21541d497.htm,2026-09-26 13:54:10.274977,200.0,1df50d0b3c4ff13b8f77edfd93e5d1d63a6c218d97c0bd5a0986e82787b264b1,SUCCESS,2.7219404999923427,
log_c0e8ac7f92524af7,sec_edgar_filings,US_ISHARES_LQD,https://www.sec.gov/Archives/edgar/data/1100663/000119312525241445/d17098d497.htm,2026-09-26 13:54:12.775332,200.0,d1d6dc8e525632673411aba7a1a39c4a3f7c3a887167b46c22ee1b029975831a,SUCCESS,2.2134686000063084,
log_44dd83dfc86d4207,sec_edgar_filings,US_ISHARES_LQD,https://www.sec.gov/Archives/edgar/data/1100663/000119312525240445/d13496d497.htm,2026-09-26 13:54:15.275733,200.0,7c9b915ca21c70a7469c2388530b511343b7b813f1057b9f639120b5be24f1fc,SUCCESS,2.5446077000233345,
log_355b43bf78834d1b,sec_edgar_filings,US_ISHARES_LQD,https://www.sec.gov/Archives/edgar/data/1100663/000119312525240193/d46937d497.htm,2026-09-26 13:54:17.776002,200.0,083af31cf339ba43b7ff354c9c4f18ec77318dd812e83c9f61ff0702198b340a,SUCCESS,2.4873479999951087,
log_8972399f4d6e4e8e,sec_edgar_filings,US_ISHARES_LQD,https://www.sec.gov/Archives/edgar/data/1100663/000119312525237066/d838386d497.htm,2026-09-26 13:54:20.276266,200.0,aab6a39bd1af51aa3f72858dabcbce792bcb8384e45787c182da56ec75c1359a,SUCCESS,2.887483800004702,
log_9b92f6321da84d13,sec_edgar_filings,US_ISHARES_LQD,https://www.sec.gov/Archives/edgar/data/1100663/000119312525233824/d14518d497.htm,2026-09-26 13:54:22.776801,200.0,fe9b0227a29f114c16819e84ca4eff0745cc92822823d24ca797cc4fc9229233,SUCCESS,2.0705340999993496,
log_6d44dce2895c4a01,sec_edgar_filings,US_ISHARES_LQD,https://www.sec.gov/Archives/edgar/data/1100663/000119312525230367/d863213d497.htm,2026-09-26 13:54:25.277412,200.0,8faccea853cc4ef5aef1acc9032222749fccb4d53dd7d2530414585580ed4328,SUCCESS,2.5590432999888435,
log_fae3f83e8b174f3d,sec_edgar_filings,US_ISHARES_LQD,https://www.sec.gov/Archives/edgar/data/1100663/000119312525226832/d140482d497.htm,2026-09-26 13:54:27.777823,200.0,86b1dc2d05ebcfd117767c2158e886c96e2cb5045834940bf25c71c32f35c5d0,SUCCESS,2.7373097999952734,
log_ca56a95c0c4e4d6a,sec_edgar_filings,US_ISHARES_LQD,https://www.sec.gov/Archives/edgar/data/1100663/000119312525225574/d77896d497.htm,2026-09-26 13:54:30.278203,200.0,9e5da6c2f2e15011702321b35531eb6e230385886c1acce719b3b378fe015b55,SUCCESS,2.2259377000154927,
log_d9dac0a9df6f4e6c,sec_edgar_filings,US_ISHARES_LQD,https://www.sec.gov/Archives/edgar/data/1100663/000119312525297711/d938912d497.htm,2026-09-26 13:54:32.778318,200.0,014a10b21d4a8687ed6eb12c37ccb0f372f94b7dbab55639b8d9b09411dcf6b4,SUCCESS,2.4826322000008076,
log_0d34ae08a2004bcf,sec_edgar_filings,US_ISHARES_LQD,https://www.sec.gov/Archives/edgar/data/1100663/000119312525291668/d87125d497.htm,2026-09-26 13:54:35.278823,200.0,6146fc79bb79b050e0ed9ed08acdb5ff7bca5b8b3acab77ca56fbaf32207a9e4,SUCCESS,3.0033393999910913,
log_51ac38a38da4438b,sec_edgar_filings,US_ISHARES_LQD,https://www.sec.gov/Archives/edgar/data/1100663/000119312525287109/d82955d497.htm,2026-09-26 13:54:37.779003,200.0,8ce91b3b112647d42edce41a7d15bc0229ac0bb21bcc7a3cf2ef934c1f7ba959,SUCCESS,1.9488139000022784,
log_0fe253c48be74a07,sec_edgar_filings,US_ISHARES_LQD,https://www.sec.gov/Archives/edgar/data/1100663/000119312525283231/d67648d497.htm,2026-09-26 13:54:40.279512,200.0,d15976a5418d3b283973221ac1a5190850f4896912b73f695ef16e4a23d1d481,SUCCESS,4.059189499996137,
log_12173498715e4613,sec_edgar_filings,US_ISHARES_LQD,https://www.sec.gov/Archives/edgar/data/1100663/000119312525331050/d922635d497.htm,2026-09-26 13:54:43.309762,200.0,ddcd7dfc2f263e62cc4fb38373ceafe9f7ce480ed2924b0b54df62998780015c,SUCCESS,1.1352765999909025,
log_3d62f37ce10f4cb8,sec_edgar_filings,US_ISHARES_LQD,https://www.sec.gov/Archives/edgar/data/1100663/000119312525328765/d86147d497.htm,2026-09-26 13:54:45.810098,200.0,1a5d89bafba00026b2d4c2846bfe463eb02310698afecdb7dc3eb5cff4a8c13d,SUCCESS,2.7514652999816462,
log_b4154179374b4bca,sec_edgar_filings,US_ISHARES_LQD,https://www.sec.gov/Archives/edgar/data/1100663/000119312525324952/d938265d497.htm,2026-09-26 13:54:48.310514,200.0,1db040fee1d07b3c6a8a5580cacdf2a2b59546a2e6204315a58de6939c48c652,SUCCESS,2.099466499988921,
log_dd2986da5fe74c0a,sec_edgar_filings,US_ISHARES_LQD,https://www.sec.gov/Archives/edgar/data/1100663/000119312525316017/d58282d497.htm,2026-09-26 13:54:50.810955,200.0,43b1d307691b158f0a8e8d83e8bcf68b2c72f37cb3b64b19155f2fc03b29a285,SUCCESS,2.5817944000009447,
log_c9ffada46521480c,sec_edgar_filings,US_ISHARES_LQD,https://www.sec.gov/Archives/edgar/data/1100663/000119312525309780/d79527d497.htm,2026-09-26 13:54:53.315079,200.0,0b5b3712b8575efa22704d689646817d34ad633e1750ea64c7c550e08f0f0723,SUCCESS,2.563511499989545,
log_9ff87b2fc4b54d79,sec_edgar_filings,US_ISHARES_LQD,https://www.sec.gov/Archives/edgar/data/1100663/000119312525308207/d90938d497.htm,2026-09-26 13:54:55.815576,200.0,dec7649fe650e46097ea1f9159f68533ed28e09bb1cabc0d7ecfd0ab79a12e7a,SUCCESS,2.448579299991252,
log_8c4b3507ea0e4d69,sec_edgar_filings,US_ISHARES_LQD,https://www.sec.gov/Archives/edgar/data/1100663/000119312525308009/d88695d497.htm,2026-09-26 13:54:58.315888,200.0,dbe724f097a785cad1dce26a486b7574954c6a55907bc08837568fbadf2fd4e4,SUCCESS,2.604780599998776,
log_b50a237fa1634bff,sec_edgar_filings,US_ISHARES_LQD,https://www.sec.gov/Archives/edgar/data/1100663/000119312526015356/d35944d497.htm,2026-09-26 13:55:00.816146,200.0,79f71ed6aaeca36030a19fb4a9b54be5b62769f1c9a0bb47f916ad43ea71bd68,SUCCESS,2.4124985999951605,
log_80a45d27d3404d3c,sec_edgar_filings,US_ISHARES_LQD,https://www.sec.gov/Archives/edgar/data/1100663/000119312526006456/d816607d497.htm,2026-09-26 13:55:03.316640,200.0,acd54a975e88f98bde579d172fd408fa271f88ee59fc8a418ac14948a40b1c91,SUCCESS,2.8933958999987226,
log_4fe7804863dc4dd6,sec_edgar_filings,US_ISHARES_LQD,https://www.sec.gov/Archives/edgar/data/1100663/000119312525338493/d36519d497.htm,2026-09-26 13:55:05.816981,200.0,174cbc0f9f9e957466ee19b8f629b4b089554841fa6bfc0108e314380ae311c4,SUCCESS,2.113833000010345,
log_02b630af2fdf4fb8,sec_edgar_filings,US_ISHARES_LQD,https://www.sec.gov/Archives/edgar/data/1100663/000119312526064485/d29673d497.htm,2026-09-26 13:55:08.317179,200.0,358467b1d1cda828ab60b904b89d15ba9db8db0e34f30f124dd656afdf8d5af0,SUCCESS,2.1879320000007283,
log_980c01d18f934a82,sec_edgar_filings,US_ISHARES_LQD,https://www.sec.gov/Archives/edgar/data/1100663/000119312526056745/d51363d497.htm,2026-09-26 13:55:10.817798,200.0,8836ae41550d37826386f892c93bedab2d44980905829085d6382a1f7e40f6e6,SUCCESS,2.5885782999976072,
log_d8918a8248f14e08,sec_edgar_filings,US_ISHARES_LQD,https://www.sec.gov/Archives/edgar/data/1100663/000119312526051617/d88238d497.htm,2026-09-26 13:55:13.318091,200.0,f5d8afd79b11205ea23703358fddcbc7ae0fa3c646ad136e532fdee78ef887e3,SUCCESS,2.5380331999913324,
log_a984c1d61a304270,sec_edgar_filings,US_ISHARES_LQD,https://www.sec.gov/Archives/edgar/data/1100663/000119312526051604/d38921d497.htm,2026-09-26 13:55:15.818546,200.0,86ae91b01315c6abfae9b331e8b024218968c0b245b9b775f400fc8ec78c245b,SUCCESS,2.5881124999723397,
log_5287f0083e1e493f,sec_edgar_filings,US_ISHARES_LQD,https://www.sec.gov/Archives/edgar/data/1100663/000119312526051590/d25478d497.htm,2026-09-26 13:55:18.319360,200.0,774898db3076c024639916885fb4a04bf8a40401803bc9676bd722c39b4adbfb,SUCCESS,2.3759520999738015,
log_2b0fc7524920402b,sec_edgar_filings,US_ISHARES_LQD,https://www.sec.gov/Archives/edgar/data/1100663/000119312526129300/d765912d497.htm,2026-09-26 13:55:20.819530,200.0,55acaa1112fa42626026576f5f29a8044415f933b3fdebcdf59bbea1bc3bc357,SUCCESS,2.5317044999974314,
log_254bdb4532774b56,sec_edgar_filings,US_ISHARES_LQD,https://www.sec.gov/Archives/edgar/data/1100663/000119312526121940/d117046d497.htm,2026-09-26 13:55:23.319787,200.0,0f65ad011a6ffe9b0fc676ca42a6ef0402d529b9e93c1d7e0a3324c01222bf85,SUCCESS,2.4061133999784943,
log_4813f0b8b78141f0,sec_edgar_filings,US_ISHARES_LQD,https://www.sec.gov/Archives/edgar/data/1100663/000119312526117990/d36768d497.htm,2026-09-26 13:55:25.820220,200.0,b830b7f3c2295aecdd5adfc2b30f7ce78ffcf3860c3b267591b1f28ae5504e3c,SUCCESS,2.4730341999966186,
log_0e8765cb43ad49f9,sec_edgar_filings,US_ISHARES_LQD,https://www.sec.gov/Archives/edgar/data/1100663/000119312526114192/d45638d497.htm,2026-09-26 13:55:28.320284,200.0,f8bac38858835400b2b1f7af0c41445954bd31f9de091a866fa51d1a99aa6a81,SUCCESS,3.772882099990966,
log_988f16f9c7634d26,sec_edgar_filings,US_ISHARES_LQD,https://www.sec.gov/Archives/edgar/data/1100663/000119312526114010/d864601d497.htm,2026-09-26 13:55:30.848905,200.0,d0bab012bec0a65529ea9c60350e454406eb8bf56209d0da1c5f2b04d8039b95,SUCCESS,1.0321301000076346,
log_735ecf7c5c3447e6,sec_edgar_filings,US_ISHARES_LQD,https://www.sec.gov/Archives/edgar/data/1100663/000119312526102313/d13062d497.htm,2026-09-26 13:55:33.349422,200.0,d31656f8006feaa6fe94db3df8a97a8a179f992425f265e4f71601732824f9da,SUCCESS,2.5613294999930076,
log_2bacb1ef49994eee,sec_edgar_filings,US_ISHARES_LQD,https://www.sec.gov/Archives/edgar/data/1100663/000119312526097152/d29298d497.htm,2026-09-26 13:55:35.852897,200.0,5fdf1972fbe924e4227f9280986015ab772139b8e63fbd40929dfd65629c9be0,SUCCESS,2.79090679998626,
log_d0f2b73ad2ad4aa5,sec_edgar_filings,US_ISHARES_LQD,https://www.sec.gov/Archives/edgar/data/1100663/000119312526083306/d116517d497.htm,2026-09-26 13:55:38.353455,200.0,b1a783a5b59d9307d78e2b0b17a901e9c3607f647ea07e938467be1fd93324b8,SUCCESS,2.106588399998145,
log_744f2467c8e44c89,sec_edgar_filings,US_ISHARES_LQD,https://www.sec.gov/Archives/edgar/data/1100663/000119312526196607/d112890d497.htm,2026-09-26 13:55:40.856830,200.0,9eed563de402618d22fa5c9e7a4c7e6b1baba74c7cf15f590f79ea3eba758a48,SUCCESS,2.329798299993854,
log_233bd4178c0943a6,sec_edgar_filings,US_ISHARES_LQD,https://www.sec.gov/Archives/edgar/data/1100663/000119312526188422/d17882d497.htm,2026-09-26 13:55:43.354418,200.0,b9a0745cf7961915f13ff6090bbec9ed7e4c3d0c17db47a44dc430f3ed11ccfe,SUCCESS,2.7876164999906905,
log_854f14e1867942a6,sec_edgar_filings,US_ISHARES_LQD,https://www.sec.gov/Archives/edgar/data/1100663/000119312526164165/d88796d497.htm,2026-09-26 13:55:45.854679,200.0,2e6720a7265726e643da19293d7bf63009c73cb5322a3c00dd47b297e92ba504,SUCCESS,3.165098500001477,
log_e28e4bd9c3574239,sec_edgar_filings,US_ISHARES_LQD,https://www.sec.gov/Archives/edgar/data/1100663/000119312526140146/d105386d497.htm,2026-09-26 13:55:48.356009,200.0,222cd8f805c81305a65dbde504e71a28f0da7f9edd9cfbf214c6648ed3e7c5e6,SUCCESS,2.013390900014201,
log_7d2a883ca5bc41e2,sec_edgar_filings,US_ISHARES_LQD,https://www.sec.gov/Archives/edgar/data/1100663/000119312526140080/d106622d497.htm,2026-09-26 13:55:50.856493,200.0,c5dce8b7c2800f2e49356a0b1cf40acc3fb4947a0af23ba630881fa06b81107a,SUCCESS,1.9675840999989305,
log_154e0d2c73154221,sec_edgar_filings,US_ISHARES_LQD,https://www.sec.gov/Archives/edgar/data/1100663/000119312526135209/d129347d497.htm,2026-09-26 13:55:53.357035,200.0,50aec65e6ca60613675b43059d6a4f6d7165013def7bce388de9e77c99ee1eff,SUCCESS,2.538822700007586,
log_b5f115097b764dd5,sec_edgar_filings,US_ISHARES_LQD,https://www.sec.gov/Archives/edgar/data/1100663/000119312526239677/d24890d497.htm,2026-09-26 13:55:55.858198,200.0,00dfc510d2afa23776628877b7d2da00d9bb68846a34d3f4093a3dc82989f240,SUCCESS,2.311188499996206,
log_0c58b05fddba4d10,sec_edgar_filings,US_ISHARES_LQD,https://www.sec.gov/Archives/edgar/data/1100663/000119312526237040/d105379d497.htm,2026-09-26 13:55:58.358532,200.0,34ce8d4a4765d9d6f85c92409e69eb11d96cbb0aa6009d22ac6d5c4acb16e6af,SUCCESS,2.4327335999987554,
log_b0b15b2b9ea24407,sec_edgar_filings,US_ISHARES_LQD,https://www.sec.gov/Archives/edgar/data/1100663/000119312526237012/d108481d497.htm,2026-09-26 13:56:00.858879,200.0,e062db17e91eb6d274a408b722deb2922c343f47c2a952ea53b30bd0c8f73d1b,SUCCESS,2.389051899983315,
log_ee55d874336946dc,sec_edgar_filings,US_ISHARES_LQD,https://www.sec.gov/Archives/edgar/data/1100663/000119312526232632/d112764d497.htm,2026-09-26 13:56:03.359248,200.0,7c7ea35c15c0f1c619211835bc9ab1c27b581c05452715229b395f3a09f05548,SUCCESS,2.483064000000013,
log_8c85f24b56df42a0,sec_edgar_filings,US_ISHARES_LQD,https://www.sec.gov/Archives/edgar/data/1100663/000119312526204769/d121690d497.htm,2026-09-26 13:56:05.859706,200.0,9458041f9c688c4fb667e5bcd94149e648043fee27b4cedb1807a84a102b677b,SUCCESS,2.815737500000978,
log_1ddcd08a12ec4513,sec_edgar_filings,US_ISHARES_LQD,https://www.sec.gov/Archives/edgar/data/1100663/000119312526288507/d144232d497.htm,2026-09-26 13:56:08.360159,200.0,773a3e1d979da58058029ea9050369a87e4f8c1c017a7900d3774deb7698ed00,SUCCESS,2.611148600000888,
log_209314fa42164e18,sec_edgar_filings,US_ISHARES_LQD,https://www.sec.gov/Archives/edgar/data/1100663/000119312526279612/d74881d497.htm,2026-09-26 13:56:10.860754,200.0,986d7bb132a2a1e8e07022dd290e936730cba6d368b2ef285524041c7927f645,SUCCESS,2.692696599988267,
log_11220ef41b8543e5,sec_edgar_filings,US_ISHARES_LQD,https://www.sec.gov/Archives/edgar/data/1100663/000119312526279474/d143191d497.htm,2026-09-26 13:56:13.361059,200.0,c2e89a5a595852ec3ea74ffbd9b8aead89b827907db3e3f825c839653137d541,SUCCESS,2.426236200000858,
log_9f13fbea2ba547f3,sec_edgar_filings,US_ISHARES_LQD,https://www.sec.gov/Archives/edgar/data/1100663/000119312526269593/d74967d497.htm,2026-09-26 13:56:15.861713,200.0,d4753ee9f18867febc13cfc93b240606a9fbda656f189e03583543df3b4876e8,SUCCESS,2.249765499989735,
log_834650c88e8e4dc6,sec_edgar_filings,US_ISHARES_LQD,https://www.sec.gov/Archives/edgar/data/1100663/000119312526269590/d168658d497.htm,2026-09-26 13:56:18.362261,200.0,75746f0add85ebd7724d05ad887fbf580a1445da20a3c4ea2c4667f5876817e7,SUCCESS,2.492558600002667,
log_9dd57386f3984d69,sec_edgar_filings,US_ISHARES_LQD,https://www.sec.gov/Archives/edgar/data/1100663/000119312526267888/d121420d497.htm,2026-09-26 13:56:20.862847,200.0,caf4b1428f5efd3798756d9815425203d0cdf51d458688629441438d39e971f3,SUCCESS,2.626457099977415,
log_90d56b3416fc40ff,sec_edgar_filings,US_ISHARES_LQD,https://www.sec.gov/Archives/edgar/data/1100663/000119312526267877/d143945d497.htm,2026-09-26 13:56:23.363043,200.0,4a92334408598170baca70379751806d09fe308a82895775a2eb7ca7cc6a103a,SUCCESS,2.321395900013158,
log_2a18d3ac0e0440ec,sec_edgar_filings,US_ISHARES_LQD,https://www.sec.gov/Archives/edgar/data/1100663/000119312526267872/d74088d497.htm,2026-09-26 13:56:25.863830,200.0,b5e4771bb7559c9a634293e8e25652843e18172a3a94373c05a68e218348b01b,SUCCESS,2.556117500003893,
log_2122a1fc4113498e,sec_edgar_filings,US_ISHARES_LQD,https://www.sec.gov/Archives/edgar/data/1100663/000119312526267869/d46038d497.htm,2026-09-26 13:56:28.363995,200.0,be5ad514db0fd1cf813e62e133885811797f770cb8142592179335cc06d1cf97,SUCCESS,2.7581035000039265,
log_42e471fdaef44e1c,sec_edgar_filings,US_ISHARES_LQD,https://www.sec.gov/Archives/edgar/data/1100663/000119312526267864/d20417d497.htm,2026-09-26 13:56:30.864517,200.0,250a1267e11495bba825a62f3629f7ca68600f8128bfaec4589d5bc5b7046e09,SUCCESS,2.3477741999959107,
log_b62d7b4665ba4860,sec_edgar_filings,US_ISHARES_LQD,https://www.sec.gov/Archives/edgar/data/1100663/000119312526267858/d162061d497.htm,2026-09-26 13:56:33.364903,200.0,ad55ffb9bb1173f124b5aa4d14412b17a90a1afc6012f9da964797c237168b21,SUCCESS,2.40597500000149,
log_0a1d058055974d39,sec_edgar_filings,US_ISHARES_LQD,https://www.sec.gov/Archives/edgar/data/1100663/000119312526267852/d154427d497.htm,2026-09-26 13:56:35.865193,200.0,844ba76a2078925801265f3b074f5f7968763d1aae83c4aea0358307062c8663,SUCCESS,2.486536199983675,
log_0deffa9d3a2944d6,sec_edgar_filings,US_ISHARES_LQD,https://www.sec.gov/Archives/edgar/data/1100663/000119312526249172/d126264d497.htm,2026-09-26 13:56:38.365646,200.0,383c995df14c85e21826b8f6e567b3f2f5115addd7a5179ffd892aad5d1df59a,SUCCESS,2.516905600001337,
log_fc05083647b04497,sec_edgar_filings,US_ISHARES_LQD,https://www.sec.gov/Archives/edgar/data/1100663/000119312526326458/d123143d497.htm,2026-09-26 13:56:40.865945,200.0,43768bc03c1fb71017ba076ff5b15c2ec3fb28211326160b8e4168eb94ce5fb4,SUCCESS,2.389228699990781,
log_0585efdad4c54413,sec_edgar_filings,US_ISHARES_LQD,https://www.sec.gov/Archives/edgar/data/1100663/000119312526326445/d25273d497.htm,2026-09-26 13:56:43.366337,200.0,a08218d45dfe0ba8ea3ed37dab2eda58a5dc3d159c23e857980c839f51d7bea0,SUCCESS,2.6119203999987803,
log_0e346a8eb0974f15,sec_edgar_filings,US_ISHARES_LQD,https://www.sec.gov/Archives/edgar/data/1100663/000119312526326439/d161787d497.htm,2026-09-26 13:56:45.866616,200.0,fd29b9dcfee58630afe0e308d3fe3466b80df1cde8a0af6d24299e0f797acb7d,SUCCESS,2.391497900011018,
log_c387e4ea0f574d15,sec_edgar_filings,US_ISHARES_LQD,https://www.sec.gov/Archives/edgar/data/1100663/000119312526307874/d94466d497.htm,2026-09-26 13:56:48.366869,200.0,ece03ba68a5aaf3c817c4f6b9bd64b677ead55387401497b6c00f84cff703039,SUCCESS,2.43201799999224,
log_62523f61e5ce4ec2,sec_edgar_filings,US_ISHARES_LQD,https://www.sec.gov/Archives/edgar/data/1100663/000119312526306133/d157213d497.htm,2026-09-26 13:56:50.867200,200.0,a9dad30a31ad649f3cf48231a29734ed55bbc27ba5d1bc578c1c4c33c984eacd,SUCCESS,2.4656938000116497,
log_79f215aee8ae4eb2,sec_edgar_filings,US_ISHARES_LQD,https://www.sec.gov/Archives/edgar/data/1100663/000119312526306123/d160783d497.htm,2026-09-26 13:56:53.368032,200.0,9e374339c503ac1f3afbf3a6dc056115cfdc9d347ed16bd29782dde2f08116c1,SUCCESS,2.531416200014064,
log_6a3fd42891324d73,sec_edgar_filings,US_ISHARES_LQD,https://www.sec.gov/Archives/edgar/data/1100663/000119312526306122/d145677d497.htm,2026-09-26 13:56:55.868125,200.0,8589633deb798a60f69354eba15cf808392dbe86479e9022b7d24bb6eaa8cf04,SUCCESS,2.546080100000836,
log_b907d007e5f047a1,sec_edgar_filings,US_ISHARES_LQD,https://www.sec.gov/Archives/edgar/data/1100663/000119312526306120/d151429d497.htm,2026-09-26 13:56:58.368691,200.0,dd1fdf7770161ec03ecf76037796c9a8e9abf891cd94766b425761307a09a189,SUCCESS,2.4553434000117704,
log_9591df1185484275,sec_edgar_filings,US_ISHARES_LQD,https://www.sec.gov/Archives/edgar/data/1100663/000119312526306119/d154864d497.htm,2026-09-26 13:57:00.868942,200.0,7c7159c45b0a42513d6d7a90b8da303ec3b521f540dce139268f1768d015c253,SUCCESS,2.4596644999983255,
log_50554bd934e04766,sec_edgar_filings,US_ISHARES_LQD,https://www.sec.gov/Archives/edgar/data/1100663/000119312526306116/d155509d497.htm,2026-09-26 13:57:03.369386,200.0,ca038d7e15083df015eabe836cc73d1a42841d009c8618643512a730cd67f53f,SUCCESS,2.6728800000273623,
log_9654a42993b64a96,sec_edgar_filings,US_ISHARES_LQD,https://www.sec.gov/Archives/edgar/data/1100663/000119312526306115/d156341d497.htm,2026-09-26 13:57:05.869749,200.0,6a496bc7d22bed5123125cb7712cf7812e39d4640163dce29eb3d5ecd1f4bf47,SUCCESS,2.5049843000015244,
log_257375dd0a36442c,sec_edgar_filings,US_ISHARES_LQD,https://www.sec.gov/Archives/edgar/data/1100663/000119312526300908/d898074d497.htm,2026-09-26 13:57:08.370007,200.0,3e6d6cb4e9d5e319e905d0517c8c81e27ef8f049a5ee7979dc656693dcabe5e8,SUCCESS,2.3219454000063706,
log_7f7e64b441d24b2c,sec_edgar_filings,US_ISHARES_LQD,https://www.sec.gov/Archives/edgar/data/1100663/000119312526294655/d83700d497.htm,2026-09-26 13:57:10.870314,200.0,e8b2fea09a8fe965aecb2c68b1d5d9762df5969614f02c334c4e59347a6fa57d,SUCCESS,2.9453450000146404,
log_98bd4f5dde5148ac,sec_edgar_filings,US_ISHARES_LQD,https://www.sec.gov/Archives/edgar/data/1100663/000119312526293181/d83700d497.htm,2026-09-26 13:57:13.370565,200.0,e8f5a24b7941ee340b2658503a979bf50cff8d427ba84b0f1f9beef45ad6220d,SUCCESS,2.7536716999893542,
log_e9971b071e354325,sec_edgar_filings,US_ISHARES_LQD,https://www.sec.gov/Archives/edgar/data/1100663/000119312526292033/d110723d497.htm,2026-09-26 13:57:15.872366,200.0,7079e7b67616604fea2e6705db4f54ad9be03ac09d45f24c26791ec1f59f0259,SUCCESS,1.8126055000175256,
log_938400bbef2044e3,sec_edgar_filings,US_ISHARES_LQD,https://www.sec.gov/Archives/edgar/data/1100663/000119312526291166/d10430d497.htm,2026-09-26 13:57:18.372752,200.0,2b68846bec4b87534a84a40c21287c4b487928c4bd4e9ce9eef95400f4881a20,SUCCESS,2.4800675000005867,
log_34eb1afcc705417d,sec_edgar_filings,US_ISHARES_LQD,https://www.sec.gov/Archives/edgar/data/1100663/000119312526376132/d164169d497.htm,2026-09-26 13:57:20.873052,200.0,f292ea03a7b41ecd56cbffeab5257516e8fec1022c3f4ad9556d81338a05c1f1,SUCCESS,2.379688499990152,
log_749b5fde4dec46ee,sec_edgar_filings,US_ISHARES_LQD,https://www.sec.gov/Archives/edgar/data/1100663/000119312526376116/d163838d497.htm,2026-09-26 13:57:23.373401,200.0,bfb1512e0663a51c307efe1528613329a962c689781a152e98487604b2cddf93,SUCCESS,2.4864169000065885,
log_b5cecc8a1f044ab6,sec_edgar_filings,US_ISHARES_LQD,https://www.sec.gov/Archives/edgar/data/1100663/000119312526376106/d163946d497.htm,2026-09-26 13:57:25.874116,200.0,b817e92971553388949ecfb6bdb93d61fcb1e847f7eebab8d2727665ded240bf,SUCCESS,2.5348218000144698,
log_e3c1a825a66e4b3d,sec_edgar_filings,US_ISHARES_LQD,https://www.sec.gov/Archives/edgar/data/1100663/000119312526361162/d133118d497.htm,2026-09-26 13:57:28.374647,200.0,76b1ea9ac40a6b517caf643e713dbe64ed9e90bc2921725f8029e3223ecda59b,SUCCESS,2.5178321999846958,
log_dc47d75c8cfa43e4,sec_edgar_filings,US_ISHARES_LQD,https://www.sec.gov/Archives/edgar/data/1100663/000119312526354177/d153282d497.htm,2026-09-26 13:57:30.881758,200.0,9bec2fc7e5a69ef29a95ccd8530ca371c69987d4094d5dab7dc6340d263e071e,SUCCESS,2.65224070000113,
log_90a36de23265425b,sec_edgar_filings,US_ISHARES_LQD,https://www.sec.gov/Archives/edgar/data/1100663/000119312526352275/d129369d497.htm,2026-09-26 13:57:33.381977,200.0,692c91c055a773e202244fb5ff32263ac76740e73e89e012fa6e8b75816a41ff,SUCCESS,2.3267114000045694,
log_e69156c35be54aec,sec_edgar_filings,US_ISHARES_LQD,https://www.sec.gov/Archives/edgar/data/1100663/000119312526338192/d114838d497.htm,2026-09-26 13:57:35.882204,200.0,d4c38eba0231e950a1c9fd7415b294cefb64770e7c25a88dc70ce9a66a613073,SUCCESS,2.5394581999862567,
log_4b6c280931f74b9d,sec_edgar_filings,US_ISHARES_LQD,https://www.sec.gov/Archives/edgar/data/1100663/000119312526338183/d89689d497.htm,2026-09-26 13:57:38.382714,200.0,d9bd8e1943854d56e26635ebcb86f5f05085ddd325e97bb9e1b8e352992b3d44,SUCCESS,2.463658699998632,
log_a3b0efea584b4cdf,sec_edgar_filings,US_ISHARES_LQD,https://www.sec.gov/Archives/edgar/data/1100663/000119312526338154/d83054d497.htm,2026-09-26 13:57:40.883024,200.0,5d8a2e8962feaefe5267f62857f5ffac52d1b06834515413e0aedcdafb44266f,SUCCESS,3.2913497000117786,
log_4c1502e10180459a,sec_edgar_filings,US_ISHARES_LQD,https://www.sec.gov/Archives/edgar/data/1100663/000119312526330968/d55058d497.htm,2026-09-26 13:57:43.383586,200.0,1453a922fcb3e15b8a1571f2e31e8acb6ba9244e25b4e93ba41d830f527cf60a,SUCCESS,1.714530700002797,
log_f65625b59e0f4c04,sec_edgar_filings,US_ISHARES_LQD,https://www.sec.gov/Archives/edgar/data/1100663/000119312526398125/d181895d497.htm,2026-09-26 13:57:45.883880,200.0,f90830fac01431c0cce67505b4647302913ccecebcd4897a5474b036a096be1a,SUCCESS,2.942205700004706,
log_eccfe1d119864537,sec_edgar_filings,US_ISHARES_LQD,https://www.sec.gov/Archives/edgar/data/1100663/000119312526395798/d165827d497.htm,2026-09-26 13:57:48.384267,200.0,0c3cfe67e6af77e64d9e6d04065c6d22ad980a74e3015a41c0ecd33d9dc6da89,SUCCESS,2.2667074000055436,
log_4a8ad7b595cf4b1e,sec_edgar_filings,US_ISHARES_LQD,https://www.sec.gov/Archives/edgar/data/1100663/000119312526389306/d135258d497.htm,2026-09-26 13:57:50.884538,200.0,68df629271f45e35a78889b2d64132946935c6f0fb8a92dc302f4349ac48c807,SUCCESS,2.457538699993165,
log_9bdfa855f9be4090,sec_edgar_filings,US_ISHARES_LQD,https://www.sec.gov/Archives/edgar/data/1100663/000119312526383660/d118308d497.htm,2026-09-26 13:57:53.384701,200.0,5218173e9800d7c826c95a828c16d2380143629ee41bd16d8827bad9e5ef1502,SUCCESS,3.2406026999815367,
log_8cc14a0643554895,sec_edgar_filings,US_ISHARES_LQD,https://www.sec.gov/Archives/edgar/data/1100663/000119312526380260/d535954d497.htm,2026-09-26 13:57:55.885220,200.0,b2116b75eacee79bb4c3395bb99c62ba989cea3ff221ac6348d97bfac4130311,SUCCESS,1.8797390000254381,
log_d5716b1d1ce54976,sec_edgar_filings,US_ISHARES_LQD,https://www.sec.gov/Archives/edgar/data/1100663/000119312526377124/d133702d497.htm,2026-09-26 13:57:58.385327,200.0,0a95c885d359ec7d9ebfe6b55935c1450be2f223c69a0edaa7022469da13cce9,SUCCESS,3.153657499991823,
log_96fa5f6cf7d9480c,sec_edgar_submissions_api,US_ISHARES_TIP,https://data.sec.gov/submissions/CIK0001100663.json,2026-09-26 13:58:04.984511,200.0,bb6aec42416c270a7fb00e6ea1740fc7c718e3847f412ae57f09dc867c5e1fc0,SUCCESS,3.021416900010081,
log_2f91685aa2714957,sec_edgar_submissions_api,US_ISHARES_TIP,https://data.sec.gov/submissions/CIK0001100663-submissions-002.json,2026-09-26 13:58:07.484737,200.0,ad220ef41a624867cdf87d37d40a407f1f177df021b340bd29797de6991a987d,SUCCESS,2.4525786000012886,
log_b77553eadcd24ab8,official_fund_sponsor_page,US_ISHARES_TIP,https://www.ishares.com/us/products/239467/,2026-09-26 13:58:12.083969,403.0,,RETRIEVAL_FAILED,1.0992192999983672,HTTP 403: Forbidden
log_6a06520340e34c94,sec_edgar_filings,US_ISHARES_TIP,https://www.sec.gov/Archives/edgar/data/1100663/000119312524245748/d843984d497.htm,2026-09-26 13:58:15.765661,200.0,73cd78c59440c22b4db721a87e2892f80d4c4f45a394ece6826d7125bf1fd801,SUCCESS,2.0813441000063904,
log_adb608ff05974f10,sec_edgar_filings,US_ISHARES_TIP,https://www.sec.gov/Archives/edgar/data/1100663/000119312524242848/d866922d497.htm,2026-09-26 13:58:18.266280,200.0,1f5a90ec402fe09bb4b06e8f3a31c4621f53c31a38502ae46b196363a104a8b5,SUCCESS,2.233457599999383,
log_53a7d9221541487a,sec_edgar_filings,US_ISHARES_TIP,https://www.sec.gov/Archives/edgar/data/1100663/000119312524239640/d895738d497.htm,2026-09-26 13:58:20.766655,200.0,ea0d28b5f47a015457e4aded5c16e673c9ce9f5c9c8fd071c3541ec3d4ebd2fe,SUCCESS,2.4915274000086356,
log_ed790d4766354ac7,sec_edgar_filings,US_ISHARES_TIP,https://www.sec.gov/Archives/edgar/data/1100663/000119312524238913/d894453d497.htm,2026-09-26 13:58:23.266851,200.0,58691ce5e5a1ebc3bedc51cc98d5cf7c67e6fd7e6d6a4bf1ddc14aec0332f2a0,SUCCESS,2.5202896000118926,
log_4c5f08fbe0db40df,sec_edgar_filings,US_ISHARES_TIP,https://www.sec.gov/Archives/edgar/data/1100663/000119312524238908/d894041d497.htm,2026-09-26 13:58:25.767198,200.0,5a971737e3d25608d6874bb6ff5ede8c0e0f392b86a86297d45b641472fc86cf,SUCCESS,2.9873151000065263,
log_c84085622f8d43a1,sec_edgar_filings,US_ISHARES_TIP,https://www.sec.gov/Archives/edgar/data/1100663/000119312524238902/d890449d497.htm,2026-09-26 13:58:28.267432,200.0,e8f91d733b89b0732f87820bb0ceb5ef936e75cb702bb1a26cd77603b9d2006e,SUCCESS,2.4476904000039212,
log_092518a1b083448a,sec_edgar_filings,US_ISHARES_TIP,https://www.sec.gov/Archives/edgar/data/1100663/000119312524238835/d860426d497.htm,2026-09-26 13:58:30.768069,200.0,3b8598f26180a24673c2565d9bc505ec40d04445a8a0dbf3b84ca346ef55d512,SUCCESS,1.998569600022165,
log_c5c85bac44994e8b,sec_edgar_filings,US_ISHARES_TIP,https://www.sec.gov/Archives/edgar/data/1100663/000119312524236754/d131931d497.htm,2026-09-26 13:58:33.268476,200.0,578972467512d796af102d2558b629a84edab1a26e1e8a20c02f308698da48e0,SUCCESS,2.874986999988323,
log_09c5a62db7154e77,sec_edgar_filings,US_ISHARES_TIP,https://www.sec.gov/Archives/edgar/data/1100663/000119312524233837/d788518d497.htm,2026-09-26 13:58:35.768975,200.0,deb9d0231aa987b37c95f7f01e5eeaaf234f61414fd81712237ca3d26070801d,SUCCESS,2.4673563999822363,
log_b3fddc44eb9f4b7e,sec_edgar_filings,US_ISHARES_TIP,https://www.sec.gov/Archives/edgar/data/1100663/000119312524229262/d814275d497.htm,2026-09-26 13:58:38.269068,200.0,8d28d6076b70d64c34e1b22e274410cda81084450db5baaebcca312b985f86d5,SUCCESS,2.5171057999832556,
log_2aa47ec619e14f19,sec_edgar_filings,US_ISHARES_TIP,https://www.sec.gov/Archives/edgar/data/1100663/000119312524267301/d875052d497.htm,2026-09-26 13:58:40.769377,200.0,994014a2e0c0c803bb01c525eeb5f5d10730c70dfd1dea3243be587b097bbe34,SUCCESS,2.512380700005451,
log_726b7163b7da41d8,sec_edgar_filings,US_ISHARES_TIP,https://www.sec.gov/Archives/edgar/data/1100663/000119312524261914/d911527d497.htm,2026-09-26 13:58:43.269617,200.0,cda2e2e9ec0d7871884db0a66c3f2253f75e092f5810545551f3359c99e7a94a,SUCCESS,1.0873362999991514,
log_1bbccd1da044499b,sec_edgar_filings,US_ISHARES_TIP,https://www.sec.gov/Archives/edgar/data/1100663/000119312524287196/d848374d497.htm,2026-09-26 13:58:45.770346,200.0,2c5f89057381013b3ca8bb9e1d1f3c4d684651933a3aeec48a8f89cb33b45cfe,SUCCESS,2.500802800001111,
log_190c48fa641a4c26,sec_edgar_filings,US_ISHARES_TIP,https://www.sec.gov/Archives/edgar/data/1100663/000119312524287179/d842136d497.htm,2026-09-26 13:58:48.270744,200.0,c84055937d160d9cce60f79b7ab9735d86377ff76c5e315b0fa05a342e0bfb64,SUCCESS,2.454833200026769,
log_6172a08c84874868,sec_edgar_filings,US_ISHARES_TIP,https://www.sec.gov/Archives/edgar/data/1100663/000119312524286941/d916258d497.htm,2026-09-26 13:58:50.771632,200.0,9925703ee2adb913becaafb685335ea082fadad4bacf8975e90abf5a4bcbb54a,SUCCESS,2.4969931000086945,
log_0bc489330d85428a,sec_edgar_filings,US_ISHARES_TIP,https://www.sec.gov/Archives/edgar/data/1100663/000119312524286938/d915949d497.htm,2026-09-26 13:58:53.272363,200.0,58672fb3187fd7cd6a35cab35a21e65a2910a998d9784c569b2474972c9b723d,SUCCESS,2.3911036000063177,
log_2c5c2ba1466c4c82,sec_edgar_filings,US_ISHARES_TIP,https://www.sec.gov/Archives/edgar/data/1100663/000119312524283370/d901579d497.htm,2026-09-26 13:58:55.772721,200.0,0e1b3775a196226c6b5ed01264e821a75e16949946f26cbad676252063283e77,SUCCESS,2.8919395999982953,
log_581d5ae2462b4467,sec_edgar_filings,US_ISHARES_TIP,https://www.sec.gov/Archives/edgar/data/1100663/000119312524283367/d869601d497.htm,2026-09-26 13:58:58.273332,200.0,d0ef04e6c4c83dd9668a89307f67f2404251b555e865099b25ba5ea662a4d3d7,SUCCESS,3.094854499999201,
log_3324760404314872,sec_edgar_filings,US_ISHARES_TIP,https://www.sec.gov/Archives/edgar/data/1100663/000119312524282143/d901522d497.htm,2026-09-26 13:59:00.773746,200.0,318477ac4529a7b02621ccb18838b87e5e38ffffcb2b29f0f8d7b2f468cbef26,SUCCESS,1.1210476999985985,
log_12a5d2e8b7f542ad,sec_edgar_filings,US_ISHARES_TIP,https://www.sec.gov/Archives/edgar/data/1100663/000119312524282139/d901516d497.htm,2026-09-26 13:59:03.274354,200.0,ca66868c7cba898da6922427eb27d81a405894a6eebfbb3474ff130df5cf999c,SUCCESS,2.8149147999938577,
log_f4ca6638f35548bc,sec_edgar_filings,US_ISHARES_TIP,https://www.sec.gov/Archives/edgar/data/1100663/000119312524281940/d826977d497.htm,2026-09-26 13:59:05.777798,200.0,800d5cf486e2fb95e45173b99dd4120efe0e90ad9a51b0fdcdd479bf8e32183a,SUCCESS,2.4957085000060033,
log_c31302b6b65b4802,sec_edgar_filings,US_ISHARES_TIP,https://www.sec.gov/Archives/edgar/data/1100663/000119312524271487/d904601d497.htm,2026-09-26 13:59:08.278304,200.0,0ee77de6ba3db7adbc70affe8919d2663fdec24e83bcbd247571ae1518849360,SUCCESS,2.5698732000018936,
log_e7bd05dbf5f047d4,sec_edgar_filings,US_ISHARES_TIP,https://www.sec.gov/Archives/edgar/data/1100663/000119312524271371/d876550d497.htm,2026-09-26 13:59:10.778399,200.0,f18fb9460288f770219675492a623770ad545701783d5a971c3fb6db8e3effa0,SUCCESS,1.9648623999964911,
log_e03c61d8980c4836,sec_edgar_submissions_api,US_ISHARES_TIP,https://data.sec.gov/submissions/CIK0001100663-submissions-001.json,2026-09-26 13:59:12.098662,200.0,4b0840de53146277b9c65f543745bdc767e1b1fe714103072c3a78695ac3aa0e,SUCCESS,2.26184199997806,
log_eac5969e5ad44dc0,sec_edgar_filings,US_ISHARES_TIP,https://www.sec.gov/Archives/edgar/data/1100663/000119312525011478/d925726d497.htm,2026-09-26 13:59:14.368790,200.0,f3664cc090ef0083395e6c1d676e0ec279501c929ef184749cbafa72846fd637,SUCCESS,1.5103095000085887,
log_c2eaed5a1503439f,sec_edgar_filings,US_ISHARES_TIP,https://www.sec.gov/Archives/edgar/data/1100663/000119312525008535/d136256d497.htm,2026-09-26 13:59:16.869058,200.0,1ff29213a01028ad45429b0b9d6b52dcaa727548883a2c547733afa0ba2750ff,SUCCESS,2.6585538999934215,
log_8adf566adab14243,sec_edgar_filings,US_ISHARES_TIP,https://www.sec.gov/Archives/edgar/data/1100663/000119312525007202/d921290d497.htm,2026-09-26 13:59:19.372762,200.0,3028657a53eda3bf72c5a54a0004b6a982e4cd55ed9bebf07cdc07014eca799c,SUCCESS,2.0381394999858458,
log_4077a9f8feac48f2,sec_edgar_filings,US_ISHARES_TIP,https://www.sec.gov/Archives/edgar/data/1100663/000119312524287209/d886745d497.htm,2026-09-26 13:59:21.873270,200.0,f774954618d5741901ac4565eeb2a7a11825afca65900f54e59493db7e251d4c,SUCCESS,2.6352102999808267,
log_7b09f4b6cb134bca,sec_edgar_filings,US_ISHARES_TIP,https://www.sec.gov/Archives/edgar/data/1100663/000119312525042406/d905405d497.htm,2026-09-26 13:59:24.373360,200.0,a40b5b7c77c7bed584c0e3c41a61ce151a3e8c4a3e85184c073c04abf40060a0,SUCCESS,2.389665700000478,
log_dd3e58715a154402,sec_edgar_filings,US_ISHARES_TIP,https://www.sec.gov/Archives/edgar/data/1100663/000119312525030937/d895008d497.htm,2026-09-26 13:59:26.873963,200.0,cce4b67c1cca8afb08f9639d26ba1de588a8546f33ec461622e02bbed74af122,SUCCESS,2.970920899999328,
log_dbcb663788fc4ed6,sec_edgar_filings,US_ISHARES_TIP,https://www.sec.gov/Archives/edgar/data/1100663/000119312525029722/d925698d497.htm,2026-09-26 14:01:26.504272,200.0,03ebc8cf5cc2b9853c8e5193e6b68c1b2b71b726ce03ae486da082457a9bbf0c,SUCCESS,119.3042862000002,
log_0f59fb2e48ff4f00,sec_edgar_filings,US_ISHARES_TIP,https://www.sec.gov/Archives/edgar/data/1100663/000119312525029678/d932649d497.htm,2026-09-26 14:01:29.004860,200.0,5f69625987e6b328c3167c7c0fac7b80890ab63ba5f57d870fd46a0204661c54,SUCCESS,1.6966820000088774,
log_9dc6f76d49c94e1a,sec_edgar_filings,US_ISHARES_TIP,https://www.sec.gov/Archives/edgar/data/1100663/000119312525028799/d892616d497.htm,2026-09-26 14:01:31.505061,200.0,02cc3d884d85c2d9ef427144b4c983ba4769bf5d459cf6aa56d1020f8f6f0c5f,SUCCESS,3.268615499982843,
log_7b922b6c200e40c3,sec_edgar_filings,US_ISHARES_TIP,https://www.sec.gov/Archives/edgar/data/1100663/000119312525021017/d906687d497.htm,2026-09-26 14:01:34.006290,200.0,56a66b99815118f99a046fb15a38a9d3862dc2c2d9fa9b6541c8c024e3710029,SUCCESS,2.3179548000043724,
log_bbfa9f6595d844da,sec_edgar_filings,US_ISHARES_TIP,https://www.sec.gov/Archives/edgar/data/1100663/000119312525062530/d905260d497.htm,2026-09-26 14:01:36.506489,200.0,d53dcc1164a6cbd06effdf058a8eeb0bd607fbd470e80c2f9a88a64871f13e8a,SUCCESS,2.4595160000026226,
log_fdeac7c122d14906,sec_edgar_filings,US_ISHARES_TIP,https://www.sec.gov/Archives/edgar/data/1100663/000119312525061395/d905254d497.htm,2026-09-26 14:01:39.006903,200.0,01b4962adcb1e3c59fe864aabac99adca02b1515d2b2acea9c2b2c9c8692bdce,SUCCESS,2.6871079000120517,
log_12a80397ef494eee,sec_edgar_filings,US_ISHARES_TIP,https://www.sec.gov/Archives/edgar/data/1100663/000119312525060393/d927851d497.htm,2026-09-26 14:01:41.507162,200.0,0c2fc85960f736c95a96e3055b59fabb1f1d8e3c2cc62a540c567c882e63c872,SUCCESS,1.8692088999960106,
log_4dcc1d479b324bf7,sec_edgar_filings,US_ISHARES_TIP,https://www.sec.gov/Archives/edgar/data/1100663/000119312525057907/d735691d497.htm,2026-09-26 14:01:44.009634,200.0,9de8e5b1a19a3cb51d50d0e2a5ed98306a03cbc40358ec14c3f07a4e6c6b4075,SUCCESS,2.6348843000014313,
log_43033b86c2c546a5,sec_edgar_filings,US_ISHARES_TIP,https://www.sec.gov/Archives/edgar/data/1100663/000119312525083044/d766022d497.htm,2026-09-26 14:01:46.510931,200.0,1811c75c01a16c8e6dfdde84fdc20a7250d5630af06c4683c08c2b8f2bc76435,SUCCESS,2.8954105000011623,
log_da0cb8d31b754150,sec_edgar_filings,US_ISHARES_TIP,https://www.sec.gov/Archives/edgar/data/1100663/000119312525080178/d883981d497.htm,2026-09-26 14:01:49.011244,200.0,bd61602ea1a25b0c6aff2ed976674be824a5f6de3990710e4476c1c577638b7a,SUCCESS,2.81241760001285,
log_f5a5d974198f4950,sec_edgar_filings,US_ISHARES_TIP,https://www.sec.gov/Archives/edgar/data/1100663/000119312525080167/d945860d497.htm,2026-09-26 14:01:51.511545,200.0,57743c011c824292d57e2b132a6d929f2ba050e2b381438049ed3ea487c87f0b,SUCCESS,1.519143499986967,
log_dd603ffbcf5b4351,sec_edgar_filings,US_ISHARES_TIP,https://www.sec.gov/Archives/edgar/data/1100663/000119312525073419/d941411d497.htm,2026-09-26 14:01:54.012107,200.0,f38944bd289fef91d0e3f29f4733b2d9b075b27d3038656379ac3f314451af66,SUCCESS,2.5869616999989375,
log_a599124d95624cea,sec_edgar_filings,US_ISHARES_TIP,https://www.sec.gov/Archives/edgar/data/1100663/000119312525073416/d940735d497.htm,2026-09-26 14:01:56.512440,200.0,44fa50fecf601612aa223e1c6278fc06779ef1ceb060246ad51942e4b49729ef,SUCCESS,2.32002729998203,
log_ff6b852bf1d54033,sec_edgar_filings,US_ISHARES_TIP,https://www.sec.gov/Archives/edgar/data/1100663/000119312525072394/d896448d497.htm,2026-09-26 14:01:59.012581,200.0,cd66eb18ab2124907da3cb9929d864a1dfc1211d43ed39ec8d640ca5b45e656b,SUCCESS,2.67731269999058,
log_1ddcc1ab8beb488a,sec_edgar_filings,US_ISHARES_TIP,https://www.sec.gov/Archives/edgar/data/1100663/000119312525069353/d735233d497.htm,2026-09-26 14:02:01.513454,200.0,bd631bfadae77be216c92b72654dfd4504e6e2a746c481c9023e2837da1fc9a1,SUCCESS,2.5855503999919165,
log_70a14afa967b482a,sec_edgar_filings,US_ISHARES_TIP,https://www.sec.gov/Archives/edgar/data/1100663/000119312525068983/d917197d497.htm,2026-09-26 14:02:04.013801,200.0,4681f150652580c721432b2c6bc1aba6a2b73381b164b559e6768b376076469a,SUCCESS,3.1602114999841433,
log_4f294120c58e4c49,sec_edgar_filings,US_ISHARES_TIP,https://www.sec.gov/Archives/edgar/data/1100663/000119312525130716/d892250d497.htm,2026-09-26 14:02:06.514195,200.0,07097d37d41b28b001e461b999b8e03d0acf90aa0b97c6d92e39b5387157079c,SUCCESS,2.3938666000030935,
log_e214c9df55664993,sec_edgar_filings,US_ISHARES_TIP,https://www.sec.gov/Archives/edgar/data/1100663/000119312525121682/d15263d497.htm,2026-09-26 14:02:09.014351,200.0,5293c75e44da6168a77d4016250a479abfa0047f1baf52210cb46fa79dd15a10,SUCCESS,1.9780553999880794,
log_58423ba21f684f33,sec_edgar_filings,US_ISHARES_TIP,https://www.sec.gov/Archives/edgar/data/1100663/000119312525152756/d20784d497.htm,2026-09-26 14:02:11.514890,200.0,a0f7d16dba80cd489ec03d4ba26e79aac85fbe741494e7bb442064056aa3f986,SUCCESS,1.7207600999972783,
log_e303bd821b084ffd,sec_edgar_filings,US_ISHARES_TIP,https://www.sec.gov/Archives/edgar/data/1100663/000119312525152664/d892910d497.htm,2026-09-26 14:02:14.015449,200.0,97e2ee0c713fcb5de4514cbdc2e4bb7c23da21e109d95ab31a9df7878b25c2c9,SUCCESS,2.9939719999965746,
log_901a943bfe064a57,sec_edgar_filings,US_ISHARES_TIP,https://www.sec.gov/Archives/edgar/data/1100663/000119312525152656/d62694d497.htm,2026-09-26 14:02:16.515711,200.0,dd9998f610aa00a9f785a7ad8373d9261cb8a4ce31cc451303a5c00d2430f900,SUCCESS,2.4578031999990344,
log_37259340330f43f9,sec_edgar_filings,US_ISHARES_TIP,https://www.sec.gov/Archives/edgar/data/1100663/000119312525151483/d858154d497.htm,2026-09-26 14:02:19.017054,200.0,800c8beabe6173b381bd2ad13c7e7f26ba6ffe3bce326f1551ac5b4f78f1ae9d,SUCCESS,2.688226600002963,
log_a4fee9094db843d8,sec_edgar_filings,US_ISHARES_TIP,https://www.sec.gov/Archives/edgar/data/1100663/000119312525151481/d937804d497.htm,2026-09-26 14:02:21.517704,200.0,195666b0e83bd51ac0216adecf97dfeb363f47ffd8ff0e906bd8a698c26bd2dd,SUCCESS,2.1638447000004817,
log_d220ac0ffe9b45a3,sec_edgar_filings,US_ISHARES_TIP,https://www.sec.gov/Archives/edgar/data/1100663/000119312525151480/d926596d497.htm,2026-09-26 14:02:24.017832,200.0,6ea7212d37d29bfd65daa13de43da08de17d24d6903c214bc9131f83f36dbff1,SUCCESS,2.6178003000095487,
log_3e1bdd548a30427e,sec_edgar_filings,US_ISHARES_TIP,https://www.sec.gov/Archives/edgar/data/1100663/000119312525151477/d933980d497.htm,2026-09-26 14:02:26.518194,200.0,c74ad6fda7f693fcbe610943818f3322a26b4ed9c0c869d964591bba02bdedcf,SUCCESS,2.084462500002701,
log_4b47b0b91c4549b6,sec_edgar_filings,US_ISHARES_TIP,https://www.sec.gov/Archives/edgar/data/1100663/000119312525151475/d935891d497.htm,2026-09-26 14:02:29.020399,200.0,da59631fa4508681409796536742272a66bd26b791668d067a57311090715cbf,SUCCESS,2.5164538999961223,
log_01d43d98425c463a,sec_edgar_filings,US_ISHARES_TIP,https://www.sec.gov/Archives/edgar/data/1100663/000119312525151413/d80969d497.htm,2026-09-26 14:02:31.520753,200.0,6102ca7a81826d94c443591375f16c32e26d26670fc6e60fc7246b25f072689a,SUCCESS,3.137750399997458,
log_ac92596c4bf74a6d,sec_edgar_filings,US_ISHARES_TIP,https://www.sec.gov/Archives/edgar/data/1100663/000119312525149660/d858192d497.htm,2026-09-26 14:02:34.021108,200.0,9f7afa070a3212af18e457a0c6d61420a835a25bb174ea6ee92718fef8a73baf,SUCCESS,2.6726938000065275,
log_2aab1ac7bf634429,sec_edgar_filings,US_ISHARES_TIP,https://www.sec.gov/Archives/edgar/data/1100663/000119312525149296/d833515d497.htm,2026-09-26 14:02:36.521481,200.0,2b206ff3b8e5036039bde3ece4dcaddc210a3ddd15cfe20e1d4343277e303650,SUCCESS,1.978170799993677,
log_199032a68c3d4328,sec_edgar_filings,US_ISHARES_TIP,https://www.sec.gov/Archives/edgar/data/1100663/000119312525144688/d910466d497.htm,2026-09-26 14:02:39.022156,200.0,3351a3d69c49a2e9cf07f93969c88618483a4ea2c80f07a230e90a57fb46c66f,SUCCESS,1.9896465000056196,
log_36e8d6f0c43c4e14,sec_edgar_filings,US_ISHARES_TIP,https://www.sec.gov/Archives/edgar/data/1100663/000119312525144683/d923637d497.htm,2026-09-26 14:02:41.524116,200.0,b6594468bd3fda66ec0d2191496c71c17466739dcb62bc71de7ebaf4fd89f71d,SUCCESS,2.3509116000204813,
log_2fe7385dbd0a4a8c,sec_edgar_filings,US_ISHARES_TIP,https://www.sec.gov/Archives/edgar/data/1100663/000119312525143780/d945286d497.htm,2026-09-26 14:02:44.024783,200.0,b8b1b011297fa3486bca11c99dc447d387100b5b691454f43c4f894731745b12,SUCCESS,2.5193103000056,
log_1b0e8a9ccb9640b6,sec_edgar_filings,US_ISHARES_TIP,https://www.sec.gov/Archives/edgar/data/1100663/000119312525140815/d92035d497.htm,2026-09-26 14:02:46.525768,200.0,344eabd3caf3b12a3bca39e08c7c2bfaa4ad3512bce029cf65eac850d3fca7be,SUCCESS,2.678550099983113,
log_7a43c190e802439e,sec_edgar_filings,US_ISHARES_TIP,https://www.sec.gov/Archives/edgar/data/1100663/000119312525132329/d925393d497.htm,2026-09-26 14:02:49.026077,200.0,0c3214405434124e69c1edb277d1dda32e17fb42945053f19de08c499bd6962a,SUCCESS,2.318523100024322,
log_df416299987a41ca,sec_edgar_filings,US_ISHARES_TIP,https://www.sec.gov/Archives/edgar/data/1100663/000119312525132328/d944327d497.htm,2026-09-26 14:02:51.526248,200.0,5a6b2e8df13cdfbe74a52ccc50f7c244a911c4f44716de5206e107f6058653d5,SUCCESS,2.5060545000014827,
log_808be3590b4647d9,sec_edgar_filings,US_ISHARES_TIP,https://www.sec.gov/Archives/edgar/data/1100663/000119312525166407/d80334d497.htm,2026-09-26 14:02:54.026473,200.0,5976ca2bccd9cb3ba9ea478782537a52ee1716cfd78078aa6265345769615ff4,SUCCESS,2.2813654000055976,
log_39895c1b058f4f26,sec_edgar_filings,US_ISHARES_TIP,https://www.sec.gov/Archives/edgar/data/1100663/000119312525166411/d16437d497.htm,2026-09-26 14:02:56.527370,200.0,18b745b6a77097bdbe7dd40937ad6c1f2283ff0da4a6a4cd3712ed4efc690074,SUCCESS,2.5285116999875754,
log_743a852fb02643d5,sec_edgar_filings,US_ISHARES_TIP,https://www.sec.gov/Archives/edgar/data/1100663/000119312525164409/d45758d497.htm,2026-09-26 14:02:59.028005,200.0,32ec927d59fabaae7067046a32ae851a11f13a81c7b21d8984b618c0367653fc,SUCCESS,2.6486162999935914,
log_045a2a55de9d4a86,sec_edgar_filings,US_ISHARES_TIP,https://www.sec.gov/Archives/edgar/data/1100663/000119312525162592/d940331d497.htm,2026-09-26 14:03:01.529873,200.0,fcf8f9a72c67062f989b98521403754a87a82d794fe22eafea09ceda5297284f,SUCCESS,2.4224298000044655,
log_2a998ea182334348,sec_edgar_filings,US_ISHARES_TIP,https://www.sec.gov/Archives/edgar/data/1100663/000119312525162588/d936063d497.htm,2026-09-26 14:03:04.030198,200.0,8aaf5dd09282553b931c85ced5cb7a9cb3a563adab734542dc17a0b4e5e449c9,SUCCESS,2.4619604000181425,
log_9cdf99efec664576,sec_edgar_filings,US_ISHARES_TIP,https://www.sec.gov/Archives/edgar/data/1100663/000119312525160527/d100349d497.htm,2026-09-26 14:03:06.530566,200.0,5b9fc2fe52399e6e0802341de8b83c6254a0b52a42a9bdbf3d5ae9d9dd13074a,SUCCESS,2.5109560000128113,
log_1762c76776444d62,sec_edgar_filings,US_ISHARES_TIP,https://www.sec.gov/Archives/edgar/data/1100663/000119312525158223/d938286d497.htm,2026-09-26 14:03:09.030836,200.0,36f45b7e9bce75647c3ab6c4430f93ee147ec51161a6e776526b1781c52b21d5,SUCCESS,2.6982349999889266,
log_b7de042893934f23,sec_edgar_filings,US_ISHARES_TIP,https://www.sec.gov/Archives/edgar/data/1100663/000119312525153117/d12766d497.htm,2026-09-26 14:03:11.531113,200.0,d901b7aa571666382f34663604e27babbd701f9abfef16520dcf6d610c33a1a7,SUCCESS,2.2612487000005785,
log_2715dd455d5647e0,sec_edgar_filings,US_ISHARES_TIP,https://www.sec.gov/Archives/edgar/data/1100663/000119312525152941/d59861d497.htm,2026-09-26 14:03:14.031771,200.0,b5bad58aae955eb2685b7cefb977e0530f025607ad57268c2deeb5d9a670a17b,SUCCESS,2.587976200011326,
log_c7dd578cfcd542a6,sec_edgar_filings,US_ISHARES_TIP,https://www.sec.gov/Archives/edgar/data/1100663/000119312525192573/d81584d497.htm,2026-09-26 14:03:16.532378,200.0,aba18f15b38413c0fe4ebe678c157cd3dbf77704081446bdebec37d32a971350,SUCCESS,2.348462299996754,
log_90e87428aab84b44,sec_edgar_filings,US_ISHARES_TIP,https://www.sec.gov/Archives/edgar/data/1100663/000119312525185435/d797607d497.htm,2026-09-26 14:03:19.032672,200.0,89f2e1a17120261d47d14c73bb53989ff12eebdb73a0f1048a442bfd81e36231,SUCCESS,2.4727645000093617,
log_905ce8b1d62443f8,sec_edgar_filings,US_ISHARES_TIP,https://www.sec.gov/Archives/edgar/data/1100663/000119312525185274/d946888d497.htm,2026-09-26 14:03:21.532953,200.0,9f9ccbe56f8673cb4e0b5881038ca6e8b817f816b0447acff0f2620b4fb69767,SUCCESS,2.7281916000065394,
log_7b001857d01f4d05,sec_edgar_filings,US_ISHARES_TIP,https://www.sec.gov/Archives/edgar/data/1100663/000119312525181867/d32380d497.htm,2026-09-26 14:03:24.033032,200.0,0d914b3094a3b114902160e3a8106f0efd06256e370e959ca30f3d7ee0b21752,SUCCESS,2.3028542999818455,
log_cea9254fd8fd48a4,sec_edgar_filings,US_ISHARES_TIP,https://www.sec.gov/Archives/edgar/data/1100663/000119312525178119/d945380d497.htm,2026-09-26 14:03:26.533747,200.0,666bc471b3e9b7a40976f1d298e5f516eea91fb1e94b82dfb38d492d1e64be4d,SUCCESS,2.538709300017217,
log_0f06625648b64cf9,sec_edgar_filings,US_ISHARES_TIP,https://www.sec.gov/Archives/edgar/data/1100663/000119312525176991/d68767d497.htm,2026-09-26 14:03:29.034161,200.0,4f59848c0f238e853d2904736316d15848706000baa0d7d5612382769706bd7c,SUCCESS,2.4003232000104617,
log_fde7997007d44a30,sec_edgar_filings,US_ISHARES_TIP,https://www.sec.gov/Archives/edgar/data/1100663/000119312525171727/d35987d497.htm,2026-09-26 14:03:31.534434,200.0,1a4bbfd46cb9059f052dbb47e10a440a1b0c8091f4d8cc1b83a471c34888d7d2,SUCCESS,2.784501599991927,
log_52d2dd18f230462e,sec_edgar_filings,US_ISHARES_TIP,https://www.sec.gov/Archives/edgar/data/1100663/000119312525171725/d946231d497.htm,2026-09-26 14:03:34.034723,200.0,cda92a5b1a1cfd8eb6925718811d5d52405ba30246ea0c60026cef3552c14aae,SUCCESS,2.2268341000017244,
log_bfb7678e40f445b1,sec_edgar_filings,US_ISHARES_TIP,https://www.sec.gov/Archives/edgar/data/1100663/000119312525171382/d91144d497.htm,2026-09-26 14:03:36.535102,200.0,da540bc116c7bfbf3e795771eb0b2089dcb58711dcb108968bb822a0416d2c01,SUCCESS,2.502613199991174,
log_4e44e43a27ae4035,sec_edgar_filings,US_ISHARES_TIP,https://www.sec.gov/Archives/edgar/data/1100663/000119312525171077/d12817d497.htm,2026-09-26 14:03:39.035786,200.0,aeb3943d726dee222a163f7d5edee46cd246849471737bc9b0d55d982e1361db,SUCCESS,3.8020988999924157,
log_095e08386b63473e,sec_edgar_filings,US_ISHARES_TIP,https://www.sec.gov/Archives/edgar/data/1100663/000119312525170646/d72295d497.htm,2026-09-26 14:03:41.536194,200.0,05add7aa9e4678e3b23c5ac6fdfb1d2ccbfc7652c5fe637702e61ef49610f4bc,SUCCESS,3.1161247999989428,
log_4246cd18e499468d,sec_edgar_filings,US_ISHARES_TIP,https://www.sec.gov/Archives/edgar/data/1100663/000119312525220684/d14216d497.htm,2026-09-26 14:03:44.756062,200.0,dd39f981b8d1bf7e93226c4c0c8ca7a7d8e11abeedf32daaa2c8f5bdd84d7283,SUCCESS,0.9688635999918915,
log_83c794da8b594189,sec_edgar_filings,US_ISHARES_TIP,https://www.sec.gov/Archives/edgar/data/1100663/000119312525220667/d74315d497.htm,2026-09-26 14:03:47.256426,200.0,7163e9ded3e0f70f000e219c9b1026484accdbc7cb7e680f2e372b5d965dd612,SUCCESS,2.5762900999980047,
log_6e53b6b4690e431a,sec_edgar_filings,US_ISHARES_TIP,https://www.sec.gov/Archives/edgar/data/1100663/000119312525220646/d922321d497.htm,2026-09-26 14:03:49.756725,200.0,5253c549329b0a54a81a8eb5c632c99bfe740f6ac9f855fbbfa40f7817c1bb50,SUCCESS,2.4648242999974173,
log_f2a4845dc8274ff3,sec_edgar_filings,US_ISHARES_TIP,https://www.sec.gov/Archives/edgar/data/1100663/000119312525213586/d76986d497.htm,2026-09-26 14:03:52.257049,200.0,588606b57f9afd851d14cc848989ed3d0ace8f6878ec6d72bf36f15cceb8d75d,SUCCESS,2.7197772999934386,
log_7754159d85b54e87,sec_edgar_filings,US_ISHARES_TIP,https://www.sec.gov/Archives/edgar/data/1100663/000119312525213416/d12724d497.htm,2026-09-26 14:03:54.758596,200.0,72f2199f76abaf86856631907d6823ebd91a780f1820f87e791975313ff4d5a1,SUCCESS,2.6595951999770477,
log_5451433d356a484a,sec_edgar_filings,US_ISHARES_TIP,https://www.sec.gov/Archives/edgar/data/1100663/000119312525202143/d85575d497.htm,2026-09-26 14:03:57.258667,200.0,9d26d441ed06fde53b948a57cd213370c2a5f564bbfd78de3502b7c6925dcf7a,SUCCESS,2.08469150000019,
log_02b129086d1648d7,sec_edgar_filings,US_ISHARES_TIP,https://www.sec.gov/Archives/edgar/data/1100663/000119312525194258/d45302d497.htm,2026-09-26 14:03:59.759230,200.0,c7c946da7c4f7d94b20cb3c7107299f7828d5b953c9f24c850a4fa24a6467a4c,SUCCESS,3.03623840000364,
log_05d0195d19e44da6,sec_edgar_filings,US_ISHARES_TIP,https://www.sec.gov/Archives/edgar/data/1100663/000119312525193994/d36297d497.htm,2026-09-26 14:04:02.259502,200.0,b853b800d62eb943bc95a96a31fdf69627ff4ef7da8b62b41b8d4733d3cc6272,SUCCESS,2.8721910000022035,
log_e5787764212c447b,sec_edgar_filings,US_ISHARES_TIP,https://www.sec.gov/Archives/edgar/data/1100663/000119312525258900/d850740d497.htm,2026-09-26 14:04:04.759864,200.0,32f501b96f6b8a7322800867cb758f9421767ad82ece941937821b4ecc8274f9,SUCCESS,1.8069952999940142,
log_b8e4f529d265435b,sec_edgar_filings,US_ISHARES_TIP,https://www.sec.gov/Archives/edgar/data/1100663/000119312525258622/d853081d497.htm,2026-09-26 14:04:07.260224,200.0,4d4be3c4ea087ea29229ced99d7b2978587e5cfc455dc8f94fe58643a9caf7ba,SUCCESS,2.258882399997674,
log_5e2c1cc9435a405e,sec_edgar_filings,US_ISHARES_TIP,https://www.sec.gov/Archives/edgar/data/1100663/000119312525245584/d47996d497.htm,2026-09-26 14:04:09.760510,200.0,8963fad299cba9c92ab74fbd0b0a3701942f048949d54ad07e5c323f66ae6316,SUCCESS,2.866921100008767,
log_e1a318532cdb4237,sec_edgar_filings,US_ISHARES_TIP,https://www.sec.gov/Archives/edgar/data/1100663/000119312525245533/d53643d497.htm,2026-09-26 14:04:12.261118,200.0,fa278f57fde07d67459e17cc5864b008da5199aa69b9762dd534334b2a37b32d,SUCCESS,1.959202500001993,
log_1b647182e9c5424d,sec_edgar_filings,US_ISHARES_TIP,https://www.sec.gov/Archives/edgar/data/1100663/000119312525243500/d847683d497.htm,2026-09-26 14:04:14.761422,200.0,7f6cb699be8e40bee78944c7bd041bfb26c63cd90f924532fb6f5a8d7651cf69,SUCCESS,2.4990942000003997,
log_2b61800be66541e2,sec_edgar_filings,US_ISHARES_TIP,https://www.sec.gov/Archives/edgar/data/1100663/000119312525241455/d21541d497.htm,2026-09-26 14:04:17.261666,200.0,1df50d0b3c4ff13b8f77edfd93e5d1d63a6c218d97c0bd5a0986e82787b264b1,SUCCESS,2.4616041999834124,
log_87b6df9c740e4e6b,sec_edgar_filings,US_ISHARES_TIP,https://www.sec.gov/Archives/edgar/data/1100663/000119312525241445/d17098d497.htm,2026-09-26 14:04:19.762135,200.0,d1d6dc8e525632673411aba7a1a39c4a3f7c3a887167b46c22ee1b029975831a,SUCCESS,2.5432838999840897,
log_10217fece08a4d76,sec_edgar_filings,US_ISHARES_TIP,https://www.sec.gov/Archives/edgar/data/1100663/000119312525240445/d13496d497.htm,2026-09-26 14:04:22.262440,200.0,7c9b915ca21c70a7469c2388530b511343b7b813f1057b9f639120b5be24f1fc,SUCCESS,3.2641390999779105,
log_66c4e0afd2fb493d,sec_edgar_filings,US_ISHARES_TIP,https://www.sec.gov/Archives/edgar/data/1100663/000119312525240193/d46937d497.htm,2026-09-26 14:04:24.762879,200.0,083af31cf339ba43b7ff354c9c4f18ec77318dd812e83c9f61ff0702198b340a,SUCCESS,1.8401357999828178,
log_a70cf683c6294660,sec_edgar_filings,US_ISHARES_TIP,https://www.sec.gov/Archives/edgar/data/1100663/000119312525237066/d838386d497.htm,2026-09-26 14:04:27.263258,200.0,aab6a39bd1af51aa3f72858dabcbce792bcb8384e45787c182da56ec75c1359a,SUCCESS,2.5253611999796703,
log_817f223143c44f08,sec_edgar_filings,US_ISHARES_TIP,https://www.sec.gov/Archives/edgar/data/1100663/000119312525233824/d14518d497.htm,2026-09-26 14:04:29.763829,200.0,fe9b0227a29f114c16819e84ca4eff0745cc92822823d24ca797cc4fc9229233,SUCCESS,2.3738128999830224,
log_9fef3e00a0314b7d,sec_edgar_filings,US_ISHARES_TIP,https://www.sec.gov/Archives/edgar/data/1100663/000119312525230367/d863213d497.htm,2026-09-26 14:04:32.264283,200.0,8faccea853cc4ef5aef1acc9032222749fccb4d53dd7d2530414585580ed4328,SUCCESS,2.807233700004872,
log_092303e2410c4eec,sec_edgar_filings,US_ISHARES_TIP,https://www.sec.gov/Archives/edgar/data/1100663/000119312525226832/d140482d497.htm,2026-09-26 14:04:34.764497,200.0,86b1dc2d05ebcfd117767c2158e886c96e2cb5045834940bf25c71c32f35c5d0,SUCCESS,2.2869986000005156,
log_7e7a8038da074c8f,sec_edgar_filings,US_ISHARES_TIP,https://www.sec.gov/Archives/edgar/data/1100663/000119312525225574/d77896d497.htm,2026-09-26 14:04:37.264883,200.0,9e5da6c2f2e15011702321b35531eb6e230385886c1acce719b3b378fe015b55,SUCCESS,2.3688379999948665,
log_5668602df42e449f,sec_edgar_filings,US_ISHARES_TIP,https://www.sec.gov/Archives/edgar/data/1100663/000119312525297711/d938912d497.htm,2026-09-26 14:04:39.765054,200.0,014a10b21d4a8687ed6eb12c37ccb0f372f94b7dbab55639b8d9b09411dcf6b4,SUCCESS,2.404020899994066,
log_ea907b7bc768424d,sec_edgar_filings,US_ISHARES_TIP,https://www.sec.gov/Archives/edgar/data/1100663/000119312525291668/d87125d497.htm,2026-09-26 14:04:42.265310,200.0,6146fc79bb79b050e0ed9ed08acdb5ff7bca5b8b3acab77ca56fbaf32207a9e4,SUCCESS,2.619756400003098,
log_60898b8ef1834426,sec_edgar_filings,US_ISHARES_TIP,https://www.sec.gov/Archives/edgar/data/1100663/000119312525287109/d82955d497.htm,2026-09-26 14:04:44.765716,200.0,8ce91b3b112647d42edce41a7d15bc0229ac0bb21bcc7a3cf2ef934c1f7ba959,SUCCESS,3.6347712999850046,
log_3406c981e0a14d94,sec_edgar_filings,US_ISHARES_TIP,https://www.sec.gov/Archives/edgar/data/1100663/000119312525283231/d67648d497.htm,2026-09-26 14:04:47.266740,200.0,d15976a5418d3b283973221ac1a5190850f4896912b73f695ef16e4a23d1d481,SUCCESS,2.110546699987026,
log_59619be9ab0c4751,sec_edgar_filings,US_ISHARES_TIP,https://www.sec.gov/Archives/edgar/data/1100663/000119312525331050/d922635d497.htm,2026-09-26 14:04:49.767042,200.0,ddcd7dfc2f263e62cc4fb38373ceafe9f7ce480ed2924b0b54df62998780015c,SUCCESS,2.4704640000127256,
log_009f0b4f2abb4d6a,sec_edgar_filings,US_ISHARES_TIP,https://www.sec.gov/Archives/edgar/data/1100663/000119312525328765/d86147d497.htm,2026-09-26 14:04:52.267639,200.0,1a5d89bafba00026b2d4c2846bfe463eb02310698afecdb7dc3eb5cff4a8c13d,SUCCESS,1.122132499993313,
log_49cd30b7746b4bb8,sec_edgar_filings,US_ISHARES_TIP,https://www.sec.gov/Archives/edgar/data/1100663/000119312525324952/d938265d497.htm,2026-09-26 14:04:54.768284,200.0,1db040fee1d07b3c6a8a5580cacdf2a2b59546a2e6204315a58de6939c48c652,SUCCESS,2.7683574999973644,
log_6571c6f9c0834230,sec_edgar_filings,US_ISHARES_TIP,https://www.sec.gov/Archives/edgar/data/1100663/000119312525316017/d58282d497.htm,2026-09-26 14:04:57.268569,200.0,43b1d307691b158f0a8e8d83e8bcf68b2c72f37cb3b64b19155f2fc03b29a285,SUCCESS,2.400369499984663,
log_f33b9be6ec36467b,sec_edgar_filings,US_ISHARES_TIP,https://www.sec.gov/Archives/edgar/data/1100663/000119312525309780/d79527d497.htm,2026-09-26 14:04:59.768913,200.0,0b5b3712b8575efa22704d689646817d34ad633e1750ea64c7c550e08f0f0723,SUCCESS,2.433872199995676,
log_55ab1ee6bd1d4624,sec_edgar_filings,US_ISHARES_TIP,https://www.sec.gov/Archives/edgar/data/1100663/000119312525308207/d90938d497.htm,2026-09-26 14:05:02.269243,200.0,dec7649fe650e46097ea1f9159f68533ed28e09bb1cabc0d7ecfd0ab79a12e7a,SUCCESS,2.4746914000133984,
log_af92a4ca0bbf45e3,sec_edgar_filings,US_ISHARES_TIP,https://www.sec.gov/Archives/edgar/data/1100663/000119312525308009/d88695d497.htm,2026-09-26 14:05:04.769502,200.0,dbe724f097a785cad1dce26a486b7574954c6a55907bc08837568fbadf2fd4e4,SUCCESS,2.7157033999974374,
log_eda89a350c9a4737,sec_edgar_filings,US_ISHARES_TIP,https://www.sec.gov/Archives/edgar/data/1100663/000119312526015356/d35944d497.htm,2026-09-26 14:05:07.270344,200.0,79f71ed6aaeca36030a19fb4a9b54be5b62769f1c9a0bb47f916ad43ea71bd68,SUCCESS,2.244627499982016,
log_ba75e1c06d8f44fb,sec_edgar_filings,US_ISHARES_TIP,https://www.sec.gov/Archives/edgar/data/1100663/000119312526006456/d816607d497.htm,2026-09-26 14:05:09.770848,200.0,acd54a975e88f98bde579d172fd408fa271f88ee59fc8a418ac14948a40b1c91,SUCCESS,2.786478399997577,
log_ea5474fcc7ef45e7,sec_edgar_filings,US_ISHARES_TIP,https://www.sec.gov/Archives/edgar/data/1100663/000119312525338493/d36519d497.htm,2026-09-26 14:05:12.271594,200.0,174cbc0f9f9e957466ee19b8f629b4b089554841fa6bfc0108e314380ae311c4,SUCCESS,2.1531765999970958,
log_6a487992d99e457f,sec_edgar_filings,US_ISHARES_TIP,https://www.sec.gov/Archives/edgar/data/1100663/000119312526064485/d29673d497.htm,2026-09-26 14:05:14.772348,200.0,358467b1d1cda828ab60b904b89d15ba9db8db0e34f30f124dd656afdf8d5af0,SUCCESS,2.574739799980307,
log_613e577da9254fb0,sec_edgar_filings,US_ISHARES_TIP,https://www.sec.gov/Archives/edgar/data/1100663/000119312526056745/d51363d497.htm,2026-09-26 14:05:17.272647,200.0,8836ae41550d37826386f892c93bedab2d44980905829085d6382a1f7e40f6e6,SUCCESS,2.4030108000151813,
log_66e1c2b2c1324e0d,sec_edgar_filings,US_ISHARES_TIP,https://www.sec.gov/Archives/edgar/data/1100663/000119312526051617/d88238d497.htm,2026-09-26 14:05:19.772922,200.0,f5d8afd79b11205ea23703358fddcbc7ae0fa3c646ad136e532fdee78ef887e3,SUCCESS,2.4107046999852173,
log_9f677640b98b4603,sec_edgar_filings,US_ISHARES_TIP,https://www.sec.gov/Archives/edgar/data/1100663/000119312526051604/d38921d497.htm,2026-09-26 14:05:22.273213,200.0,86ae91b01315c6abfae9b331e8b024218968c0b245b9b775f400fc8ec78c245b,SUCCESS,2.5105169000162277,
log_cc2c1feda3a1446d,sec_edgar_filings,US_ISHARES_TIP,https://www.sec.gov/Archives/edgar/data/1100663/000119312526051590/d25478d497.htm,2026-09-26 14:05:24.773570,200.0,774898db3076c024639916885fb4a04bf8a40401803bc9676bd722c39b4adbfb,SUCCESS,3.2404334000020754,
log_67bf0891176a4a48,sec_edgar_filings,US_ISHARES_TIP,https://www.sec.gov/Archives/edgar/data/1100663/000119312526129300/d765912d497.htm,2026-09-26 14:05:27.278289,200.0,55acaa1112fa42626026576f5f29a8044415f933b3fdebcdf59bbea1bc3bc357,SUCCESS,2.005030900007114,
log_30225f7732a945c1,sec_edgar_filings,US_ISHARES_TIP,https://www.sec.gov/Archives/edgar/data/1100663/000119312526121940/d117046d497.htm,2026-09-26 14:05:29.778712,200.0,0f65ad011a6ffe9b0fc676ca42a6ef0402d529b9e93c1d7e0a3324c01222bf85,SUCCESS,2.500383899983717,
log_45b979953e6441e0,sec_edgar_filings,US_ISHARES_TIP,https://www.sec.gov/Archives/edgar/data/1100663/000119312526117990/d36768d497.htm,2026-09-26 14:05:32.279101,200.0,b830b7f3c2295aecdd5adfc2b30f7ce78ffcf3860c3b267591b1f28ae5504e3c,SUCCESS,2.160051399987424,
log_22d8119f05544126,sec_edgar_filings,US_ISHARES_TIP,https://www.sec.gov/Archives/edgar/data/1100663/000119312526114192/d45638d497.htm,2026-09-26 14:05:34.779382,200.0,f8bac38858835400b2b1f7af0c41445954bd31f9de091a866fa51d1a99aa6a81,SUCCESS,3.5729651000001468,
log_16b78cfbcc2446fd,sec_edgar_filings,US_ISHARES_TIP,https://www.sec.gov/Archives/edgar/data/1100663/000119312526114010/d864601d497.htm,2026-09-26 14:05:37.280153,200.0,d0bab012bec0a65529ea9c60350e454406eb8bf56209d0da1c5f2b04d8039b95,SUCCESS,2.0852475999854505,
log_468881fc4b4344f7,sec_edgar_filings,US_ISHARES_TIP,https://www.sec.gov/Archives/edgar/data/1100663/000119312526102313/d13062d497.htm,2026-09-26 14:05:39.780551,200.0,d31656f8006feaa6fe94db3df8a97a8a179f992425f265e4f71601732824f9da,SUCCESS,1.5949339999933727,
log_9dd42fc87c0449dd,sec_edgar_filings,US_ISHARES_TIP,https://www.sec.gov/Archives/edgar/data/1100663/000119312526097152/d29298d497.htm,2026-09-26 14:05:42.280834,200.0,5fdf1972fbe924e4227f9280986015ab772139b8e63fbd40929dfd65629c9be0,SUCCESS,2.558569000015268,
log_2c677b3c62ef4ddc,sec_edgar_filings,US_ISHARES_TIP,https://www.sec.gov/Archives/edgar/data/1100663/000119312526083306/d116517d497.htm,2026-09-26 14:05:44.781087,200.0,b1a783a5b59d9307d78e2b0b17a901e9c3607f647ea07e938467be1fd93324b8,SUCCESS,2.4344927000056487,
log_c9ca64f614474bf7,sec_edgar_filings,US_ISHARES_TIP,https://www.sec.gov/Archives/edgar/data/1100663/000119312526196607/d112890d497.htm,2026-09-26 14:05:47.281347,200.0,9eed563de402618d22fa5c9e7a4c7e6b1baba74c7cf15f590f79ea3eba758a48,SUCCESS,2.519751699990593,
log_db4eeaa59ffb4bce,sec_edgar_filings,US_ISHARES_TIP,https://www.sec.gov/Archives/edgar/data/1100663/000119312526188422/d17882d497.htm,2026-09-26 14:05:49.782128,200.0,b9a0745cf7961915f13ff6090bbec9ed7e4c3d0c17db47a44dc430f3ed11ccfe,SUCCESS,2.7123248999996576,
log_ae2fd338ec734893,sec_edgar_filings,US_ISHARES_TIP,https://www.sec.gov/Archives/edgar/data/1100663/000119312526164165/d88796d497.htm,2026-09-26 14:05:52.282366,200.0,2e6720a7265726e643da19293d7bf63009c73cb5322a3c00dd47b297e92ba504,SUCCESS,2.2044276999949943,
log_4118ae99cc744887,sec_edgar_filings,US_ISHARES_TIP,https://www.sec.gov/Archives/edgar/data/1100663/000119312526140146/d105386d497.htm,2026-09-26 14:05:54.783030,200.0,222cd8f805c81305a65dbde504e71a28f0da7f9edd9cfbf214c6648ed3e7c5e6,SUCCESS,3.577259600016987,
log_df92227e8c0a4649,sec_edgar_filings,US_ISHARES_TIP,https://www.sec.gov/Archives/edgar/data/1100663/000119312526140080/d106622d497.htm,2026-09-26 14:05:57.283118,200.0,c5dce8b7c2800f2e49356a0b1cf40acc3fb4947a0af23ba630881fa06b81107a,SUCCESS,1.8429715000092983,
log_0c2038e7be0540ef,sec_edgar_filings,US_ISHARES_TIP,https://www.sec.gov/Archives/edgar/data/1100663/000119312526135209/d129347d497.htm,2026-09-26 14:05:59.783224,200.0,50aec65e6ca60613675b43059d6a4f6d7165013def7bce388de9e77c99ee1eff,SUCCESS,2.0991263999894727,
log_087b44af158744c1,sec_edgar_filings,US_ISHARES_TIP,https://www.sec.gov/Archives/edgar/data/1100663/000119312526239677/d24890d497.htm,2026-09-26 14:06:02.283579,200.0,00dfc510d2afa23776628877b7d2da00d9bb68846a34d3f4093a3dc82989f240,SUCCESS,2.5872416000056546,
log_ed3352ebd6d3424b,sec_edgar_filings,US_ISHARES_TIP,https://www.sec.gov/Archives/edgar/data/1100663/000119312526237040/d105379d497.htm,2026-09-26 14:06:04.783814,200.0,34ce8d4a4765d9d6f85c92409e69eb11d96cbb0aa6009d22ac6d5c4acb16e6af,SUCCESS,2.2910979999869596,
log_d885ca98c63848da,sec_edgar_filings,US_ISHARES_TIP,https://www.sec.gov/Archives/edgar/data/1100663/000119312526237012/d108481d497.htm,2026-09-26 14:06:07.284055,200.0,e062db17e91eb6d274a408b722deb2922c343f47c2a952ea53b30bd0c8f73d1b,SUCCESS,3.28454240001156,
log_e4ee661a12bc4af4,sec_edgar_filings,US_ISHARES_TIP,https://www.sec.gov/Archives/edgar/data/1100663/000119312526232632/d112764d497.htm,2026-09-26 14:06:09.784402,200.0,7c7ea35c15c0f1c619211835bc9ab1c27b581c05452715229b395f3a09f05548,SUCCESS,1.7832033000013325,
log_85f295ef522d4402,sec_edgar_filings,US_ISHARES_TIP,https://www.sec.gov/Archives/edgar/data/1100663/000119312526204769/d121690d497.htm,2026-09-26 14:06:12.284709,200.0,9458041f9c688c4fb667e5bcd94149e648043fee27b4cedb1807a84a102b677b,SUCCESS,2.4489205999998376,
log_4075697c083b484b,sec_edgar_filings,US_ISHARES_TIP,https://www.sec.gov/Archives/edgar/data/1100663/000119312526288507/d144232d497.htm,2026-09-26 14:06:14.784982,200.0,773a3e1d979da58058029ea9050369a87e4f8c1c017a7900d3774deb7698ed00,SUCCESS,2.7665755999914836,
log_f381bb0e9fef4c5c,sec_edgar_filings,US_ISHARES_TIP,https://www.sec.gov/Archives/edgar/data/1100663/000119312526279612/d74881d497.htm,2026-09-26 14:06:17.285443,200.0,986d7bb132a2a1e8e07022dd290e936730cba6d368b2ef285524041c7927f645,SUCCESS,2.3516287000093143,
log_14ead407eb2f4222,sec_edgar_filings,US_ISHARES_TIP,https://www.sec.gov/Archives/edgar/data/1100663/000119312526279474/d143191d497.htm,2026-09-26 14:06:19.785721,200.0,c2e89a5a595852ec3ea74ffbd9b8aead89b827907db3e3f825c839653137d541,SUCCESS,2.4558219000173267,
log_4d12fed4c2ef4084,sec_edgar_filings,US_ISHARES_TIP,https://www.sec.gov/Archives/edgar/data/1100663/000119312526269593/d74967d497.htm,2026-09-26 14:06:22.285995,200.0,d4753ee9f18867febc13cfc93b240606a9fbda656f189e03583543df3b4876e8,SUCCESS,2.352755600004457,
log_1661261dda7e4fe9,sec_edgar_filings,US_ISHARES_TIP,https://www.sec.gov/Archives/edgar/data/1100663/000119312526269590/d168658d497.htm,2026-09-26 14:06:24.786080,200.0,75746f0add85ebd7724d05ad887fbf580a1445da20a3c4ea2c4667f5876817e7,SUCCESS,2.4976547000114806,
log_c357c220ccca4a6a,sec_edgar_filings,US_ISHARES_TIP,https://www.sec.gov/Archives/edgar/data/1100663/000119312526267888/d121420d497.htm,2026-09-26 14:06:27.286607,200.0,caf4b1428f5efd3798756d9815425203d0cdf51d458688629441438d39e971f3,SUCCESS,3.1333036000141874,
log_29a6b005ffc04721,sec_edgar_filings,US_ISHARES_TIP,https://www.sec.gov/Archives/edgar/data/1100663/000119312526267877/d143945d497.htm,2026-09-26 14:06:29.787612,200.0,4a92334408598170baca70379751806d09fe308a82895775a2eb7ca7cc6a103a,SUCCESS,2.25163009998505,
log_37b38fb4350f4807,sec_edgar_filings,US_ISHARES_TIP,https://www.sec.gov/Archives/edgar/data/1100663/000119312526267872/d74088d497.htm,2026-09-26 14:06:32.287883,200.0,b5e4771bb7559c9a634293e8e25652843e18172a3a94373c05a68e218348b01b,SUCCESS,2.764765300002182,
log_30717acaf39840fe,sec_edgar_filings,US_ISHARES_TIP,https://www.sec.gov/Archives/edgar/data/1100663/000119312526267869/d46038d497.htm,2026-09-26 14:06:34.788542,200.0,be5ad514db0fd1cf813e62e133885811797f770cb8142592179335cc06d1cf97,SUCCESS,2.2478998999868054,
log_41545c479999497d,sec_edgar_filings,US_ISHARES_TIP,https://www.sec.gov/Archives/edgar/data/1100663/000119312526267864/d20417d497.htm,2026-09-26 14:06:37.289909,200.0,250a1267e11495bba825a62f3629f7ca68600f8128bfaec4589d5bc5b7046e09,SUCCESS,3.903168300021207,
log_b231d6860d2d435d,sec_edgar_filings,US_ISHARES_TIP,https://www.sec.gov/Archives/edgar/data/1100663/000119312526267858/d162061d497.htm,2026-09-26 14:06:40.112788,200.0,ad55ffb9bb1173f124b5aa4d14412b17a90a1afc6012f9da964797c237168b21,SUCCESS,1.381758700008504,
log_7afdb54b816e44eb,sec_edgar_filings,US_ISHARES_TIP,https://www.sec.gov/Archives/edgar/data/1100663/000119312526267852/d154427d497.htm,2026-09-26 14:06:42.613076,200.0,844ba76a2078925801265f3b074f5f7968763d1aae83c4aea0358307062c8663,SUCCESS,2.4804493999981787,
log_f3291ded81344690,sec_edgar_filings,US_ISHARES_TIP,https://www.sec.gov/Archives/edgar/data/1100663/000119312526249172/d126264d497.htm,2026-09-26 14:06:45.113784,200.0,383c995df14c85e21826b8f6e567b3f2f5115addd7a5179ffd892aad5d1df59a,SUCCESS,2.77311560002272,
log_761ccd8caced4179,sec_edgar_filings,US_ISHARES_TIP,https://www.sec.gov/Archives/edgar/data/1100663/000119312526326458/d123143d497.htm,2026-09-26 14:06:47.614088,200.0,43768bc03c1fb71017ba076ff5b15c2ec3fb28211326160b8e4168eb94ce5fb4,SUCCESS,2.0560599000018556,
log_eb41e05cd51e4dc0,sec_edgar_filings,US_ISHARES_TIP,https://www.sec.gov/Archives/edgar/data/1100663/000119312526326445/d25273d497.htm,2026-09-26 14:06:50.114761,200.0,a08218d45dfe0ba8ea3ed37dab2eda58a5dc3d159c23e857980c839f51d7bea0,SUCCESS,2.299660499993479,
log_83d6b8295c224543,sec_edgar_filings,US_ISHARES_TIP,https://www.sec.gov/Archives/edgar/data/1100663/000119312526326439/d161787d497.htm,2026-09-26 14:06:52.615241,200.0,fd29b9dcfee58630afe0e308d3fe3466b80df1cde8a0af6d24299e0f797acb7d,SUCCESS,3.9427687999850605,
log_3cc153f665f94c03,sec_edgar_filings,US_ISHARES_TIP,https://www.sec.gov/Archives/edgar/data/1100663/000119312526307874/d94466d497.htm,2026-09-26 14:06:55.154157,200.0,ece03ba68a5aaf3c817c4f6b9bd64b677ead55387401497b6c00f84cff703039,SUCCESS,1.0343666999833658,
log_d71cb0d5409b420a,sec_edgar_filings,US_ISHARES_TIP,https://www.sec.gov/Archives/edgar/data/1100663/000119312526306133/d157213d497.htm,2026-09-26 14:06:57.654443,200.0,a9dad30a31ad649f3cf48231a29734ed55bbc27ba5d1bc578c1c4c33c984eacd,SUCCESS,2.462809399992693,
log_31bb63815cf144dd,sec_edgar_filings,US_ISHARES_TIP,https://www.sec.gov/Archives/edgar/data/1100663/000119312526306123/d160783d497.htm,2026-09-26 14:07:00.154796,200.0,9e374339c503ac1f3afbf3a6dc056115cfdc9d347ed16bd29782dde2f08116c1,SUCCESS,3.805217100016307,
log_f620edf8e0dc478a,sec_edgar_filings,US_ISHARES_TIP,https://www.sec.gov/Archives/edgar/data/1100663/000119312526306122/d145677d497.htm,2026-09-26 14:07:02.655194,200.0,8589633deb798a60f69354eba15cf808392dbe86479e9022b7d24bb6eaa8cf04,SUCCESS,1.1694132000266109,
log_b8e3e13765d14422,sec_edgar_filings,US_ISHARES_TIP,https://www.sec.gov/Archives/edgar/data/1100663/000119312526306120/d151429d497.htm,2026-09-26 14:07:05.155502,200.0,dd1fdf7770161ec03ecf76037796c9a8e9abf891cd94766b425761307a09a189,SUCCESS,2.7270490000082646,
log_74574184d4cc42c0,sec_edgar_filings,US_ISHARES_TIP,https://www.sec.gov/Archives/edgar/data/1100663/000119312526306119/d154864d497.htm,2026-09-26 14:07:07.656219,200.0,7c7159c45b0a42513d6d7a90b8da303ec3b521f540dce139268f1768d015c253,SUCCESS,2.3430286000075284,
log_763a24abd2ad43bc,sec_edgar_filings,US_ISHARES_TIP,https://www.sec.gov/Archives/edgar/data/1100663/000119312526306116/d155509d497.htm,2026-09-26 14:07:10.156505,200.0,ca038d7e15083df015eabe836cc73d1a42841d009c8618643512a730cd67f53f,SUCCESS,2.5324449999898206,
log_98ef666f9f5c495a,sec_edgar_filings,US_ISHARES_TIP,https://www.sec.gov/Archives/edgar/data/1100663/000119312526306115/d156341d497.htm,2026-09-26 14:07:12.657186,200.0,6a496bc7d22bed5123125cb7712cf7812e39d4640163dce29eb3d5ecd1f4bf47,SUCCESS,3.826196500012884,
log_064f494e0bb04ef9,sec_edgar_filings,US_ISHARES_TIP,https://www.sec.gov/Archives/edgar/data/1100663/000119312526300908/d898074d497.htm,2026-09-26 14:07:15.157599,200.0,3e6d6cb4e9d5e319e905d0517c8c81e27ef8f049a5ee7979dc656693dcabe5e8,SUCCESS,1.269306800008053,
log_51fa7da904354dd7,sec_edgar_filings,US_ISHARES_TIP,https://www.sec.gov/Archives/edgar/data/1100663/000119312526294655/d83700d497.htm,2026-09-26 14:07:17.658267,200.0,e8b2fea09a8fe965aecb2c68b1d5d9762df5969614f02c334c4e59347a6fa57d,SUCCESS,2.2904175000148825,
log_467000ad41644679,sec_edgar_filings,US_ISHARES_TIP,https://www.sec.gov/Archives/edgar/data/1100663/000119312526293181/d83700d497.htm,2026-09-26 14:07:20.158818,200.0,e8f5a24b7941ee340b2658503a979bf50cff8d427ba84b0f1f9beef45ad6220d,SUCCESS,3.5186000999819953,
log_1706f14e2000484c,sec_edgar_filings,US_ISHARES_TIP,https://www.sec.gov/Archives/edgar/data/1100663/000119312526292033/d110723d497.htm,2026-09-26 14:07:22.659129,200.0,7079e7b67616604fea2e6705db4f54ad9be03ac09d45f24c26791ec1f59f0259,SUCCESS,1.6615634000045247,
log_f3a5eb39bd9142b3,sec_edgar_filings,US_ISHARES_TIP,https://www.sec.gov/Archives/edgar/data/1100663/000119312526291166/d10430d497.htm,2026-09-26 14:07:25.159532,200.0,2b68846bec4b87534a84a40c21287c4b487928c4bd4e9ce9eef95400f4881a20,SUCCESS,2.559391399991,
log_77eabfdade774652,sec_edgar_filings,US_ISHARES_TIP,https://www.sec.gov/Archives/edgar/data/1100663/000119312526376132/d164169d497.htm,2026-09-26 14:07:27.659795,200.0,f292ea03a7b41ecd56cbffeab5257516e8fec1022c3f4ad9556d81338a05c1f1,SUCCESS,2.205174199974863,
log_4a8d8b91e4914cc9,sec_edgar_filings,US_ISHARES_TIP,https://www.sec.gov/Archives/edgar/data/1100663/000119312526376116/d163838d497.htm,2026-09-26 14:07:30.160532,200.0,bfb1512e0663a51c307efe1528613329a962c689781a152e98487604b2cddf93,SUCCESS,2.7758279999834485,
log_d6c5b68d12ad4ffd,sec_edgar_filings,US_ISHARES_TIP,https://www.sec.gov/Archives/edgar/data/1100663/000119312526376106/d163946d497.htm,2026-09-26 14:07:32.660805,200.0,b817e92971553388949ecfb6bdb93d61fcb1e847f7eebab8d2727665ded240bf,SUCCESS,2.223071099986555,
log_423d72e4d90e44be,sec_edgar_filings,US_ISHARES_TIP,https://www.sec.gov/Archives/edgar/data/1100663/000119312526361162/d133118d497.htm,2026-09-26 14:07:35.161089,200.0,76b1ea9ac40a6b517caf643e713dbe64ed9e90bc2921725f8029e3223ecda59b,SUCCESS,2.5001287999912165,
log_0f795109263744ae,sec_edgar_filings,US_ISHARES_TIP,https://www.sec.gov/Archives/edgar/data/1100663/000119312526354177/d153282d497.htm,2026-09-26 14:07:37.661423,200.0,9bec2fc7e5a69ef29a95ccd8530ca371c69987d4094d5dab7dc6340d263e071e,SUCCESS,2.5333091999928,
log_fa1c0091adf44902,sec_edgar_filings,US_ISHARES_TIP,https://www.sec.gov/Archives/edgar/data/1100663/000119312526352275/d129369d497.htm,2026-09-26 14:07:40.161700,200.0,692c91c055a773e202244fb5ff32263ac76740e73e89e012fa6e8b75816a41ff,SUCCESS,2.4571374999941327,
log_a722487b14554c6a,sec_edgar_filings,US_ISHARES_TIP,https://www.sec.gov/Archives/edgar/data/1100663/000119312526338192/d114838d497.htm,2026-09-26 14:07:42.662029,200.0,d4c38eba0231e950a1c9fd7415b294cefb64770e7c25a88dc70ce9a66a613073,SUCCESS,2.73139380000066,
log_98b130d2c12c41d6,sec_edgar_filings,US_ISHARES_TIP,https://www.sec.gov/Archives/edgar/data/1100663/000119312526338183/d89689d497.htm,2026-09-26 14:07:45.162725,200.0,d9bd8e1943854d56e26635ebcb86f5f05085ddd325e97bb9e1b8e352992b3d44,SUCCESS,4.483520399982808,
log_0ef2255954bd4a0a,sec_edgar_filings,US_ISHARES_TIP,https://www.sec.gov/Archives/edgar/data/1100663/000119312526338154/d83054d497.htm,2026-09-26 14:07:48.388560,200.0,5d8a2e8962feaefe5267f62857f5ffac52d1b06834515413e0aedcdafb44266f,SUCCESS,3.492887600004906,
log_c977cae338464bd1,sec_edgar_filings,US_ISHARES_TIP,https://www.sec.gov/Archives/edgar/data/1100663/000119312526330968/d55058d497.htm,2026-09-26 14:07:51.882403,200.0,1453a922fcb3e15b8a1571f2e31e8acb6ba9244e25b4e93ba41d830f527cf60a,SUCCESS,0.9729126000020187,
log_9f3d8d72224b4c83,sec_edgar_filings,US_ISHARES_TIP,https://www.sec.gov/Archives/edgar/data/1100663/000119312526398125/d181895d497.htm,2026-09-26 14:07:54.382704,200.0,f90830fac01431c0cce67505b4647302913ccecebcd4897a5474b036a096be1a,SUCCESS,6.027826100005768,
log_b416060bec8249ea,sec_edgar_filings,US_ISHARES_TIP,https://www.sec.gov/Archives/edgar/data/1100663/000119312526395798/d165827d497.htm,2026-09-26 14:07:58.958319,200.0,0c3cfe67e6af77e64d9e6d04065c6d22ad980a74e3015a41c0ecd33d9dc6da89,SUCCESS,1.069930800003931,
log_652efffc6def40cb,sec_edgar_filings,US_ISHARES_TIP,https://www.sec.gov/Archives/edgar/data/1100663/000119312526389306/d135258d497.htm,2026-09-26 14:08:01.458636,200.0,68df629271f45e35a78889b2d64132946935c6f0fb8a92dc302f4349ac48c807,SUCCESS,2.412893200002145,
log_4f05911530c44ae8,sec_edgar_filings,US_ISHARES_TIP,https://www.sec.gov/Archives/edgar/data/1100663/000119312526383660/d118308d497.htm,2026-09-26 14:08:03.958939,200.0,5218173e9800d7c826c95a828c16d2380143629ee41bd16d8827bad9e5ef1502,SUCCESS,2.688692399999127,
log_d71e7710303e40d1,sec_edgar_filings,US_ISHARES_TIP,https://www.sec.gov/Archives/edgar/data/1100663/000119312526380260/d535954d497.htm,2026-09-26 14:08:06.459302,200.0,b2116b75eacee79bb4c3395bb99c62ba989cea3ff221ac6348d97bfac4130311,SUCCESS,2.359867300023325,
log_8e129e9ed58d48bf,sec_edgar_filings,US_ISHARES_TIP,https://www.sec.gov/Archives/edgar/data/1100663/000119312526377124/d133702d497.htm,2026-09-26 14:08:08.959761,200.0,0a95c885d359ec7d9ebfe6b55935c1450be2f223c69a0edaa7022469da13cce9,SUCCESS,2.4200253000017256,
log_f405fc8a7c5a4169,sec_edgar_submissions_api,US_ISHARES_MBB,https://data.sec.gov/submissions/CIK0001100663.json,2026-09-26 14:08:14.505431,200.0,bb6aec42416c270a7fb00e6ea1740fc7c718e3847f412ae57f09dc867c5e1fc0,SUCCESS,2.5210338000033516,
log_09326fe81629478f,sec_edgar_submissions_api,US_ISHARES_MBB,https://data.sec.gov/submissions/CIK0001100663-submissions-002.json,2026-09-26 14:08:17.005918,200.0,ad220ef41a624867cdf87d37d40a407f1f177df021b340bd29797de6991a987d,SUCCESS,2.4308793999953195,
log_f553fdc8573b4668,official_fund_sponsor_page,US_ISHARES_MBB,https://www.ishares.com/us/products/239465/,2026-09-26 14:08:21.164126,403.0,,RETRIEVAL_FAILED,1.598036499985028,HTTP 403: Forbidden
log_9eb762d9d0324f35,sec_edgar_filings,US_ISHARES_MBB,https://www.sec.gov/Archives/edgar/data/1100663/000119312524245748/d843984d497.htm,2026-09-26 14:08:25.044264,200.0,73cd78c59440c22b4db721a87e2892f80d4c4f45a394ece6826d7125bf1fd801,SUCCESS,1.456973599997582,
log_bec69138da5a4b1d,sec_edgar_filings,US_ISHARES_MBB,https://www.sec.gov/Archives/edgar/data/1100663/000119312524242848/d866922d497.htm,2026-09-26 14:08:27.544696,200.0,1f5a90ec402fe09bb4b06e8f3a31c4621f53c31a38502ae46b196363a104a8b5,SUCCESS,1.9413207999896258,
log_5b8df1681b8f4326,sec_edgar_filings,US_ISHARES_MBB,https://www.sec.gov/Archives/edgar/data/1100663/000119312524239640/d895738d497.htm,2026-09-26 14:08:30.045048,200.0,ea0d28b5f47a015457e4aded5c16e673c9ce9f5c9c8fd071c3541ec3d4ebd2fe,SUCCESS,2.471637299982831,
log_b53af557232a4b60,sec_edgar_filings,US_ISHARES_MBB,https://www.sec.gov/Archives/edgar/data/1100663/000119312524238913/d894453d497.htm,2026-09-26 14:08:32.545314,200.0,58691ce5e5a1ebc3bedc51cc98d5cf7c67e6fd7e6d6a4bf1ddc14aec0332f2a0,SUCCESS,2.4651758999971207,
log_b3e0885585784003,sec_edgar_filings,US_ISHARES_MBB,https://www.sec.gov/Archives/edgar/data/1100663/000119312524238908/d894041d497.htm,2026-09-26 14:08:35.045861,200.0,5a971737e3d25608d6874bb6ff5ede8c0e0f392b86a86297d45b641472fc86cf,SUCCESS,2.569541200005915,
log_101c4ffdda4a4326,sec_edgar_filings,US_ISHARES_MBB,https://www.sec.gov/Archives/edgar/data/1100663/000119312524238902/d890449d497.htm,2026-09-26 14:08:37.546387,200.0,e8f91d733b89b0732f87820bb0ceb5ef936e75cb702bb1a26cd77603b9d2006e,SUCCESS,2.4146865000075195,
log_ef4344ffa6b141ae,sec_edgar_filings,US_ISHARES_MBB,https://www.sec.gov/Archives/edgar/data/1100663/000119312524238835/d860426d497.htm,2026-09-26 14:08:40.046637,200.0,3b8598f26180a24673c2565d9bc505ec40d04445a8a0dbf3b84ca346ef55d512,SUCCESS,2.5711589000129607,
log_b5ab09eb7b474015,sec_edgar_filings,US_ISHARES_MBB,https://www.sec.gov/Archives/edgar/data/1100663/000119312524236754/d131931d497.htm,2026-09-26 14:08:42.546999,200.0,578972467512d796af102d2558b629a84edab1a26e1e8a20c02f308698da48e0,SUCCESS,3.3058968000113964,
log_bac45b18828343ac,sec_edgar_filings,US_ISHARES_MBB,https://www.sec.gov/Archives/edgar/data/1100663/000119312524233837/d788518d497.htm,2026-09-26 14:08:45.047313,200.0,deb9d0231aa987b37c95f7f01e5eeaaf234f61414fd81712237ca3d26070801d,SUCCESS,1.5419779999938328,
log_a16217975c0e4a59,sec_edgar_filings,US_ISHARES_MBB,https://www.sec.gov/Archives/edgar/data/1100663/000119312524229262/d814275d497.htm,2026-09-26 14:08:47.547556,200.0,8d28d6076b70d64c34e1b22e274410cda81084450db5baaebcca312b985f86d5,SUCCESS,2.5078584000002593,
log_314bfc680f1b41ff,sec_edgar_filings,US_ISHARES_MBB,https://www.sec.gov/Archives/edgar/data/1100663/000119312524267301/d875052d497.htm,2026-09-26 14:08:50.047834,200.0,994014a2e0c0c803bb01c525eeb5f5d10730c70dfd1dea3243be587b097bbe34,SUCCESS,3.1138847999973223,
log_9fe671dbb52843ab,sec_edgar_filings,US_ISHARES_MBB,https://www.sec.gov/Archives/edgar/data/1100663/000119312524261914/d911527d497.htm,2026-09-26 14:08:52.982324,200.0,cda2e2e9ec0d7871884db0a66c3f2253f75e092f5810545551f3359c99e7a94a,SUCCESS,2.298125000001164,
log_2d2d32eb429a458b,sec_edgar_filings,US_ISHARES_MBB,https://www.sec.gov/Archives/edgar/data/1100663/000119312524287196/d848374d497.htm,2026-09-26 14:08:55.482633,200.0,2c5f89057381013b3ca8bb9e1d1f3c4d684651933a3aeec48a8f89cb33b45cfe,SUCCESS,1.126918600028148,
log_b5701d317dd64dc3,sec_edgar_filings,US_ISHARES_MBB,https://www.sec.gov/Archives/edgar/data/1100663/000119312524287179/d842136d497.htm,2026-09-26 14:08:57.982914,200.0,c84055937d160d9cce60f79b7ab9735d86377ff76c5e315b0fa05a342e0bfb64,SUCCESS,2.6280816000071354,
log_f6b37b300a56459f,sec_edgar_filings,US_ISHARES_MBB,https://www.sec.gov/Archives/edgar/data/1100663/000119312524286941/d916258d497.htm,2026-09-26 14:09:00.483360,200.0,9925703ee2adb913becaafb685335ea082fadad4bacf8975e90abf5a4bcbb54a,SUCCESS,2.3377421000041068,
log_9d97fdb96a6b484f,sec_edgar_filings,US_ISHARES_MBB,https://www.sec.gov/Archives/edgar/data/1100663/000119312524286938/d915949d497.htm,2026-09-26 14:09:02.983682,200.0,58672fb3187fd7cd6a35cab35a21e65a2910a998d9784c569b2474972c9b723d,SUCCESS,2.3270315999980085,
log_96cf9472f2d64641,sec_edgar_filings,US_ISHARES_MBB,https://www.sec.gov/Archives/edgar/data/1100663/000119312524283370/d901579d497.htm,2026-09-26 14:09:05.483937,200.0,0e1b3775a196226c6b5ed01264e821a75e16949946f26cbad676252063283e77,SUCCESS,3.1007450000033714,
log_3ee49baeb53b45b1,sec_edgar_filings,US_ISHARES_MBB,https://www.sec.gov/Archives/edgar/data/1100663/000119312524283367/d869601d497.htm,2026-09-26 14:09:07.989024,200.0,d0ef04e6c4c83dd9668a89307f67f2404251b555e865099b25ba5ea662a4d3d7,SUCCESS,1.8326502999989316,
log_0aa459aba1a94a5c,sec_edgar_filings,US_ISHARES_MBB,https://www.sec.gov/Archives/edgar/data/1100663/000119312524282143/d901522d497.htm,2026-09-26 14:09:10.489568,200.0,318477ac4529a7b02621ccb18838b87e5e38ffffcb2b29f0f8d7b2f468cbef26,SUCCESS,3.3082055999839213,
log_140db3d6a348436f,sec_edgar_filings,US_ISHARES_MBB,https://www.sec.gov/Archives/edgar/data/1100663/000119312524282139/d901516d497.htm,2026-09-26 14:09:12.989840,200.0,ca66868c7cba898da6922427eb27d81a405894a6eebfbb3474ff130df5cf999c,SUCCESS,1.496832299977541,
log_6dc402f546f74a97,sec_edgar_filings,US_ISHARES_MBB,https://www.sec.gov/Archives/edgar/data/1100663/000119312524281940/d826977d497.htm,2026-09-26 14:09:15.490145,200.0,800d5cf486e2fb95e45173b99dd4120efe0e90ad9a51b0fdcdd479bf8e32183a,SUCCESS,2.446345400006976,
log_b118591f99834471,sec_edgar_filings,US_ISHARES_MBB,https://www.sec.gov/Archives/edgar/data/1100663/000119312524271487/d904601d497.htm,2026-09-26 14:09:17.990647,200.0,0ee77de6ba3db7adbc70affe8919d2663fdec24e83bcbd247571ae1518849360,SUCCESS,3.1518423999950755,
log_18d0b6bc39cb4231,sec_edgar_filings,US_ISHARES_MBB,https://www.sec.gov/Archives/edgar/data/1100663/000119312524271371/d876550d497.htm,2026-09-26 14:09:20.491395,200.0,f18fb9460288f770219675492a623770ad545701783d5a971c3fb6db8e3effa0,SUCCESS,1.6092338000016753,
log_85b9ba87029f4ca1,sec_edgar_submissions_api,US_ISHARES_MBB,https://data.sec.gov/submissions/CIK0001100663-submissions-001.json,2026-09-26 14:09:21.623905,200.0,4b0840de53146277b9c65f543745bdc767e1b1fe714103072c3a78695ac3aa0e,SUCCESS,4.189074699999765,
log_a464e4f857a84457,sec_edgar_filings,US_ISHARES_MBB,https://www.sec.gov/Archives/edgar/data/1100663/000119312525011478/d925726d497.htm,2026-09-26 14:09:25.821506,200.0,f3664cc090ef0083395e6c1d676e0ec279501c929ef184749cbafa72846fd637,SUCCESS,1.022373499989044,
log_f359a2e0aff44d25,sec_edgar_filings,US_ISHARES_MBB,https://www.sec.gov/Archives/edgar/data/1100663/000119312525008535/d136256d497.htm,2026-09-26 14:09:28.322067,200.0,1ff29213a01028ad45429b0b9d6b52dcaa727548883a2c547733afa0ba2750ff,SUCCESS,2.7243760999990627,
log_4b8caf9a88454e16,sec_edgar_filings,US_ISHARES_MBB,https://www.sec.gov/Archives/edgar/data/1100663/000119312525007202/d921290d497.htm,2026-09-26 14:09:30.822654,200.0,3028657a53eda3bf72c5a54a0004b6a982e4cd55ed9bebf07cdc07014eca799c,SUCCESS,2.511500699998578,
log_9f5490527b5d4af4,sec_edgar_filings,US_ISHARES_MBB,https://www.sec.gov/Archives/edgar/data/1100663/000119312524287209/d886745d497.htm,2026-09-26 14:09:33.322770,200.0,f774954618d5741901ac4565eeb2a7a11825afca65900f54e59493db7e251d4c,SUCCESS,2.196054700005334,
log_40cd49c98e104aeb,sec_edgar_filings,US_ISHARES_MBB,https://www.sec.gov/Archives/edgar/data/1100663/000119312525042406/d905405d497.htm,2026-09-26 14:09:35.824326,200.0,a40b5b7c77c7bed584c0e3c41a61ce151a3e8c4a3e85184c073c04abf40060a0,SUCCESS,2.34530139999697,
log_bb9fa90ed0e04be2,sec_edgar_filings,US_ISHARES_MBB,https://www.sec.gov/Archives/edgar/data/1100663/000119312525030937/d895008d497.htm,2026-09-26 14:09:38.324718,200.0,cce4b67c1cca8afb08f9639d26ba1de588a8546f33ec461622e02bbed74af122,SUCCESS,3.3123393999994732,
log_b311c989cbee4825,sec_edgar_filings,US_ISHARES_MBB,https://www.sec.gov/Archives/edgar/data/1100663/000119312525029722/d925698d497.htm,2026-09-26 14:09:40.825263,200.0,03ebc8cf5cc2b9853c8e5193e6b68c1b2b71b726ce03ae486da082457a9bbf0c,SUCCESS,1.7120390000054613,
log_23db1345974442a8,sec_edgar_filings,US_ISHARES_MBB,https://www.sec.gov/Archives/edgar/data/1100663/000119312525029678/d932649d497.htm,2026-09-26 14:09:43.330029,200.0,5f69625987e6b328c3167c7c0fac7b80890ab63ba5f57d870fd46a0204661c54,SUCCESS,2.6367067999963183,
log_ad9657cbc9484ed9,sec_edgar_filings,US_ISHARES_MBB,https://www.sec.gov/Archives/edgar/data/1100663/000119312525028799/d892616d497.htm,2026-09-26 14:09:45.830359,200.0,02cc3d884d85c2d9ef427144b4c983ba4769bf5d459cf6aa56d1020f8f6f0c5f,SUCCESS,2.416063300013775,
log_0fabbf7230114b96,sec_edgar_filings,US_ISHARES_MBB,https://www.sec.gov/Archives/edgar/data/1100663/000119312525021017/d906687d497.htm,2026-09-26 14:09:48.331300,200.0,56a66b99815118f99a046fb15a38a9d3862dc2c2d9fa9b6541c8c024e3710029,SUCCESS,2.5615044999867678,
log_1f742f97ce324c97,sec_edgar_filings,US_ISHARES_MBB,https://www.sec.gov/Archives/edgar/data/1100663/000119312525062530/d905260d497.htm,2026-09-26 14:09:50.831525,200.0,d53dcc1164a6cbd06effdf058a8eeb0bd607fbd470e80c2f9a88a64871f13e8a,SUCCESS,2.303320499981055,
log_eabe830ebc30482b,sec_edgar_filings,US_ISHARES_MBB,https://www.sec.gov/Archives/edgar/data/1100663/000119312525061395/d905254d497.htm,2026-09-26 14:09:53.331592,200.0,01b4962adcb1e3c59fe864aabac99adca02b1515d2b2acea9c2b2c9c8692bdce,SUCCESS,2.62280019998434,
log_dc3b86c29e324b9e,sec_edgar_filings,US_ISHARES_MBB,https://www.sec.gov/Archives/edgar/data/1100663/000119312525060393/d927851d497.htm,2026-09-26 14:09:55.833456,200.0,0c2fc85960f736c95a96e3055b59fabb1f1d8e3c2cc62a540c567c882e63c872,SUCCESS,3.39760780002689,
log_151fae24f2a34a06,sec_edgar_filings,US_ISHARES_MBB,https://www.sec.gov/Archives/edgar/data/1100663/000119312525057907/d735691d497.htm,2026-09-26 14:09:58.333879,200.0,9de8e5b1a19a3cb51d50d0e2a5ed98306a03cbc40358ec14c3f07a4e6c6b4075,SUCCESS,1.6422653000045102,
log_042f11779c25469f,sec_edgar_filings,US_ISHARES_MBB,https://www.sec.gov/Archives/edgar/data/1100663/000119312525083044/d766022d497.htm,2026-09-26 14:10:00.835768,200.0,1811c75c01a16c8e6dfdde84fdc20a7250d5630af06c4683c08c2b8f2bc76435,SUCCESS,2.51991440000711,
log_ade5572d4684455d,sec_edgar_filings,US_ISHARES_MBB,https://www.sec.gov/Archives/edgar/data/1100663/000119312525080178/d883981d497.htm,2026-09-26 14:10:03.336461,200.0,bd61602ea1a25b0c6aff2ed976674be824a5f6de3990710e4476c1c577638b7a,SUCCESS,2.2759086000151,
log_334b2af3994d49ee,sec_edgar_filings,US_ISHARES_MBB,https://www.sec.gov/Archives/edgar/data/1100663/000119312525080167/d945860d497.htm,2026-09-26 14:10:05.836899,200.0,57743c011c824292d57e2b132a6d929f2ba050e2b381438049ed3ea487c87f0b,SUCCESS,2.338082900008885,
log_8ea859c08da8485d,sec_edgar_filings,US_ISHARES_MBB,https://www.sec.gov/Archives/edgar/data/1100663/000119312525073419/d941411d497.htm,2026-09-26 14:10:08.337221,200.0,f38944bd289fef91d0e3f29f4733b2d9b075b27d3038656379ac3f314451af66,SUCCESS,2.5828153000038583,
log_7c5d62ce31f4465c,sec_edgar_filings,US_ISHARES_MBB,https://www.sec.gov/Archives/edgar/data/1100663/000119312525073416/d940735d497.htm,2026-09-26 14:10:10.837731,200.0,44fa50fecf601612aa223e1c6278fc06779ef1ceb060246ad51942e4b49729ef,SUCCESS,2.4140748000063468,
log_291b3e38974f4dd9,sec_edgar_filings,US_ISHARES_MBB,https://www.sec.gov/Archives/edgar/data/1100663/000119312525072394/d896448d497.htm,2026-09-26 14:10:13.338193,200.0,cd66eb18ab2124907da3cb9929d864a1dfc1211d43ed39ec8d640ca5b45e656b,SUCCESS,2.748415300011402,
log_d31d47463f7142d4,sec_edgar_filings,US_ISHARES_MBB,https://www.sec.gov/Archives/edgar/data/1100663/000119312525069353/d735233d497.htm,2026-09-26 14:10:15.839052,200.0,bd631bfadae77be216c92b72654dfd4504e6e2a746c481c9023e2837da1fc9a1,SUCCESS,2.3272569999971893,
log_92fb25e8856d43b0,sec_edgar_filings,US_ISHARES_MBB,https://www.sec.gov/Archives/edgar/data/1100663/000119312525068983/d917197d497.htm,2026-09-26 14:10:18.339867,200.0,4681f150652580c721432b2c6bc1aba6a2b73381b164b559e6768b376076469a,SUCCESS,2.6414709000091534,
log_da87713854da4b02,sec_edgar_filings,US_ISHARES_MBB,https://www.sec.gov/Archives/edgar/data/1100663/000119312525130716/d892250d497.htm,2026-09-26 14:10:20.840164,200.0,07097d37d41b28b001e461b999b8e03d0acf90aa0b97c6d92e39b5387157079c,SUCCESS,2.478790499997558,
log_d6840c5c03cc4ff6,sec_edgar_filings,US_ISHARES_MBB,https://www.sec.gov/Archives/edgar/data/1100663/000119312525121682/d15263d497.htm,2026-09-26 14:10:23.340557,200.0,5293c75e44da6168a77d4016250a479abfa0047f1baf52210cb46fa79dd15a10,SUCCESS,1.9249449000053573,
log_59e95451baf44e45,sec_edgar_filings,US_ISHARES_MBB,https://www.sec.gov/Archives/edgar/data/1100663/000119312525152756/d20784d497.htm,2026-09-26 14:10:25.841276,200.0,a0f7d16dba80cd489ec03d4ba26e79aac85fbe741494e7bb442064056aa3f986,SUCCESS,2.081472899997607,
log_f72080df320948bf,sec_edgar_filings,US_ISHARES_MBB,https://www.sec.gov/Archives/edgar/data/1100663/000119312525152664/d892910d497.htm,2026-09-26 14:10:28.341845,200.0,97e2ee0c713fcb5de4514cbdc2e4bb7c23da21e109d95ab31a9df7878b25c2c9,SUCCESS,2.7064444000134245,
log_7b8e7c0386cf488a,sec_edgar_filings,US_ISHARES_MBB,https://www.sec.gov/Archives/edgar/data/1100663/000119312525152656/d62694d497.htm,2026-09-26 14:10:30.842153,200.0,dd9998f610aa00a9f785a7ad8373d9261cb8a4ce31cc451303a5c00d2430f900,SUCCESS,2.3607397000014316,
log_c33cb9a875f440c3,sec_edgar_filings,US_ISHARES_MBB,https://www.sec.gov/Archives/edgar/data/1100663/000119312525151483/d858154d497.htm,2026-09-26 14:10:33.342424,200.0,800c8beabe6173b381bd2ad13c7e7f26ba6ffe3bce326f1551ac5b4f78f1ae9d,SUCCESS,2.6279039999935776,
log_42ca9df411e14b28,sec_edgar_filings,US_ISHARES_MBB,https://www.sec.gov/Archives/edgar/data/1100663/000119312525151481/d937804d497.htm,2026-09-26 14:10:35.842800,200.0,195666b0e83bd51ac0216adecf97dfeb363f47ffd8ff0e906bd8a698c26bd2dd,SUCCESS,2.307296300015878,
log_698add7c001e4471,sec_edgar_filings,US_ISHARES_MBB,https://www.sec.gov/Archives/edgar/data/1100663/000119312525151480/d926596d497.htm,2026-09-26 14:10:38.343317,200.0,6ea7212d37d29bfd65daa13de43da08de17d24d6903c214bc9131f83f36dbff1,SUCCESS,2.6873074999894015,
log_5b6ae311f8f04ed7,sec_edgar_filings,US_ISHARES_MBB,https://www.sec.gov/Archives/edgar/data/1100663/000119312525151477/d933980d497.htm,2026-09-26 14:10:40.843959,200.0,c74ad6fda7f693fcbe610943818f3322a26b4ed9c0c869d964591bba02bdedcf,SUCCESS,2.4972754000045825,
log_b5c4cbae70e343bf,sec_edgar_filings,US_ISHARES_MBB,https://www.sec.gov/Archives/edgar/data/1100663/000119312525151475/d935891d497.htm,2026-09-26 14:10:43.344032,200.0,da59631fa4508681409796536742272a66bd26b791668d067a57311090715cbf,SUCCESS,2.6303859000036027,
log_f64c478808d84dd8,sec_edgar_filings,US_ISHARES_MBB,https://www.sec.gov/Archives/edgar/data/1100663/000119312525151413/d80969d497.htm,2026-09-26 14:10:45.844430,200.0,6102ca7a81826d94c443591375f16c32e26d26670fc6e60fc7246b25f072689a,SUCCESS,2.5676443000265863,
log_975a13ed3dd143db,sec_edgar_filings,US_ISHARES_MBB,https://www.sec.gov/Archives/edgar/data/1100663/000119312525149660/d858192d497.htm,2026-09-26 14:10:48.344545,200.0,9f7afa070a3212af18e457a0c6d61420a835a25bb174ea6ee92718fef8a73baf,SUCCESS,1.7553994999907445,
log_4c6a8a8f71244951,sec_edgar_filings,US_ISHARES_MBB,https://www.sec.gov/Archives/edgar/data/1100663/000119312525149296/d833515d497.htm,2026-09-26 14:10:50.845216,200.0,2b206ff3b8e5036039bde3ece4dcaddc210a3ddd15cfe20e1d4343277e303650,SUCCESS,2.9357754999946337,
log_37d7940bc1db4772,sec_edgar_filings,US_ISHARES_MBB,https://www.sec.gov/Archives/edgar/data/1100663/000119312525144688/d910466d497.htm,2026-09-26 14:10:53.346162,200.0,3351a3d69c49a2e9cf07f93969c88618483a4ea2c80f07a230e90a57fb46c66f,SUCCESS,2.6014335000072606,
log_569df983f5a149f2,sec_edgar_filings,US_ISHARES_MBB,https://www.sec.gov/Archives/edgar/data/1100663/000119312525144683/d923637d497.htm,2026-09-26 14:10:55.846468,200.0,b6594468bd3fda66ec0d2191496c71c17466739dcb62bc71de7ebaf4fd89f71d,SUCCESS,2.387553399981698,
log_3602a59c6b044419,sec_edgar_filings,US_ISHARES_MBB,https://www.sec.gov/Archives/edgar/data/1100663/000119312525143780/d945286d497.htm,2026-09-26 14:10:58.347188,200.0,b8b1b011297fa3486bca11c99dc447d387100b5b691454f43c4f894731745b12,SUCCESS,2.287659599998733,
log_bbf2ca87fb724eea,sec_edgar_filings,US_ISHARES_MBB,https://www.sec.gov/Archives/edgar/data/1100663/000119312525140815/d92035d497.htm,2026-09-26 14:11:00.847414,200.0,344eabd3caf3b12a3bca39e08c7c2bfaa4ad3512bce029cf65eac850d3fca7be,SUCCESS,2.3389408999937586,
log_edae5670d7ec465e,sec_edgar_filings,US_ISHARES_MBB,https://www.sec.gov/Archives/edgar/data/1100663/000119312525132329/d925393d497.htm,2026-09-26 14:11:03.348827,200.0,0c3214405434124e69c1edb277d1dda32e17fb42945053f19de08c499bd6962a,SUCCESS,2.909900700004073,
log_ab4385ecc1d9419f,sec_edgar_filings,US_ISHARES_MBB,https://www.sec.gov/Archives/edgar/data/1100663/000119312525132328/d944327d497.htm,2026-09-26 14:11:05.849215,200.0,5a6b2e8df13cdfbe74a52ccc50f7c244a911c4f44716de5206e107f6058653d5,SUCCESS,2.160799599980237,
log_b246ac75fcc249bd,sec_edgar_filings,US_ISHARES_MBB,https://www.sec.gov/Archives/edgar/data/1100663/000119312525166407/d80334d497.htm,2026-09-26 14:11:08.349490,200.0,5976ca2bccd9cb3ba9ea478782537a52ee1716cfd78078aa6265345769615ff4,SUCCESS,2.1297781000030227,
log_d37f30191bc249ae,sec_edgar_filings,US_ISHARES_MBB,https://www.sec.gov/Archives/edgar/data/1100663/000119312525166411/d16437d497.htm,2026-09-26 14:11:10.849768,200.0,18b745b6a77097bdbe7dd40937ad6c1f2283ff0da4a6a4cd3712ed4efc690074,SUCCESS,2.524165900016669,
log_e125dd49eb794d77,sec_edgar_filings,US_ISHARES_MBB,https://www.sec.gov/Archives/edgar/data/1100663/000119312525164409/d45758d497.htm,2026-09-26 14:11:13.350071,200.0,32ec927d59fabaae7067046a32ae851a11f13a81c7b21d8984b618c0367653fc,SUCCESS,2.5281800999946427,
log_68431849c8a04e1a,sec_edgar_filings,US_ISHARES_MBB,https://www.sec.gov/Archives/edgar/data/1100663/000119312525162592/d940331d497.htm,2026-09-26 14:11:15.850506,200.0,fcf8f9a72c67062f989b98521403754a87a82d794fe22eafea09ceda5297284f,SUCCESS,2.598922600009246,
log_e472336792b14a4a,sec_edgar_filings,US_ISHARES_MBB,https://www.sec.gov/Archives/edgar/data/1100663/000119312525162588/d936063d497.htm,2026-09-26 14:11:18.350963,200.0,8aaf5dd09282553b931c85ced5cb7a9cb3a563adab734542dc17a0b4e5e449c9,SUCCESS,2.3777601000037976,
log_163c91d8d515422d,sec_edgar_filings,US_ISHARES_MBB,https://www.sec.gov/Archives/edgar/data/1100663/000119312525160527/d100349d497.htm,2026-09-26 14:11:20.853167,200.0,5b9fc2fe52399e6e0802341de8b83c6254a0b52a42a9bdbf3d5ae9d9dd13074a,SUCCESS,2.48168969998369,
log_c09881b03f6047bc,sec_edgar_filings,US_ISHARES_MBB,https://www.sec.gov/Archives/edgar/data/1100663/000119312525158223/d938286d497.htm,2026-09-26 14:11:23.353752,200.0,36f45b7e9bce75647c3ab6c4430f93ee147ec51161a6e776526b1781c52b21d5,SUCCESS,2.4990144000039436,
log_8cf8e76fa1c5401b,sec_edgar_filings,US_ISHARES_MBB,https://www.sec.gov/Archives/edgar/data/1100663/000119312525153117/d12766d497.htm,2026-09-26 14:11:25.856043,200.0,d901b7aa571666382f34663604e27babbd701f9abfef16520dcf6d610c33a1a7,SUCCESS,2.497340300003998,
log_c64eb5e1c02a461f,sec_edgar_filings,US_ISHARES_MBB,https://www.sec.gov/Archives/edgar/data/1100663/000119312525152941/d59861d497.htm,2026-09-26 14:11:28.356229,200.0,b5bad58aae955eb2685b7cefb977e0530f025607ad57268c2deeb5d9a670a17b,SUCCESS,2.3547136999841314,
log_3d881e0dd1e246e4,sec_edgar_filings,US_ISHARES_MBB,https://www.sec.gov/Archives/edgar/data/1100663/000119312525192573/d81584d497.htm,2026-09-26 14:11:30.856554,200.0,aba18f15b38413c0fe4ebe678c157cd3dbf77704081446bdebec37d32a971350,SUCCESS,2.6437129999976605,
log_e7e42f9227d7458d,sec_edgar_filings,US_ISHARES_MBB,https://www.sec.gov/Archives/edgar/data/1100663/000119312525185435/d797607d497.htm,2026-09-26 14:11:33.357087,200.0,89f2e1a17120261d47d14c73bb53989ff12eebdb73a0f1048a442bfd81e36231,SUCCESS,2.4511340000026394,
log_d67ac217244a48e6,sec_edgar_filings,US_ISHARES_MBB,https://www.sec.gov/Archives/edgar/data/1100663/000119312525185274/d946888d497.htm,2026-09-26 14:11:35.857621,200.0,9f9ccbe56f8673cb4e0b5881038ca6e8b817f816b0447acff0f2620b4fb69767,SUCCESS,2.4469861999969,
log_d1f58e461faf4ca5,sec_edgar_filings,US_ISHARES_MBB,https://www.sec.gov/Archives/edgar/data/1100663/000119312525181867/d32380d497.htm,2026-09-26 14:11:38.357928,200.0,0d914b3094a3b114902160e3a8106f0efd06256e370e959ca30f3d7ee0b21752,SUCCESS,2.5392281000094954,
log_a39c1415103f4288,sec_edgar_filings,US_ISHARES_MBB,https://www.sec.gov/Archives/edgar/data/1100663/000119312525178119/d945380d497.htm,2026-09-26 14:11:40.858144,200.0,666bc471b3e9b7a40976f1d298e5f516eea91fb1e94b82dfb38d492d1e64be4d,SUCCESS,2.630469900002936,
log_d3ddc4f69a8e4097,sec_edgar_filings,US_ISHARES_MBB,https://www.sec.gov/Archives/edgar/data/1100663/000119312525176991/d68767d497.htm,2026-09-26 14:11:43.358628,200.0,4f59848c0f238e853d2904736316d15848706000baa0d7d5612382769706bd7c,SUCCESS,2.476963399996748,
log_015702dc81114180,sec_edgar_filings,US_ISHARES_MBB,https://www.sec.gov/Archives/edgar/data/1100663/000119312525171727/d35987d497.htm,2026-09-26 14:11:45.859088,200.0,1a4bbfd46cb9059f052dbb47e10a440a1b0c8091f4d8cc1b83a471c34888d7d2,SUCCESS,2.6039276999945287,
log_a87f1269b49c472c,sec_edgar_filings,US_ISHARES_MBB,https://www.sec.gov/Archives/edgar/data/1100663/000119312525171725/d946231d497.htm,2026-09-26 14:11:48.359314,200.0,cda92a5b1a1cfd8eb6925718811d5d52405ba30246ea0c60026cef3552c14aae,SUCCESS,2.344446800008882,
log_259f43dde3ae4323,sec_edgar_filings,US_ISHARES_MBB,https://www.sec.gov/Archives/edgar/data/1100663/000119312525171382/d91144d497.htm,2026-09-26 14:11:50.859601,200.0,da540bc116c7bfbf3e795771eb0b2089dcb58711dcb108968bb822a0416d2c01,SUCCESS,2.6396985000174027,
log_0f353ea75a7c4eaa,sec_edgar_filings,US_ISHARES_MBB,https://www.sec.gov/Archives/edgar/data/1100663/000119312525171077/d12817d497.htm,2026-09-26 14:11:53.360323,200.0,aeb3943d726dee222a163f7d5edee46cd246849471737bc9b0d55d982e1361db,SUCCESS,2.335242599976482,
log_0423692fd98142a3,sec_edgar_filings,US_ISHARES_MBB,https://www.sec.gov/Archives/edgar/data/1100663/000119312525170646/d72295d497.htm,2026-09-26 14:11:55.860892,200.0,05add7aa9e4678e3b23c5ac6fdfb1d2ccbfc7652c5fe637702e61ef49610f4bc,SUCCESS,2.7920262000116054,
log_faef02b3f7254aa2,sec_edgar_filings,US_ISHARES_MBB,https://www.sec.gov/Archives/edgar/data/1100663/000119312525220684/d14216d497.htm,2026-09-26 14:11:58.361269,200.0,dd39f981b8d1bf7e93226c4c0c8ca7a7d8e11abeedf32daaa2c8f5bdd84d7283,SUCCESS,1.7404096000245772,
log_d69d665a335e481f,sec_edgar_filings,US_ISHARES_MBB,https://www.sec.gov/Archives/edgar/data/1100663/000119312525220667/d74315d497.htm,2026-09-26 14:12:00.861974,200.0,7163e9ded3e0f70f000e219c9b1026484accdbc7cb7e680f2e372b5d965dd612,SUCCESS,2.8408476000186056,
log_044831aff5eb4f11,sec_edgar_filings,US_ISHARES_MBB,https://www.sec.gov/Archives/edgar/data/1100663/000119312525220646/d922321d497.htm,2026-09-26 14:12:03.362156,200.0,5253c549329b0a54a81a8eb5c632c99bfe740f6ac9f855fbbfa40f7817c1bb50,SUCCESS,2.9895994999969844,
log_17bf858d99c04f08,sec_edgar_filings,US_ISHARES_MBB,https://www.sec.gov/Archives/edgar/data/1100663/000119312525213586/d76986d497.htm,2026-09-26 14:12:05.862653,200.0,588606b57f9afd851d14cc848989ed3d0ace8f6878ec6d72bf36f15cceb8d75d,SUCCESS,1.7716439999931026,
log_20760c94416a4789,sec_edgar_filings,US_ISHARES_MBB,https://www.sec.gov/Archives/edgar/data/1100663/000119312525213416/d12724d497.htm,2026-09-26 14:12:08.363165,200.0,72f2199f76abaf86856631907d6823ebd91a780f1820f87e791975313ff4d5a1,SUCCESS,2.417398600024171,
log_e5a5d704bd114664,sec_edgar_filings,US_ISHARES_MBB,https://www.sec.gov/Archives/edgar/data/1100663/000119312525202143/d85575d497.htm,2026-09-26 14:12:10.863367,200.0,9d26d441ed06fde53b948a57cd213370c2a5f564bbfd78de3502b7c6925dcf7a,SUCCESS,2.5618495999951847,
log_c9dc11af157f4635,sec_edgar_filings,US_ISHARES_MBB,https://www.sec.gov/Archives/edgar/data/1100663/000119312525194258/d45302d497.htm,2026-09-26 14:12:13.364249,200.0,c7c946da7c4f7d94b20cb3c7107299f7828d5b953c9f24c850a4fa24a6467a4c,SUCCESS,2.5437332000001334,
log_7721560cc21f4b5e,sec_edgar_filings,US_ISHARES_MBB,https://www.sec.gov/Archives/edgar/data/1100663/000119312525193994/d36297d497.htm,2026-09-26 14:12:15.865525,200.0,b853b800d62eb943bc95a96a31fdf69627ff4ef7da8b62b41b8d4733d3cc6272,SUCCESS,3.2755419999884907,
log_4d5a832cb0ea4405,sec_edgar_filings,US_ISHARES_MBB,https://www.sec.gov/Archives/edgar/data/1100663/000119312525258900/d850740d497.htm,2026-09-26 14:12:18.365812,200.0,32f501b96f6b8a7322800867cb758f9421767ad82ece941937821b4ecc8274f9,SUCCESS,2.445513300015591,
log_396c24f01a0f4db7,sec_edgar_filings,US_ISHARES_MBB,https://www.sec.gov/Archives/edgar/data/1100663/000119312525258622/d853081d497.htm,2026-09-26 14:12:20.866356,200.0,4d4be3c4ea087ea29229ced99d7b2978587e5cfc455dc8f94fe58643a9caf7ba,SUCCESS,1.5987109999987297,
log_9ad47e1b7e2a42cc,sec_edgar_filings,US_ISHARES_MBB,https://www.sec.gov/Archives/edgar/data/1100663/000119312525245584/d47996d497.htm,2026-09-26 14:12:23.366531,200.0,8963fad299cba9c92ab74fbd0b0a3701942f048949d54ad07e5c323f66ae6316,SUCCESS,2.3942489000037313,
log_e30ddac44bc24668,sec_edgar_filings,US_ISHARES_MBB,https://www.sec.gov/Archives/edgar/data/1100663/000119312525245533/d53643d497.htm,2026-09-26 14:12:25.866880,200.0,fa278f57fde07d67459e17cc5864b008da5199aa69b9762dd534334b2a37b32d,SUCCESS,2.5457701999985147,
log_4b1b8c121c7d4f4b,sec_edgar_filings,US_ISHARES_MBB,https://www.sec.gov/Archives/edgar/data/1100663/000119312525243500/d847683d497.htm,2026-09-26 14:12:28.367559,200.0,7f6cb699be8e40bee78944c7bd041bfb26c63cd90f924532fb6f5a8d7651cf69,SUCCESS,2.362020599975949,
log_980d2082c7eb4b6c,sec_edgar_filings,US_ISHARES_MBB,https://www.sec.gov/Archives/edgar/data/1100663/000119312525241455/d21541d497.htm,2026-09-26 14:12:30.867747,200.0,1df50d0b3c4ff13b8f77edfd93e5d1d63a6c218d97c0bd5a0986e82787b264b1,SUCCESS,2.948394899984123,
log_3a17ee682e64464d,sec_edgar_filings,US_ISHARES_MBB,https://www.sec.gov/Archives/edgar/data/1100663/000119312525241445/d17098d497.htm,2026-09-26 14:12:33.368219,200.0,d1d6dc8e525632673411aba7a1a39c4a3f7c3a887167b46c22ee1b029975831a,SUCCESS,2.1767234000144526,
log_9419849ae2c64564,sec_edgar_filings,US_ISHARES_MBB,https://www.sec.gov/Archives/edgar/data/1100663/000119312525240445/d13496d497.htm,2026-09-26 14:12:35.869692,200.0,7c9b915ca21c70a7469c2388530b511343b7b813f1057b9f639120b5be24f1fc,SUCCESS,3.8260391000076197,
log_57b0323222e64aaa,sec_edgar_filings,US_ISHARES_MBB,https://www.sec.gov/Archives/edgar/data/1100663/000119312525240193/d46937d497.htm,2026-09-26 14:12:38.380626,200.0,083af31cf339ba43b7ff354c9c4f18ec77318dd812e83c9f61ff0702198b340a,SUCCESS,1.1334531000175048,
log_0f9d6a405ead4824,sec_edgar_filings,US_ISHARES_MBB,https://www.sec.gov/Archives/edgar/data/1100663/000119312525237066/d838386d497.htm,2026-09-26 14:12:40.881439,200.0,aab6a39bd1af51aa3f72858dabcbce792bcb8384e45787c182da56ec75c1359a,SUCCESS,3.491105900000548,
log_53a30978e1f84de0,sec_edgar_filings,US_ISHARES_MBB,https://www.sec.gov/Archives/edgar/data/1100663/000119312525233824/d14518d497.htm,2026-09-26 14:12:43.381766,200.0,fe9b0227a29f114c16819e84ca4eff0745cc92822823d24ca797cc4fc9229233,SUCCESS,1.449587100010831,
log_9b6f07489e2e4a82,sec_edgar_filings,US_ISHARES_MBB,https://www.sec.gov/Archives/edgar/data/1100663/000119312525230367/d863213d497.htm,2026-09-26 14:12:45.882030,200.0,8faccea853cc4ef5aef1acc9032222749fccb4d53dd7d2530414585580ed4328,SUCCESS,2.8901284000021406,
log_c7543bc7f1444a93,sec_edgar_filings,US_ISHARES_MBB,https://www.sec.gov/Archives/edgar/data/1100663/000119312525226832/d140482d497.htm,2026-09-26 14:12:48.382213,200.0,86b1dc2d05ebcfd117767c2158e886c96e2cb5045834940bf25c71c32f35c5d0,SUCCESS,2.0393440000189003,
log_6facf3a998e54131,sec_edgar_filings,US_ISHARES_MBB,https://www.sec.gov/Archives/edgar/data/1100663/000119312525225574/d77896d497.htm,2026-09-26 14:12:50.882325,200.0,9e5da6c2f2e15011702321b35531eb6e230385886c1acce719b3b378fe015b55,SUCCESS,2.6350646000064444,
log_aa70efdaa1444980,sec_edgar_filings,US_ISHARES_MBB,https://www.sec.gov/Archives/edgar/data/1100663/000119312525297711/d938912d497.htm,2026-09-26 14:12:53.382745,200.0,014a10b21d4a8687ed6eb12c37ccb0f372f94b7dbab55639b8d9b09411dcf6b4,SUCCESS,2.2647474000114016,
log_75e1c27a5b7748c4,sec_edgar_filings,US_ISHARES_MBB,https://www.sec.gov/Archives/edgar/data/1100663/000119312525291668/d87125d497.htm,2026-09-26 14:12:55.883563,200.0,6146fc79bb79b050e0ed9ed08acdb5ff7bca5b8b3acab77ca56fbaf32207a9e4,SUCCESS,2.5395129999960773,
log_013e0ade9dbd4fd2,sec_edgar_filings,US_ISHARES_MBB,https://www.sec.gov/Archives/edgar/data/1100663/000119312525287109/d82955d497.htm,2026-09-26 14:12:58.384108,200.0,8ce91b3b112647d42edce41a7d15bc0229ac0bb21bcc7a3cf2ef934c1f7ba959,SUCCESS,2.4643462000240106,
log_8560b39f4b1d481b,sec_edgar_filings,US_ISHARES_MBB,https://www.sec.gov/Archives/edgar/data/1100663/000119312525283231/d67648d497.htm,2026-09-26 14:13:00.884767,200.0,d15976a5418d3b283973221ac1a5190850f4896912b73f695ef16e4a23d1d481,SUCCESS,3.014028099976713,
log_bcd051fc2973442a,sec_edgar_filings,US_ISHARES_MBB,https://www.sec.gov/Archives/edgar/data/1100663/000119312525331050/d922635d497.htm,2026-09-26 14:13:03.385243,200.0,ddcd7dfc2f263e62cc4fb38373ceafe9f7ce480ed2924b0b54df62998780015c,SUCCESS,1.6260226999875158,
log_99b7bb2e81dc495b,sec_edgar_filings,US_ISHARES_MBB,https://www.sec.gov/Archives/edgar/data/1100663/000119312525328765/d86147d497.htm,2026-09-26 14:13:05.886771,200.0,1a5d89bafba00026b2d4c2846bfe463eb02310698afecdb7dc3eb5cff4a8c13d,SUCCESS,2.2254232999985106,
log_cbce66ffe87a41ae,sec_edgar_filings,US_ISHARES_MBB,https://www.sec.gov/Archives/edgar/data/1100663/000119312525324952/d938265d497.htm,2026-09-26 14:13:08.451398,200.0,1db040fee1d07b3c6a8a5580cacdf2a2b59546a2e6204315a58de6939c48c652,SUCCESS,2.7462632000097074,
log_2140070930b14961,sec_edgar_filings,US_ISHARES_MBB,https://www.sec.gov/Archives/edgar/data/1100663/000119312525316017/d58282d497.htm,2026-09-26 14:13:10.951946,200.0,43b1d307691b158f0a8e8d83e8bcf68b2c72f37cb3b64b19155f2fc03b29a285,SUCCESS,2.2638201000227127,
log_dd3af58b1c2847ad,sec_edgar_filings,US_ISHARES_MBB,https://www.sec.gov/Archives/edgar/data/1100663/000119312525309780/d79527d497.htm,2026-09-26 14:13:13.452543,200.0,0b5b3712b8575efa22704d689646817d34ad633e1750ea64c7c550e08f0f0723,SUCCESS,2.444064299983438,
log_ae6a630950d045da,sec_edgar_filings,US_ISHARES_MBB,https://www.sec.gov/Archives/edgar/data/1100663/000119312525308207/d90938d497.htm,2026-09-26 14:13:15.953210,200.0,dec7649fe650e46097ea1f9159f68533ed28e09bb1cabc0d7ecfd0ab79a12e7a,SUCCESS,2.672015999996802,
log_81185c15740d42f3,sec_edgar_filings,US_ISHARES_MBB,https://www.sec.gov/Archives/edgar/data/1100663/000119312525308009/d88695d497.htm,2026-09-26 14:13:18.456275,200.0,dbe724f097a785cad1dce26a486b7574954c6a55907bc08837568fbadf2fd4e4,SUCCESS,2.5377627000270877,
log_4ac61d69c21145c3,sec_edgar_filings,US_ISHARES_MBB,https://www.sec.gov/Archives/edgar/data/1100663/000119312526015356/d35944d497.htm,2026-09-26 14:13:20.956699,200.0,79f71ed6aaeca36030a19fb4a9b54be5b62769f1c9a0bb47f916ad43ea71bd68,SUCCESS,2.294632500008447,
log_7e860baf51c8452c,sec_edgar_filings,US_ISHARES_MBB,https://www.sec.gov/Archives/edgar/data/1100663/000119312526006456/d816607d497.htm,2026-09-26 14:13:23.457305,200.0,acd54a975e88f98bde579d172fd408fa271f88ee59fc8a418ac14948a40b1c91,SUCCESS,2.818799799977569,
log_5048ff570fba4513,sec_edgar_filings,US_ISHARES_MBB,https://www.sec.gov/Archives/edgar/data/1100663/000119312525338493/d36519d497.htm,2026-09-26 14:13:25.958029,200.0,174cbc0f9f9e957466ee19b8f629b4b089554841fa6bfc0108e314380ae311c4,SUCCESS,2.195961299992632,
log_2a3f4d7ea1ec4282,sec_edgar_filings,US_ISHARES_MBB,https://www.sec.gov/Archives/edgar/data/1100663/000119312526064485/d29673d497.htm,2026-09-26 14:13:28.459345,200.0,358467b1d1cda828ab60b904b89d15ba9db8db0e34f30f124dd656afdf8d5af0,SUCCESS,2.534899400023278,
log_e5798e82fa48413d,sec_edgar_filings,US_ISHARES_MBB,https://www.sec.gov/Archives/edgar/data/1100663/000119312526056745/d51363d497.htm,2026-09-26 14:13:30.959571,200.0,8836ae41550d37826386f892c93bedab2d44980905829085d6382a1f7e40f6e6,SUCCESS,2.485662199993385,
log_c002feaf0fa7406b,sec_edgar_filings,US_ISHARES_MBB,https://www.sec.gov/Archives/edgar/data/1100663/000119312526051617/d88238d497.htm,2026-09-26 14:13:33.461076,200.0,f5d8afd79b11205ea23703358fddcbc7ae0fa3c646ad136e532fdee78ef887e3,SUCCESS,2.5012453999952413,
log_f1b37fe440d34165,sec_edgar_filings,US_ISHARES_MBB,https://www.sec.gov/Archives/edgar/data/1100663/000119312526051604/d38921d497.htm,2026-09-26 14:13:35.961642,200.0,86ae91b01315c6abfae9b331e8b024218968c0b245b9b775f400fc8ec78c245b,SUCCESS,2.4176838000130374,
log_395bf64a76cf456f,sec_edgar_filings,US_ISHARES_MBB,https://www.sec.gov/Archives/edgar/data/1100663/000119312526051590/d25478d497.htm,2026-09-26 14:13:38.462039,200.0,774898db3076c024639916885fb4a04bf8a40401803bc9676bd722c39b4adbfb,SUCCESS,2.5209706999885384,
log_f9fba993a170407f,sec_edgar_filings,US_ISHARES_MBB,https://www.sec.gov/Archives/edgar/data/1100663/000119312526129300/d765912d497.htm,2026-09-26 14:13:40.962269,200.0,55acaa1112fa42626026576f5f29a8044415f933b3fdebcdf59bbea1bc3bc357,SUCCESS,2.428827199997613,
log_e560657a08c3401c,sec_edgar_filings,US_ISHARES_MBB,https://www.sec.gov/Archives/edgar/data/1100663/000119312526121940/d117046d497.htm,2026-09-26 14:13:43.462834,200.0,0f65ad011a6ffe9b0fc676ca42a6ef0402d529b9e93c1d7e0a3324c01222bf85,SUCCESS,2.5555915999866556,
log_98ad3b4c16074972,sec_edgar_filings,US_ISHARES_MBB,https://www.sec.gov/Archives/edgar/data/1100663/000119312526117990/d36768d497.htm,2026-09-26 14:13:45.963142,200.0,b830b7f3c2295aecdd5adfc2b30f7ce78ffcf3860c3b267591b1f28ae5504e3c,SUCCESS,2.5631734000053257,
log_bfc7cf117a694efb,sec_edgar_filings,US_ISHARES_MBB,https://www.sec.gov/Archives/edgar/data/1100663/000119312526114192/d45638d497.htm,2026-09-26 14:13:48.465410,200.0,f8bac38858835400b2b1f7af0c41445954bd31f9de091a866fa51d1a99aa6a81,SUCCESS,2.8644030999857932,
log_b25bfbaa16f1403e,sec_edgar_filings,US_ISHARES_MBB,https://www.sec.gov/Archives/edgar/data/1100663/000119312526114010/d864601d497.htm,2026-09-26 14:13:50.966289,200.0,d0bab012bec0a65529ea9c60350e454406eb8bf56209d0da1c5f2b04d8039b95,SUCCESS,2.505996399995638,
log_577f5ad5f8ae4ce5,sec_edgar_filings,US_ISHARES_MBB,https://www.sec.gov/Archives/edgar/data/1100663/000119312526102313/d13062d497.htm,2026-09-26 14:13:53.467211,200.0,d31656f8006feaa6fe94db3df8a97a8a179f992425f265e4f71601732824f9da,SUCCESS,2.4641819999960717,
log_cd4331046811478f,sec_edgar_filings,US_ISHARES_MBB,https://www.sec.gov/Archives/edgar/data/1100663/000119312526097152/d29298d497.htm,2026-09-26 14:13:55.967698,200.0,5fdf1972fbe924e4227f9280986015ab772139b8e63fbd40929dfd65629c9be0,SUCCESS,1.8924993999826256,
log_7993157d21a44489,sec_edgar_filings,US_ISHARES_MBB,https://www.sec.gov/Archives/edgar/data/1100663/000119312526083306/d116517d497.htm,2026-09-26 14:13:58.467874,200.0,b1a783a5b59d9307d78e2b0b17a901e9c3607f647ea07e938467be1fd93324b8,SUCCESS,2.3177808999898843,
log_af4af2200864473f,sec_edgar_filings,US_ISHARES_MBB,https://www.sec.gov/Archives/edgar/data/1100663/000119312526196607/d112890d497.htm,2026-09-26 14:14:00.968641,200.0,9eed563de402618d22fa5c9e7a4c7e6b1baba74c7cf15f590f79ea3eba758a48,SUCCESS,2.6371614999952726,
log_f269e3340ae444b8,sec_edgar_filings,US_ISHARES_MBB,https://www.sec.gov/Archives/edgar/data/1100663/000119312526188422/d17882d497.htm,2026-09-26 14:14:03.470238,200.0,b9a0745cf7961915f13ff6090bbec9ed7e4c3d0c17db47a44dc430f3ed11ccfe,SUCCESS,2.5705634000187274,
log_4a4377176d504eda,sec_edgar_filings,US_ISHARES_MBB,https://www.sec.gov/Archives/edgar/data/1100663/000119312526164165/d88796d497.htm,2026-09-26 14:14:05.970856,200.0,2e6720a7265726e643da19293d7bf63009c73cb5322a3c00dd47b297e92ba504,SUCCESS,2.376276400027564,
log_5e5c668eb6bb4c8f,sec_edgar_filings,US_ISHARES_MBB,https://www.sec.gov/Archives/edgar/data/1100663/000119312526140146/d105386d497.htm,2026-09-26 14:14:08.471399,200.0,222cd8f805c81305a65dbde504e71a28f0da7f9edd9cfbf214c6648ed3e7c5e6,SUCCESS,2.9442947000206914,
log_b6224d680fe54c78,sec_edgar_filings,US_ISHARES_MBB,https://www.sec.gov/Archives/edgar/data/1100663/000119312526140080/d106622d497.htm,2026-09-26 14:14:10.971983,200.0,c5dce8b7c2800f2e49356a0b1cf40acc3fb4947a0af23ba630881fa06b81107a,SUCCESS,2.0841312000120524,
log_8d8abb6b3546413a,sec_edgar_filings,US_ISHARES_MBB,https://www.sec.gov/Archives/edgar/data/1100663/000119312526135209/d129347d497.htm,2026-09-26 14:14:13.472256,200.0,50aec65e6ca60613675b43059d6a4f6d7165013def7bce388de9e77c99ee1eff,SUCCESS,2.4726836000045296,
log_a9e467a09053461c,sec_edgar_filings,US_ISHARES_MBB,https://www.sec.gov/Archives/edgar/data/1100663/000119312526239677/d24890d497.htm,2026-09-26 14:14:15.972771,200.0,00dfc510d2afa23776628877b7d2da00d9bb68846a34d3f4093a3dc82989f240,SUCCESS,2.429587300022831,
log_d6b54ba011554262,sec_edgar_filings,US_ISHARES_MBB,https://www.sec.gov/Archives/edgar/data/1100663/000119312526237040/d105379d497.htm,2026-09-26 14:14:18.473364,200.0,34ce8d4a4765d9d6f85c92409e69eb11d96cbb0aa6009d22ac6d5c4acb16e6af,SUCCESS,2.575835499999812,
log_82122bd48bdc4734,sec_edgar_filings,US_ISHARES_MBB,https://www.sec.gov/Archives/edgar/data/1100663/000119312526237012/d108481d497.htm,2026-09-26 14:14:20.974262,200.0,e062db17e91eb6d274a408b722deb2922c343f47c2a952ea53b30bd0c8f73d1b,SUCCESS,2.361479400016833,
log_a84b701402a04f9d,sec_edgar_filings,US_ISHARES_MBB,https://www.sec.gov/Archives/edgar/data/1100663/000119312526232632/d112764d497.htm,2026-09-26 14:14:23.475077,200.0,7c7ea35c15c0f1c619211835bc9ab1c27b581c05452715229b395f3a09f05548,SUCCESS,2.6365461999957915,
log_5e47a1efc5854dc2,sec_edgar_filings,US_ISHARES_MBB,https://www.sec.gov/Archives/edgar/data/1100663/000119312526204769/d121690d497.htm,2026-09-26 14:14:25.975840,200.0,9458041f9c688c4fb667e5bcd94149e648043fee27b4cedb1807a84a102b677b,SUCCESS,2.865469899988966,
log_7899b0086a8c4a2d,sec_edgar_filings,US_ISHARES_MBB,https://www.sec.gov/Archives/edgar/data/1100663/000119312526288507/d144232d497.htm,2026-09-26 14:14:28.476173,200.0,773a3e1d979da58058029ea9050369a87e4f8c1c017a7900d3774deb7698ed00,SUCCESS,1.8945442000112962,
log_0c0f389d72ae4761,sec_edgar_filings,US_ISHARES_MBB,https://www.sec.gov/Archives/edgar/data/1100663/000119312526279612/d74881d497.htm,2026-09-26 14:14:30.976457,200.0,986d7bb132a2a1e8e07022dd290e936730cba6d368b2ef285524041c7927f645,SUCCESS,2.5032739999878686,
log_074680444eea412f,sec_edgar_filings,US_ISHARES_MBB,https://www.sec.gov/Archives/edgar/data/1100663/000119312526279474/d143191d497.htm,2026-09-26 14:14:33.476718,200.0,c2e89a5a595852ec3ea74ffbd9b8aead89b827907db3e3f825c839653137d541,SUCCESS,6.478538099996513,
log_b9e4da48f2bd44b0,sec_edgar_filings,US_ISHARES_MBB,https://www.sec.gov/Archives/edgar/data/1100663/000119312526269593/d74967d497.htm,2026-09-26 14:14:38.507286,200.0,d4753ee9f18867febc13cfc93b240606a9fbda656f189e03583543df3b4876e8,SUCCESS,0.9734033000131603,
log_f93b94b5a2fc479e,sec_edgar_filings,US_ISHARES_MBB,https://www.sec.gov/Archives/edgar/data/1100663/000119312526269590/d168658d497.htm,2026-09-26 14:14:41.007980,200.0,75746f0add85ebd7724d05ad887fbf580a1445da20a3c4ea2c4667f5876817e7,SUCCESS,2.523783100012224,
log_17a9ff7bd65b4b36,sec_edgar_filings,US_ISHARES_MBB,https://www.sec.gov/Archives/edgar/data/1100663/000119312526267888/d121420d497.htm,2026-09-26 14:14:43.508111,200.0,caf4b1428f5efd3798756d9815425203d0cdf51d458688629441438d39e971f3,SUCCESS,2.5778759000240825,
log_5a13880dbccc47fa,sec_edgar_filings,US_ISHARES_MBB,https://www.sec.gov/Archives/edgar/data/1100663/000119312526267877/d143945d497.htm,2026-09-26 14:14:46.008641,200.0,4a92334408598170baca70379751806d09fe308a82895775a2eb7ca7cc6a103a,SUCCESS,2.466855000006035,
log_791cf701515b4c8e,sec_edgar_filings,US_ISHARES_MBB,https://www.sec.gov/Archives/edgar/data/1100663/000119312526267872/d74088d497.htm,2026-09-26 14:14:48.509366,200.0,b5e4771bb7559c9a634293e8e25652843e18172a3a94373c05a68e218348b01b,SUCCESS,2.485284299997147,
log_8929ced17d6a4942,sec_edgar_filings,US_ISHARES_MBB,https://www.sec.gov/Archives/edgar/data/1100663/000119312526267869/d46038d497.htm,2026-09-26 14:14:51.010630,200.0,be5ad514db0fd1cf813e62e133885811797f770cb8142592179335cc06d1cf97,SUCCESS,2.5093577000079677,
log_63db86532ed344ed,sec_edgar_filings,US_ISHARES_MBB,https://www.sec.gov/Archives/edgar/data/1100663/000119312526267864/d20417d497.htm,2026-09-26 14:14:53.510718,200.0,250a1267e11495bba825a62f3629f7ca68600f8128bfaec4589d5bc5b7046e09,SUCCESS,2.413392299989937,
log_f9e1b7d5f343408d,sec_edgar_filings,US_ISHARES_MBB,https://www.sec.gov/Archives/edgar/data/1100663/000119312526267858/d162061d497.htm,2026-09-26 14:14:56.011345,200.0,ad55ffb9bb1173f124b5aa4d14412b17a90a1afc6012f9da964797c237168b21,SUCCESS,2.600329899985809,
log_9daaffff8efa4c0d,sec_edgar_filings,US_ISHARES_MBB,https://www.sec.gov/Archives/edgar/data/1100663/000119312526267852/d154427d497.htm,2026-09-26 14:14:58.511617,200.0,844ba76a2078925801265f3b074f5f7968763d1aae83c4aea0358307062c8663,SUCCESS,2.5136891000147443,
log_37ffb03cdf6f42b2,sec_edgar_filings,US_ISHARES_MBB,https://www.sec.gov/Archives/edgar/data/1100663/000119312526249172/d126264d497.htm,2026-09-26 14:15:01.011932,200.0,383c995df14c85e21826b8f6e567b3f2f5115addd7a5179ffd892aad5d1df59a,SUCCESS,2.4784224999893922,
log_d69622aa7576466a,sec_edgar_filings,US_ISHARES_MBB,https://www.sec.gov/Archives/edgar/data/1100663/000119312526326458/d123143d497.htm,2026-09-26 14:15:03.512213,200.0,43768bc03c1fb71017ba076ff5b15c2ec3fb28211326160b8e4168eb94ce5fb4,SUCCESS,2.845464299985906,
log_4aed95db72b744cb,sec_edgar_filings,US_ISHARES_MBB,https://www.sec.gov/Archives/edgar/data/1100663/000119312526326445/d25273d497.htm,2026-09-26 14:15:06.012486,200.0,a08218d45dfe0ba8ea3ed37dab2eda58a5dc3d159c23e857980c839f51d7bea0,SUCCESS,1.9364720000012312,
log_4f6f2ab84fc04810,sec_edgar_filings,US_ISHARES_MBB,https://www.sec.gov/Archives/edgar/data/1100663/000119312526326439/d161787d497.htm,2026-09-26 14:15:08.513082,200.0,fd29b9dcfee58630afe0e308d3fe3466b80df1cde8a0af6d24299e0f797acb7d,SUCCESS,2.442311699996935,
log_c5177a5645e742a1,sec_edgar_filings,US_ISHARES_MBB,https://www.sec.gov/Archives/edgar/data/1100663/000119312526307874/d94466d497.htm,2026-09-26 14:15:11.014669,200.0,ece03ba68a5aaf3c817c4f6b9bd64b677ead55387401497b6c00f84cff703039,SUCCESS,2.623113600013312,
log_061ad18c5bf04a5e,sec_edgar_filings,US_ISHARES_MBB,https://www.sec.gov/Archives/edgar/data/1100663/000119312526306133/d157213d497.htm,2026-09-26 14:15:13.515906,200.0,a9dad30a31ad649f3cf48231a29734ed55bbc27ba5d1bc578c1c4c33c984eacd,SUCCESS,2.3846233999938704,
log_15afa218236d4903,sec_edgar_filings,US_ISHARES_MBB,https://www.sec.gov/Archives/edgar/data/1100663/000119312526306123/d160783d497.htm,2026-09-26 14:15:16.016030,200.0,9e374339c503ac1f3afbf3a6dc056115cfdc9d347ed16bd29782dde2f08116c1,SUCCESS,2.5255918000184465,
log_ffb8cc4c1e4248ed,sec_edgar_filings,US_ISHARES_MBB,https://www.sec.gov/Archives/edgar/data/1100663/000119312526306122/d145677d497.htm,2026-09-26 14:15:18.516110,200.0,8589633deb798a60f69354eba15cf808392dbe86479e9022b7d24bb6eaa8cf04,SUCCESS,2.5050577000074554,
log_477f986988354290,sec_edgar_filings,US_ISHARES_MBB,https://www.sec.gov/Archives/edgar/data/1100663/000119312526306120/d151429d497.htm,2026-09-26 14:15:21.016451,200.0,dd1fdf7770161ec03ecf76037796c9a8e9abf891cd94766b425761307a09a189,SUCCESS,2.488071999978274,
log_2de746c3d83c43e1,sec_edgar_filings,US_ISHARES_MBB,https://www.sec.gov/Archives/edgar/data/1100663/000119312526306119/d154864d497.htm,2026-09-26 14:15:23.516723,200.0,7c7159c45b0a42513d6d7a90b8da303ec3b521f540dce139268f1768d015c253,SUCCESS,2.519642700004624,
log_3d4198acd73c4b15,sec_edgar_filings,US_ISHARES_MBB,https://www.sec.gov/Archives/edgar/data/1100663/000119312526306116/d155509d497.htm,2026-09-26 14:15:26.017198,200.0,ca038d7e15083df015eabe836cc73d1a42841d009c8618643512a730cd67f53f,SUCCESS,2.415067399997497,
log_2062b2f4a92440cb,sec_edgar_filings,US_ISHARES_MBB,https://www.sec.gov/Archives/edgar/data/1100663/000119312526306115/d156341d497.htm,2026-09-26 14:15:28.517945,200.0,6a496bc7d22bed5123125cb7712cf7812e39d4640163dce29eb3d5ecd1f4bf47,SUCCESS,3.1502083000086714,
log_357c5c8c634d4f51,sec_edgar_filings,US_ISHARES_MBB,https://www.sec.gov/Archives/edgar/data/1100663/000119312526300908/d898074d497.htm,2026-09-26 14:15:31.018220,200.0,3e6d6cb4e9d5e319e905d0517c8c81e27ef8f049a5ee7979dc656693dcabe5e8,SUCCESS,2.1173060000000987,
log_6f96b8d8cba04088,sec_edgar_filings,US_ISHARES_MBB,https://www.sec.gov/Archives/edgar/data/1100663/000119312526294655/d83700d497.htm,2026-09-26 14:15:33.518592,200.0,e8b2fea09a8fe965aecb2c68b1d5d9762df5969614f02c334c4e59347a6fa57d,SUCCESS,2.2526610999775585,
log_1b9d8ab6a18a405d,sec_edgar_filings,US_ISHARES_MBB,https://www.sec.gov/Archives/edgar/data/1100663/000119312526293181/d83700d497.htm,2026-09-26 14:15:36.019561,200.0,e8f5a24b7941ee340b2658503a979bf50cff8d427ba84b0f1f9beef45ad6220d,SUCCESS,2.517371199995978,
log_ceadecbeac1d4639,sec_edgar_filings,US_ISHARES_MBB,https://www.sec.gov/Archives/edgar/data/1100663/000119312526292033/d110723d497.htm,2026-09-26 14:15:38.519837,200.0,7079e7b67616604fea2e6705db4f54ad9be03ac09d45f24c26791ec1f59f0259,SUCCESS,2.480279400013387,
log_5a7d57b0a9794789,sec_edgar_filings,US_ISHARES_MBB,https://www.sec.gov/Archives/edgar/data/1100663/000119312526291166/d10430d497.htm,2026-09-26 14:15:41.020648,200.0,2b68846bec4b87534a84a40c21287c4b487928c4bd4e9ce9eef95400f4881a20,SUCCESS,2.5738111000100616,
log_7de74e2cd0234a49,sec_edgar_filings,US_ISHARES_MBB,https://www.sec.gov/Archives/edgar/data/1100663/000119312526376132/d164169d497.htm,2026-09-26 14:15:43.521376,200.0,f292ea03a7b41ecd56cbffeab5257516e8fec1022c3f4ad9556d81338a05c1f1,SUCCESS,2.347872300015297,
log_6722caf8baa14e84,sec_edgar_filings,US_ISHARES_MBB,https://www.sec.gov/Archives/edgar/data/1100663/000119312526376116/d163838d497.htm,2026-09-26 14:15:46.021832,200.0,bfb1512e0663a51c307efe1528613329a962c689781a152e98487604b2cddf93,SUCCESS,2.544050500000594,
log_9343f018c24f4e11,sec_edgar_filings,US_ISHARES_MBB,https://www.sec.gov/Archives/edgar/data/1100663/000119312526376106/d163946d497.htm,2026-09-26 14:15:48.522077,200.0,b817e92971553388949ecfb6bdb93d61fcb1e847f7eebab8d2727665ded240bf,SUCCESS,2.4895508000045083,
log_ce0c44a11ab2454f,sec_edgar_filings,US_ISHARES_MBB,https://www.sec.gov/Archives/edgar/data/1100663/000119312526361162/d133118d497.htm,2026-09-26 14:15:51.022822,200.0,76b1ea9ac40a6b517caf643e713dbe64ed9e90bc2921725f8029e3223ecda59b,SUCCESS,2.488277399999788,
log_c6d5a32d40e84233,sec_edgar_filings,US_ISHARES_MBB,https://www.sec.gov/Archives/edgar/data/1100663/000119312526354177/d153282d497.htm,2026-09-26 14:15:53.523077,200.0,9bec2fc7e5a69ef29a95ccd8530ca371c69987d4094d5dab7dc6340d263e071e,SUCCESS,2.4735236999986228,
log_de4ee0f6502b4cc0,sec_edgar_filings,US_ISHARES_MBB,https://www.sec.gov/Archives/edgar/data/1100663/000119312526352275/d129369d497.htm,2026-09-26 14:15:56.023844,200.0,692c91c055a773e202244fb5ff32263ac76740e73e89e012fa6e8b75816a41ff,SUCCESS,2.4693238000036217,
log_0e777b28218740df,sec_edgar_filings,US_ISHARES_MBB,https://www.sec.gov/Archives/edgar/data/1100663/000119312526338192/d114838d497.htm,2026-09-26 14:15:58.531118,200.0,d4c38eba0231e950a1c9fd7415b294cefb64770e7c25a88dc70ce9a66a613073,SUCCESS,2.4917148999811616,
log_7af651a00d6c4fe6,sec_edgar_filings,US_ISHARES_MBB,https://www.sec.gov/Archives/edgar/data/1100663/000119312526338183/d89689d497.htm,2026-09-26 14:16:01.032951,200.0,d9bd8e1943854d56e26635ebcb86f5f05085ddd325e97bb9e1b8e352992b3d44,SUCCESS,2.49261079999269,
log_9f2c61c03dfa4ef3,sec_edgar_filings,US_ISHARES_MBB,https://www.sec.gov/Archives/edgar/data/1100663/000119312526338154/d83054d497.htm,2026-09-26 14:16:03.533882,200.0,5d8a2e8962feaefe5267f62857f5ffac52d1b06834515413e0aedcdafb44266f,SUCCESS,2.491864700015867,
log_547ff623ce4d471a,sec_edgar_filings,US_ISHARES_MBB,https://www.sec.gov/Archives/edgar/data/1100663/000119312526330968/d55058d497.htm,2026-09-26 14:16:06.034524,200.0,1453a922fcb3e15b8a1571f2e31e8acb6ba9244e25b4e93ba41d830f527cf60a,SUCCESS,2.5553142999997362,
log_b299638920db4edb,sec_edgar_filings,US_ISHARES_MBB,https://www.sec.gov/Archives/edgar/data/1100663/000119312526398125/d181895d497.htm,2026-09-26 14:16:08.535211,200.0,f90830fac01431c0cce67505b4647302913ccecebcd4897a5474b036a096be1a,SUCCESS,2.41735420000623,
log_c6941507c9234ad0,sec_edgar_filings,US_ISHARES_MBB,https://www.sec.gov/Archives/edgar/data/1100663/000119312526395798/d165827d497.htm,2026-09-26 14:16:11.035330,200.0,0c3cfe67e6af77e64d9e6d04065c6d22ad980a74e3015a41c0ecd33d9dc6da89,SUCCESS,2.4602088000101503,
log_40aab2abf6aa41f5,sec_edgar_filings,US_ISHARES_MBB,https://www.sec.gov/Archives/edgar/data/1100663/000119312526389306/d135258d497.htm,2026-09-26 14:16:13.535615,200.0,68df629271f45e35a78889b2d64132946935c6f0fb8a92dc302f4349ac48c807,SUCCESS,2.786287499999162,
log_3fa56a9a323c493a,sec_edgar_filings,US_ISHARES_MBB,https://www.sec.gov/Archives/edgar/data/1100663/000119312526383660/d118308d497.htm,2026-09-26 14:16:16.035952,200.0,5218173e9800d7c826c95a828c16d2380143629ee41bd16d8827bad9e5ef1502,SUCCESS,2.936171400011517,
log_4da8513bc61b4d96,sec_edgar_filings,US_ISHARES_MBB,https://www.sec.gov/Archives/edgar/data/1100663/000119312526380260/d535954d497.htm,2026-09-26 14:16:18.536244,200.0,b2116b75eacee79bb4c3395bb99c62ba989cea3ff221ac6348d97bfac4130311,SUCCESS,1.7419472000037786,
log_8dd54d08f0c44868,sec_edgar_filings,US_ISHARES_MBB,https://www.sec.gov/Archives/edgar/data/1100663/000119312526377124/d133702d497.htm,2026-09-26 14:16:21.036698,200.0,0a95c885d359ec7d9ebfe6b55935c1450be2f223c69a0edaa7022469da13cce9,SUCCESS,2.5645819999917876,
log_af71e8b68fa3401d,sec_edgar_submissions_api,US_ISHARES_SHY,https://data.sec.gov/submissions/CIK0001100663.json,2026-09-26 14:16:26.757139,200.0,bb6aec42416c270a7fb00e6ea1740fc7c718e3847f412ae57f09dc867c5e1fc0,SUCCESS,1.448293299996294,
log_881ebcc8429146c6,sec_edgar_submissions_api,US_ISHARES_SHY,https://data.sec.gov/submissions/CIK0001100663-submissions-002.json,2026-09-26 14:16:29.257288,200.0,ad220ef41a624867cdf87d37d40a407f1f177df021b340bd29797de6991a987d,SUCCESS,4.754902799992124,
log_93af04eabff449b2,official_fund_sponsor_page,US_ISHARES_SHY,https://www.ishares.com/us/products/239452/,2026-09-26 14:16:35.474966,403.0,,RETRIEVAL_FAILED,2.049371000000974,HTTP 403: Forbidden
log_1508882a93d24d8b,sec_edgar_filings,US_ISHARES_SHY,https://www.sec.gov/Archives/edgar/data/1100663/000119312524245748/d843984d497.htm,2026-09-26 14:16:39.077693,200.0,73cd78c59440c22b4db721a87e2892f80d4c4f45a394ece6826d7125bf1fd801,SUCCESS,2.2141592999978457,
log_4ded2ad90b214558,sec_edgar_filings,US_ISHARES_SHY,https://www.sec.gov/Archives/edgar/data/1100663/000119312524242848/d866922d497.htm,2026-09-26 14:16:41.577822,200.0,1f5a90ec402fe09bb4b06e8f3a31c4621f53c31a38502ae46b196363a104a8b5,SUCCESS,2.6579294000111986,
log_d59c1cc699094032,sec_edgar_filings,US_ISHARES_SHY,https://www.sec.gov/Archives/edgar/data/1100663/000119312524239640/d895738d497.htm,2026-09-26 14:16:44.077955,200.0,ea0d28b5f47a015457e4aded5c16e673c9ce9f5c9c8fd071c3541ec3d4ebd2fe,SUCCESS,1.9083282000210602,
log_7222288d74084e65,sec_edgar_filings,US_ISHARES_SHY,https://www.sec.gov/Archives/edgar/data/1100663/000119312524238913/d894453d497.htm,2026-09-26 14:16:46.579280,200.0,58691ce5e5a1ebc3bedc51cc98d5cf7c67e6fd7e6d6a4bf1ddc14aec0332f2a0,SUCCESS,2.5267382000165526,
log_fa23b490788840b6,sec_edgar_filings,US_ISHARES_SHY,https://www.sec.gov/Archives/edgar/data/1100663/000119312524238908/d894041d497.htm,2026-09-26 14:16:49.082316,200.0,5a971737e3d25608d6874bb6ff5ede8c0e0f392b86a86297d45b641472fc86cf,SUCCESS,2.598374999972293,
log_0025397db7bb4763,sec_edgar_filings,US_ISHARES_SHY,https://www.sec.gov/Archives/edgar/data/1100663/000119312524238902/d890449d497.htm,2026-09-26 14:16:51.582652,200.0,e8f91d733b89b0732f87820bb0ceb5ef936e75cb702bb1a26cd77603b9d2006e,SUCCESS,2.436628399998881,
log_56b8b513d90d4824,sec_edgar_filings,US_ISHARES_SHY,https://www.sec.gov/Archives/edgar/data/1100663/000119312524238835/d860426d497.htm,2026-09-26 14:16:54.083140,200.0,3b8598f26180a24673c2565d9bc505ec40d04445a8a0dbf3b84ca346ef55d512,SUCCESS,2.5393890000123065,
log_600b15f907c64d31,sec_edgar_filings,US_ISHARES_SHY,https://www.sec.gov/Archives/edgar/data/1100663/000119312524236754/d131931d497.htm,2026-09-26 14:16:56.583970,200.0,578972467512d796af102d2558b629a84edab1a26e1e8a20c02f308698da48e0,SUCCESS,3.075780900020618,
log_ec30651699014e53,sec_edgar_filings,US_ISHARES_SHY,https://www.sec.gov/Archives/edgar/data/1100663/000119312524233837/d788518d497.htm,2026-09-26 14:16:59.084100,200.0,deb9d0231aa987b37c95f7f01e5eeaaf234f61414fd81712237ca3d26070801d,SUCCESS,1.5470726999919862,
log_6bb61b208a6440a4,sec_edgar_filings,US_ISHARES_SHY,https://www.sec.gov/Archives/edgar/data/1100663/000119312524229262/d814275d497.htm,2026-09-26 14:17:01.584342,200.0,8d28d6076b70d64c34e1b22e274410cda81084450db5baaebcca312b985f86d5,SUCCESS,2.687429700017674,
log_d7a3b8e3c0654c35,sec_edgar_filings,US_ISHARES_SHY,https://www.sec.gov/Archives/edgar/data/1100663/000119312524267301/d875052d497.htm,2026-09-26 14:17:04.085460,200.0,994014a2e0c0c803bb01c525eeb5f5d10730c70dfd1dea3243be587b097bbe34,SUCCESS,2.5861977000022307,
log_e8be6da6cf15475e,sec_edgar_filings,US_ISHARES_SHY,https://www.sec.gov/Archives/edgar/data/1100663/000119312524261914/d911527d497.htm,2026-09-26 14:17:06.585754,200.0,cda2e2e9ec0d7871884db0a66c3f2253f75e092f5810545551f3359c99e7a94a,SUCCESS,1.4862702999962494,
log_36f1115726db4a7c,sec_edgar_filings,US_ISHARES_SHY,https://www.sec.gov/Archives/edgar/data/1100663/000119312524287196/d848374d497.htm,2026-09-26 14:17:09.086269,200.0,2c5f89057381013b3ca8bb9e1d1f3c4d684651933a3aeec48a8f89cb33b45cfe,SUCCESS,3.335231700009899,
log_35bb72c2c4474ea0,sec_edgar_filings,US_ISHARES_SHY,https://www.sec.gov/Archives/edgar/data/1100663/000119312524287179/d842136d497.htm,2026-09-26 14:17:11.586614,200.0,c84055937d160d9cce60f79b7ab9735d86377ff76c5e315b0fa05a342e0bfb64,SUCCESS,1.8960480999958236,
log_30a0979f05be4fc5,sec_edgar_filings,US_ISHARES_SHY,https://www.sec.gov/Archives/edgar/data/1100663/000119312524286941/d916258d497.htm,2026-09-26 14:17:14.086969,200.0,9925703ee2adb913becaafb685335ea082fadad4bacf8975e90abf5a4bcbb54a,SUCCESS,2.0174536000122316,
log_e8bdd641666049c6,sec_edgar_filings,US_ISHARES_SHY,https://www.sec.gov/Archives/edgar/data/1100663/000119312524286938/d915949d497.htm,2026-09-26 14:17:16.587200,200.0,58672fb3187fd7cd6a35cab35a21e65a2910a998d9784c569b2474972c9b723d,SUCCESS,2.6545340000011493,
log_316ead03df2b4694,sec_edgar_filings,US_ISHARES_SHY,https://www.sec.gov/Archives/edgar/data/1100663/000119312524283370/d901579d497.htm,2026-09-26 14:17:19.087925,200.0,0e1b3775a196226c6b5ed01264e821a75e16949946f26cbad676252063283e77,SUCCESS,2.53518570002052,
log_9d7850b3cb4748fc,sec_edgar_filings,US_ISHARES_SHY,https://www.sec.gov/Archives/edgar/data/1100663/000119312524283367/d869601d497.htm,2026-09-26 14:17:21.590974,200.0,d0ef04e6c4c83dd9668a89307f67f2404251b555e865099b25ba5ea662a4d3d7,SUCCESS,2.4191634000162594,
log_5137ba65103f46b0,sec_edgar_filings,US_ISHARES_SHY,https://www.sec.gov/Archives/edgar/data/1100663/000119312524282143/d901522d497.htm,2026-09-26 14:17:24.091476,200.0,318477ac4529a7b02621ccb18838b87e5e38ffffcb2b29f0f8d7b2f468cbef26,SUCCESS,2.0440902000118513,
log_5df7ee7d4ae04f28,sec_edgar_filings,US_ISHARES_SHY,https://www.sec.gov/Archives/edgar/data/1100663/000119312524282139/d901516d497.htm,2026-09-26 14:17:26.591831,200.0,ca66868c7cba898da6922427eb27d81a405894a6eebfbb3474ff130df5cf999c,SUCCESS,2.5648192000226118,
log_57542989593d499d,sec_edgar_filings,US_ISHARES_SHY,https://www.sec.gov/Archives/edgar/data/1100663/000119312524281940/d826977d497.htm,2026-09-26 14:17:29.091917,200.0,800d5cf486e2fb95e45173b99dd4120efe0e90ad9a51b0fdcdd479bf8e32183a,SUCCESS,2.4462103999976534,
log_17f0f526d99d4d90,sec_edgar_filings,US_ISHARES_SHY,https://www.sec.gov/Archives/edgar/data/1100663/000119312524271487/d904601d497.htm,2026-09-26 14:17:31.599132,200.0,0ee77de6ba3db7adbc70affe8919d2663fdec24e83bcbd247571ae1518849360,SUCCESS,3.0217554999981076,
log_da389101b77846ac,sec_edgar_filings,US_ISHARES_SHY,https://www.sec.gov/Archives/edgar/data/1100663/000119312524271371/d876550d497.htm,2026-09-26 14:17:34.099637,200.0,f18fb9460288f770219675492a623770ad545701783d5a971c3fb6db8e3effa0,SUCCESS,2.2998579000122845,
log_707a9a4fe08e40b5,sec_edgar_submissions_api,US_ISHARES_SHY,https://data.sec.gov/submissions/CIK0001100663-submissions-001.json,2026-09-26 14:17:35.806264,200.0,4b0840de53146277b9c65f543745bdc767e1b1fe714103072c3a78695ac3aa0e,SUCCESS,1.842057300003944,
log_e34d4e413b3a4d0b,sec_edgar_filings,US_ISHARES_SHY,https://www.sec.gov/Archives/edgar/data/1100663/000119312525011478/d925726d497.htm,2026-09-26 14:17:37.661606,200.0,f3664cc090ef0083395e6c1d676e0ec279501c929ef184749cbafa72846fd637,SUCCESS,1.0612458999967203,
log_f2f9f6fd63a44d48,sec_edgar_filings,US_ISHARES_SHY,https://www.sec.gov/Archives/edgar/data/1100663/000119312525008535/d136256d497.htm,2026-09-26 14:17:40.161988,200.0,1ff29213a01028ad45429b0b9d6b52dcaa727548883a2c547733afa0ba2750ff,SUCCESS,2.6789006000035442,
log_80b61c4117f14704,sec_edgar_filings,US_ISHARES_SHY,https://www.sec.gov/Archives/edgar/data/1100663/000119312525007202/d921290d497.htm,2026-09-26 14:17:42.662241,200.0,3028657a53eda3bf72c5a54a0004b6a982e4cd55ed9bebf07cdc07014eca799c,SUCCESS,2.3809012999990955,
log_85169ffba93a44e3,sec_edgar_filings,US_ISHARES_SHY,https://www.sec.gov/Archives/edgar/data/1100663/000119312524287209/d886745d497.htm,2026-09-26 14:17:45.162521,200.0,f774954618d5741901ac4565eeb2a7a11825afca65900f54e59493db7e251d4c,SUCCESS,2.295950800005812,
log_76cfef5ed27848cb,sec_edgar_filings,US_ISHARES_SHY,https://www.sec.gov/Archives/edgar/data/1100663/000119312525042406/d905405d497.htm,2026-09-26 14:17:47.663990,200.0,a40b5b7c77c7bed584c0e3c41a61ce151a3e8c4a3e85184c073c04abf40060a0,SUCCESS,2.5228205999883357,
log_fde74ea697994e42,sec_edgar_filings,US_ISHARES_SHY,https://www.sec.gov/Archives/edgar/data/1100663/000119312525030937/d895008d497.htm,2026-09-26 14:17:50.164212,200.0,cce4b67c1cca8afb08f9639d26ba1de588a8546f33ec461622e02bbed74af122,SUCCESS,2.3519205000193324,
log_d7feeaeddd204045,sec_edgar_filings,US_ISHARES_SHY,https://www.sec.gov/Archives/edgar/data/1100663/000119312525029722/d925698d497.htm,2026-09-26 14:17:52.664410,200.0,03ebc8cf5cc2b9853c8e5193e6b68c1b2b71b726ce03ae486da082457a9bbf0c,SUCCESS,3.1082498999894597,
log_44619b4594f742f3,sec_edgar_filings,US_ISHARES_SHY,https://www.sec.gov/Archives/edgar/data/1100663/000119312525029678/d932649d497.htm,2026-09-26 14:17:55.164828,200.0,5f69625987e6b328c3167c7c0fac7b80890ab63ba5f57d870fd46a0204661c54,SUCCESS,1.8573346000048332,
log_4a18280a3cf448e4,sec_edgar_filings,US_ISHARES_SHY,https://www.sec.gov/Archives/edgar/data/1100663/000119312525028799/d892616d497.htm,2026-09-26 14:17:57.665214,200.0,02cc3d884d85c2d9ef427144b4c983ba4769bf5d459cf6aa56d1020f8f6f0c5f,SUCCESS,2.5272366999997757,
log_555b32ba62394845,sec_edgar_filings,US_ISHARES_SHY,https://www.sec.gov/Archives/edgar/data/1100663/000119312525021017/d906687d497.htm,2026-09-26 14:18:00.165774,200.0,56a66b99815118f99a046fb15a38a9d3862dc2c2d9fa9b6541c8c024e3710029,SUCCESS,2.532082999998238,
log_6fb18b304deb4815,sec_edgar_filings,US_ISHARES_SHY,https://www.sec.gov/Archives/edgar/data/1100663/000119312525062530/d905260d497.htm,2026-09-26 14:18:02.665892,200.0,d53dcc1164a6cbd06effdf058a8eeb0bd607fbd470e80c2f9a88a64871f13e8a,SUCCESS,2.365373999986332,
log_513f235af7b24364,sec_edgar_filings,US_ISHARES_SHY,https://www.sec.gov/Archives/edgar/data/1100663/000119312525061395/d905254d497.htm,2026-09-26 14:18:05.166609,200.0,01b4962adcb1e3c59fe864aabac99adca02b1515d2b2acea9c2b2c9c8692bdce,SUCCESS,2.4889056000101846,
log_fa186f37220f4a1c,sec_edgar_filings,US_ISHARES_SHY,https://www.sec.gov/Archives/edgar/data/1100663/000119312525060393/d927851d497.htm,2026-09-26 14:18:07.667027,200.0,0c2fc85960f736c95a96e3055b59fabb1f1d8e3c2cc62a540c567c882e63c872,SUCCESS,2.429379000008339,
log_728aa3c40a8e4c42,sec_edgar_filings,US_ISHARES_SHY,https://www.sec.gov/Archives/edgar/data/1100663/000119312525057907/d735691d497.htm,2026-09-26 14:18:10.167266,200.0,9de8e5b1a19a3cb51d50d0e2a5ed98306a03cbc40358ec14c3f07a4e6c6b4075,SUCCESS,2.2836719999904744,
log_72f83a6d22b9412a,sec_edgar_filings,US_ISHARES_SHY,https://www.sec.gov/Archives/edgar/data/1100663/000119312525083044/d766022d497.htm,2026-09-26 14:18:12.667627,200.0,1811c75c01a16c8e6dfdde84fdc20a7250d5630af06c4683c08c2b8f2bc76435,SUCCESS,2.494480299996212,
log_9b7cf30bac46431b,sec_edgar_filings,US_ISHARES_SHY,https://www.sec.gov/Archives/edgar/data/1100663/000119312525080178/d883981d497.htm,2026-09-26 14:18:15.168250,200.0,bd61602ea1a25b0c6aff2ed976674be824a5f6de3990710e4476c1c577638b7a,SUCCESS,2.7474954999925103,
log_64d8571203374137,sec_edgar_filings,US_ISHARES_SHY,https://www.sec.gov/Archives/edgar/data/1100663/000119312525080167/d945860d497.htm,2026-09-26 14:18:17.668877,200.0,57743c011c824292d57e2b132a6d929f2ba050e2b381438049ed3ea487c87f0b,SUCCESS,2.401685999997426,
log_c2f4f2defdeb474c,sec_edgar_filings,US_ISHARES_SHY,https://www.sec.gov/Archives/edgar/data/1100663/000119312525073419/d941411d497.htm,2026-09-26 14:18:20.169222,200.0,f38944bd289fef91d0e3f29f4733b2d9b075b27d3038656379ac3f314451af66,SUCCESS,5.597340800013626,
log_03d9b90527704b6f,sec_edgar_filings,US_ISHARES_SHY,https://www.sec.gov/Archives/edgar/data/1100663/000119312525073416/d940735d497.htm,2026-09-26 14:18:24.237056,200.0,44fa50fecf601612aa223e1c6278fc06779ef1ceb060246ad51942e4b49729ef,SUCCESS,1.1602676000038628,
log_019be9e1f7794764,sec_edgar_filings,US_ISHARES_SHY,https://www.sec.gov/Archives/edgar/data/1100663/000119312525072394/d896448d497.htm,2026-09-26 14:18:26.737787,200.0,cd66eb18ab2124907da3cb9929d864a1dfc1211d43ed39ec8d640ca5b45e656b,SUCCESS,2.8701863999885973,
log_7132dd07e65b4094,sec_edgar_filings,US_ISHARES_SHY,https://www.sec.gov/Archives/edgar/data/1100663/000119312525069353/d735233d497.htm,2026-09-26 14:18:29.238076,200.0,bd631bfadae77be216c92b72654dfd4504e6e2a746c481c9023e2837da1fc9a1,SUCCESS,2.347739200020442,
log_85b6278ed8ea4ff5,sec_edgar_filings,US_ISHARES_SHY,https://www.sec.gov/Archives/edgar/data/1100663/000119312525068983/d917197d497.htm,2026-09-26 14:18:31.738491,200.0,4681f150652580c721432b2c6bc1aba6a2b73381b164b559e6768b376076469a,SUCCESS,2.7367178999993484,
log_cc942686bb804d57,sec_edgar_filings,US_ISHARES_SHY,https://www.sec.gov/Archives/edgar/data/1100663/000119312525130716/d892250d497.htm,2026-09-26 14:18:34.238691,200.0,07097d37d41b28b001e461b999b8e03d0acf90aa0b97c6d92e39b5387157079c,SUCCESS,4.833265499997651,
log_ea8f123a60314cba,sec_edgar_filings,US_ISHARES_SHY,https://www.sec.gov/Archives/edgar/data/1100663/000119312525121682/d15263d497.htm,2026-09-26 14:18:38.703982,200.0,5293c75e44da6168a77d4016250a479abfa0047f1baf52210cb46fa79dd15a10,SUCCESS,1.0879115000134334,
log_137d84dcf5d648f6,sec_edgar_filings,US_ISHARES_SHY,https://www.sec.gov/Archives/edgar/data/1100663/000119312525152756/d20784d497.htm,2026-09-26 14:18:41.204593,200.0,a0f7d16dba80cd489ec03d4ba26e79aac85fbe741494e7bb442064056aa3f986,SUCCESS,2.4230187000066508,
log_887235f399714a09,sec_edgar_filings,US_ISHARES_SHY,https://www.sec.gov/Archives/edgar/data/1100663/000119312525152664/d892910d497.htm,2026-09-26 14:18:43.706025,200.0,97e2ee0c713fcb5de4514cbdc2e4bb7c23da21e109d95ab31a9df7878b25c2c9,SUCCESS,2.380763199995272,
log_a2acbe556f594614,sec_edgar_filings,US_ISHARES_SHY,https://www.sec.gov/Archives/edgar/data/1100663/000119312525152656/d62694d497.htm,2026-09-26 14:18:46.206426,200.0,dd9998f610aa00a9f785a7ad8373d9261cb8a4ce31cc451303a5c00d2430f900,SUCCESS,2.648802599986084,
log_bd5cdd9706344f62,sec_edgar_filings,US_ISHARES_SHY,https://www.sec.gov/Archives/edgar/data/1100663/000119312525151483/d858154d497.htm,2026-09-26 14:18:48.706655,200.0,800c8beabe6173b381bd2ad13c7e7f26ba6ffe3bce326f1551ac5b4f78f1ae9d,SUCCESS,2.3650815000000875,
log_2b817fb28a3543aa,sec_edgar_filings,US_ISHARES_SHY,https://www.sec.gov/Archives/edgar/data/1100663/000119312525151481/d937804d497.htm,2026-09-26 14:18:51.206888,200.0,195666b0e83bd51ac0216adecf97dfeb363f47ffd8ff0e906bd8a698c26bd2dd,SUCCESS,2.4827951999905054,
log_bf38a8a62a3241ff,sec_edgar_filings,US_ISHARES_SHY,https://www.sec.gov/Archives/edgar/data/1100663/000119312525151480/d926596d497.htm,2026-09-26 14:18:53.707274,200.0,6ea7212d37d29bfd65daa13de43da08de17d24d6903c214bc9131f83f36dbff1,SUCCESS,2.5760456999996677,
log_17d27ff40eff49a7,sec_edgar_filings,US_ISHARES_SHY,https://www.sec.gov/Archives/edgar/data/1100663/000119312525151477/d933980d497.htm,2026-09-26 14:18:56.207625,200.0,c74ad6fda7f693fcbe610943818f3322a26b4ed9c0c869d964591bba02bdedcf,SUCCESS,2.529228500003228,
log_67f13b63372d443e,sec_edgar_filings,US_ISHARES_SHY,https://www.sec.gov/Archives/edgar/data/1100663/000119312525151475/d935891d497.htm,2026-09-26 14:18:58.708062,200.0,da59631fa4508681409796536742272a66bd26b791668d067a57311090715cbf,SUCCESS,2.5244151999941096,
log_9b96e0e2211c4841,sec_edgar_filings,US_ISHARES_SHY,https://www.sec.gov/Archives/edgar/data/1100663/000119312525151413/d80969d497.htm,2026-09-26 14:19:01.208336,200.0,6102ca7a81826d94c443591375f16c32e26d26670fc6e60fc7246b25f072689a,SUCCESS,2.6382446000061464,
log_cb431acbf5a64dcc,sec_edgar_filings,US_ISHARES_SHY,https://www.sec.gov/Archives/edgar/data/1100663/000119312525149660/d858192d497.htm,2026-09-26 14:19:03.708636,200.0,9f7afa070a3212af18e457a0c6d61420a835a25bb174ea6ee92718fef8a73baf,SUCCESS,2.0726186000101734,
log_edfd8f2e913a4a39,sec_edgar_filings,US_ISHARES_SHY,https://www.sec.gov/Archives/edgar/data/1100663/000119312525149296/d833515d497.htm,2026-09-26 14:19:06.208772,200.0,2b206ff3b8e5036039bde3ece4dcaddc210a3ddd15cfe20e1d4343277e303650,SUCCESS,2.611948100005975,
log_1d960f4b38854dd9,sec_edgar_filings,US_ISHARES_SHY,https://www.sec.gov/Archives/edgar/data/1100663/000119312525144688/d910466d497.htm,2026-09-26 14:19:08.709088,200.0,3351a3d69c49a2e9cf07f93969c88618483a4ea2c80f07a230e90a57fb46c66f,SUCCESS,2.885950999974739,
log_e36840bef9334551,sec_edgar_filings,US_ISHARES_SHY,https://www.sec.gov/Archives/edgar/data/1100663/000119312525144683/d923637d497.htm,2026-09-26 14:19:11.209789,200.0,b6594468bd3fda66ec0d2191496c71c17466739dcb62bc71de7ebaf4fd89f71d,SUCCESS,1.7025371000054292,
log_28d8ff34c136499a,sec_edgar_filings,US_ISHARES_SHY,https://www.sec.gov/Archives/edgar/data/1100663/000119312525143780/d945286d497.htm,2026-09-26 14:19:13.716642,200.0,b8b1b011297fa3486bca11c99dc447d387100b5b691454f43c4f894731745b12,SUCCESS,2.198782099992968,
log_f907bb51d1244d30,sec_edgar_filings,US_ISHARES_SHY,https://www.sec.gov/Archives/edgar/data/1100663/000119312525140815/d92035d497.htm,2026-09-26 14:19:16.218339,200.0,344eabd3caf3b12a3bca39e08c7c2bfaa4ad3512bce029cf65eac850d3fca7be,SUCCESS,3.1259589999972377,
log_932ef96ca54843b0,sec_edgar_filings,US_ISHARES_SHY,https://www.sec.gov/Archives/edgar/data/1100663/000119312525132329/d925393d497.htm,2026-09-26 14:19:18.718818,200.0,0c3214405434124e69c1edb277d1dda32e17fb42945053f19de08c499bd6962a,SUCCESS,2.4003329999977723,
log_a2a4a1be20e14e8c,sec_edgar_filings,US_ISHARES_SHY,https://www.sec.gov/Archives/edgar/data/1100663/000119312525132328/d944327d497.htm,2026-09-26 14:19:21.219906,200.0,5a6b2e8df13cdfbe74a52ccc50f7c244a911c4f44716de5206e107f6058653d5,SUCCESS,2.466258900007233,
log_77278740fff147bd,sec_edgar_filings,US_ISHARES_SHY,https://www.sec.gov/Archives/edgar/data/1100663/000119312525166407/d80334d497.htm,2026-09-26 14:19:23.720456,200.0,5976ca2bccd9cb3ba9ea478782537a52ee1716cfd78078aa6265345769615ff4,SUCCESS,2.098675399989588,
log_d9867deb685a425e,sec_edgar_filings,US_ISHARES_SHY,https://www.sec.gov/Archives/edgar/data/1100663/000119312525166411/d16437d497.htm,2026-09-26 14:19:26.221101,200.0,18b745b6a77097bdbe7dd40937ad6c1f2283ff0da4a6a4cd3712ed4efc690074,SUCCESS,3.578682299994398,
log_c489c76dc2eb4a86,sec_edgar_filings,US_ISHARES_SHY,https://www.sec.gov/Archives/edgar/data/1100663/000119312525164409/d45758d497.htm,2026-09-26 14:19:28.721417,200.0,32ec927d59fabaae7067046a32ae851a11f13a81c7b21d8984b618c0367653fc,SUCCESS,1.3747738000238314,
log_29b579bab0eb4650,sec_edgar_filings,US_ISHARES_SHY,https://www.sec.gov/Archives/edgar/data/1100663/000119312525162592/d940331d497.htm,2026-09-26 14:19:31.221729,200.0,fcf8f9a72c67062f989b98521403754a87a82d794fe22eafea09ceda5297284f,SUCCESS,2.359152399993036,
log_374f77871f704c17,sec_edgar_filings,US_ISHARES_SHY,https://www.sec.gov/Archives/edgar/data/1100663/000119312525162588/d936063d497.htm,2026-09-26 14:19:33.722400,200.0,8aaf5dd09282553b931c85ced5cb7a9cb3a563adab734542dc17a0b4e5e449c9,SUCCESS,2.759410400001798,
log_17a00734b6e0402c,sec_edgar_filings,US_ISHARES_SHY,https://www.sec.gov/Archives/edgar/data/1100663/000119312525160527/d100349d497.htm,2026-09-26 14:19:36.222765,200.0,5b9fc2fe52399e6e0802341de8b83c6254a0b52a42a9bdbf3d5ae9d9dd13074a,SUCCESS,2.562151399994036,
log_7edf4900a38045e8,sec_edgar_filings,US_ISHARES_SHY,https://www.sec.gov/Archives/edgar/data/1100663/000119312525158223/d938286d497.htm,2026-09-26 14:19:38.723864,200.0,36f45b7e9bce75647c3ab6c4430f93ee147ec51161a6e776526b1781c52b21d5,SUCCESS,2.426281199994264,
log_3a40fc8f677c4aa2,sec_edgar_filings,US_ISHARES_SHY,https://www.sec.gov/Archives/edgar/data/1100663/000119312525153117/d12766d497.htm,2026-09-26 14:19:41.224194,200.0,d901b7aa571666382f34663604e27babbd701f9abfef16520dcf6d610c33a1a7,SUCCESS,2.488334199995734,
log_991447957a274f39,sec_edgar_filings,US_ISHARES_SHY,https://www.sec.gov/Archives/edgar/data/1100663/000119312525152941/d59861d497.htm,2026-09-26 14:19:43.724496,200.0,b5bad58aae955eb2685b7cefb977e0530f025607ad57268c2deeb5d9a670a17b,SUCCESS,2.3214898000005633,
log_61d3e95675e54ffb,sec_edgar_filings,US_ISHARES_SHY,https://www.sec.gov/Archives/edgar/data/1100663/000119312525192573/d81584d497.htm,2026-09-26 14:19:46.225434,200.0,aba18f15b38413c0fe4ebe678c157cd3dbf77704081446bdebec37d32a971350,SUCCESS,3.5470420999918133,
log_178fdb8f798f47c3,sec_edgar_filings,US_ISHARES_SHY,https://www.sec.gov/Archives/edgar/data/1100663/000119312525185435/d797607d497.htm,2026-09-26 14:19:48.725837,200.0,89f2e1a17120261d47d14c73bb53989ff12eebdb73a0f1048a442bfd81e36231,SUCCESS,1.8427860999945551,
log_9b950dc30e73437d,sec_edgar_filings,US_ISHARES_SHY,https://www.sec.gov/Archives/edgar/data/1100663/000119312525185274/d946888d497.htm,2026-09-26 14:19:51.226433,200.0,9f9ccbe56f8673cb4e0b5881038ca6e8b817f816b0447acff0f2620b4fb69767,SUCCESS,2.157876299985219,
log_1ef35d87a1784856,sec_edgar_filings,US_ISHARES_SHY,https://www.sec.gov/Archives/edgar/data/1100663/000119312525181867/d32380d497.htm,2026-09-26 14:19:53.726868,200.0,0d914b3094a3b114902160e3a8106f0efd06256e370e959ca30f3d7ee0b21752,SUCCESS,2.709079699998256,
log_358f3f3a5f9c4b37,sec_edgar_filings,US_ISHARES_SHY,https://www.sec.gov/Archives/edgar/data/1100663/000119312525178119/d945380d497.htm,2026-09-26 14:19:56.227406,200.0,666bc471b3e9b7a40976f1d298e5f516eea91fb1e94b82dfb38d492d1e64be4d,SUCCESS,2.2121735000109766,
log_91c5330d134044eb,sec_edgar_filings,US_ISHARES_SHY,https://www.sec.gov/Archives/edgar/data/1100663/000119312525176991/d68767d497.htm,2026-09-26 14:19:58.727804,200.0,4f59848c0f238e853d2904736316d15848706000baa0d7d5612382769706bd7c,SUCCESS,2.5954673000087496,
log_ae14ac7231ef4922,sec_edgar_filings,US_ISHARES_SHY,https://www.sec.gov/Archives/edgar/data/1100663/000119312525171727/d35987d497.htm,2026-09-26 14:20:01.228305,200.0,1a4bbfd46cb9059f052dbb47e10a440a1b0c8091f4d8cc1b83a471c34888d7d2,SUCCESS,2.502727599989157,
log_c4c506e610264e5f,sec_edgar_filings,US_ISHARES_SHY,https://www.sec.gov/Archives/edgar/data/1100663/000119312525171725/d946231d497.htm,2026-09-26 14:20:03.728814,200.0,cda92a5b1a1cfd8eb6925718811d5d52405ba30246ea0c60026cef3552c14aae,SUCCESS,2.3906070000084583,
log_27dbf17a0a8c4baf,sec_edgar_filings,US_ISHARES_SHY,https://www.sec.gov/Archives/edgar/data/1100663/000119312525171382/d91144d497.htm,2026-09-26 14:20:06.229605,200.0,da540bc116c7bfbf3e795771eb0b2089dcb58711dcb108968bb822a0416d2c01,SUCCESS,3.7231167999852914,
log_e0dae80369184343,sec_edgar_filings,US_ISHARES_SHY,https://www.sec.gov/Archives/edgar/data/1100663/000119312525171077/d12817d497.htm,2026-09-26 14:20:08.729886,200.0,aeb3943d726dee222a163f7d5edee46cd246849471737bc9b0d55d982e1361db,SUCCESS,1.3579540999780875,
log_c3bc520ceb0a4ca9,sec_edgar_filings,US_ISHARES_SHY,https://www.sec.gov/Archives/edgar/data/1100663/000119312525170646/d72295d497.htm,2026-09-26 14:20:11.230517,200.0,05add7aa9e4678e3b23c5ac6fdfb1d2ccbfc7652c5fe637702e61ef49610f4bc,SUCCESS,3.174665600003209,
log_3a1be6ee7c8b4bb4,sec_edgar_filings,US_ISHARES_SHY,https://www.sec.gov/Archives/edgar/data/1100663/000119312525220684/d14216d497.htm,2026-09-26 14:20:13.730873,200.0,dd39f981b8d1bf7e93226c4c0c8ca7a7d8e11abeedf32daaa2c8f5bdd84d7283,SUCCESS,1.4342037000169512,
log_357f2a864bba424a,sec_edgar_filings,US_ISHARES_SHY,https://www.sec.gov/Archives/edgar/data/1100663/000119312525220667/d74315d497.htm,2026-09-26 14:20:16.231121,200.0,7163e9ded3e0f70f000e219c9b1026484accdbc7cb7e680f2e372b5d965dd612,SUCCESS,2.933780499995919,
log_04a591b7bb554f5f,sec_edgar_filings,US_ISHARES_SHY,https://www.sec.gov/Archives/edgar/data/1100663/000119312525220646/d922321d497.htm,2026-09-26 14:20:18.731509,200.0,5253c549329b0a54a81a8eb5c632c99bfe740f6ac9f855fbbfa40f7817c1bb50,SUCCESS,1.966986600018572,
log_893aa9fc14dd4594,sec_edgar_filings,US_ISHARES_SHY,https://www.sec.gov/Archives/edgar/data/1100663/000119312525213586/d76986d497.htm,2026-09-26 14:20:21.232032,200.0,588606b57f9afd851d14cc848989ed3d0ace8f6878ec6d72bf36f15cceb8d75d,SUCCESS,2.6181604000157677,
log_151515b61fef4f4b,sec_edgar_filings,US_ISHARES_SHY,https://www.sec.gov/Archives/edgar/data/1100663/000119312525213416/d12724d497.htm,2026-09-26 14:20:23.732396,200.0,72f2199f76abaf86856631907d6823ebd91a780f1820f87e791975313ff4d5a1,SUCCESS,2.5314979999966454,
log_d5d7458a40b64b69,sec_edgar_filings,US_ISHARES_SHY,https://www.sec.gov/Archives/edgar/data/1100663/000119312525202143/d85575d497.htm,2026-09-26 14:20:26.232504,200.0,9d26d441ed06fde53b948a57cd213370c2a5f564bbfd78de3502b7c6925dcf7a,SUCCESS,2.969119799992768,
log_d37b47fa8e8444b8,sec_edgar_filings,US_ISHARES_SHY,https://www.sec.gov/Archives/edgar/data/1100663/000119312525194258/d45302d497.htm,2026-09-26 14:20:28.733019,200.0,c7c946da7c4f7d94b20cb3c7107299f7828d5b953c9f24c850a4fa24a6467a4c,SUCCESS,1.848790599993663,
log_8c692bd3ad914e12,sec_edgar_filings,US_ISHARES_SHY,https://www.sec.gov/Archives/edgar/data/1100663/000119312525193994/d36297d497.htm,2026-09-26 14:20:31.233964,200.0,b853b800d62eb943bc95a96a31fdf69627ff4ef7da8b62b41b8d4733d3cc6272,SUCCESS,2.73475399997551,
log_33b67784bdd14bec,sec_edgar_filings,US_ISHARES_SHY,https://www.sec.gov/Archives/edgar/data/1100663/000119312525258900/d850740d497.htm,2026-09-26 14:20:33.734361,200.0,32f501b96f6b8a7322800867cb758f9421767ad82ece941937821b4ecc8274f9,SUCCESS,2.037475799996173,
log_19fde043ca3b41af,sec_edgar_filings,US_ISHARES_SHY,https://www.sec.gov/Archives/edgar/data/1100663/000119312525258622/d853081d497.htm,2026-09-26 14:20:36.234636,200.0,4d4be3c4ea087ea29229ced99d7b2978587e5cfc455dc8f94fe58643a9caf7ba,SUCCESS,2.469345500023337,
log_6ebb5588163c4a55,sec_edgar_filings,US_ISHARES_SHY,https://www.sec.gov/Archives/edgar/data/1100663/000119312525245584/d47996d497.htm,2026-09-26 14:20:38.737761,200.0,8963fad299cba9c92ab74fbd0b0a3701942f048949d54ad07e5c323f66ae6316,SUCCESS,3.124314199987566,
log_5415d68e37f04416,sec_edgar_filings,US_ISHARES_SHY,https://www.sec.gov/Archives/edgar/data/1100663/000119312525245533/d53643d497.htm,2026-09-26 14:20:41.238023,200.0,fa278f57fde07d67459e17cc5864b008da5199aa69b9762dd534334b2a37b32d,SUCCESS,2.0456196000159252,
log_9809ab5782694ab1,sec_edgar_filings,US_ISHARES_SHY,https://www.sec.gov/Archives/edgar/data/1100663/000119312525243500/d847683d497.htm,2026-09-26 14:20:43.738673,200.0,7f6cb699be8e40bee78944c7bd041bfb26c63cd90f924532fb6f5a8d7651cf69,SUCCESS,4.153817699989304,
log_5bb72ba43cb34c90,sec_edgar_filings,US_ISHARES_SHY,https://www.sec.gov/Archives/edgar/data/1100663/000119312525241455/d21541d497.htm,2026-09-26 14:20:46.530920,200.0,1df50d0b3c4ff13b8f77edfd93e5d1d63a6c218d97c0bd5a0986e82787b264b1,SUCCESS,2.2912162999855354,
log_5a60ef2d1f9e41f9,sec_edgar_filings,US_ISHARES_SHY,https://www.sec.gov/Archives/edgar/data/1100663/000119312525241445/d17098d497.htm,2026-09-26 14:20:49.031319,200.0,d1d6dc8e525632673411aba7a1a39c4a3f7c3a887167b46c22ee1b029975831a,SUCCESS,2.2926110999833327,
log_df1df73ba0474ef7,sec_edgar_filings,US_ISHARES_SHY,https://www.sec.gov/Archives/edgar/data/1100663/000119312525240445/d13496d497.htm,2026-09-26 14:20:51.531785,200.0,7c9b915ca21c70a7469c2388530b511343b7b813f1057b9f639120b5be24f1fc,SUCCESS,1.4844486999791116,
log_5fd1bae9d12249b3,sec_edgar_filings,US_ISHARES_SHY,https://www.sec.gov/Archives/edgar/data/1100663/000119312525240193/d46937d497.htm,2026-09-26 14:20:54.032067,200.0,083af31cf339ba43b7ff354c9c4f18ec77318dd812e83c9f61ff0702198b340a,SUCCESS,2.913342099986039,
log_d75686f8abf14e19,sec_edgar_filings,US_ISHARES_SHY,https://www.sec.gov/Archives/edgar/data/1100663/000119312525237066/d838386d497.htm,2026-09-26 14:20:56.532995,200.0,aab6a39bd1af51aa3f72858dabcbce792bcb8384e45787c182da56ec75c1359a,SUCCESS,2.103780800011009,
log_9d836f619d6d47f7,sec_edgar_filings,US_ISHARES_SHY,https://www.sec.gov/Archives/edgar/data/1100663/000119312525233824/d14518d497.htm,2026-09-26 14:20:59.033191,200.0,fe9b0227a29f114c16819e84ca4eff0745cc92822823d24ca797cc4fc9229233,SUCCESS,2.3537486999994144,
log_6cebad7093144e7b,sec_edgar_filings,US_ISHARES_SHY,https://www.sec.gov/Archives/edgar/data/1100663/000119312525230367/d863213d497.htm,2026-09-26 14:21:01.535003,200.0,8faccea853cc4ef5aef1acc9032222749fccb4d53dd7d2530414585580ed4328,SUCCESS,2.60850170001504,
log_82faad20573a4083,sec_edgar_filings,US_ISHARES_SHY,https://www.sec.gov/Archives/edgar/data/1100663/000119312525226832/d140482d497.htm,2026-09-26 14:21:04.035318,200.0,86b1dc2d05ebcfd117767c2158e886c96e2cb5045834940bf25c71c32f35c5d0,SUCCESS,2.458118199981982,
log_830224ceac49411f,sec_edgar_filings,US_ISHARES_SHY,https://www.sec.gov/Archives/edgar/data/1100663/000119312525225574/d77896d497.htm,2026-09-26 14:21:06.537052,200.0,9e5da6c2f2e15011702321b35531eb6e230385886c1acce719b3b378fe015b55,SUCCESS,1.9814237999962643,
log_42b72d0c5f334bd9,sec_edgar_filings,US_ISHARES_SHY,https://www.sec.gov/Archives/edgar/data/1100663/000119312525297711/d938912d497.htm,2026-09-26 14:21:09.037729,200.0,014a10b21d4a8687ed6eb12c37ccb0f372f94b7dbab55639b8d9b09411dcf6b4,SUCCESS,3.9727053999959026,
log_c0bd281d390f4fa9,sec_edgar_filings,US_ISHARES_SHY,https://www.sec.gov/Archives/edgar/data/1100663/000119312525291668/d87125d497.htm,2026-09-26 14:21:11.538273,200.0,6146fc79bb79b050e0ed9ed08acdb5ff7bca5b8b3acab77ca56fbaf32207a9e4,SUCCESS,1.7050545000238344,
log_e0abdc3654024599,sec_edgar_filings,US_ISHARES_SHY,https://www.sec.gov/Archives/edgar/data/1100663/000119312525287109/d82955d497.htm,2026-09-26 14:21:14.038526,200.0,8ce91b3b112647d42edce41a7d15bc0229ac0bb21bcc7a3cf2ef934c1f7ba959,SUCCESS,2.2400667000038084,
log_f961c6b36874420e,sec_edgar_filings,US_ISHARES_SHY,https://www.sec.gov/Archives/edgar/data/1100663/000119312525283231/d67648d497.htm,2026-09-26 14:21:16.538977,200.0,d15976a5418d3b283973221ac1a5190850f4896912b73f695ef16e4a23d1d481,SUCCESS,2.7697048999834806,
log_ff27e19b531c4e8d,sec_edgar_filings,US_ISHARES_SHY,https://www.sec.gov/Archives/edgar/data/1100663/000119312525331050/d922635d497.htm,2026-09-26 14:21:19.039281,200.0,ddcd7dfc2f263e62cc4fb38373ceafe9f7ce480ed2924b0b54df62998780015c,SUCCESS,1.7193609999958426,
log_09aa37a853e34d74,sec_edgar_filings,US_ISHARES_SHY,https://www.sec.gov/Archives/edgar/data/1100663/000119312525328765/d86147d497.htm,2026-09-26 14:21:21.539469,200.0,1a5d89bafba00026b2d4c2846bfe463eb02310698afecdb7dc3eb5cff4a8c13d,SUCCESS,2.612992199981818,
log_ad1cb5c5037d4dd0,sec_edgar_filings,US_ISHARES_SHY,https://www.sec.gov/Archives/edgar/data/1100663/000119312525324952/d938265d497.htm,2026-09-26 14:21:24.039606,200.0,1db040fee1d07b3c6a8a5580cacdf2a2b59546a2e6204315a58de6939c48c652,SUCCESS,2.833142299990868,
log_7e75a4ad8c5143e5,sec_edgar_filings,US_ISHARES_SHY,https://www.sec.gov/Archives/edgar/data/1100663/000119312525316017/d58282d497.htm,2026-09-26 14:21:26.539892,200.0,43b1d307691b158f0a8e8d83e8bcf68b2c72f37cb3b64b19155f2fc03b29a285,SUCCESS,2.7835062999802176,
log_3f3d1539ed044b1f,sec_edgar_filings,US_ISHARES_SHY,https://www.sec.gov/Archives/edgar/data/1100663/000119312525309780/d79527d497.htm,2026-09-26 14:21:29.040451,200.0,0b5b3712b8575efa22704d689646817d34ad633e1750ea64c7c550e08f0f0723,SUCCESS,1.9033234000089578,
log_dd558f27c00f4d71,sec_edgar_filings,US_ISHARES_SHY,https://www.sec.gov/Archives/edgar/data/1100663/000119312525308207/d90938d497.htm,2026-09-26 14:21:31.540819,200.0,dec7649fe650e46097ea1f9159f68533ed28e09bb1cabc0d7ecfd0ab79a12e7a,SUCCESS,2.5406489000015426,
log_b02b6ba133c147af,sec_edgar_filings,US_ISHARES_SHY,https://www.sec.gov/Archives/edgar/data/1100663/000119312525308009/d88695d497.htm,2026-09-26 14:21:34.041307,200.0,dbe724f097a785cad1dce26a486b7574954c6a55907bc08837568fbadf2fd4e4,SUCCESS,3.5598656000220217,
log_6433323af3f246de,sec_edgar_filings,US_ISHARES_SHY,https://www.sec.gov/Archives/edgar/data/1100663/000119312526015356/d35944d497.htm,2026-09-26 14:21:36.541557,200.0,79f71ed6aaeca36030a19fb4a9b54be5b62769f1c9a0bb47f916ad43ea71bd68,SUCCESS,1.3049235999933444,
log_3eb2c52e4aeb47b9,sec_edgar_filings,US_ISHARES_SHY,https://www.sec.gov/Archives/edgar/data/1100663/000119312526006456/d816607d497.htm,2026-09-26 14:21:39.042337,200.0,acd54a975e88f98bde579d172fd408fa271f88ee59fc8a418ac14948a40b1c91,SUCCESS,2.660306700010551,
log_ad6d72ab7db94d4c,sec_edgar_filings,US_ISHARES_SHY,https://www.sec.gov/Archives/edgar/data/1100663/000119312525338493/d36519d497.htm,2026-09-26 14:21:41.543259,200.0,174cbc0f9f9e957466ee19b8f629b4b089554841fa6bfc0108e314380ae311c4,SUCCESS,2.366242100019008,
log_201e8af2da4042bd,sec_edgar_filings,US_ISHARES_SHY,https://www.sec.gov/Archives/edgar/data/1100663/000119312526064485/d29673d497.htm,2026-09-26 14:21:44.043985,200.0,358467b1d1cda828ab60b904b89d15ba9db8db0e34f30f124dd656afdf8d5af0,SUCCESS,2.4104444999829866,
log_60b1fc00bef04ac8,sec_edgar_filings,US_ISHARES_SHY,https://www.sec.gov/Archives/edgar/data/1100663/000119312526056745/d51363d497.htm,2026-09-26 14:21:46.544538,200.0,8836ae41550d37826386f892c93bedab2d44980905829085d6382a1f7e40f6e6,SUCCESS,2.5243161999969743,
log_06a1b4e7a38e4642,sec_edgar_filings,US_ISHARES_SHY,https://www.sec.gov/Archives/edgar/data/1100663/000119312526051617/d88238d497.htm,2026-09-26 14:21:49.045143,200.0,f5d8afd79b11205ea23703358fddcbc7ae0fa3c646ad136e532fdee78ef887e3,SUCCESS,2.7250339000020176,
log_c5b1e438b52d4136,sec_edgar_filings,US_ISHARES_SHY,https://www.sec.gov/Archives/edgar/data/1100663/000119312526051604/d38921d497.htm,2026-09-26 14:21:51.545552,200.0,86ae91b01315c6abfae9b331e8b024218968c0b245b9b775f400fc8ec78c245b,SUCCESS,2.3936883000133093,
log_0704af087e0b4c7f,sec_edgar_filings,US_ISHARES_SHY,https://www.sec.gov/Archives/edgar/data/1100663/000119312526051590/d25478d497.htm,2026-09-26 14:21:54.046099,200.0,774898db3076c024639916885fb4a04bf8a40401803bc9676bd722c39b4adbfb,SUCCESS,2.6890503000176977,
log_26cb23204f4f43ab,sec_edgar_filings,US_ISHARES_SHY,https://www.sec.gov/Archives/edgar/data/1100663/000119312526129300/d765912d497.htm,2026-09-26 14:21:56.552974,200.0,55acaa1112fa42626026576f5f29a8044415f933b3fdebcdf59bbea1bc3bc357,SUCCESS,2.0339340000064112,
log_225aa1cdcdea4d95,sec_edgar_filings,US_ISHARES_SHY,https://www.sec.gov/Archives/edgar/data/1100663/000119312526121940/d117046d497.htm,2026-09-26 14:21:59.054422,200.0,0f65ad011a6ffe9b0fc676ca42a6ef0402d529b9e93c1d7e0a3324c01222bf85,SUCCESS,2.509576599986758,
log_4d6b302db0f84563,sec_edgar_filings,US_ISHARES_SHY,https://www.sec.gov/Archives/edgar/data/1100663/000119312526117990/d36768d497.htm,2026-09-26 14:22:01.554688,200.0,b830b7f3c2295aecdd5adfc2b30f7ce78ffcf3860c3b267591b1f28ae5504e3c,SUCCESS,2.5083738999965135,
log_38a4c2f77b0740a0,sec_edgar_filings,US_ISHARES_SHY,https://www.sec.gov/Archives/edgar/data/1100663/000119312526114192/d45638d497.htm,2026-09-26 14:22:04.057435,200.0,f8bac38858835400b2b1f7af0c41445954bd31f9de091a866fa51d1a99aa6a81,SUCCESS,2.746047599997837,
log_958a326680c44a6f,sec_edgar_filings,US_ISHARES_SHY,https://www.sec.gov/Archives/edgar/data/1100663/000119312526114010/d864601d497.htm,2026-09-26 14:22:06.557556,200.0,d0bab012bec0a65529ea9c60350e454406eb8bf56209d0da1c5f2b04d8039b95,SUCCESS,2.3719679999921937,
log_27f918f9d993487b,sec_edgar_filings,US_ISHARES_SHY,https://www.sec.gov/Archives/edgar/data/1100663/000119312526102313/d13062d497.htm,2026-09-26 14:22:09.057782,200.0,d31656f8006feaa6fe94db3df8a97a8a179f992425f265e4f71601732824f9da,SUCCESS,2.170300900004804,
log_980aa7273dc24619,sec_edgar_filings,US_ISHARES_SHY,https://www.sec.gov/Archives/edgar/data/1100663/000119312526097152/d29298d497.htm,2026-09-26 14:22:11.558114,200.0,5fdf1972fbe924e4227f9280986015ab772139b8e63fbd40929dfd65629c9be0,SUCCESS,2.4155799000000115,
log_5615dc459cbb4901,sec_edgar_filings,US_ISHARES_SHY,https://www.sec.gov/Archives/edgar/data/1100663/000119312526083306/d116517d497.htm,2026-09-26 14:22:14.058954,200.0,b1a783a5b59d9307d78e2b0b17a901e9c3607f647ea07e938467be1fd93324b8,SUCCESS,2.489479800016852,
log_b5a2bdcdbf5e4e43,sec_edgar_filings,US_ISHARES_SHY,https://www.sec.gov/Archives/edgar/data/1100663/000119312526196607/d112890d497.htm,2026-09-26 14:22:16.561640,200.0,9eed563de402618d22fa5c9e7a4c7e6b1baba74c7cf15f590f79ea3eba758a48,SUCCESS,2.461955600010697,
log_fafa17774f1a4646,sec_edgar_filings,US_ISHARES_SHY,https://www.sec.gov/Archives/edgar/data/1100663/000119312526188422/d17882d497.htm,2026-09-26 14:22:19.062747,200.0,b9a0745cf7961915f13ff6090bbec9ed7e4c3d0c17db47a44dc430f3ed11ccfe,SUCCESS,2.498166700010188,
log_b4388f33f5f24e93,sec_edgar_filings,US_ISHARES_SHY,https://www.sec.gov/Archives/edgar/data/1100663/000119312526164165/d88796d497.htm,2026-09-26 14:22:21.563874,200.0,2e6720a7265726e643da19293d7bf63009c73cb5322a3c00dd47b297e92ba504,SUCCESS,2.2222116000193637,
log_e2269ea512df4ddf,sec_edgar_filings,US_ISHARES_SHY,https://www.sec.gov/Archives/edgar/data/1100663/000119312526140146/d105386d497.htm,2026-09-26 14:22:24.064562,200.0,222cd8f805c81305a65dbde504e71a28f0da7f9edd9cfbf214c6648ed3e7c5e6,SUCCESS,2.7878615999943577,
log_c905ecf332f144f3,sec_edgar_filings,US_ISHARES_SHY,https://www.sec.gov/Archives/edgar/data/1100663/000119312526140080/d106622d497.htm,2026-09-26 14:22:26.565400,200.0,c5dce8b7c2800f2e49356a0b1cf40acc3fb4947a0af23ba630881fa06b81107a,SUCCESS,2.3994116999965627,
log_352040920cb34c51,sec_edgar_filings,US_ISHARES_SHY,https://www.sec.gov/Archives/edgar/data/1100663/000119312526135209/d129347d497.htm,2026-09-26 14:22:29.066084,200.0,50aec65e6ca60613675b43059d6a4f6d7165013def7bce388de9e77c99ee1eff,SUCCESS,2.469396400003461,
log_a94196b1c4f54e65,sec_edgar_filings,US_ISHARES_SHY,https://www.sec.gov/Archives/edgar/data/1100663/000119312526239677/d24890d497.htm,2026-09-26 14:22:31.566392,200.0,00dfc510d2afa23776628877b7d2da00d9bb68846a34d3f4093a3dc82989f240,SUCCESS,2.4833483999827877,
log_729bd1a6c19f4959,sec_edgar_filings,US_ISHARES_SHY,https://www.sec.gov/Archives/edgar/data/1100663/000119312526237040/d105379d497.htm,2026-09-26 14:22:34.066683,200.0,34ce8d4a4765d9d6f85c92409e69eb11d96cbb0aa6009d22ac6d5c4acb16e6af,SUCCESS,2.407514299993636,
log_c01a33534a574d80,sec_edgar_filings,US_ISHARES_SHY,https://www.sec.gov/Archives/edgar/data/1100663/000119312526237012/d108481d497.htm,2026-09-26 14:22:36.567049,200.0,e062db17e91eb6d274a408b722deb2922c343f47c2a952ea53b30bd0c8f73d1b,SUCCESS,2.6647294999856967,
log_1338d7cef16d4038,sec_edgar_filings,US_ISHARES_SHY,https://www.sec.gov/Archives/edgar/data/1100663/000119312526232632/d112764d497.htm,2026-09-26 14:22:39.067254,200.0,7c7ea35c15c0f1c619211835bc9ab1c27b581c05452715229b395f3a09f05548,SUCCESS,2.7896185999852605,
log_f198407c5deb4bc0,sec_edgar_filings,US_ISHARES_SHY,https://www.sec.gov/Archives/edgar/data/1100663/000119312526204769/d121690d497.htm,2026-09-26 14:22:41.567587,200.0,9458041f9c688c4fb667e5bcd94149e648043fee27b4cedb1807a84a102b677b,SUCCESS,3.0926533000019845,
log_10b2eefa45d042af,sec_edgar_filings,US_ISHARES_SHY,https://www.sec.gov/Archives/edgar/data/1100663/000119312526288507/d144232d497.htm,2026-09-26 14:22:44.067820,200.0,773a3e1d979da58058029ea9050369a87e4f8c1c017a7900d3774deb7698ed00,SUCCESS,1.5172760999994352,
log_3a09e8a92d7846f2,sec_edgar_filings,US_ISHARES_SHY,https://www.sec.gov/Archives/edgar/data/1100663/000119312526279612/d74881d497.htm,2026-09-26 14:22:46.568171,200.0,986d7bb132a2a1e8e07022dd290e936730cba6d368b2ef285524041c7927f645,SUCCESS,2.5068619000085164,
log_75afad210c4b40cb,sec_edgar_filings,US_ISHARES_SHY,https://www.sec.gov/Archives/edgar/data/1100663/000119312526279474/d143191d497.htm,2026-09-26 14:22:49.068529,200.0,c2e89a5a595852ec3ea74ffbd9b8aead89b827907db3e3f825c839653137d541,SUCCESS,3.6381670999980997,
log_e465022343054206,sec_edgar_filings,US_ISHARES_SHY,https://www.sec.gov/Archives/edgar/data/1100663/000119312526269593/d74967d497.htm,2026-09-26 14:22:51.568818,200.0,d4753ee9f18867febc13cfc93b240606a9fbda656f189e03583543df3b4876e8,SUCCESS,1.3992452999809757,
log_a9bc18eef7e845d8,sec_edgar_filings,US_ISHARES_SHY,https://www.sec.gov/Archives/edgar/data/1100663/000119312526269590/d168658d497.htm,2026-09-26 14:22:54.069329,200.0,75746f0add85ebd7724d05ad887fbf580a1445da20a3c4ea2c4667f5876817e7,SUCCESS,2.522776400001021,
log_58b16353d6b64e9e,sec_edgar_filings,US_ISHARES_SHY,https://www.sec.gov/Archives/edgar/data/1100663/000119312526267888/d121420d497.htm,2026-09-26 14:22:56.569807,200.0,caf4b1428f5efd3798756d9815425203d0cdf51d458688629441438d39e971f3,SUCCESS,2.776922499993816,
log_b2ee1fb791ee493f,sec_edgar_filings,US_ISHARES_SHY,https://www.sec.gov/Archives/edgar/data/1100663/000119312526267877/d143945d497.htm,2026-09-26 14:22:59.070937,200.0,4a92334408598170baca70379751806d09fe308a82895775a2eb7ca7cc6a103a,SUCCESS,2.1612474000139628,
log_cadaec97f1f04589,sec_edgar_filings,US_ISHARES_SHY,https://www.sec.gov/Archives/edgar/data/1100663/000119312526267872/d74088d497.htm,2026-09-26 14:23:01.571343,200.0,b5e4771bb7559c9a634293e8e25652843e18172a3a94373c05a68e218348b01b,SUCCESS,2.6705339000036474,
log_6da094753354414b,sec_edgar_filings,US_ISHARES_SHY,https://www.sec.gov/Archives/edgar/data/1100663/000119312526267869/d46038d497.htm,2026-09-26 14:23:04.071717,200.0,be5ad514db0fd1cf813e62e133885811797f770cb8142592179335cc06d1cf97,SUCCESS,2.294449800014263,
log_5ea8d59777fe445c,sec_edgar_filings,US_ISHARES_SHY,https://www.sec.gov/Archives/edgar/data/1100663/000119312526267864/d20417d497.htm,2026-09-26 14:23:06.572015,200.0,250a1267e11495bba825a62f3629f7ca68600f8128bfaec4589d5bc5b7046e09,SUCCESS,2.423718000005465,
log_ee5b978c14094a7b,sec_edgar_filings,US_ISHARES_SHY,https://www.sec.gov/Archives/edgar/data/1100663/000119312526267858/d162061d497.htm,2026-09-26 14:23:09.072240,200.0,ad55ffb9bb1173f124b5aa4d14412b17a90a1afc6012f9da964797c237168b21,SUCCESS,2.5081027999985963,
log_c1f13ee69ec246c4,sec_edgar_filings,US_ISHARES_SHY,https://www.sec.gov/Archives/edgar/data/1100663/000119312526267852/d154427d497.htm,2026-09-26 14:23:11.572613,200.0,844ba76a2078925801265f3b074f5f7968763d1aae83c4aea0358307062c8663,SUCCESS,2.6262605999945663,
log_7b5d59f4793643d8,sec_edgar_filings,US_ISHARES_SHY,https://www.sec.gov/Archives/edgar/data/1100663/000119312526249172/d126264d497.htm,2026-09-26 14:23:14.072883,200.0,383c995df14c85e21826b8f6e567b3f2f5115addd7a5179ffd892aad5d1df59a,SUCCESS,2.102690800005803,
log_be0fd53535224983,sec_edgar_filings,US_ISHARES_SHY,https://www.sec.gov/Archives/edgar/data/1100663/000119312526326458/d123143d497.htm,2026-09-26 14:23:16.573761,200.0,43768bc03c1fb71017ba076ff5b15c2ec3fb28211326160b8e4168eb94ce5fb4,SUCCESS,2.8152619999891613,
log_0c664c402bbe4e67,sec_edgar_filings,US_ISHARES_SHY,https://www.sec.gov/Archives/edgar/data/1100663/000119312526326445/d25273d497.htm,2026-09-26 14:23:19.075033,200.0,a08218d45dfe0ba8ea3ed37dab2eda58a5dc3d159c23e857980c839f51d7bea0,SUCCESS,2.89815299998736,
log_7084d87472ff40ea,sec_edgar_filings,US_ISHARES_SHY,https://www.sec.gov/Archives/edgar/data/1100663/000119312526326439/d161787d497.htm,2026-09-26 14:23:21.575502,200.0,fd29b9dcfee58630afe0e308d3fe3466b80df1cde8a0af6d24299e0f797acb7d,SUCCESS,2.181595100002596,
log_6d46abea561347d3,sec_edgar_filings,US_ISHARES_SHY,https://www.sec.gov/Archives/edgar/data/1100663/000119312526307874/d94466d497.htm,2026-09-26 14:23:24.075655,200.0,ece03ba68a5aaf3c817c4f6b9bd64b677ead55387401497b6c00f84cff703039,SUCCESS,2.880302200006554,
log_5eb42aa1e82b42fa,sec_edgar_filings,US_ISHARES_SHY,https://www.sec.gov/Archives/edgar/data/1100663/000119312526306133/d157213d497.htm,2026-09-26 14:23:26.576094,200.0,a9dad30a31ad649f3cf48231a29734ed55bbc27ba5d1bc578c1c4c33c984eacd,SUCCESS,2.271743899997091,
log_63eaf0a8f0164fc5,sec_edgar_filings,US_ISHARES_SHY,https://www.sec.gov/Archives/edgar/data/1100663/000119312526306123/d160783d497.htm,2026-09-26 14:23:29.076688,200.0,9e374339c503ac1f3afbf3a6dc056115cfdc9d347ed16bd29782dde2f08116c1,SUCCESS,2.3300606999837328,
log_e191908c7e914770,sec_edgar_filings,US_ISHARES_SHY,https://www.sec.gov/Archives/edgar/data/1100663/000119312526306122/d145677d497.htm,2026-09-26 14:23:31.578023,200.0,8589633deb798a60f69354eba15cf808392dbe86479e9022b7d24bb6eaa8cf04,SUCCESS,2.402684300002875,
log_0eeac00729c142cc,sec_edgar_filings,US_ISHARES_SHY,https://www.sec.gov/Archives/edgar/data/1100663/000119312526306120/d151429d497.htm,2026-09-26 14:23:34.078499,200.0,dd1fdf7770161ec03ecf76037796c9a8e9abf891cd94766b425761307a09a189,SUCCESS,2.6593856000108644,
log_0bc3d1a5c0304c6a,sec_edgar_filings,US_ISHARES_SHY,https://www.sec.gov/Archives/edgar/data/1100663/000119312526306119/d154864d497.htm,2026-09-26 14:23:36.578627,200.0,7c7159c45b0a42513d6d7a90b8da303ec3b521f540dce139268f1768d015c253,SUCCESS,2.3852630000037607,
log_6ca4d394b68e4e63,sec_edgar_filings,US_ISHARES_SHY,https://www.sec.gov/Archives/edgar/data/1100663/000119312526306116/d155509d497.htm,2026-09-26 14:23:39.079113,200.0,ca038d7e15083df015eabe836cc73d1a42841d009c8618643512a730cd67f53f,SUCCESS,2.7776599999924656,
log_08951441fa244a6d,sec_edgar_filings,US_ISHARES_SHY,https://www.sec.gov/Archives/edgar/data/1100663/000119312526306115/d156341d497.htm,2026-09-26 14:23:41.579249,200.0,6a496bc7d22bed5123125cb7712cf7812e39d4640163dce29eb3d5ecd1f4bf47,SUCCESS,2.2866651999938767,
log_27ee8c851e874c6a,sec_edgar_filings,US_ISHARES_SHY,https://www.sec.gov/Archives/edgar/data/1100663/000119312526300908/d898074d497.htm,2026-09-26 14:23:44.079583,200.0,3e6d6cb4e9d5e319e905d0517c8c81e27ef8f049a5ee7979dc656693dcabe5e8,SUCCESS,2.4948901999741793,
log_2a1ad90e59c8440e,sec_edgar_filings,US_ISHARES_SHY,https://www.sec.gov/Archives/edgar/data/1100663/000119312526294655/d83700d497.htm,2026-09-26 14:23:46.580391,200.0,e8b2fea09a8fe965aecb2c68b1d5d9762df5969614f02c334c4e59347a6fa57d,SUCCESS,2.3842040000017732,
log_5bcc2ea8d6a04240,sec_edgar_filings,US_ISHARES_SHY,https://www.sec.gov/Archives/edgar/data/1100663/000119312526293181/d83700d497.htm,2026-09-26 14:23:49.081514,200.0,e8f5a24b7941ee340b2658503a979bf50cff8d427ba84b0f1f9beef45ad6220d,SUCCESS,2.537031300016679,
log_f6deac23fed74889,sec_edgar_filings,US_ISHARES_SHY,https://www.sec.gov/Archives/edgar/data/1100663/000119312526292033/d110723d497.htm,2026-09-26 14:23:51.582553,200.0,7079e7b67616604fea2e6705db4f54ad9be03ac09d45f24c26791ec1f59f0259,SUCCESS,2.8236810000089463,
log_b5278c8407df484e,sec_edgar_filings,US_ISHARES_SHY,https://www.sec.gov/Archives/edgar/data/1100663/000119312526291166/d10430d497.htm,2026-09-26 14:23:54.082830,200.0,2b68846bec4b87534a84a40c21287c4b487928c4bd4e9ce9eef95400f4881a20,SUCCESS,2.203315599996131,
log_4a614304108e4e1a,sec_edgar_filings,US_ISHARES_SHY,https://www.sec.gov/Archives/edgar/data/1100663/000119312526376132/d164169d497.htm,2026-09-26 14:23:56.583349,200.0,f292ea03a7b41ecd56cbffeab5257516e8fec1022c3f4ad9556d81338a05c1f1,SUCCESS,2.498674200003734,
log_68d72cfb950e4848,sec_edgar_filings,US_ISHARES_SHY,https://www.sec.gov/Archives/edgar/data/1100663/000119312526376116/d163838d497.htm,2026-09-26 14:23:59.083617,200.0,bfb1512e0663a51c307efe1528613329a962c689781a152e98487604b2cddf93,SUCCESS,2.542519499984337,
log_4d042f27b35e411a,sec_edgar_filings,US_ISHARES_SHY,https://www.sec.gov/Archives/edgar/data/1100663/000119312526376106/d163946d497.htm,2026-09-26 14:24:01.583947,200.0,b817e92971553388949ecfb6bdb93d61fcb1e847f7eebab8d2727665ded240bf,SUCCESS,2.5135328999895137,
log_1b5000d68be140b2,sec_edgar_filings,US_ISHARES_SHY,https://www.sec.gov/Archives/edgar/data/1100663/000119312526361162/d133118d497.htm,2026-09-26 14:24:04.084670,200.0,76b1ea9ac40a6b517caf643e713dbe64ed9e90bc2921725f8029e3223ecda59b,SUCCESS,2.4303594999946654,
log_a303d493a4c24f94,sec_edgar_filings,US_ISHARES_SHY,https://www.sec.gov/Archives/edgar/data/1100663/000119312526354177/d153282d497.htm,2026-09-26 14:24:06.585134,200.0,9bec2fc7e5a69ef29a95ccd8530ca371c69987d4094d5dab7dc6340d263e071e,SUCCESS,3.7681531000125688,
log_dc77509971e84d2f,sec_edgar_filings,US_ISHARES_SHY,https://www.sec.gov/Archives/edgar/data/1100663/000119312526352275/d129369d497.htm,2026-09-26 14:24:09.090500,200.0,692c91c055a773e202244fb5ff32263ac76740e73e89e012fa6e8b75816a41ff,SUCCESS,0.9017703999998048,
log_78d552e5f70d4e35,sec_edgar_filings,US_ISHARES_SHY,https://www.sec.gov/Archives/edgar/data/1100663/000119312526338192/d114838d497.htm,2026-09-26 14:24:11.590958,200.0,d4c38eba0231e950a1c9fd7415b294cefb64770e7c25a88dc70ce9a66a613073,SUCCESS,3.2421642999979667,
log_83d7f00b7e8f4c5b,sec_edgar_filings,US_ISHARES_SHY,https://www.sec.gov/Archives/edgar/data/1100663/000119312526338183/d89689d497.htm,2026-09-26 14:24:14.091427,200.0,d9bd8e1943854d56e26635ebcb86f5f05085ddd325e97bb9e1b8e352992b3d44,SUCCESS,1.97535200000857,
log_ae62a89731154263,sec_edgar_filings,US_ISHARES_SHY,https://www.sec.gov/Archives/edgar/data/1100663/000119312526338154/d83054d497.htm,2026-09-26 14:24:16.591804,200.0,5d8a2e8962feaefe5267f62857f5ffac52d1b06834515413e0aedcdafb44266f,SUCCESS,2.455243000003975,
log_a4f2ab6247954211,sec_edgar_filings,US_ISHARES_SHY,https://www.sec.gov/Archives/edgar/data/1100663/000119312526330968/d55058d497.htm,2026-09-26 14:24:19.092230,200.0,1453a922fcb3e15b8a1571f2e31e8acb6ba9244e25b4e93ba41d830f527cf60a,SUCCESS,2.6554596000059973,
log_6c3df4775f894e2b,sec_edgar_filings,US_ISHARES_SHY,https://www.sec.gov/Archives/edgar/data/1100663/000119312526398125/d181895d497.htm,2026-09-26 14:24:21.592636,200.0,f90830fac01431c0cce67505b4647302913ccecebcd4897a5474b036a096be1a,SUCCESS,2.5696559000061825,
log_61ba232a8a86473c,sec_edgar_filings,US_ISHARES_SHY,https://www.sec.gov/Archives/edgar/data/1100663/000119312526395798/d165827d497.htm,2026-09-26 14:24:24.092748,200.0,0c3cfe67e6af77e64d9e6d04065c6d22ad980a74e3015a41c0ecd33d9dc6da89,SUCCESS,2.3581410000042524,
log_d80d97f91f1c4c3f,sec_edgar_filings,US_ISHARES_SHY,https://www.sec.gov/Archives/edgar/data/1100663/000119312526389306/d135258d497.htm,2026-09-26 14:24:26.593138,200.0,68df629271f45e35a78889b2d64132946935c6f0fb8a92dc302f4349ac48c807,SUCCESS,2.3752894999925047,
log_fa1e3535e3474618,sec_edgar_filings,US_ISHARES_SHY,https://www.sec.gov/Archives/edgar/data/1100663/000119312526383660/d118308d497.htm,2026-09-26 14:24:29.093992,200.0,5218173e9800d7c826c95a828c16d2380143629ee41bd16d8827bad9e5ef1502,SUCCESS,2.5399307000043336,
log_7e9e2b8abf95400f,sec_edgar_filings,US_ISHARES_SHY,https://www.sec.gov/Archives/edgar/data/1100663/000119312526380260/d535954d497.htm,2026-09-26 14:24:31.594520,200.0,b2116b75eacee79bb4c3395bb99c62ba989cea3ff221ac6348d97bfac4130311,SUCCESS,2.424239399988437,
log_b2713917ca9f4236,sec_edgar_filings,US_ISHARES_SHY,https://www.sec.gov/Archives/edgar/data/1100663/000119312526377124/d133702d497.htm,2026-09-26 14:24:34.095895,200.0,0a95c885d359ec7d9ebfe6b55935c1450be2f223c69a0edaa7022469da13cce9,SUCCESS,2.470943799999077,
log_eafd134f1cda4fbf,sec_edgar_submissions_api,US_ISHARES_IEF,https://data.sec.gov/submissions/CIK0001100663.json,2026-09-26 14:24:40.310658,200.0,bb6aec42416c270a7fb00e6ea1740fc7c718e3847f412ae57f09dc867c5e1fc0,SUCCESS,3.158274799992796,
log_7e5fcf5f23d5407f,sec_edgar_submissions_api,US_ISHARES_IEF,https://data.sec.gov/submissions/CIK0001100663-submissions-002.json,2026-09-26 14:24:42.811225,200.0,ad220ef41a624867cdf87d37d40a407f1f177df021b340bd29797de6991a987d,SUCCESS,2.2255425000039395,
log_266ce1120c414fc2,official_fund_sponsor_page,US_ISHARES_IEF,https://www.ishares.com/us/products/239456/,2026-09-26 14:24:47.598836,403.0,,RETRIEVAL_FAILED,1.1160721999767702,HTTP 403: Forbidden
log_852d6c4fc2aa4035,sec_edgar_filings,US_ISHARES_IEF,https://www.sec.gov/Archives/edgar/data/1100663/000119312524245748/d843984d497.htm,2026-09-26 14:24:51.344227,200.0,73cd78c59440c22b4db721a87e2892f80d4c4f45a394ece6826d7125bf1fd801,SUCCESS,2.147766699985368,
log_8f6bb2d9868e43d9,sec_edgar_filings,US_ISHARES_IEF,https://www.sec.gov/Archives/edgar/data/1100663/000119312524242848/d866922d497.htm,2026-09-26 14:24:53.844361,200.0,1f5a90ec402fe09bb4b06e8f3a31c4621f53c31a38502ae46b196363a104a8b5,SUCCESS,2.311104099993827,
log_46b3cefc96c243a4,sec_edgar_filings,US_ISHARES_IEF,https://www.sec.gov/Archives/edgar/data/1100663/000119312524239640/d895738d497.htm,2026-09-26 14:24:56.344652,200.0,ea0d28b5f47a015457e4aded5c16e673c9ce9f5c9c8fd071c3541ec3d4ebd2fe,SUCCESS,2.6150657000252977,
log_b30b6daeba144fe0,sec_edgar_filings,US_ISHARES_IEF,https://www.sec.gov/Archives/edgar/data/1100663/000119312524238913/d894453d497.htm,2026-09-26 14:24:58.844861,200.0,58691ce5e5a1ebc3bedc51cc98d5cf7c67e6fd7e6d6a4bf1ddc14aec0332f2a0,SUCCESS,2.3202106000098865,
log_0044028421f44d23,sec_edgar_filings,US_ISHARES_IEF,https://www.sec.gov/Archives/edgar/data/1100663/000119312524238908/d894041d497.htm,2026-09-26 14:25:01.345718,200.0,5a971737e3d25608d6874bb6ff5ede8c0e0f392b86a86297d45b641472fc86cf,SUCCESS,2.7177499000099488,
log_249288a360e64b27,sec_edgar_filings,US_ISHARES_IEF,https://www.sec.gov/Archives/edgar/data/1100663/000119312524238902/d890449d497.htm,2026-09-26 14:25:03.846013,200.0,e8f91d733b89b0732f87820bb0ceb5ef936e75cb702bb1a26cd77603b9d2006e,SUCCESS,2.317893599974923,
log_7a397ca7c3174c60,sec_edgar_filings,US_ISHARES_IEF,https://www.sec.gov/Archives/edgar/data/1100663/000119312524238835/d860426d497.htm,2026-09-26 14:25:06.349895,200.0,3b8598f26180a24673c2565d9bc505ec40d04445a8a0dbf3b84ca346ef55d512,SUCCESS,2.7880889999796636,
log_f77e7b60b0884d1a,sec_edgar_filings,US_ISHARES_IEF,https://www.sec.gov/Archives/edgar/data/1100663/000119312524236754/d131931d497.htm,2026-09-26 14:25:08.850576,200.0,578972467512d796af102d2558b629a84edab1a26e1e8a20c02f308698da48e0,SUCCESS,2.6643366999924183,
log_03b94ee874fe41a5,sec_edgar_filings,US_ISHARES_IEF,https://www.sec.gov/Archives/edgar/data/1100663/000119312524233837/d788518d497.htm,2026-09-26 14:25:11.350982,200.0,deb9d0231aa987b37c95f7f01e5eeaaf234f61414fd81712237ca3d26070801d,SUCCESS,1.6080546000157483,
log_5b371b52a777451c,sec_edgar_filings,US_ISHARES_IEF,https://www.sec.gov/Archives/edgar/data/1100663/000119312524229262/d814275d497.htm,2026-09-26 14:25:13.851283,200.0,8d28d6076b70d64c34e1b22e274410cda81084450db5baaebcca312b985f86d5,SUCCESS,2.810332399996696,
log_dbed8f9abfae461b,sec_edgar_filings,US_ISHARES_IEF,https://www.sec.gov/Archives/edgar/data/1100663/000119312524267301/d875052d497.htm,2026-09-26 14:25:16.351913,200.0,994014a2e0c0c803bb01c525eeb5f5d10730c70dfd1dea3243be587b097bbe34,SUCCESS,2.4737203999829944,
log_33af3a978ad94b2a,sec_edgar_filings,US_ISHARES_IEF,https://www.sec.gov/Archives/edgar/data/1100663/000119312524261914/d911527d497.htm,2026-09-26 14:25:18.852431,200.0,cda2e2e9ec0d7871884db0a66c3f2253f75e092f5810545551f3359c99e7a94a,SUCCESS,1.794345499976771,
log_d4cdff35c2df4f17,sec_edgar_filings,US_ISHARES_IEF,https://www.sec.gov/Archives/edgar/data/1100663/000119312524287196/d848374d497.htm,2026-09-26 14:25:21.352592,200.0,2c5f89057381013b3ca8bb9e1d1f3c4d684651933a3aeec48a8f89cb33b45cfe,SUCCESS,1.7750464999990072,
log_a7b5ae1ae58c4b35,sec_edgar_filings,US_ISHARES_IEF,https://www.sec.gov/Archives/edgar/data/1100663/000119312524287179/d842136d497.htm,2026-09-26 14:25:23.853426,200.0,c84055937d160d9cce60f79b7ab9735d86377ff76c5e315b0fa05a342e0bfb64,SUCCESS,2.5443959000112955,
log_3420108ee2fc4456,sec_edgar_filings,US_ISHARES_IEF,https://www.sec.gov/Archives/edgar/data/1100663/000119312524286941/d916258d497.htm,2026-09-26 14:25:26.354129,200.0,9925703ee2adb913becaafb685335ea082fadad4bacf8975e90abf5a4bcbb54a,SUCCESS,2.3793407999910414,
log_d830177e88424883,sec_edgar_filings,US_ISHARES_IEF,https://www.sec.gov/Archives/edgar/data/1100663/000119312524286938/d915949d497.htm,2026-09-26 14:25:28.854715,200.0,58672fb3187fd7cd6a35cab35a21e65a2910a998d9784c569b2474972c9b723d,SUCCESS,2.4931274999980815,
log_1c9448d1ca274911,sec_edgar_filings,US_ISHARES_IEF,https://www.sec.gov/Archives/edgar/data/1100663/000119312524283370/d901579d497.htm,2026-09-26 14:25:31.355395,200.0,0e1b3775a196226c6b5ed01264e821a75e16949946f26cbad676252063283e77,SUCCESS,3.246090800006641,
log_18837cdf5d5d46af,sec_edgar_filings,US_ISHARES_IEF,https://www.sec.gov/Archives/edgar/data/1100663/000119312524283367/d869601d497.htm,2026-09-26 14:25:33.855756,200.0,d0ef04e6c4c83dd9668a89307f67f2404251b555e865099b25ba5ea662a4d3d7,SUCCESS,1.82168520000414,
log_a086ffac0a2d44f5,sec_edgar_filings,US_ISHARES_IEF,https://www.sec.gov/Archives/edgar/data/1100663/000119312524282143/d901522d497.htm,2026-09-26 14:25:36.355943,200.0,318477ac4529a7b02621ccb18838b87e5e38ffffcb2b29f0f8d7b2f468cbef26,SUCCESS,3.0642758999892976,
log_ed46c56fe8c54829,sec_edgar_filings,US_ISHARES_IEF,https://www.sec.gov/Archives/edgar/data/1100663/000119312524282139/d901516d497.htm,2026-09-26 14:25:38.856602,200.0,ca66868c7cba898da6922427eb27d81a405894a6eebfbb3474ff130df5cf999c,SUCCESS,1.6496741000155453,
log_a8249d3de1c94b96,sec_edgar_filings,US_ISHARES_IEF,https://www.sec.gov/Archives/edgar/data/1100663/000119312524281940/d826977d497.htm,2026-09-26 14:25:41.356820,200.0,800d5cf486e2fb95e45173b99dd4120efe0e90ad9a51b0fdcdd479bf8e32183a,SUCCESS,2.3364748999883886,
log_9f3b0f4510bb44cd,sec_edgar_filings,US_ISHARES_IEF,https://www.sec.gov/Archives/edgar/data/1100663/000119312524271487/d904601d497.htm,2026-09-26 14:25:43.857236,200.0,0ee77de6ba3db7adbc70affe8919d2663fdec24e83bcbd247571ae1518849360,SUCCESS,2.97665070000221,
log_83b43604aee447c5,sec_edgar_filings,US_ISHARES_IEF,https://www.sec.gov/Archives/edgar/data/1100663/000119312524271371/d876550d497.htm,2026-09-26 14:25:46.357950,200.0,f18fb9460288f770219675492a623770ad545701783d5a971c3fb6db8e3effa0,SUCCESS,1.8509716000116896,
log_cd273b2acec84bc6,sec_edgar_submissions_api,US_ISHARES_IEF,https://data.sec.gov/submissions/CIK0001100663-submissions-001.json,2026-09-26 14:25:47.435111,200.0,4b0840de53146277b9c65f543745bdc767e1b1fe714103072c3a78695ac3aa0e,SUCCESS,1.7305055999895558,
log_110a39944b21493f,sec_edgar_filings,US_ISHARES_IEF,https://www.sec.gov/Archives/edgar/data/1100663/000119312525011478/d925726d497.htm,2026-09-26 14:25:49.175415,200.0,f3664cc090ef0083395e6c1d676e0ec279501c929ef184749cbafa72846fd637,SUCCESS,1.3497664000024088,
log_6c5bf8fab6524007,sec_edgar_filings,US_ISHARES_IEF,https://www.sec.gov/Archives/edgar/data/1100663/000119312525008535/d136256d497.htm,2026-09-26 14:25:51.676116,200.0,1ff29213a01028ad45429b0b9d6b52dcaa727548883a2c547733afa0ba2750ff,SUCCESS,2.7624389000120573,
log_a4ed6cb5a47c4f6e,sec_edgar_filings,US_ISHARES_IEF,https://www.sec.gov/Archives/edgar/data/1100663/000119312525007202/d921290d497.htm,2026-09-26 14:25:54.176563,200.0,3028657a53eda3bf72c5a54a0004b6a982e4cd55ed9bebf07cdc07014eca799c,SUCCESS,2.1395843999926,
log_f41cea8cc7554ec2,sec_edgar_filings,US_ISHARES_IEF,https://www.sec.gov/Archives/edgar/data/1100663/000119312524287209/d886745d497.htm,2026-09-26 14:25:56.676840,200.0,f774954618d5741901ac4565eeb2a7a11825afca65900f54e59493db7e251d4c,SUCCESS,2.1559097999997903,
log_c26104be5c734e0d,sec_edgar_filings,US_ISHARES_IEF,https://www.sec.gov/Archives/edgar/data/1100663/000119312525042406/d905405d497.htm,2026-09-26 14:25:59.177546,200.0,a40b5b7c77c7bed584c0e3c41a61ce151a3e8c4a3e85184c073c04abf40060a0,SUCCESS,2.430629000009503,
log_6ccc1efa20b54339,sec_edgar_filings,US_ISHARES_IEF,https://www.sec.gov/Archives/edgar/data/1100663/000119312525030937/d895008d497.htm,2026-09-26 14:26:01.678134,200.0,cce4b67c1cca8afb08f9639d26ba1de588a8546f33ec461622e02bbed74af122,SUCCESS,2.4096721000096295,
log_197412ca81854caf,sec_edgar_filings,US_ISHARES_IEF,https://www.sec.gov/Archives/edgar/data/1100663/000119312525029722/d925698d497.htm,2026-09-26 14:26:04.178393,200.0,03ebc8cf5cc2b9853c8e5193e6b68c1b2b71b726ce03ae486da082457a9bbf0c,SUCCESS,2.6439293999865185,
log_fbdd1aa8514a4953,sec_edgar_filings,US_ISHARES_IEF,https://www.sec.gov/Archives/edgar/data/1100663/000119312525029678/d932649d497.htm,2026-09-26 14:26:06.679164,200.0,5f69625987e6b328c3167c7c0fac7b80890ab63ba5f57d870fd46a0204661c54,SUCCESS,2.387950099975569,
log_a1809c13e3a5483a,sec_edgar_filings,US_ISHARES_IEF,https://www.sec.gov/Archives/edgar/data/1100663/000119312525028799/d892616d497.htm,2026-09-26 14:26:09.179337,200.0,02cc3d884d85c2d9ef427144b4c983ba4769bf5d459cf6aa56d1020f8f6f0c5f,SUCCESS,2.5097511999774724,
log_2ebee477aebd4bd6,sec_edgar_filings,US_ISHARES_IEF,https://www.sec.gov/Archives/edgar/data/1100663/000119312525021017/d906687d497.htm,2026-09-26 14:26:11.679969,200.0,56a66b99815118f99a046fb15a38a9d3862dc2c2d9fa9b6541c8c024e3710029,SUCCESS,4.032914000010351,
log_dbd812aefd074692,sec_edgar_filings,US_ISHARES_IEF,https://www.sec.gov/Archives/edgar/data/1100663/000119312525062530/d905260d497.htm,2026-09-26 14:26:14.277348,200.0,d53dcc1164a6cbd06effdf058a8eeb0bd607fbd470e80c2f9a88a64871f13e8a,SUCCESS,1.0298907999822404,
log_2b4f02a1e86e45a3,sec_edgar_filings,US_ISHARES_IEF,https://www.sec.gov/Archives/edgar/data/1100663/000119312525061395/d905254d497.htm,2026-09-26 14:26:16.778160,200.0,01b4962adcb1e3c59fe864aabac99adca02b1515d2b2acea9c2b2c9c8692bdce,SUCCESS,2.842313299974194,
log_37b5a664a39a4be4,sec_edgar_filings,US_ISHARES_IEF,https://www.sec.gov/Archives/edgar/data/1100663/000119312525060393/d927851d497.htm,2026-09-26 14:26:19.278607,200.0,0c2fc85960f736c95a96e3055b59fabb1f1d8e3c2cc62a540c567c882e63c872,SUCCESS,2.2303480000118725,
log_08e2efcf36b94d6f,sec_edgar_filings,US_ISHARES_IEF,https://www.sec.gov/Archives/edgar/data/1100663/000119312525057907/d735691d497.htm,2026-09-26 14:26:21.778757,200.0,9de8e5b1a19a3cb51d50d0e2a5ed98306a03cbc40358ec14c3f07a4e6c6b4075,SUCCESS,2.464780099980999,
log_563b53935735410c,sec_edgar_filings,US_ISHARES_IEF,https://www.sec.gov/Archives/edgar/data/1100663/000119312525083044/d766022d497.htm,2026-09-26 14:26:24.279225,200.0,1811c75c01a16c8e6dfdde84fdc20a7250d5630af06c4683c08c2b8f2bc76435,SUCCESS,2.1164959000016097,
log_9e44cece6c184950,sec_edgar_filings,US_ISHARES_IEF,https://www.sec.gov/Archives/edgar/data/1100663/000119312525080178/d883981d497.htm,2026-09-26 14:26:26.779442,200.0,bd61602ea1a25b0c6aff2ed976674be824a5f6de3990710e4476c1c577638b7a,SUCCESS,2.0829760000051465,
log_d11b913b69e3495d,sec_edgar_filings,US_ISHARES_IEF,https://www.sec.gov/Archives/edgar/data/1100663/000119312525080167/d945860d497.htm,2026-09-26 14:26:29.279853,200.0,57743c011c824292d57e2b132a6d929f2ba050e2b381438049ed3ea487c87f0b,SUCCESS,3.3189430000202265,
log_aece07dadab44c30,sec_edgar_filings,US_ISHARES_IEF,https://www.sec.gov/Archives/edgar/data/1100663/000119312525073419/d941411d497.htm,2026-09-26 14:26:31.780126,200.0,f38944bd289fef91d0e3f29f4733b2d9b075b27d3038656379ac3f314451af66,SUCCESS,2.3917251999955624,
log_c268d9a07a634c4d,sec_edgar_filings,US_ISHARES_IEF,https://www.sec.gov/Archives/edgar/data/1100663/000119312525073416/d940735d497.htm,2026-09-26 14:26:34.280598,200.0,44fa50fecf601612aa223e1c6278fc06779ef1ceb060246ad51942e4b49729ef,SUCCESS,2.360899499995867,
log_b5e35a9cf9bd4f74,sec_edgar_filings,US_ISHARES_IEF,https://www.sec.gov/Archives/edgar/data/1100663/000119312525072394/d896448d497.htm,2026-09-26 14:26:36.780777,200.0,cd66eb18ab2124907da3cb9929d864a1dfc1211d43ed39ec8d640ca5b45e656b,SUCCESS,2.614547799981665,
log_ae1e3dd4aa3e4b84,sec_edgar_filings,US_ISHARES_IEF,https://www.sec.gov/Archives/edgar/data/1100663/000119312525069353/d735233d497.htm,2026-09-26 14:26:39.281345,200.0,bd631bfadae77be216c92b72654dfd4504e6e2a746c481c9023e2837da1fc9a1,SUCCESS,2.509802899992792,
log_38d4b6f57e6f4e5e,sec_edgar_filings,US_ISHARES_IEF,https://www.sec.gov/Archives/edgar/data/1100663/000119312525068983/d917197d497.htm,2026-09-26 14:26:41.781937,200.0,4681f150652580c721432b2c6bc1aba6a2b73381b164b559e6768b376076469a,SUCCESS,2.434891199984122,
log_df9759c7e4c9432b,sec_edgar_filings,US_ISHARES_IEF,https://www.sec.gov/Archives/edgar/data/1100663/000119312525130716/d892250d497.htm,2026-09-26 14:26:44.282328,200.0,07097d37d41b28b001e461b999b8e03d0acf90aa0b97c6d92e39b5387157079c,SUCCESS,2.699474699998973,
log_87808a446bc24613,sec_edgar_filings,US_ISHARES_IEF,https://www.sec.gov/Archives/edgar/data/1100663/000119312525121682/d15263d497.htm,2026-09-26 14:26:46.782731,200.0,5293c75e44da6168a77d4016250a479abfa0047f1baf52210cb46fa79dd15a10,SUCCESS,1.8515564999834169,
log_a7240752fcf04dc5,sec_edgar_filings,US_ISHARES_IEF,https://www.sec.gov/Archives/edgar/data/1100663/000119312525152756/d20784d497.htm,2026-09-26 14:26:49.283138,200.0,a0f7d16dba80cd489ec03d4ba26e79aac85fbe741494e7bb442064056aa3f986,SUCCESS,2.8314168000069913,
log_bf2c9fad1d924520,sec_edgar_filings,US_ISHARES_IEF,https://www.sec.gov/Archives/edgar/data/1100663/000119312525152664/d892910d497.htm,2026-09-26 14:26:51.791597,200.0,97e2ee0c713fcb5de4514cbdc2e4bb7c23da21e109d95ab31a9df7878b25c2c9,SUCCESS,2.9287450999836437,
log_f4a8be7fd03142e8,sec_edgar_filings,US_ISHARES_IEF,https://www.sec.gov/Archives/edgar/data/1100663/000119312525152656/d62694d497.htm,2026-09-26 14:26:54.292152,200.0,dd9998f610aa00a9f785a7ad8373d9261cb8a4ce31cc451303a5c00d2430f900,SUCCESS,1.7239414000068791,
log_040192d8ac494df6,sec_edgar_filings,US_ISHARES_IEF,https://www.sec.gov/Archives/edgar/data/1100663/000119312525151483/d858154d497.htm,2026-09-26 14:26:56.792625,200.0,800c8beabe6173b381bd2ad13c7e7f26ba6ffe3bce326f1551ac5b4f78f1ae9d,SUCCESS,2.4490978000103496,
log_57dba68e74bb4c04,sec_edgar_filings,US_ISHARES_IEF,https://www.sec.gov/Archives/edgar/data/1100663/000119312525151481/d937804d497.htm,2026-09-26 14:26:59.292931,200.0,195666b0e83bd51ac0216adecf97dfeb363f47ffd8ff0e906bd8a698c26bd2dd,SUCCESS,2.553343700012192,
log_b084ec972e9e4a4d,sec_edgar_filings,US_ISHARES_IEF,https://www.sec.gov/Archives/edgar/data/1100663/000119312525151480/d926596d497.htm,2026-09-26 14:27:01.794304,200.0,6ea7212d37d29bfd65daa13de43da08de17d24d6903c214bc9131f83f36dbff1,SUCCESS,2.442987799993716,
log_27a1322bad4c4c7a,sec_edgar_filings,US_ISHARES_IEF,https://www.sec.gov/Archives/edgar/data/1100663/000119312525151477/d933980d497.htm,2026-09-26 14:27:04.294545,200.0,c74ad6fda7f693fcbe610943818f3322a26b4ed9c0c869d964591bba02bdedcf,SUCCESS,2.6774890999950003,
log_ca7481023d1548a1,sec_edgar_filings,US_ISHARES_IEF,https://www.sec.gov/Archives/edgar/data/1100663/000119312525151475/d935891d497.htm,2026-09-26 14:27:06.795254,200.0,da59631fa4508681409796536742272a66bd26b791668d067a57311090715cbf,SUCCESS,2.3428572999837343,
log_06518b498273458f,sec_edgar_filings,US_ISHARES_IEF,https://www.sec.gov/Archives/edgar/data/1100663/000119312525151413/d80969d497.htm,2026-09-26 14:27:09.295725,200.0,6102ca7a81826d94c443591375f16c32e26d26670fc6e60fc7246b25f072689a,SUCCESS,3.352088699990418,
log_7658dc359b754431,sec_edgar_filings,US_ISHARES_IEF,https://www.sec.gov/Archives/edgar/data/1100663/000119312525149660/d858192d497.htm,2026-09-26 14:27:11.796430,200.0,9f7afa070a3212af18e457a0c6d61420a835a25bb174ea6ee92718fef8a73baf,SUCCESS,1.4722336999839172,
log_cf8b557aa81a43eb,sec_edgar_filings,US_ISHARES_IEF,https://www.sec.gov/Archives/edgar/data/1100663/000119312525149296/d833515d497.htm,2026-09-26 14:27:14.296616,200.0,2b206ff3b8e5036039bde3ece4dcaddc210a3ddd15cfe20e1d4343277e303650,SUCCESS,2.7575979999965057,
log_404b2507514d4683,sec_edgar_filings,US_ISHARES_IEF,https://www.sec.gov/Archives/edgar/data/1100663/000119312525144688/d910466d497.htm,2026-09-26 14:27:16.797189,200.0,3351a3d69c49a2e9cf07f93969c88618483a4ea2c80f07a230e90a57fb46c66f,SUCCESS,2.381708900007652,
log_8893a91c76694c51,sec_edgar_filings,US_ISHARES_IEF,https://www.sec.gov/Archives/edgar/data/1100663/000119312525144683/d923637d497.htm,2026-09-26 14:27:19.297529,200.0,b6594468bd3fda66ec0d2191496c71c17466739dcb62bc71de7ebaf4fd89f71d,SUCCESS,2.1424566000059713,
log_240b3bedd5df4e17,sec_edgar_filings,US_ISHARES_IEF,https://www.sec.gov/Archives/edgar/data/1100663/000119312525143780/d945286d497.htm,2026-09-26 14:27:21.798072,200.0,b8b1b011297fa3486bca11c99dc447d387100b5b691454f43c4f894731745b12,SUCCESS,2.5115660000010394,
log_9573b33b2851404d,sec_edgar_filings,US_ISHARES_IEF,https://www.sec.gov/Archives/edgar/data/1100663/000119312525140815/d92035d497.htm,2026-09-26 14:27:24.298600,200.0,344eabd3caf3b12a3bca39e08c7c2bfaa4ad3512bce029cf65eac850d3fca7be,SUCCESS,2.49429540001438,
log_a8bed04c74a149e8,sec_edgar_filings,US_ISHARES_IEF,https://www.sec.gov/Archives/edgar/data/1100663/000119312525132329/d925393d497.htm,2026-09-26 14:27:26.798987,200.0,0c3214405434124e69c1edb277d1dda32e17fb42945053f19de08c499bd6962a,SUCCESS,2.5156544000201393,
log_a2c91c00d9fa4af9,sec_edgar_filings,US_ISHARES_IEF,https://www.sec.gov/Archives/edgar/data/1100663/000119312525132328/d944327d497.htm,2026-09-26 14:27:29.299475,200.0,5a6b2e8df13cdfbe74a52ccc50f7c244a911c4f44716de5206e107f6058653d5,SUCCESS,2.4286735999921802,
log_6077dfa99d3a43d3,sec_edgar_filings,US_ISHARES_IEF,https://www.sec.gov/Archives/edgar/data/1100663/000119312525166407/d80334d497.htm,2026-09-26 14:27:31.800119,200.0,5976ca2bccd9cb3ba9ea478782537a52ee1716cfd78078aa6265345769615ff4,SUCCESS,2.345589000004111,
log_015eb3e539ae4ce0,sec_edgar_filings,US_ISHARES_IEF,https://www.sec.gov/Archives/edgar/data/1100663/000119312525166411/d16437d497.htm,2026-09-26 14:27:34.300780,200.0,18b745b6a77097bdbe7dd40937ad6c1f2283ff0da4a6a4cd3712ed4efc690074,SUCCESS,2.5039667000237387,
log_b854e36836574081,sec_edgar_filings,US_ISHARES_IEF,https://www.sec.gov/Archives/edgar/data/1100663/000119312525164409/d45758d497.htm,2026-09-26 14:27:36.801087,200.0,32ec927d59fabaae7067046a32ae851a11f13a81c7b21d8984b618c0367653fc,SUCCESS,2.4440617999935057,
log_67ca1d53a39b450c,sec_edgar_filings,US_ISHARES_IEF,https://www.sec.gov/Archives/edgar/data/1100663/000119312525162592/d940331d497.htm,2026-09-26 14:27:39.301359,200.0,fcf8f9a72c67062f989b98521403754a87a82d794fe22eafea09ceda5297284f,SUCCESS,2.6435191999771632,
log_331600733e564832,sec_edgar_filings,US_ISHARES_IEF,https://www.sec.gov/Archives/edgar/data/1100663/000119312525162588/d936063d497.htm,2026-09-26 14:27:41.801836,200.0,8aaf5dd09282553b931c85ced5cb7a9cb3a563adab734542dc17a0b4e5e449c9,SUCCESS,2.39530800000648,
log_214d4b420cd64782,sec_edgar_filings,US_ISHARES_IEF,https://www.sec.gov/Archives/edgar/data/1100663/000119312525160527/d100349d497.htm,2026-09-26 14:27:44.301993,200.0,5b9fc2fe52399e6e0802341de8b83c6254a0b52a42a9bdbf3d5ae9d9dd13074a,SUCCESS,2.5988778000173625,
log_c328a4e722ce444f,sec_edgar_filings,US_ISHARES_IEF,https://www.sec.gov/Archives/edgar/data/1100663/000119312525158223/d938286d497.htm,2026-09-26 14:27:46.804246,200.0,36f45b7e9bce75647c3ab6c4430f93ee147ec51161a6e776526b1781c52b21d5,SUCCESS,2.789846400002716,
log_87645cf81dbd4e22,sec_edgar_filings,US_ISHARES_IEF,https://www.sec.gov/Archives/edgar/data/1100663/000119312525153117/d12766d497.htm,2026-09-26 14:27:49.305225,200.0,d901b7aa571666382f34663604e27babbd701f9abfef16520dcf6d610c33a1a7,SUCCESS,2.06646610001917,
log_80b977d37fc74202,sec_edgar_filings,US_ISHARES_IEF,https://www.sec.gov/Archives/edgar/data/1100663/000119312525152941/d59861d497.htm,2026-09-26 14:27:51.805451,200.0,b5bad58aae955eb2685b7cefb977e0530f025607ad57268c2deeb5d9a670a17b,SUCCESS,2.421902300004149,
log_5a0fb9f0d37c4dbc,sec_edgar_filings,US_ISHARES_IEF,https://www.sec.gov/Archives/edgar/data/1100663/000119312525192573/d81584d497.htm,2026-09-26 14:27:54.305656,200.0,aba18f15b38413c0fe4ebe678c157cd3dbf77704081446bdebec37d32a971350,SUCCESS,3.2131957999954466,
log_3d45d4a7b1bb4c5d,sec_edgar_filings,US_ISHARES_IEF,https://www.sec.gov/Archives/edgar/data/1100663/000119312525185435/d797607d497.htm,2026-09-26 14:27:56.805892,200.0,89f2e1a17120261d47d14c73bb53989ff12eebdb73a0f1048a442bfd81e36231,SUCCESS,1.9018680000153836,
log_42fe2a6a00d249cc,sec_edgar_filings,US_ISHARES_IEF,https://www.sec.gov/Archives/edgar/data/1100663/000119312525185274/d946888d497.htm,2026-09-26 14:27:59.306345,200.0,9f9ccbe56f8673cb4e0b5881038ca6e8b817f816b0447acff0f2620b4fb69767,SUCCESS,2.5507133999781217,
log_ece7d8b3b8544136,sec_edgar_filings,US_ISHARES_IEF,https://www.sec.gov/Archives/edgar/data/1100663/000119312525181867/d32380d497.htm,2026-09-26 14:28:01.807155,200.0,0d914b3094a3b114902160e3a8106f0efd06256e370e959ca30f3d7ee0b21752,SUCCESS,2.441777000000002,
log_ea4ce92c5f9b4fb8,sec_edgar_filings,US_ISHARES_IEF,https://www.sec.gov/Archives/edgar/data/1100663/000119312525178119/d945380d497.htm,2026-09-26 14:28:04.307514,200.0,666bc471b3e9b7a40976f1d298e5f516eea91fb1e94b82dfb38d492d1e64be4d,SUCCESS,2.4290070999995805,
log_abd888767d42444a,sec_edgar_filings,US_ISHARES_IEF,https://www.sec.gov/Archives/edgar/data/1100663/000119312525176991/d68767d497.htm,2026-09-26 14:28:06.808085,200.0,4f59848c0f238e853d2904736316d15848706000baa0d7d5612382769706bd7c,SUCCESS,2.6256818000110798,
log_32508de08aab4afb,sec_edgar_filings,US_ISHARES_IEF,https://www.sec.gov/Archives/edgar/data/1100663/000119312525171727/d35987d497.htm,2026-09-26 14:28:09.308643,200.0,1a4bbfd46cb9059f052dbb47e10a440a1b0c8091f4d8cc1b83a471c34888d7d2,SUCCESS,3.2166949000093155,
log_15c6569a502d448d,sec_edgar_filings,US_ISHARES_IEF,https://www.sec.gov/Archives/edgar/data/1100663/000119312525171725/d946231d497.htm,2026-09-26 14:28:11.809139,200.0,cda92a5b1a1cfd8eb6925718811d5d52405ba30246ea0c60026cef3552c14aae,SUCCESS,1.658055100007914,
log_d6ad606facc7451b,sec_edgar_filings,US_ISHARES_IEF,https://www.sec.gov/Archives/edgar/data/1100663/000119312525171382/d91144d497.htm,2026-09-26 14:28:14.309495,200.0,da540bc116c7bfbf3e795771eb0b2089dcb58711dcb108968bb822a0416d2c01,SUCCESS,2.7175106999929994,
log_cee72ebf54bc4c0e,sec_edgar_filings,US_ISHARES_IEF,https://www.sec.gov/Archives/edgar/data/1100663/000119312525171077/d12817d497.htm,2026-09-26 14:28:16.809664,200.0,aeb3943d726dee222a163f7d5edee46cd246849471737bc9b0d55d982e1361db,SUCCESS,2.3080569000157993,
log_18d0af2766044c6d,sec_edgar_filings,US_ISHARES_IEF,https://www.sec.gov/Archives/edgar/data/1100663/000119312525170646/d72295d497.htm,2026-09-26 14:28:19.309781,200.0,05add7aa9e4678e3b23c5ac6fdfb1d2ccbfc7652c5fe637702e61ef49610f4bc,SUCCESS,2.6816835000063293,
log_1339d3a124cc41ec,sec_edgar_filings,US_ISHARES_IEF,https://www.sec.gov/Archives/edgar/data/1100663/000119312525220684/d14216d497.htm,2026-09-26 14:28:21.810413,200.0,dd39f981b8d1bf7e93226c4c0c8ca7a7d8e11abeedf32daaa2c8f5bdd84d7283,SUCCESS,2.022411000012653,
log_d2c623741d7d42aa,sec_edgar_filings,US_ISHARES_IEF,https://www.sec.gov/Archives/edgar/data/1100663/000119312525220667/d74315d497.htm,2026-09-26 14:28:24.311042,200.0,7163e9ded3e0f70f000e219c9b1026484accdbc7cb7e680f2e372b5d965dd612,SUCCESS,2.4994825999892782,
log_119dc72671b94f3e,sec_edgar_filings,US_ISHARES_IEF,https://www.sec.gov/Archives/edgar/data/1100663/000119312525220646/d922321d497.htm,2026-09-26 14:28:26.811412,200.0,5253c549329b0a54a81a8eb5c632c99bfe740f6ac9f855fbbfa40f7817c1bb50,SUCCESS,2.5703362000058405,
log_fd7054555d7f48ac,sec_edgar_filings,US_ISHARES_IEF,https://www.sec.gov/Archives/edgar/data/1100663/000119312525213586/d76986d497.htm,2026-09-26 14:28:29.311566,200.0,588606b57f9afd851d14cc848989ed3d0ace8f6878ec6d72bf36f15cceb8d75d,SUCCESS,2.728431099996669,
log_074be217a5de4042,sec_edgar_filings,US_ISHARES_IEF,https://www.sec.gov/Archives/edgar/data/1100663/000119312525213416/d12724d497.htm,2026-09-26 14:28:31.811714,200.0,72f2199f76abaf86856631907d6823ebd91a780f1820f87e791975313ff4d5a1,SUCCESS,3.2587782999908086,
log_5fce41d797fd4eb9,sec_edgar_filings,US_ISHARES_IEF,https://www.sec.gov/Archives/edgar/data/1100663/000119312525202143/d85575d497.htm,2026-09-26 14:28:34.312034,200.0,9d26d441ed06fde53b948a57cd213370c2a5f564bbfd78de3502b7c6925dcf7a,SUCCESS,1.3420914000016637,
log_850ae75d5c0244a7,sec_edgar_filings,US_ISHARES_IEF,https://www.sec.gov/Archives/edgar/data/1100663/000119312525194258/d45302d497.htm,2026-09-26 14:28:36.812269,200.0,c7c946da7c4f7d94b20cb3c7107299f7828d5b953c9f24c850a4fa24a6467a4c,SUCCESS,2.4526529000140727,
log_1964aead0ec54e29,sec_edgar_filings,US_ISHARES_IEF,https://www.sec.gov/Archives/edgar/data/1100663/000119312525193994/d36297d497.htm,2026-09-26 14:28:39.312766,200.0,b853b800d62eb943bc95a96a31fdf69627ff4ef7da8b62b41b8d4733d3cc6272,SUCCESS,2.712954799993895,
log_7acc8ec39c08480b,sec_edgar_filings,US_ISHARES_IEF,https://www.sec.gov/Archives/edgar/data/1100663/000119312525258900/d850740d497.htm,2026-09-26 14:28:41.813148,200.0,32f501b96f6b8a7322800867cb758f9421767ad82ece941937821b4ecc8274f9,SUCCESS,2.0861110999831,
log_8ffcf02ba17a44e9,sec_edgar_filings,US_ISHARES_IEF,https://www.sec.gov/Archives/edgar/data/1100663/000119312525258622/d853081d497.htm,2026-09-26 14:28:44.313631,200.0,4d4be3c4ea087ea29229ced99d7b2978587e5cfc455dc8f94fe58643a9caf7ba,SUCCESS,2.5916928999940865,
log_b99e1460a75f4f06,sec_edgar_filings,US_ISHARES_IEF,https://www.sec.gov/Archives/edgar/data/1100663/000119312525245584/d47996d497.htm,2026-09-26 14:28:46.814137,200.0,8963fad299cba9c92ab74fbd0b0a3701942f048949d54ad07e5c323f66ae6316,SUCCESS,2.4532207000011113,
log_2feeadac65374f4a,sec_edgar_filings,US_ISHARES_IEF,https://www.sec.gov/Archives/edgar/data/1100663/000119312525245533/d53643d497.htm,2026-09-26 14:28:49.314263,200.0,fa278f57fde07d67459e17cc5864b008da5199aa69b9762dd534334b2a37b32d,SUCCESS,2.5011611000227276,
log_061229cbaed74869,sec_edgar_filings,US_ISHARES_IEF,https://www.sec.gov/Archives/edgar/data/1100663/000119312525243500/d847683d497.htm,2026-09-26 14:28:51.814661,200.0,7f6cb699be8e40bee78944c7bd041bfb26c63cd90f924532fb6f5a8d7651cf69,SUCCESS,2.587585399975069,
log_626ba195604d4504,sec_edgar_filings,US_ISHARES_IEF,https://www.sec.gov/Archives/edgar/data/1100663/000119312525241455/d21541d497.htm,2026-09-26 14:28:54.315145,200.0,1df50d0b3c4ff13b8f77edfd93e5d1d63a6c218d97c0bd5a0986e82787b264b1,SUCCESS,2.397608500003116,
log_8216dd7ae1fd422f,sec_edgar_filings,US_ISHARES_IEF,https://www.sec.gov/Archives/edgar/data/1100663/000119312525241445/d17098d497.htm,2026-09-26 14:28:56.815308,200.0,d1d6dc8e525632673411aba7a1a39c4a3f7c3a887167b46c22ee1b029975831a,SUCCESS,2.521779799979413,
log_0f08c7a4101740e1,sec_edgar_filings,US_ISHARES_IEF,https://www.sec.gov/Archives/edgar/data/1100663/000119312525240445/d13496d497.htm,2026-09-26 14:28:59.315747,200.0,7c9b915ca21c70a7469c2388530b511343b7b813f1057b9f639120b5be24f1fc,SUCCESS,2.9456027999985963,
log_8f6d8a998371426d,sec_edgar_filings,US_ISHARES_IEF,https://www.sec.gov/Archives/edgar/data/1100663/000119312525240193/d46937d497.htm,2026-09-26 14:29:01.816291,200.0,083af31cf339ba43b7ff354c9c4f18ec77318dd812e83c9f61ff0702198b340a,SUCCESS,2.095615500002168,
log_9b55ea6438504cf9,sec_edgar_filings,US_ISHARES_IEF,https://www.sec.gov/Archives/edgar/data/1100663/000119312525237066/d838386d497.htm,2026-09-26 14:29:04.316582,200.0,aab6a39bd1af51aa3f72858dabcbce792bcb8384e45787c182da56ec75c1359a,SUCCESS,2.4913581000000704,
log_2bef63be4108494d,sec_edgar_filings,US_ISHARES_IEF,https://www.sec.gov/Archives/edgar/data/1100663/000119312525233824/d14518d497.htm,2026-09-26 14:29:06.816842,200.0,fe9b0227a29f114c16819e84ca4eff0745cc92822823d24ca797cc4fc9229233,SUCCESS,2.448881499993149,
log_8e73cb88e61d4df8,sec_edgar_filings,US_ISHARES_IEF,https://www.sec.gov/Archives/edgar/data/1100663/000119312525230367/d863213d497.htm,2026-09-26 14:29:09.317281,200.0,8faccea853cc4ef5aef1acc9032222749fccb4d53dd7d2530414585580ed4328,SUCCESS,2.51031910002348,
log_4d2705b55ed54c08,sec_edgar_filings,US_ISHARES_IEF,https://www.sec.gov/Archives/edgar/data/1100663/000119312525226832/d140482d497.htm,2026-09-26 14:29:11.817376,200.0,86b1dc2d05ebcfd117767c2158e886c96e2cb5045834940bf25c71c32f35c5d0,SUCCESS,2.484202199993888,
log_9b14fe71d6964251,sec_edgar_filings,US_ISHARES_IEF,https://www.sec.gov/Archives/edgar/data/1100663/000119312525225574/d77896d497.htm,2026-09-26 14:29:14.317920,200.0,9e5da6c2f2e15011702321b35531eb6e230385886c1acce719b3b378fe015b55,SUCCESS,2.825522200000705,
log_3805c4f3f6794cfd,sec_edgar_filings,US_ISHARES_IEF,https://www.sec.gov/Archives/edgar/data/1100663/000119312525297711/d938912d497.htm,2026-09-26 14:29:16.818267,200.0,014a10b21d4a8687ed6eb12c37ccb0f372f94b7dbab55639b8d9b09411dcf6b4,SUCCESS,2.1787276999966707,
log_7fa1fe0bd5a84d69,sec_edgar_filings,US_ISHARES_IEF,https://www.sec.gov/Archives/edgar/data/1100663/000119312525291668/d87125d497.htm,2026-09-26 14:29:19.318903,200.0,6146fc79bb79b050e0ed9ed08acdb5ff7bca5b8b3acab77ca56fbaf32207a9e4,SUCCESS,2.4961092000012286,
log_0cbdfc7868964ed5,sec_edgar_filings,US_ISHARES_IEF,https://www.sec.gov/Archives/edgar/data/1100663/000119312525287109/d82955d497.htm,2026-09-26 14:29:21.819162,200.0,8ce91b3b112647d42edce41a7d15bc0229ac0bb21bcc7a3cf2ef934c1f7ba959,SUCCESS,1.8739894999889657,
log_5aa964755cdb49a4,sec_edgar_filings,US_ISHARES_IEF,https://www.sec.gov/Archives/edgar/data/1100663/000119312525283231/d67648d497.htm,2026-09-26 14:29:24.319526,200.0,d15976a5418d3b283973221ac1a5190850f4896912b73f695ef16e4a23d1d481,SUCCESS,3.325317400012864,
log_4b99a5bf1b794d20,sec_edgar_filings,US_ISHARES_IEF,https://www.sec.gov/Archives/edgar/data/1100663/000119312525331050/d922635d497.htm,2026-09-26 14:29:26.819898,200.0,ddcd7dfc2f263e62cc4fb38373ceafe9f7ce480ed2924b0b54df62998780015c,SUCCESS,1.8001442999811843,
log_a6bf7686c6bd491d,sec_edgar_filings,US_ISHARES_IEF,https://www.sec.gov/Archives/edgar/data/1100663/000119312525328765/d86147d497.htm,2026-09-26 14:29:29.320053,200.0,1a5d89bafba00026b2d4c2846bfe463eb02310698afecdb7dc3eb5cff4a8c13d,SUCCESS,2.5600397999805864,
log_6eb890a7f5f24ffa,sec_edgar_filings,US_ISHARES_IEF,https://www.sec.gov/Archives/edgar/data/1100663/000119312525324952/d938265d497.htm,2026-09-26 14:29:31.820442,200.0,1db040fee1d07b3c6a8a5580cacdf2a2b59546a2e6204315a58de6939c48c652,SUCCESS,2.410971800010884,
log_eb0d7aaea1e847af,sec_edgar_filings,US_ISHARES_IEF,https://www.sec.gov/Archives/edgar/data/1100663/000119312525316017/d58282d497.htm,2026-09-26 14:29:34.320679,200.0,43b1d307691b158f0a8e8d83e8bcf68b2c72f37cb3b64b19155f2fc03b29a285,SUCCESS,2.7675567000114825,
log_b504ca284637418f,sec_edgar_filings,US_ISHARES_IEF,https://www.sec.gov/Archives/edgar/data/1100663/000119312525309780/d79527d497.htm,2026-09-26 14:29:36.821062,200.0,0b5b3712b8575efa22704d689646817d34ad633e1750ea64c7c550e08f0f0723,SUCCESS,2.196725999994669,
log_6384c9b617954b09,sec_edgar_filings,US_ISHARES_IEF,https://www.sec.gov/Archives/edgar/data/1100663/000119312525308207/d90938d497.htm,2026-09-26 14:29:39.321518,200.0,dec7649fe650e46097ea1f9159f68533ed28e09bb1cabc0d7ecfd0ab79a12e7a,SUCCESS,3.3011707000259776,
log_bb9cf20748524b3f,sec_edgar_filings,US_ISHARES_IEF,https://www.sec.gov/Archives/edgar/data/1100663/000119312525308009/d88695d497.htm,2026-09-26 14:29:41.821711,200.0,dbe724f097a785cad1dce26a486b7574954c6a55907bc08837568fbadf2fd4e4,SUCCESS,1.8317348999844398,
log_f8292a9a25e24801,sec_edgar_filings,US_ISHARES_IEF,https://www.sec.gov/Archives/edgar/data/1100663/000119312526015356/d35944d497.htm,2026-09-26 14:29:44.322112,200.0,79f71ed6aaeca36030a19fb4a9b54be5b62769f1c9a0bb47f916ad43ea71bd68,SUCCESS,2.479460000002291,
log_f230bbac617f4ee1,sec_edgar_filings,US_ISHARES_IEF,https://www.sec.gov/Archives/edgar/data/1100663/000119312526006456/d816607d497.htm,2026-09-26 14:29:46.822791,200.0,acd54a975e88f98bde579d172fd408fa271f88ee59fc8a418ac14948a40b1c91,SUCCESS,2.419959499995457,
log_1e1aa135889840ea,sec_edgar_filings,US_ISHARES_IEF,https://www.sec.gov/Archives/edgar/data/1100663/000119312525338493/d36519d497.htm,2026-09-26 14:29:49.322967,200.0,174cbc0f9f9e957466ee19b8f629b4b089554841fa6bfc0108e314380ae311c4,SUCCESS,2.663737000024412,
log_3bb612958186412b,sec_edgar_filings,US_ISHARES_IEF,https://www.sec.gov/Archives/edgar/data/1100663/000119312526064485/d29673d497.htm,2026-09-26 14:29:51.823475,200.0,358467b1d1cda828ab60b904b89d15ba9db8db0e34f30f124dd656afdf8d5af0,SUCCESS,2.2551575000106823,
log_6ef1aa1eeff1478e,sec_edgar_filings,US_ISHARES_IEF,https://www.sec.gov/Archives/edgar/data/1100663/000119312526056745/d51363d497.htm,2026-09-26 14:29:54.323995,200.0,8836ae41550d37826386f892c93bedab2d44980905829085d6382a1f7e40f6e6,SUCCESS,2.4699686000240035,
log_a7a3523ba64f4687,sec_edgar_filings,US_ISHARES_IEF,https://www.sec.gov/Archives/edgar/data/1100663/000119312526051617/d88238d497.htm,2026-09-26 14:29:56.824323,200.0,f5d8afd79b11205ea23703358fddcbc7ae0fa3c646ad136e532fdee78ef887e3,SUCCESS,2.8384538000100292,
log_fd41168dbab942e0,sec_edgar_filings,US_ISHARES_IEF,https://www.sec.gov/Archives/edgar/data/1100663/000119312526051604/d38921d497.htm,2026-09-26 14:29:59.324715,200.0,86ae91b01315c6abfae9b331e8b024218968c0b245b9b775f400fc8ec78c245b,SUCCESS,4.052547399973264,
log_0026b8b6766747a3,sec_edgar_filings,US_ISHARES_IEF,https://www.sec.gov/Archives/edgar/data/1100663/000119312526051590/d25478d497.htm,2026-09-26 14:30:02.244451,200.0,774898db3076c024639916885fb4a04bf8a40401803bc9676bd722c39b4adbfb,SUCCESS,2.091347300010966,
log_35896cbff64d4f72,sec_edgar_filings,US_ISHARES_IEF,https://www.sec.gov/Archives/edgar/data/1100663/000119312526129300/d765912d497.htm,2026-09-26 14:30:04.744585,200.0,55acaa1112fa42626026576f5f29a8044415f933b3fdebcdf59bbea1bc3bc357,SUCCESS,1.9379849999968428,
log_a2acf22322774663,sec_edgar_filings,US_ISHARES_IEF,https://www.sec.gov/Archives/edgar/data/1100663/000119312526121940/d117046d497.htm,2026-09-26 14:30:07.245049,200.0,0f65ad011a6ffe9b0fc676ca42a6ef0402d529b9e93c1d7e0a3324c01222bf85,SUCCESS,1.9005968999990728,
log_436955597c914ec0,sec_edgar_filings,US_ISHARES_IEF,https://www.sec.gov/Archives/edgar/data/1100663/000119312526117990/d36768d497.htm,2026-09-26 14:30:09.745129,200.0,b830b7f3c2295aecdd5adfc2b30f7ce78ffcf3860c3b267591b1f28ae5504e3c,SUCCESS,2.539513600000646,
log_7d42ac0c7a6d4182,sec_edgar_filings,US_ISHARES_IEF,https://www.sec.gov/Archives/edgar/data/1100663/000119312526114192/d45638d497.htm,2026-09-26 14:30:12.245689,200.0,f8bac38858835400b2b1f7af0c41445954bd31f9de091a866fa51d1a99aa6a81,SUCCESS,2.6556991999968886,
log_5f2a3c12485140a3,sec_edgar_filings,US_ISHARES_IEF,https://www.sec.gov/Archives/edgar/data/1100663/000119312526114010/d864601d497.htm,2026-09-26 14:30:14.746232,200.0,d0bab012bec0a65529ea9c60350e454406eb8bf56209d0da1c5f2b04d8039b95,SUCCESS,2.0348572000220884,
log_5ee61aa8ffda45ac,sec_edgar_filings,US_ISHARES_IEF,https://www.sec.gov/Archives/edgar/data/1100663/000119312526102313/d13062d497.htm,2026-09-26 14:30:17.246576,200.0,d31656f8006feaa6fe94db3df8a97a8a179f992425f265e4f71601732824f9da,SUCCESS,2.6472159000113606,
log_46246cc7c9614383,sec_edgar_filings,US_ISHARES_IEF,https://www.sec.gov/Archives/edgar/data/1100663/000119312526097152/d29298d497.htm,2026-09-26 14:30:19.747000,200.0,5fdf1972fbe924e4227f9280986015ab772139b8e63fbd40929dfd65629c9be0,SUCCESS,2.4429426999995485,
log_7093a2b126d64bcc,sec_edgar_filings,US_ISHARES_IEF,https://www.sec.gov/Archives/edgar/data/1100663/000119312526083306/d116517d497.htm,2026-09-26 14:30:22.247633,200.0,b1a783a5b59d9307d78e2b0b17a901e9c3607f647ea07e938467be1fd93324b8,SUCCESS,2.4175763000093866,
log_d991ac6a1b2546f0,sec_edgar_filings,US_ISHARES_IEF,https://www.sec.gov/Archives/edgar/data/1100663/000119312526196607/d112890d497.htm,2026-09-26 14:30:24.748567,200.0,9eed563de402618d22fa5c9e7a4c7e6b1baba74c7cf15f590f79ea3eba758a48,SUCCESS,2.401102500007255,
log_8af220afb4e54008,sec_edgar_filings,US_ISHARES_IEF,https://www.sec.gov/Archives/edgar/data/1100663/000119312526188422/d17882d497.htm,2026-09-26 14:30:27.248842,200.0,b9a0745cf7961915f13ff6090bbec9ed7e4c3d0c17db47a44dc430f3ed11ccfe,SUCCESS,2.5465027000172995,
log_39f52303dbef4b71,sec_edgar_filings,US_ISHARES_IEF,https://www.sec.gov/Archives/edgar/data/1100663/000119312526164165/d88796d497.htm,2026-09-26 14:30:29.749142,200.0,2e6720a7265726e643da19293d7bf63009c73cb5322a3c00dd47b297e92ba504,SUCCESS,2.4897354999848176,
log_96ccb893d243434e,sec_edgar_filings,US_ISHARES_IEF,https://www.sec.gov/Archives/edgar/data/1100663/000119312526140146/d105386d497.htm,2026-09-26 14:30:32.249394,200.0,222cd8f805c81305a65dbde504e71a28f0da7f9edd9cfbf214c6648ed3e7c5e6,SUCCESS,2.465939400019124,
log_a34e8607908e46ef,sec_edgar_filings,US_ISHARES_IEF,https://www.sec.gov/Archives/edgar/data/1100663/000119312526140080/d106622d497.htm,2026-09-26 14:30:34.749996,200.0,c5dce8b7c2800f2e49356a0b1cf40acc3fb4947a0af23ba630881fa06b81107a,SUCCESS,2.67446840001503,
log_1dc44aea5d7b46e6,sec_edgar_filings,US_ISHARES_IEF,https://www.sec.gov/Archives/edgar/data/1100663/000119312526135209/d129347d497.htm,2026-09-26 14:30:37.250089,200.0,50aec65e6ca60613675b43059d6a4f6d7165013def7bce388de9e77c99ee1eff,SUCCESS,2.3772178000072017,
log_0d147374ccd04bac,sec_edgar_filings,US_ISHARES_IEF,https://www.sec.gov/Archives/edgar/data/1100663/000119312526239677/d24890d497.htm,2026-09-26 14:30:39.750178,200.0,00dfc510d2afa23776628877b7d2da00d9bb68846a34d3f4093a3dc82989f240,SUCCESS,2.3538476999965496,
log_b8fafac7ebba4830,sec_edgar_filings,US_ISHARES_IEF,https://www.sec.gov/Archives/edgar/data/1100663/000119312526237040/d105379d497.htm,2026-09-26 14:30:42.250511,200.0,34ce8d4a4765d9d6f85c92409e69eb11d96cbb0aa6009d22ac6d5c4acb16e6af,SUCCESS,2.52598219999345,
log_7c324386d56a4cab,sec_edgar_filings,US_ISHARES_IEF,https://www.sec.gov/Archives/edgar/data/1100663/000119312526237012/d108481d497.htm,2026-09-26 14:30:44.751152,200.0,e062db17e91eb6d274a408b722deb2922c343f47c2a952ea53b30bd0c8f73d1b,SUCCESS,2.3849675999954343,
log_e0e5cdd967fc4302,sec_edgar_filings,US_ISHARES_IEF,https://www.sec.gov/Archives/edgar/data/1100663/000119312526232632/d112764d497.htm,2026-09-26 14:30:47.251609,200.0,7c7ea35c15c0f1c619211835bc9ab1c27b581c05452715229b395f3a09f05548,SUCCESS,2.4762482999940403,
log_6943e2df2dc0441e,sec_edgar_filings,US_ISHARES_IEF,https://www.sec.gov/Archives/edgar/data/1100663/000119312526204769/d121690d497.htm,2026-09-26 14:30:49.751840,200.0,9458041f9c688c4fb667e5bcd94149e648043fee27b4cedb1807a84a102b677b,SUCCESS,4.342107200005557,
log_82c1656732924ac7,sec_edgar_filings,US_ISHARES_IEF,https://www.sec.gov/Archives/edgar/data/1100663/000119312526288507/d144232d497.htm,2026-09-26 14:30:52.526168,200.0,773a3e1d979da58058029ea9050369a87e4f8c1c017a7900d3774deb7698ed00,SUCCESS,0.9692855000030249,
log_8c9d278bc19d46af,sec_edgar_filings,US_ISHARES_IEF,https://www.sec.gov/Archives/edgar/data/1100663/000119312526279612/d74881d497.htm,2026-09-26 14:30:55.026468,200.0,986d7bb132a2a1e8e07022dd290e936730cba6d368b2ef285524041c7927f645,SUCCESS,2.5195539999986067,
log_040ea0c2e0eb406b,sec_edgar_filings,US_ISHARES_IEF,https://www.sec.gov/Archives/edgar/data/1100663/000119312526279474/d143191d497.htm,2026-09-26 14:30:57.527099,200.0,c2e89a5a595852ec3ea74ffbd9b8aead89b827907db3e3f825c839653137d541,SUCCESS,2.5637068999931216,
log_175f82d7b3c34748,sec_edgar_filings,US_ISHARES_IEF,https://www.sec.gov/Archives/edgar/data/1100663/000119312526269593/d74967d497.htm,2026-09-26 14:31:00.027770,200.0,d4753ee9f18867febc13cfc93b240606a9fbda656f189e03583543df3b4876e8,SUCCESS,2.45775020000292,
log_06612d4663c04e03,sec_edgar_filings,US_ISHARES_IEF,https://www.sec.gov/Archives/edgar/data/1100663/000119312526269590/d168658d497.htm,2026-09-26 14:31:02.528303,200.0,75746f0add85ebd7724d05ad887fbf580a1445da20a3c4ea2c4667f5876817e7,SUCCESS,2.859915799985174,
log_e19823eff5574d4e,sec_edgar_filings,US_ISHARES_IEF,https://www.sec.gov/Archives/edgar/data/1100663/000119312526267888/d121420d497.htm,2026-09-26 14:31:05.028629,200.0,caf4b1428f5efd3798756d9815425203d0cdf51d458688629441438d39e971f3,SUCCESS,2.1749741999956314,
log_850ec8b9c0964e59,sec_edgar_filings,US_ISHARES_IEF,https://www.sec.gov/Archives/edgar/data/1100663/000119312526267877/d143945d497.htm,2026-09-26 14:31:07.528783,200.0,4a92334408598170baca70379751806d09fe308a82895775a2eb7ca7cc6a103a,SUCCESS,2.39859090000391,
log_5ef13f90a62c4b19,sec_edgar_filings,US_ISHARES_IEF,https://www.sec.gov/Archives/edgar/data/1100663/000119312526267872/d74088d497.htm,2026-09-26 14:31:10.029257,200.0,b5e4771bb7559c9a634293e8e25652843e18172a3a94373c05a68e218348b01b,SUCCESS,2.5881165000027977,
log_ec15d553f7aa4388,sec_edgar_filings,US_ISHARES_IEF,https://www.sec.gov/Archives/edgar/data/1100663/000119312526267869/d46038d497.htm,2026-09-26 14:31:12.529808,200.0,be5ad514db0fd1cf813e62e133885811797f770cb8142592179335cc06d1cf97,SUCCESS,2.5733559000073,
log_327b747ec19747b8,sec_edgar_filings,US_ISHARES_IEF,https://www.sec.gov/Archives/edgar/data/1100663/000119312526267864/d20417d497.htm,2026-09-26 14:31:15.030205,200.0,250a1267e11495bba825a62f3629f7ca68600f8128bfaec4589d5bc5b7046e09,SUCCESS,2.5590230000088923,
log_bd89fc6c22584ac3,sec_edgar_filings,US_ISHARES_IEF,https://www.sec.gov/Archives/edgar/data/1100663/000119312526267858/d162061d497.htm,2026-09-26 14:31:17.530640,200.0,ad55ffb9bb1173f124b5aa4d14412b17a90a1afc6012f9da964797c237168b21,SUCCESS,2.514225399994757,
log_4add8f354a914182,sec_edgar_filings,US_ISHARES_IEF,https://www.sec.gov/Archives/edgar/data/1100663/000119312526267852/d154427d497.htm,2026-09-26 14:31:20.031017,200.0,844ba76a2078925801265f3b074f5f7968763d1aae83c4aea0358307062c8663,SUCCESS,2.3882740000262856,
log_be05a2d0c1ea4f2c,sec_edgar_filings,US_ISHARES_IEF,https://www.sec.gov/Archives/edgar/data/1100663/000119312526249172/d126264d497.htm,2026-09-26 14:31:22.531390,200.0,383c995df14c85e21826b8f6e567b3f2f5115addd7a5179ffd892aad5d1df59a,SUCCESS,2.5065594000043347,
log_f77b55e900934a90,sec_edgar_filings,US_ISHARES_IEF,https://www.sec.gov/Archives/edgar/data/1100663/000119312526326458/d123143d497.htm,2026-09-26 14:31:25.031671,200.0,43768bc03c1fb71017ba076ff5b15c2ec3fb28211326160b8e4168eb94ce5fb4,SUCCESS,2.580593400023645,
log_849e880e84464d6b,sec_edgar_filings,US_ISHARES_IEF,https://www.sec.gov/Archives/edgar/data/1100663/000119312526326445/d25273d497.htm,2026-09-26 14:31:27.531817,200.0,a08218d45dfe0ba8ea3ed37dab2eda58a5dc3d159c23e857980c839f51d7bea0,SUCCESS,2.3414814999850933,
log_18f7ea8bd2194a57,sec_edgar_filings,US_ISHARES_IEF,https://www.sec.gov/Archives/edgar/data/1100663/000119312526326439/d161787d497.htm,2026-09-26 14:31:30.032016,200.0,fd29b9dcfee58630afe0e308d3fe3466b80df1cde8a0af6d24299e0f797acb7d,SUCCESS,2.4235228000034112,
log_1ed82e60b4434dea,sec_edgar_filings,US_ISHARES_IEF,https://www.sec.gov/Archives/edgar/data/1100663/000119312526307874/d94466d497.htm,2026-09-26 14:31:32.532139,200.0,ece03ba68a5aaf3c817c4f6b9bd64b677ead55387401497b6c00f84cff703039,SUCCESS,2.6666780000086874,
log_7b4ad2c9243940ab,sec_edgar_filings,US_ISHARES_IEF,https://www.sec.gov/Archives/edgar/data/1100663/000119312526306133/d157213d497.htm,2026-09-26 14:31:35.032798,200.0,a9dad30a31ad649f3cf48231a29734ed55bbc27ba5d1bc578c1c4c33c984eacd,SUCCESS,2.3022311000095215,
log_900c53ab810e4e59,sec_edgar_filings,US_ISHARES_IEF,https://www.sec.gov/Archives/edgar/data/1100663/000119312526306123/d160783d497.htm,2026-09-26 14:31:37.533008,200.0,9e374339c503ac1f3afbf3a6dc056115cfdc9d347ed16bd29782dde2f08116c1,SUCCESS,2.5050021999923047,
log_1e93f271add24619,sec_edgar_filings,US_ISHARES_IEF,https://www.sec.gov/Archives/edgar/data/1100663/000119312526306122/d145677d497.htm,2026-09-26 14:31:40.033273,200.0,8589633deb798a60f69354eba15cf808392dbe86479e9022b7d24bb6eaa8cf04,SUCCESS,2.4569979999796487,
log_7f63b3b5e24d464e,sec_edgar_filings,US_ISHARES_IEF,https://www.sec.gov/Archives/edgar/data/1100663/000119312526306120/d151429d497.htm,2026-09-26 14:31:42.533464,200.0,dd1fdf7770161ec03ecf76037796c9a8e9abf891cd94766b425761307a09a189,SUCCESS,2.423027999990154,
log_a038a5baf3f346e4,sec_edgar_filings,US_ISHARES_IEF,https://www.sec.gov/Archives/edgar/data/1100663/000119312526306119/d154864d497.htm,2026-09-26 14:31:45.035130,200.0,7c7159c45b0a42513d6d7a90b8da303ec3b521f540dce139268f1768d015c253,SUCCESS,2.513912900001742,
log_a9bd6b26e0c04ba8,sec_edgar_filings,US_ISHARES_IEF,https://www.sec.gov/Archives/edgar/data/1100663/000119312526306116/d155509d497.htm,2026-09-26 14:31:47.535272,200.0,ca038d7e15083df015eabe836cc73d1a42841d009c8618643512a730cd67f53f,SUCCESS,2.56685530001414,
log_ce161bec1d904652,sec_edgar_filings,US_ISHARES_IEF,https://www.sec.gov/Archives/edgar/data/1100663/000119312526306115/d156341d497.htm,2026-09-26 14:31:50.035724,200.0,6a496bc7d22bed5123125cb7712cf7812e39d4640163dce29eb3d5ecd1f4bf47,SUCCESS,2.5053492999868467,
log_20baedbbf46d4ba0,sec_edgar_filings,US_ISHARES_IEF,https://www.sec.gov/Archives/edgar/data/1100663/000119312526300908/d898074d497.htm,2026-09-26 14:31:52.536209,200.0,3e6d6cb4e9d5e319e905d0517c8c81e27ef8f049a5ee7979dc656693dcabe5e8,SUCCESS,2.7332161999947857,
log_57f34f1a4731456e,sec_edgar_filings,US_ISHARES_IEF,https://www.sec.gov/Archives/edgar/data/1100663/000119312526294655/d83700d497.htm,2026-09-26 14:31:55.036919,200.0,e8b2fea09a8fe965aecb2c68b1d5d9762df5969614f02c334c4e59347a6fa57d,SUCCESS,2.3033610000275075,
log_55771b1886f142ab,sec_edgar_filings,US_ISHARES_IEF,https://www.sec.gov/Archives/edgar/data/1100663/000119312526293181/d83700d497.htm,2026-09-26 14:31:57.537266,200.0,e8f5a24b7941ee340b2658503a979bf50cff8d427ba84b0f1f9beef45ad6220d,SUCCESS,2.49005289998604,
log_6b6f7218e0cc4bf0,sec_edgar_filings,US_ISHARES_IEF,https://www.sec.gov/Archives/edgar/data/1100663/000119312526292033/d110723d497.htm,2026-09-26 14:32:00.037544,200.0,7079e7b67616604fea2e6705db4f54ad9be03ac09d45f24c26791ec1f59f0259,SUCCESS,2.4687879999983124,
log_7ba74f47cac745e9,sec_edgar_filings,US_ISHARES_IEF,https://www.sec.gov/Archives/edgar/data/1100663/000119312526291166/d10430d497.htm,2026-09-26 14:32:02.537832,200.0,2b68846bec4b87534a84a40c21287c4b487928c4bd4e9ce9eef95400f4881a20,SUCCESS,2.452717699983623,
log_6c16f326d8e8407f,sec_edgar_filings,US_ISHARES_IEF,https://www.sec.gov/Archives/edgar/data/1100663/000119312526376132/d164169d497.htm,2026-09-26 14:32:05.037990,200.0,f292ea03a7b41ecd56cbffeab5257516e8fec1022c3f4ad9556d81338a05c1f1,SUCCESS,2.419541000010213,
log_efe06ad6f0ab4db4,sec_edgar_filings,US_ISHARES_IEF,https://www.sec.gov/Archives/edgar/data/1100663/000119312526376116/d163838d497.htm,2026-09-26 14:32:07.538164,200.0,bfb1512e0663a51c307efe1528613329a962c689781a152e98487604b2cddf93,SUCCESS,2.4901337000192143,
log_9484c74f0e254dd9,sec_edgar_filings,US_ISHARES_IEF,https://www.sec.gov/Archives/edgar/data/1100663/000119312526376106/d163946d497.htm,2026-09-26 14:32:10.038609,200.0,b817e92971553388949ecfb6bdb93d61fcb1e847f7eebab8d2727665ded240bf,SUCCESS,2.531763000006322,
log_8680288fab8c4267,sec_edgar_filings,US_ISHARES_IEF,https://www.sec.gov/Archives/edgar/data/1100663/000119312526361162/d133118d497.htm,2026-09-26 14:32:12.539297,200.0,76b1ea9ac40a6b517caf643e713dbe64ed9e90bc2921725f8029e3223ecda59b,SUCCESS,2.641073500009952,
log_5c459a9cd7064024,sec_edgar_filings,US_ISHARES_IEF,https://www.sec.gov/Archives/edgar/data/1100663/000119312526354177/d153282d497.htm,2026-09-26 14:32:15.039733,200.0,9bec2fc7e5a69ef29a95ccd8530ca371c69987d4094d5dab7dc6340d263e071e,SUCCESS,2.370800600008806,
log_527cf519331547c5,sec_edgar_filings,US_ISHARES_IEF,https://www.sec.gov/Archives/edgar/data/1100663/000119312526352275/d129369d497.htm,2026-09-26 14:32:17.540420,200.0,692c91c055a773e202244fb5ff32263ac76740e73e89e012fa6e8b75816a41ff,SUCCESS,2.4469451000040863,
log_25cfdfc5ce944ebd,sec_edgar_filings,US_ISHARES_IEF,https://www.sec.gov/Archives/edgar/data/1100663/000119312526338192/d114838d497.htm,2026-09-26 14:32:20.040537,200.0,d4c38eba0231e950a1c9fd7415b294cefb64770e7c25a88dc70ce9a66a613073,SUCCESS,2.508749500004342,
log_b47a9da0281e45f6,sec_edgar_filings,US_ISHARES_IEF,https://www.sec.gov/Archives/edgar/data/1100663/000119312526338183/d89689d497.htm,2026-09-26 14:32:22.540665,200.0,d9bd8e1943854d56e26635ebcb86f5f05085ddd325e97bb9e1b8e352992b3d44,SUCCESS,2.521605499990983,
log_50bf336efc3c454b,sec_edgar_filings,US_ISHARES_IEF,https://www.sec.gov/Archives/edgar/data/1100663/000119312526338154/d83054d497.htm,2026-09-26 14:32:25.040940,200.0,5d8a2e8962feaefe5267f62857f5ffac52d1b06834515413e0aedcdafb44266f,SUCCESS,2.4698434000019915,
log_255be8871c8747dc,sec_edgar_filings,US_ISHARES_IEF,https://www.sec.gov/Archives/edgar/data/1100663/000119312526330968/d55058d497.htm,2026-09-26 14:32:27.541465,200.0,1453a922fcb3e15b8a1571f2e31e8acb6ba9244e25b4e93ba41d830f527cf60a,SUCCESS,2.5611383999930695,
log_67b56e08f82f460b,sec_edgar_filings,US_ISHARES_IEF,https://www.sec.gov/Archives/edgar/data/1100663/000119312526398125/d181895d497.htm,2026-09-26 14:32:30.041782,200.0,f90830fac01431c0cce67505b4647302913ccecebcd4897a5474b036a096be1a,SUCCESS,2.381070000003092,
log_3f0ec6aa4b91465d,sec_edgar_filings,US_ISHARES_IEF,https://www.sec.gov/Archives/edgar/data/1100663/000119312526395798/d165827d497.htm,2026-09-26 14:32:32.542339,200.0,0c3cfe67e6af77e64d9e6d04065c6d22ad980a74e3015a41c0ecd33d9dc6da89,SUCCESS,2.6360091000096872,
log_67089a85ce2146a3,sec_edgar_filings,US_ISHARES_IEF,https://www.sec.gov/Archives/edgar/data/1100663/000119312526389306/d135258d497.htm,2026-09-26 14:32:35.042619,200.0,68df629271f45e35a78889b2d64132946935c6f0fb8a92dc302f4349ac48c807,SUCCESS,2.3445973999914713,
log_cbaa1f0c77cf4d18,sec_edgar_filings,US_ISHARES_IEF,https://www.sec.gov/Archives/edgar/data/1100663/000119312526383660/d118308d497.htm,2026-09-26 14:32:37.543213,200.0,5218173e9800d7c826c95a828c16d2380143629ee41bd16d8827bad9e5ef1502,SUCCESS,2.4111092000093777,
log_9f3f8ecf97b34834,sec_edgar_filings,US_ISHARES_IEF,https://www.sec.gov/Archives/edgar/data/1100663/000119312526380260/d535954d497.htm,2026-09-26 14:32:40.043782,200.0,b2116b75eacee79bb4c3395bb99c62ba989cea3ff221ac6348d97bfac4130311,SUCCESS,2.622823799989419,
log_70e0c972ab794dd0,sec_edgar_filings,US_ISHARES_IEF,https://www.sec.gov/Archives/edgar/data/1100663/000119312526377124/d133702d497.htm,2026-09-26 14:32:42.544178,200.0,0a95c885d359ec7d9ebfe6b55935c1450be2f223c69a0edaa7022469da13cce9,SUCCESS,3.6485664999927394,
log_c81bcb63bcd440db,sec_edgar_submissions_api,US_ISHARES_TLT,https://data.sec.gov/submissions/CIK0001100663.json,2026-09-26 14:32:48.849773,200.0,bb6aec42416c270a7fb00e6ea1740fc7c718e3847f412ae57f09dc867c5e1fc0,SUCCESS,3.3572332999901846,
log_71a7df7fe8ef48a4,sec_edgar_submissions_api,US_ISHARES_TLT,https://data.sec.gov/submissions/CIK0001100663-submissions-002.json,2026-09-26 14:32:51.349968,200.0,ad220ef41a624867cdf87d37d40a407f1f177df021b340bd29797de6991a987d,SUCCESS,2.6454720000037923,
log_03f09f044ad04f9a,official_fund_sponsor_page,US_ISHARES_TLT,https://www.ishares.com/us/products/239454/,2026-09-26 14:32:55.692922,403.0,,RETRIEVAL_FAILED,2.0503268000029493,HTTP 403: Forbidden
log_970c06bb8db347cc,sec_edgar_filings,US_ISHARES_TLT,https://www.sec.gov/Archives/edgar/data/1100663/000119312524245748/d843984d497.htm,2026-09-26 14:32:59.394669,200.0,73cd78c59440c22b4db721a87e2892f80d4c4f45a394ece6826d7125bf1fd801,SUCCESS,2.2242059000127483,
log_b9d5408c498e44b2,sec_edgar_filings,US_ISHARES_TLT,https://www.sec.gov/Archives/edgar/data/1100663/000119312524242848/d866922d497.htm,2026-09-26 14:33:01.894966,200.0,1f5a90ec402fe09bb4b06e8f3a31c4621f53c31a38502ae46b196363a104a8b5,SUCCESS,1.9944853000051808,
log_f9b2c2b998a341b4,sec_edgar_filings,US_ISHARES_TLT,https://www.sec.gov/Archives/edgar/data/1100663/000119312524239640/d895738d497.htm,2026-09-26 14:33:04.395323,200.0,ea0d28b5f47a015457e4aded5c16e673c9ce9f5c9c8fd071c3541ec3d4ebd2fe,SUCCESS,2.522371099999873,
log_3a1bfda20f6f4d8d,sec_edgar_filings,US_ISHARES_TLT,https://www.sec.gov/Archives/edgar/data/1100663/000119312524238913/d894453d497.htm,2026-09-26 14:33:06.895964,200.0,58691ce5e5a1ebc3bedc51cc98d5cf7c67e6fd7e6d6a4bf1ddc14aec0332f2a0,SUCCESS,2.942447900015395,
log_c8a0bc92d2e94079,sec_edgar_filings,US_ISHARES_TLT,https://www.sec.gov/Archives/edgar/data/1100663/000119312524238908/d894041d497.htm,2026-09-26 14:33:09.396256,200.0,5a971737e3d25608d6874bb6ff5ede8c0e0f392b86a86297d45b641472fc86cf,SUCCESS,2.0267217000073288,
log_64e383c5aa2d4b84,sec_edgar_filings,US_ISHARES_TLT,https://www.sec.gov/Archives/edgar/data/1100663/000119312524238902/d890449d497.htm,2026-09-26 14:33:11.896847,200.0,e8f91d733b89b0732f87820bb0ceb5ef936e75cb702bb1a26cd77603b9d2006e,SUCCESS,2.3820111000095494,
log_5318f72bd7c145b2,sec_edgar_filings,US_ISHARES_TLT,https://www.sec.gov/Archives/edgar/data/1100663/000119312524238835/d860426d497.htm,2026-09-26 14:33:14.397069,200.0,3b8598f26180a24673c2565d9bc505ec40d04445a8a0dbf3b84ca346ef55d512,SUCCESS,2.0962816999817733,
log_bb469e17369244ab,sec_edgar_filings,US_ISHARES_TLT,https://www.sec.gov/Archives/edgar/data/1100663/000119312524236754/d131931d497.htm,2026-09-26 14:33:16.897712,200.0,578972467512d796af102d2558b629a84edab1a26e1e8a20c02f308698da48e0,SUCCESS,2.824707399995532,
log_4dad47530b304b9f,sec_edgar_filings,US_ISHARES_TLT,https://www.sec.gov/Archives/edgar/data/1100663/000119312524233837/d788518d497.htm,2026-09-26 14:33:19.397971,200.0,deb9d0231aa987b37c95f7f01e5eeaaf234f61414fd81712237ca3d26070801d,SUCCESS,2.0934151000110433,
log_5ceeda919ec144ef,sec_edgar_filings,US_ISHARES_TLT,https://www.sec.gov/Archives/edgar/data/1100663/000119312524229262/d814275d497.htm,2026-09-26 14:33:21.898697,200.0,8d28d6076b70d64c34e1b22e274410cda81084450db5baaebcca312b985f86d5,SUCCESS,3.6922071000153664,
log_d2900261a79840df,sec_edgar_filings,US_ISHARES_TLT,https://www.sec.gov/Archives/edgar/data/1100663/000119312524267301/d875052d497.htm,2026-09-26 14:33:24.401726,200.0,994014a2e0c0c803bb01c525eeb5f5d10730c70dfd1dea3243be587b097bbe34,SUCCESS,2.425002100004349,
log_f390cd23db1d4818,sec_edgar_filings,US_ISHARES_TLT,https://www.sec.gov/Archives/edgar/data/1100663/000119312524261914/d911527d497.htm,2026-09-26 14:33:26.902072,200.0,cda2e2e9ec0d7871884db0a66c3f2253f75e092f5810545551f3359c99e7a94a,SUCCESS,1.3649901000026148,
log_21165773c6094982,sec_edgar_filings,US_ISHARES_TLT,https://www.sec.gov/Archives/edgar/data/1100663/000119312524287196/d848374d497.htm,2026-09-26 14:33:29.402638,200.0,2c5f89057381013b3ca8bb9e1d1f3c4d684651933a3aeec48a8f89cb33b45cfe,SUCCESS,2.8823809000023175,
log_9b090a99a9ac45d3,sec_edgar_filings,US_ISHARES_TLT,https://www.sec.gov/Archives/edgar/data/1100663/000119312524287179/d842136d497.htm,2026-09-26 14:33:31.902981,200.0,c84055937d160d9cce60f79b7ab9735d86377ff76c5e315b0fa05a342e0bfb64,SUCCESS,2.0854997000133153,
log_e704e64f233e4b31,sec_edgar_filings,US_ISHARES_TLT,https://www.sec.gov/Archives/edgar/data/1100663/000119312524286941/d916258d497.htm,2026-09-26 14:33:34.403235,200.0,9925703ee2adb913becaafb685335ea082fadad4bacf8975e90abf5a4bcbb54a,SUCCESS,2.749231099995086,
log_0432b25dfeed4581,sec_edgar_filings,US_ISHARES_TLT,https://www.sec.gov/Archives/edgar/data/1100663/000119312524286938/d915949d497.htm,2026-09-26 14:33:36.903734,200.0,58672fb3187fd7cd6a35cab35a21e65a2910a998d9784c569b2474972c9b723d,SUCCESS,2.0506729000189807,
log_a2e7df3029a64c37,sec_edgar_filings,US_ISHARES_TLT,https://www.sec.gov/Archives/edgar/data/1100663/000119312524283370/d901579d497.htm,2026-09-26 14:33:39.404201,200.0,0e1b3775a196226c6b5ed01264e821a75e16949946f26cbad676252063283e77,SUCCESS,2.7146112000045832,
log_00df31bb2ee447e6,sec_edgar_filings,US_ISHARES_TLT,https://www.sec.gov/Archives/edgar/data/1100663/000119312524283367/d869601d497.htm,2026-09-26 14:33:41.904660,200.0,d0ef04e6c4c83dd9668a89307f67f2404251b555e865099b25ba5ea662a4d3d7,SUCCESS,2.834906799980672,
log_57ece807ab84400c,sec_edgar_filings,US_ISHARES_TLT,https://www.sec.gov/Archives/edgar/data/1100663/000119312524282143/d901522d497.htm,2026-09-26 14:33:44.404938,200.0,318477ac4529a7b02621ccb18838b87e5e38ffffcb2b29f0f8d7b2f468cbef26,SUCCESS,1.4485621000058018,
log_76a8b9d091c2415a,sec_edgar_filings,US_ISHARES_TLT,https://www.sec.gov/Archives/edgar/data/1100663/000119312524282139/d901516d497.htm,2026-09-26 14:33:46.905490,200.0,ca66868c7cba898da6922427eb27d81a405894a6eebfbb3474ff130df5cf999c,SUCCESS,2.5489596000115853,
log_78e5a69667d944ce,sec_edgar_filings,US_ISHARES_TLT,https://www.sec.gov/Archives/edgar/data/1100663/000119312524281940/d826977d497.htm,2026-09-26 14:33:49.405945,200.0,800d5cf486e2fb95e45173b99dd4120efe0e90ad9a51b0fdcdd479bf8e32183a,SUCCESS,2.727333599992562,
log_ff87faf3e7624e21,sec_edgar_filings,US_ISHARES_TLT,https://www.sec.gov/Archives/edgar/data/1100663/000119312524271487/d904601d497.htm,2026-09-26 14:33:51.906699,200.0,0ee77de6ba3db7adbc70affe8919d2663fdec24e83bcbd247571ae1518849360,SUCCESS,2.7009891999769025,
log_34a8b7400e1b4094,sec_edgar_filings,US_ISHARES_TLT,https://www.sec.gov/Archives/edgar/data/1100663/000119312524271371/d876550d497.htm,2026-09-26 14:33:54.407314,200.0,f18fb9460288f770219675492a623770ad545701783d5a971c3fb6db8e3effa0,SUCCESS,2.4563243000011425,
log_74380a53ec8c4c47,sec_edgar_submissions_api,US_ISHARES_TLT,https://data.sec.gov/submissions/CIK0001100663-submissions-001.json,2026-09-26 14:33:56.134892,200.0,4b0840de53146277b9c65f543745bdc767e1b1fe714103072c3a78695ac3aa0e,SUCCESS,2.674026499997126,
log_ff3f080247634624,sec_edgar_filings,US_ISHARES_TLT,https://www.sec.gov/Archives/edgar/data/1100663/000119312525011478/d925726d497.htm,2026-09-26 14:33:58.820237,200.0,f3664cc090ef0083395e6c1d676e0ec279501c929ef184749cbafa72846fd637,SUCCESS,1.0489304999937303,
log_4040ec976b494f86,sec_edgar_filings,US_ISHARES_TLT,https://www.sec.gov/Archives/edgar/data/1100663/000119312525008535/d136256d497.htm,2026-09-26 14:34:01.320754,200.0,1ff29213a01028ad45429b0b9d6b52dcaa727548883a2c547733afa0ba2750ff,SUCCESS,2.6086001999792643,
log_881fbd96e0674780,sec_edgar_filings,US_ISHARES_TLT,https://www.sec.gov/Archives/edgar/data/1100663/000119312525007202/d921290d497.htm,2026-09-26 14:34:03.821321,200.0,3028657a53eda3bf72c5a54a0004b6a982e4cd55ed9bebf07cdc07014eca799c,SUCCESS,2.760286400007317,
log_8a6af75951664d27,sec_edgar_filings,US_ISHARES_TLT,https://www.sec.gov/Archives/edgar/data/1100663/000119312524287209/d886745d497.htm,2026-09-26 14:34:06.322167,200.0,f774954618d5741901ac4565eeb2a7a11825afca65900f54e59493db7e251d4c,SUCCESS,2.348895299975993,
log_8c803ec2b42d461b,sec_edgar_filings,US_ISHARES_TLT,https://www.sec.gov/Archives/edgar/data/1100663/000119312525042406/d905405d497.htm,2026-09-26 14:34:08.822597,200.0,a40b5b7c77c7bed584c0e3c41a61ce151a3e8c4a3e85184c073c04abf40060a0,SUCCESS,2.2373275000136346,
log_c88f0f51aa7544d0,sec_edgar_filings,US_ISHARES_TLT,https://www.sec.gov/Archives/edgar/data/1100663/000119312525030937/d895008d497.htm,2026-09-26 14:34:11.322938,200.0,cce4b67c1cca8afb08f9639d26ba1de588a8546f33ec461622e02bbed74af122,SUCCESS,2.761031700007152,
log_f7545c4921ad4b45,sec_edgar_filings,US_ISHARES_TLT,https://www.sec.gov/Archives/edgar/data/1100663/000119312525029722/d925698d497.htm,2026-09-26 14:34:13.823247,200.0,03ebc8cf5cc2b9853c8e5193e6b68c1b2b71b726ce03ae486da082457a9bbf0c,SUCCESS,2.039017800008878,
log_c651be40e6134c15,sec_edgar_filings,US_ISHARES_TLT,https://www.sec.gov/Archives/edgar/data/1100663/000119312525029678/d932649d497.htm,2026-09-26 14:34:16.323533,200.0,5f69625987e6b328c3167c7c0fac7b80890ab63ba5f57d870fd46a0204661c54,SUCCESS,2.5897337999776937,
log_5f04772c2b4b4065,sec_edgar_filings,US_ISHARES_TLT,https://www.sec.gov/Archives/edgar/data/1100663/000119312525028799/d892616d497.htm,2026-09-26 14:34:18.823795,200.0,02cc3d884d85c2d9ef427144b4c983ba4769bf5d459cf6aa56d1020f8f6f0c5f,SUCCESS,2.3385953000106383,
log_1089c19556dd41d6,sec_edgar_filings,US_ISHARES_TLT,https://www.sec.gov/Archives/edgar/data/1100663/000119312525021017/d906687d497.htm,2026-09-26 14:34:21.324315,200.0,56a66b99815118f99a046fb15a38a9d3862dc2c2d9fa9b6541c8c024e3710029,SUCCESS,4.094399599998724,
log_50b9d3c275f34e5f,sec_edgar_filings,US_ISHARES_TLT,https://www.sec.gov/Archives/edgar/data/1100663/000119312525062530/d905260d497.htm,2026-09-26 14:34:23.932849,200.0,d53dcc1164a6cbd06effdf058a8eeb0bd607fbd470e80c2f9a88a64871f13e8a,SUCCESS,0.9894440000061877,
log_0dc9d4bce1724ced,sec_edgar_filings,US_ISHARES_TLT,https://www.sec.gov/Archives/edgar/data/1100663/000119312525061395/d905254d497.htm,2026-09-26 14:34:26.433022,200.0,01b4962adcb1e3c59fe864aabac99adca02b1515d2b2acea9c2b2c9c8692bdce,SUCCESS,2.767569200019352,
log_1542a0aeb93640b4,sec_edgar_filings,US_ISHARES_TLT,https://www.sec.gov/Archives/edgar/data/1100663/000119312525060393/d927851d497.htm,2026-09-26 14:34:28.933181,200.0,0c2fc85960f736c95a96e3055b59fabb1f1d8e3c2cc62a540c567c882e63c872,SUCCESS,2.5911655999952927,
log_322a83daa3504d2e,sec_edgar_filings,US_ISHARES_TLT,https://www.sec.gov/Archives/edgar/data/1100663/000119312525057907/d735691d497.htm,2026-09-26 14:34:31.433350,200.0,9de8e5b1a19a3cb51d50d0e2a5ed98306a03cbc40358ec14c3f07a4e6c6b4075,SUCCESS,3.031906499993056,
log_f2c7c56873a24a9a,sec_edgar_filings,US_ISHARES_TLT,https://www.sec.gov/Archives/edgar/data/1100663/000119312525083044/d766022d497.htm,2026-09-26 14:34:33.933671,200.0,1811c75c01a16c8e6dfdde84fdc20a7250d5630af06c4683c08c2b8f2bc76435,SUCCESS,3.506139000004623,
log_1b82355617b24882,sec_edgar_filings,US_ISHARES_TLT,https://www.sec.gov/Archives/edgar/data/1100663/000119312525080178/d883981d497.htm,2026-09-26 14:34:37.040728,200.0,bd61602ea1a25b0c6aff2ed976674be824a5f6de3990710e4476c1c577638b7a,SUCCESS,1.1126270999957342,
log_c50e1eb2c3ec4fb1,sec_edgar_filings,US_ISHARES_TLT,https://www.sec.gov/Archives/edgar/data/1100663/000119312525080167/d945860d497.htm,2026-09-26 14:34:39.541130,200.0,57743c011c824292d57e2b132a6d929f2ba050e2b381438049ed3ea487c87f0b,SUCCESS,4.3413282000110485,
log_b91731bc063641b4,sec_edgar_filings,US_ISHARES_TLT,https://www.sec.gov/Archives/edgar/data/1100663/000119312525073419/d941411d497.htm,2026-09-26 14:34:42.496380,200.0,f38944bd289fef91d0e3f29f4733b2d9b075b27d3038656379ac3f314451af66,SUCCESS,2.9079089000006206,
log_b7ed2b9d056e40e0,sec_edgar_filings,US_ISHARES_TLT,https://www.sec.gov/Archives/edgar/data/1100663/000119312525073416/d940735d497.htm,2026-09-26 14:34:45.405769,200.0,44fa50fecf601612aa223e1c6278fc06779ef1ceb060246ad51942e4b49729ef,SUCCESS,1.9039894999878015,
log_2ac5e819df5f4212,sec_edgar_filings,US_ISHARES_TLT,https://www.sec.gov/Archives/edgar/data/1100663/000119312525072394/d896448d497.htm,2026-09-26 14:34:47.906406,200.0,cd66eb18ab2124907da3cb9929d864a1dfc1211d43ed39ec8d640ca5b45e656b,SUCCESS,1.6855181000137236,
log_ce0e7495e5d54f2e,sec_edgar_filings,US_ISHARES_TLT,https://www.sec.gov/Archives/edgar/data/1100663/000119312525069353/d735233d497.htm,2026-09-26 14:34:50.406759,200.0,bd631bfadae77be216c92b72654dfd4504e6e2a746c481c9023e2837da1fc9a1,SUCCESS,2.5430818000168074,
log_dc15ae27ac6e482b,sec_edgar_filings,US_ISHARES_TLT,https://www.sec.gov/Archives/edgar/data/1100663/000119312525068983/d917197d497.htm,2026-09-26 14:34:52.907450,200.0,4681f150652580c721432b2c6bc1aba6a2b73381b164b559e6768b376076469a,SUCCESS,2.598991799983196,
log_568567f36f194510,sec_edgar_filings,US_ISHARES_TLT,https://www.sec.gov/Archives/edgar/data/1100663/000119312525130716/d892250d497.htm,2026-09-26 14:34:55.408244,200.0,07097d37d41b28b001e461b999b8e03d0acf90aa0b97c6d92e39b5387157079c,SUCCESS,5.151196900027571,
log_dddb1c6bd32c4618,sec_edgar_filings,US_ISHARES_TLT,https://www.sec.gov/Archives/edgar/data/1100663/000119312525121682/d15263d497.htm,2026-09-26 14:34:59.690845,200.0,5293c75e44da6168a77d4016250a479abfa0047f1baf52210cb46fa79dd15a10,SUCCESS,1.2249078000022564,
log_6579c661b6154775,sec_edgar_filings,US_ISHARES_TLT,https://www.sec.gov/Archives/edgar/data/1100663/000119312525152756/d20784d497.htm,2026-09-26 14:35:02.191179,200.0,a0f7d16dba80cd489ec03d4ba26e79aac85fbe741494e7bb442064056aa3f986,SUCCESS,2.269651700014947,
log_c2e2fc4c1994458c,sec_edgar_filings,US_ISHARES_TLT,https://www.sec.gov/Archives/edgar/data/1100663/000119312525152664/d892910d497.htm,2026-09-26 14:35:04.691501,200.0,97e2ee0c713fcb5de4514cbdc2e4bb7c23da21e109d95ab31a9df7878b25c2c9,SUCCESS,2.4334538000111934,
log_c4306de86e284223,sec_edgar_filings,US_ISHARES_TLT,https://www.sec.gov/Archives/edgar/data/1100663/000119312525152656/d62694d497.htm,2026-09-26 14:35:07.192490,200.0,dd9998f610aa00a9f785a7ad8373d9261cb8a4ce31cc451303a5c00d2430f900,SUCCESS,3.0645826999971177,
log_3a6a36b032044ed0,sec_edgar_filings,US_ISHARES_TLT,https://www.sec.gov/Archives/edgar/data/1100663/000119312525151483/d858154d497.htm,2026-09-26 14:35:09.692633,200.0,800c8beabe6173b381bd2ad13c7e7f26ba6ffe3bce326f1551ac5b4f78f1ae9d,SUCCESS,2.7510105000110343,
log_71027e27915a4bfe,sec_edgar_filings,US_ISHARES_TLT,https://www.sec.gov/Archives/edgar/data/1100663/000119312525151481/d937804d497.htm,2026-09-26 14:35:12.193368,200.0,195666b0e83bd51ac0216adecf97dfeb363f47ffd8ff0e906bd8a698c26bd2dd,SUCCESS,1.7916053000080865,
log_8ca1842cd061499c,sec_edgar_filings,US_ISHARES_TLT,https://www.sec.gov/Archives/edgar/data/1100663/000119312525151480/d926596d497.htm,2026-09-26 14:35:14.693758,200.0,6ea7212d37d29bfd65daa13de43da08de17d24d6903c214bc9131f83f36dbff1,SUCCESS,3.0452453999896534,
log_d6203d370c0e48c4,sec_edgar_filings,US_ISHARES_TLT,https://www.sec.gov/Archives/edgar/data/1100663/000119312525151477/d933980d497.htm,2026-09-26 14:35:17.194164,200.0,c74ad6fda7f693fcbe610943818f3322a26b4ed9c0c869d964591bba02bdedcf,SUCCESS,1.9770794000069145,
log_772012e4be964061,sec_edgar_filings,US_ISHARES_TLT,https://www.sec.gov/Archives/edgar/data/1100663/000119312525151475/d935891d497.htm,2026-09-26 14:35:19.694333,200.0,da59631fa4508681409796536742272a66bd26b791668d067a57311090715cbf,SUCCESS,2.791250599984778,
log_bbd3b2c38b964358,sec_edgar_filings,US_ISHARES_TLT,https://www.sec.gov/Archives/edgar/data/1100663/000119312525151413/d80969d497.htm,2026-09-26 14:35:22.194760,200.0,6102ca7a81826d94c443591375f16c32e26d26670fc6e60fc7246b25f072689a,SUCCESS,4.406986999994842,
log_8300e630017e4c6c,sec_edgar_filings,US_ISHARES_TLT,https://www.sec.gov/Archives/edgar/data/1100663/000119312525149660/d858192d497.htm,2026-09-26 14:35:25.939212,200.0,9f7afa070a3212af18e457a0c6d61420a835a25bb174ea6ee92718fef8a73baf,SUCCESS,1.0799608000088483,
log_018545dcb6804313,sec_edgar_filings,US_ISHARES_TLT,https://www.sec.gov/Archives/edgar/data/1100663/000119312525149296/d833515d497.htm,2026-09-26 14:35:28.439806,200.0,2b206ff3b8e5036039bde3ece4dcaddc210a3ddd15cfe20e1d4343277e303650,SUCCESS,3.7460215000028256,
log_a57cb278f8694475,sec_edgar_filings,US_ISHARES_TLT,https://www.sec.gov/Archives/edgar/data/1100663/000119312525144688/d910466d497.htm,2026-09-26 14:35:30.940238,200.0,3351a3d69c49a2e9cf07f93969c88618483a4ea2c80f07a230e90a57fb46c66f,SUCCESS,2.079468799987808,
log_9428c73b053c44a3,sec_edgar_filings,US_ISHARES_TLT,https://www.sec.gov/Archives/edgar/data/1100663/000119312525144683/d923637d497.htm,2026-09-26 14:35:33.440717,200.0,b6594468bd3fda66ec0d2191496c71c17466739dcb62bc71de7ebaf4fd89f71d,SUCCESS,1.4650297000189312,
log_4cfa1a17d33e4e6a,sec_edgar_filings,US_ISHARES_TLT,https://www.sec.gov/Archives/edgar/data/1100663/000119312525143780/d945286d497.htm,2026-09-26 14:35:35.941204,200.0,b8b1b011297fa3486bca11c99dc447d387100b5b691454f43c4f894731745b12,SUCCESS,2.62687099998584,
log_07e97d8f0c9d4dd7,sec_edgar_filings,US_ISHARES_TLT,https://www.sec.gov/Archives/edgar/data/1100663/000119312525140815/d92035d497.htm,2026-09-26 14:35:38.441432,200.0,344eabd3caf3b12a3bca39e08c7c2bfaa4ad3512bce029cf65eac850d3fca7be,SUCCESS,2.362419300014153,
log_af48fc541bf3493a,sec_edgar_filings,US_ISHARES_TLT,https://www.sec.gov/Archives/edgar/data/1100663/000119312525132329/d925393d497.htm,2026-09-26 14:35:40.942144,200.0,0c3214405434124e69c1edb277d1dda32e17fb42945053f19de08c499bd6962a,SUCCESS,2.5148489999992307,
log_e5c583f8753b48d6,sec_edgar_filings,US_ISHARES_TLT,https://www.sec.gov/Archives/edgar/data/1100663/000119312525132328/d944327d497.htm,2026-09-26 14:35:43.442728,200.0,5a6b2e8df13cdfbe74a52ccc50f7c244a911c4f44716de5206e107f6058653d5,SUCCESS,2.4363935999863315,
log_00630eddb0434acc,sec_edgar_filings,US_ISHARES_TLT,https://www.sec.gov/Archives/edgar/data/1100663/000119312525166407/d80334d497.htm,2026-09-26 14:35:45.943021,200.0,5976ca2bccd9cb3ba9ea478782537a52ee1716cfd78078aa6265345769615ff4,SUCCESS,2.894594000012148,
log_fe775df44c6349f6,sec_edgar_filings,US_ISHARES_TLT,https://www.sec.gov/Archives/edgar/data/1100663/000119312525166411/d16437d497.htm,2026-09-26 14:35:48.443188,200.0,18b745b6a77097bdbe7dd40937ad6c1f2283ff0da4a6a4cd3712ed4efc690074,SUCCESS,2.137578800000483,
log_61d005a18d114e40,sec_edgar_filings,US_ISHARES_TLT,https://www.sec.gov/Archives/edgar/data/1100663/000119312525164409/d45758d497.htm,2026-09-26 14:35:50.943366,200.0,32ec927d59fabaae7067046a32ae851a11f13a81c7b21d8984b618c0367653fc,SUCCESS,2.5787509999936447,
log_3bcf43e3fe884ae8,sec_edgar_filings,US_ISHARES_TLT,https://www.sec.gov/Archives/edgar/data/1100663/000119312525162592/d940331d497.htm,2026-09-26 14:35:53.443992,200.0,fcf8f9a72c67062f989b98521403754a87a82d794fe22eafea09ceda5297284f,SUCCESS,2.2437259999860544,
log_10289419bb8441da,sec_edgar_filings,US_ISHARES_TLT,https://www.sec.gov/Archives/edgar/data/1100663/000119312525162588/d936063d497.htm,2026-09-26 14:35:55.944611,200.0,8aaf5dd09282553b931c85ced5cb7a9cb3a563adab734542dc17a0b4e5e449c9,SUCCESS,2.4949553000042215,
log_985d4a16daf64356,sec_edgar_filings,US_ISHARES_TLT,https://www.sec.gov/Archives/edgar/data/1100663/000119312525160527/d100349d497.htm,2026-09-26 14:35:58.445112,200.0,5b9fc2fe52399e6e0802341de8b83c6254a0b52a42a9bdbf3d5ae9d9dd13074a,SUCCESS,2.534391699999105,
log_6bd5f201bfdf461a,sec_edgar_filings,US_ISHARES_TLT,https://www.sec.gov/Archives/edgar/data/1100663/000119312525158223/d938286d497.htm,2026-09-26 14:36:00.945390,200.0,36f45b7e9bce75647c3ab6c4430f93ee147ec51161a6e776526b1781c52b21d5,SUCCESS,2.5221415999985766,
log_6ef53f2548ee4ef5,sec_edgar_filings,US_ISHARES_TLT,https://www.sec.gov/Archives/edgar/data/1100663/000119312525153117/d12766d497.htm,2026-09-26 14:36:03.445976,200.0,d901b7aa571666382f34663604e27babbd701f9abfef16520dcf6d610c33a1a7,SUCCESS,3.3972992000053637,
log_8e19942f23ba4d57,sec_edgar_filings,US_ISHARES_TLT,https://www.sec.gov/Archives/edgar/data/1100663/000119312525152941/d59861d497.htm,2026-09-26 14:36:05.946238,200.0,b5bad58aae955eb2685b7cefb977e0530f025607ad57268c2deeb5d9a670a17b,SUCCESS,1.685701300011715,
log_1e2f39b4889b4fcd,sec_edgar_filings,US_ISHARES_TLT,https://www.sec.gov/Archives/edgar/data/1100663/000119312525192573/d81584d497.htm,2026-09-26 14:36:08.447405,200.0,aba18f15b38413c0fe4ebe678c157cd3dbf77704081446bdebec37d32a971350,SUCCESS,2.3268087999895215,
log_52ddc8bd284d42c0,sec_edgar_filings,US_ISHARES_TLT,https://www.sec.gov/Archives/edgar/data/1100663/000119312525185435/d797607d497.htm,2026-09-26 14:36:10.947593,200.0,89f2e1a17120261d47d14c73bb53989ff12eebdb73a0f1048a442bfd81e36231,SUCCESS,2.5954225000168663,
log_7e7ed1620d42437b,sec_edgar_filings,US_ISHARES_TLT,https://www.sec.gov/Archives/edgar/data/1100663/000119312525185274/d946888d497.htm,2026-09-26 14:36:13.447932,200.0,9f9ccbe56f8673cb4e0b5881038ca6e8b817f816b0447acff0f2620b4fb69767,SUCCESS,2.4066507999959867,
log_ef55feef97994142,sec_edgar_filings,US_ISHARES_TLT,https://www.sec.gov/Archives/edgar/data/1100663/000119312525181867/d32380d497.htm,2026-09-26 14:36:15.948492,200.0,0d914b3094a3b114902160e3a8106f0efd06256e370e959ca30f3d7ee0b21752,SUCCESS,2.5005237000004854,
log_a2a979869dac4808,sec_edgar_filings,US_ISHARES_TLT,https://www.sec.gov/Archives/edgar/data/1100663/000119312525178119/d945380d497.htm,2026-09-26 14:36:18.448919,200.0,666bc471b3e9b7a40976f1d298e5f516eea91fb1e94b82dfb38d492d1e64be4d,SUCCESS,2.5603219000040554,
log_1d60a7d5fa5049de,sec_edgar_filings,US_ISHARES_TLT,https://www.sec.gov/Archives/edgar/data/1100663/000119312525176991/d68767d497.htm,2026-09-26 14:36:20.949403,200.0,4f59848c0f238e853d2904736316d15848706000baa0d7d5612382769706bd7c,SUCCESS,2.6966941000137012,
log_fc043e43fd7d4b3f,sec_edgar_filings,US_ISHARES_TLT,https://www.sec.gov/Archives/edgar/data/1100663/000119312525171727/d35987d497.htm,2026-09-26 14:36:23.449859,200.0,1a4bbfd46cb9059f052dbb47e10a440a1b0c8091f4d8cc1b83a471c34888d7d2,SUCCESS,2.3453944999782834,
log_b639f256853d4749,sec_edgar_filings,US_ISHARES_TLT,https://www.sec.gov/Archives/edgar/data/1100663/000119312525171725/d946231d497.htm,2026-09-26 14:36:25.950079,200.0,cda92a5b1a1cfd8eb6925718811d5d52405ba30246ea0c60026cef3552c14aae,SUCCESS,2.4151302999816835,
log_8a7f80a9071449ac,sec_edgar_filings,US_ISHARES_TLT,https://www.sec.gov/Archives/edgar/data/1100663/000119312525171382/d91144d497.htm,2026-09-26 14:36:28.450297,200.0,da540bc116c7bfbf3e795771eb0b2089dcb58711dcb108968bb822a0416d2c01,SUCCESS,2.5834791000233963,
log_7e972a3000cb44d9,sec_edgar_filings,US_ISHARES_TLT,https://www.sec.gov/Archives/edgar/data/1100663/000119312525171077/d12817d497.htm,2026-09-26 14:36:30.950530,200.0,aeb3943d726dee222a163f7d5edee46cd246849471737bc9b0d55d982e1361db,SUCCESS,2.500870300020324,
log_4ac381fe919e4c21,sec_edgar_filings,US_ISHARES_TLT,https://www.sec.gov/Archives/edgar/data/1100663/000119312525170646/d72295d497.htm,2026-09-26 14:36:33.450936,200.0,05add7aa9e4678e3b23c5ac6fdfb1d2ccbfc7652c5fe637702e61ef49610f4bc,SUCCESS,2.9032567999965977,
log_4c8c8ebe4cc048ee,sec_edgar_filings,US_ISHARES_TLT,https://www.sec.gov/Archives/edgar/data/1100663/000119312525220684/d14216d497.htm,2026-09-26 14:36:35.951406,200.0,dd39f981b8d1bf7e93226c4c0c8ca7a7d8e11abeedf32daaa2c8f5bdd84d7283,SUCCESS,2.2697559999942314,
log_eec469de8f514223,sec_edgar_filings,US_ISHARES_TLT,https://www.sec.gov/Archives/edgar/data/1100663/000119312525220667/d74315d497.htm,2026-09-26 14:36:38.452086,200.0,7163e9ded3e0f70f000e219c9b1026484accdbc7cb7e680f2e372b5d965dd612,SUCCESS,2.038521100010257,
log_203959492ae44372,sec_edgar_filings,US_ISHARES_TLT,https://www.sec.gov/Archives/edgar/data/1100663/000119312525220646/d922321d497.htm,2026-09-26 14:36:40.952547,200.0,5253c549329b0a54a81a8eb5c632c99bfe740f6ac9f855fbbfa40f7817c1bb50,SUCCESS,2.519866099988576,
log_e9b527186b3d4a0e,sec_edgar_filings,US_ISHARES_TLT,https://www.sec.gov/Archives/edgar/data/1100663/000119312525213586/d76986d497.htm,2026-09-26 14:36:43.452675,200.0,588606b57f9afd851d14cc848989ed3d0ace8f6878ec6d72bf36f15cceb8d75d,SUCCESS,2.5304509999987204,
log_1a3168a280d64c40,sec_edgar_filings,US_ISHARES_TLT,https://www.sec.gov/Archives/edgar/data/1100663/000119312525213416/d12724d497.htm,2026-09-26 14:36:45.953218,200.0,72f2199f76abaf86856631907d6823ebd91a780f1820f87e791975313ff4d5a1,SUCCESS,2.4079675000102725,
log_f9205f57059042f8,sec_edgar_filings,US_ISHARES_TLT,https://www.sec.gov/Archives/edgar/data/1100663/000119312525202143/d85575d497.htm,2026-09-26 14:36:48.453964,200.0,9d26d441ed06fde53b948a57cd213370c2a5f564bbfd78de3502b7c6925dcf7a,SUCCESS,2.3647281999874394,
log_6c1317164c3a4cdb,sec_edgar_filings,US_ISHARES_TLT,https://www.sec.gov/Archives/edgar/data/1100663/000119312525194258/d45302d497.htm,2026-09-26 14:36:50.954533,200.0,c7c946da7c4f7d94b20cb3c7107299f7828d5b953c9f24c850a4fa24a6467a4c,SUCCESS,2.548455100011779,
log_6bca6a89d8b740f9,sec_edgar_filings,US_ISHARES_TLT,https://www.sec.gov/Archives/edgar/data/1100663/000119312525193994/d36297d497.htm,2026-09-26 14:36:53.455099,200.0,b853b800d62eb943bc95a96a31fdf69627ff4ef7da8b62b41b8d4733d3cc6272,SUCCESS,2.731829199998174,
log_796027a61f5e4361,sec_edgar_filings,US_ISHARES_TLT,https://www.sec.gov/Archives/edgar/data/1100663/000119312525258900/d850740d497.htm,2026-09-26 14:36:55.955205,200.0,32f501b96f6b8a7322800867cb758f9421767ad82ece941937821b4ecc8274f9,SUCCESS,2.4016583999909926,
log_79370356037e4c1e,sec_edgar_filings,US_ISHARES_TLT,https://www.sec.gov/Archives/edgar/data/1100663/000119312525258622/d853081d497.htm,2026-09-26 14:36:58.455742,200.0,4d4be3c4ea087ea29229ced99d7b2978587e5cfc455dc8f94fe58643a9caf7ba,SUCCESS,2.274068900005659,
log_07ce01a1dcad41e9,sec_edgar_filings,US_ISHARES_TLT,https://www.sec.gov/Archives/edgar/data/1100663/000119312525245584/d47996d497.htm,2026-09-26 14:37:00.956747,200.0,8963fad299cba9c92ab74fbd0b0a3701942f048949d54ad07e5c323f66ae6316,SUCCESS,2.7135420000122394,
log_ea274cc7b5a64507,sec_edgar_filings,US_ISHARES_TLT,https://www.sec.gov/Archives/edgar/data/1100663/000119312525245533/d53643d497.htm,2026-09-26 14:37:03.457117,200.0,fa278f57fde07d67459e17cc5864b008da5199aa69b9762dd534334b2a37b32d,SUCCESS,2.381901300017489,
log_3d0b540ba7f54e87,sec_edgar_filings,US_ISHARES_TLT,https://www.sec.gov/Archives/edgar/data/1100663/000119312525243500/d847683d497.htm,2026-09-26 14:37:05.957430,200.0,7f6cb699be8e40bee78944c7bd041bfb26c63cd90f924532fb6f5a8d7651cf69,SUCCESS,2.6650407999986783,
log_6b52ab6b48d34f40,sec_edgar_filings,US_ISHARES_TLT,https://www.sec.gov/Archives/edgar/data/1100663/000119312525241455/d21541d497.htm,2026-09-26 14:37:08.457541,200.0,1df50d0b3c4ff13b8f77edfd93e5d1d63a6c218d97c0bd5a0986e82787b264b1,SUCCESS,2.2324849999858998,
log_d07eb60e0dd14880,sec_edgar_filings,US_ISHARES_TLT,https://www.sec.gov/Archives/edgar/data/1100663/000119312525241445/d17098d497.htm,2026-09-26 14:37:10.959071,200.0,d1d6dc8e525632673411aba7a1a39c4a3f7c3a887167b46c22ee1b029975831a,SUCCESS,2.5143880000105128,
log_e6120a3283934dc0,sec_edgar_filings,US_ISHARES_TLT,https://www.sec.gov/Archives/edgar/data/1100663/000119312525240445/d13496d497.htm,2026-09-26 14:37:13.459376,200.0,7c9b915ca21c70a7469c2388530b511343b7b813f1057b9f639120b5be24f1fc,SUCCESS,2.4362744000100065,
log_a410c17f01e14971,sec_edgar_filings,US_ISHARES_TLT,https://www.sec.gov/Archives/edgar/data/1100663/000119312525240193/d46937d497.htm,2026-09-26 14:37:15.959561,200.0,083af31cf339ba43b7ff354c9c4f18ec77318dd812e83c9f61ff0702198b340a,SUCCESS,2.4245141000137664,
log_9397cd4639764fc0,sec_edgar_filings,US_ISHARES_TLT,https://www.sec.gov/Archives/edgar/data/1100663/000119312525237066/d838386d497.htm,2026-09-26 14:37:18.459940,200.0,aab6a39bd1af51aa3f72858dabcbce792bcb8384e45787c182da56ec75c1359a,SUCCESS,2.4282764999952633,
log_1bc5bb2c198d4b68,sec_edgar_filings,US_ISHARES_TLT,https://www.sec.gov/Archives/edgar/data/1100663/000119312525233824/d14518d497.htm,2026-09-26 14:37:20.960448,200.0,fe9b0227a29f114c16819e84ca4eff0745cc92822823d24ca797cc4fc9229233,SUCCESS,2.6118312000180595,
log_636482569b92485d,sec_edgar_filings,US_ISHARES_TLT,https://www.sec.gov/Archives/edgar/data/1100663/000119312525230367/d863213d497.htm,2026-09-26 14:37:23.460575,200.0,8faccea853cc4ef5aef1acc9032222749fccb4d53dd7d2530414585580ed4328,SUCCESS,2.600831100018695,
log_eac4a49aef324466,sec_edgar_filings,US_ISHARES_TLT,https://www.sec.gov/Archives/edgar/data/1100663/000119312525226832/d140482d497.htm,2026-09-26 14:37:25.961675,200.0,86b1dc2d05ebcfd117767c2158e886c96e2cb5045834940bf25c71c32f35c5d0,SUCCESS,2.5268202000006568,
log_2f90a83e6fac4bbd,sec_edgar_filings,US_ISHARES_TLT,https://www.sec.gov/Archives/edgar/data/1100663/000119312525225574/d77896d497.htm,2026-09-26 14:37:28.461886,200.0,9e5da6c2f2e15011702321b35531eb6e230385886c1acce719b3b378fe015b55,SUCCESS,2.4195395999995526,
log_aaee9f8f9e4b4777,sec_edgar_filings,US_ISHARES_TLT,https://www.sec.gov/Archives/edgar/data/1100663/000119312525297711/d938912d497.htm,2026-09-26 14:37:30.962436,200.0,014a10b21d4a8687ed6eb12c37ccb0f372f94b7dbab55639b8d9b09411dcf6b4,SUCCESS,2.3621819999825675,
log_b3f286b420cf4396,sec_edgar_filings,US_ISHARES_TLT,https://www.sec.gov/Archives/edgar/data/1100663/000119312525291668/d87125d497.htm,2026-09-26 14:37:33.462850,200.0,6146fc79bb79b050e0ed9ed08acdb5ff7bca5b8b3acab77ca56fbaf32207a9e4,SUCCESS,2.710016800003359,
log_002d5c9166664d38,sec_edgar_filings,US_ISHARES_TLT,https://www.sec.gov/Archives/edgar/data/1100663/000119312525287109/d82955d497.htm,2026-09-26 14:37:35.963391,200.0,8ce91b3b112647d42edce41a7d15bc0229ac0bb21bcc7a3cf2ef934c1f7ba959,SUCCESS,2.501554699992994,
log_bd1aba3c783b487e,sec_edgar_filings,US_ISHARES_TLT,https://www.sec.gov/Archives/edgar/data/1100663/000119312525283231/d67648d497.htm,2026-09-26 14:37:38.463724,200.0,d15976a5418d3b283973221ac1a5190850f4896912b73f695ef16e4a23d1d481,SUCCESS,2.529118800011929,
log_c7e13a624da94559,sec_edgar_filings,US_ISHARES_TLT,https://www.sec.gov/Archives/edgar/data/1100663/000119312525331050/d922635d497.htm,2026-09-26 14:37:40.964167,200.0,ddcd7dfc2f263e62cc4fb38373ceafe9f7ce480ed2924b0b54df62998780015c,SUCCESS,1.8814337000076193,
log_7e4aecf4cef44c63,sec_edgar_filings,US_ISHARES_TLT,https://www.sec.gov/Archives/edgar/data/1100663/000119312525328765/d86147d497.htm,2026-09-26 14:37:43.464356,200.0,1a5d89bafba00026b2d4c2846bfe463eb02310698afecdb7dc3eb5cff4a8c13d,SUCCESS,3.0184160000062548,
log_68285b9c9d2c40b7,sec_edgar_filings,US_ISHARES_TLT,https://www.sec.gov/Archives/edgar/data/1100663/000119312525324952/d938265d497.htm,2026-09-26 14:37:45.965122,200.0,1db040fee1d07b3c6a8a5580cacdf2a2b59546a2e6204315a58de6939c48c652,SUCCESS,1.98715479997918,
log_721c7a2cb73443d6,sec_edgar_filings,US_ISHARES_TLT,https://www.sec.gov/Archives/edgar/data/1100663/000119312525316017/d58282d497.htm,2026-09-26 14:37:48.465431,200.0,43b1d307691b158f0a8e8d83e8bcf68b2c72f37cb3b64b19155f2fc03b29a285,SUCCESS,2.4869844000204466,
log_d9fbc8da276f478e,sec_edgar_filings,US_ISHARES_TLT,https://www.sec.gov/Archives/edgar/data/1100663/000119312525309780/d79527d497.htm,2026-09-26 14:37:50.965697,200.0,0b5b3712b8575efa22704d689646817d34ad633e1750ea64c7c550e08f0f0723,SUCCESS,2.4054521000070963,
log_ec6b77ab2a224d7e,sec_edgar_filings,US_ISHARES_TLT,https://www.sec.gov/Archives/edgar/data/1100663/000119312525308207/d90938d497.htm,2026-09-26 14:37:53.466247,200.0,dec7649fe650e46097ea1f9159f68533ed28e09bb1cabc0d7ecfd0ab79a12e7a,SUCCESS,2.5640124000201467,
log_dde17b37cd0e4b1a,sec_edgar_filings,US_ISHARES_TLT,https://www.sec.gov/Archives/edgar/data/1100663/000119312525308009/d88695d497.htm,2026-09-26 14:37:55.966302,200.0,dbe724f097a785cad1dce26a486b7574954c6a55907bc08837568fbadf2fd4e4,SUCCESS,2.6012429999827873,
log_9540ead49c784c10,sec_edgar_filings,US_ISHARES_TLT,https://www.sec.gov/Archives/edgar/data/1100663/000119312526015356/d35944d497.htm,2026-09-26 14:37:58.469337,200.0,79f71ed6aaeca36030a19fb4a9b54be5b62769f1c9a0bb47f916ad43ea71bd68,SUCCESS,2.915931499999715,
log_ea961367f8fc453e,sec_edgar_filings,US_ISHARES_TLT,https://www.sec.gov/Archives/edgar/data/1100663/000119312526006456/d816607d497.htm,2026-09-26 14:38:00.969752,200.0,acd54a975e88f98bde579d172fd408fa271f88ee59fc8a418ac14948a40b1c91,SUCCESS,1.9624483000079636,
log_4799bd17c97842ee,sec_edgar_filings,US_ISHARES_TLT,https://www.sec.gov/Archives/edgar/data/1100663/000119312525338493/d36519d497.htm,2026-09-26 14:38:03.470248,200.0,174cbc0f9f9e957466ee19b8f629b4b089554841fa6bfc0108e314380ae311c4,SUCCESS,2.4521873999910895,
log_17b22fc5667b4ddc,sec_edgar_filings,US_ISHARES_TLT,https://www.sec.gov/Archives/edgar/data/1100663/000119312526064485/d29673d497.htm,2026-09-26 14:38:05.970368,200.0,358467b1d1cda828ab60b904b89d15ba9db8db0e34f30f124dd656afdf8d5af0,SUCCESS,2.3545691999897826,
log_99538a63429d44c5,sec_edgar_filings,US_ISHARES_TLT,https://www.sec.gov/Archives/edgar/data/1100663/000119312526056745/d51363d497.htm,2026-09-26 14:38:08.470493,200.0,8836ae41550d37826386f892c93bedab2d44980905829085d6382a1f7e40f6e6,SUCCESS,2.5518530000117607,
log_4ebe15514fb94ecb,sec_edgar_filings,US_ISHARES_TLT,https://www.sec.gov/Archives/edgar/data/1100663/000119312526051617/d88238d497.htm,2026-09-26 14:38:10.970679,200.0,f5d8afd79b11205ea23703358fddcbc7ae0fa3c646ad136e532fdee78ef887e3,SUCCESS,2.5043669999868143,
log_b18db6aacd6c4d7b,sec_edgar_filings,US_ISHARES_TLT,https://www.sec.gov/Archives/edgar/data/1100663/000119312526051604/d38921d497.htm,2026-09-26 14:38:13.471031,200.0,86ae91b01315c6abfae9b331e8b024218968c0b245b9b775f400fc8ec78c245b,SUCCESS,4.110557100008009,
log_4576d0b2759542c8,sec_edgar_filings,US_ISHARES_TLT,https://www.sec.gov/Archives/edgar/data/1100663/000119312526051590/d25478d497.htm,2026-09-26 14:38:16.143569,200.0,774898db3076c024639916885fb4a04bf8a40401803bc9676bd722c39b4adbfb,SUCCESS,0.9767773000057787,
log_288c434757d54836,sec_edgar_filings,US_ISHARES_TLT,https://www.sec.gov/Archives/edgar/data/1100663/000119312526129300/d765912d497.htm,2026-09-26 14:38:18.643833,200.0,55acaa1112fa42626026576f5f29a8044415f933b3fdebcdf59bbea1bc3bc357,SUCCESS,2.5054598999849986,
log_ac39ba08f54148c9,sec_edgar_filings,US_ISHARES_TLT,https://www.sec.gov/Archives/edgar/data/1100663/000119312526121940/d117046d497.htm,2026-09-26 14:38:21.144081,200.0,0f65ad011a6ffe9b0fc676ca42a6ef0402d529b9e93c1d7e0a3324c01222bf85,SUCCESS,2.424996200017631,
log_23be84c144f7468e,sec_edgar_filings,US_ISHARES_TLT,https://www.sec.gov/Archives/edgar/data/1100663/000119312526117990/d36768d497.htm,2026-09-26 14:38:23.644284,200.0,b830b7f3c2295aecdd5adfc2b30f7ce78ffcf3860c3b267591b1f28ae5504e3c,SUCCESS,2.6093351999879815,
log_cc0c969c74334be8,sec_edgar_filings,US_ISHARES_TLT,https://www.sec.gov/Archives/edgar/data/1100663/000119312526114192/d45638d497.htm,2026-09-26 14:38:26.144462,200.0,f8bac38858835400b2b1f7af0c41445954bd31f9de091a866fa51d1a99aa6a81,SUCCESS,2.556600599986268,
log_de21000776674739,sec_edgar_filings,US_ISHARES_TLT,https://www.sec.gov/Archives/edgar/data/1100663/000119312526114010/d864601d497.htm,2026-09-26 14:38:28.645649,200.0,d0bab012bec0a65529ea9c60350e454406eb8bf56209d0da1c5f2b04d8039b95,SUCCESS,2.103735399985453,
log_878531e6f46f4057,sec_edgar_filings,US_ISHARES_TLT,https://www.sec.gov/Archives/edgar/data/1100663/000119312526102313/d13062d497.htm,2026-09-26 14:38:31.146014,200.0,d31656f8006feaa6fe94db3df8a97a8a179f992425f265e4f71601732824f9da,SUCCESS,3.5213970999757294,
log_8b2edc7c0b374165,sec_edgar_filings,US_ISHARES_TLT,https://www.sec.gov/Archives/edgar/data/1100663/000119312526097152/d29298d497.htm,2026-09-26 14:38:33.646161,200.0,5fdf1972fbe924e4227f9280986015ab772139b8e63fbd40929dfd65629c9be0,SUCCESS,1.5998082000005525,
log_b35562a0cefd4bad,sec_edgar_filings,US_ISHARES_TLT,https://www.sec.gov/Archives/edgar/data/1100663/000119312526083306/d116517d497.htm,2026-09-26 14:38:36.146341,200.0,b1a783a5b59d9307d78e2b0b17a901e9c3607f647ea07e938467be1fd93324b8,SUCCESS,2.358109599997988,
log_2ae45a4d73374acb,sec_edgar_filings,US_ISHARES_TLT,https://www.sec.gov/Archives/edgar/data/1100663/000119312526196607/d112890d497.htm,2026-09-26 14:38:38.646929,200.0,9eed563de402618d22fa5c9e7a4c7e6b1baba74c7cf15f590f79ea3eba758a48,SUCCESS,2.4300856000045314,
log_091d37ea37f548a0,sec_edgar_filings,US_ISHARES_TLT,https://www.sec.gov/Archives/edgar/data/1100663/000119312526188422/d17882d497.htm,2026-09-26 14:38:41.147535,200.0,b9a0745cf7961915f13ff6090bbec9ed7e4c3d0c17db47a44dc430f3ed11ccfe,SUCCESS,2.476167599990731,
log_c8e90ed453424fd6,sec_edgar_filings,US_ISHARES_TLT,https://www.sec.gov/Archives/edgar/data/1100663/000119312526164165/d88796d497.htm,2026-09-26 14:38:43.647762,200.0,2e6720a7265726e643da19293d7bf63009c73cb5322a3c00dd47b297e92ba504,SUCCESS,2.5066892000031658,
log_37b3ce0517a245ef,sec_edgar_filings,US_ISHARES_TLT,https://www.sec.gov/Archives/edgar/data/1100663/000119312526140146/d105386d497.htm,2026-09-26 14:38:46.148155,200.0,222cd8f805c81305a65dbde504e71a28f0da7f9edd9cfbf214c6648ed3e7c5e6,SUCCESS,2.7043318999931216,
log_ece7a63ebdec478f,sec_edgar_filings,US_ISHARES_TLT,https://www.sec.gov/Archives/edgar/data/1100663/000119312526140080/d106622d497.htm,2026-09-26 14:38:48.648422,200.0,c5dce8b7c2800f2e49356a0b1cf40acc3fb4947a0af23ba630881fa06b81107a,SUCCESS,2.431488200003514,
log_7459b31a6df44b23,sec_edgar_filings,US_ISHARES_TLT,https://www.sec.gov/Archives/edgar/data/1100663/000119312526135209/d129347d497.htm,2026-09-26 14:38:51.148740,200.0,50aec65e6ca60613675b43059d6a4f6d7165013def7bce388de9e77c99ee1eff,SUCCESS,2.393377899978077,
log_26034805eb5c4111,sec_edgar_filings,US_ISHARES_TLT,https://www.sec.gov/Archives/edgar/data/1100663/000119312526239677/d24890d497.htm,2026-09-26 14:38:53.649084,200.0,00dfc510d2afa23776628877b7d2da00d9bb68846a34d3f4093a3dc82989f240,SUCCESS,2.439247600006638,
log_75272e3feafc489f,sec_edgar_filings,US_ISHARES_TLT,https://www.sec.gov/Archives/edgar/data/1100663/000119312526237040/d105379d497.htm,2026-09-26 14:38:56.149591,200.0,34ce8d4a4765d9d6f85c92409e69eb11d96cbb0aa6009d22ac6d5c4acb16e6af,SUCCESS,2.462813999998616,
log_f195fc70614141cc,sec_edgar_filings,US_ISHARES_TLT,https://www.sec.gov/Archives/edgar/data/1100663/000119312526237012/d108481d497.htm,2026-09-26 14:38:58.650585,200.0,e062db17e91eb6d274a408b722deb2922c343f47c2a952ea53b30bd0c8f73d1b,SUCCESS,2.5538319000042975,
log_930cfec1c812498f,sec_edgar_filings,US_ISHARES_TLT,https://www.sec.gov/Archives/edgar/data/1100663/000119312526232632/d112764d497.htm,2026-09-26 14:39:01.151170,200.0,7c7ea35c15c0f1c619211835bc9ab1c27b581c05452715229b395f3a09f05548,SUCCESS,2.4560173000209033,
log_e8b042d5cd1441c5,sec_edgar_filings,US_ISHARES_TLT,https://www.sec.gov/Archives/edgar/data/1100663/000119312526204769/d121690d497.htm,2026-09-26 14:39:03.652176,200.0,9458041f9c688c4fb667e5bcd94149e648043fee27b4cedb1807a84a102b677b,SUCCESS,2.4000500999973156,
log_a0e41a3de27843b7,sec_edgar_filings,US_ISHARES_TLT,https://www.sec.gov/Archives/edgar/data/1100663/000119312526288507/d144232d497.htm,2026-09-26 14:39:06.152716,200.0,773a3e1d979da58058029ea9050369a87e4f8c1c017a7900d3774deb7698ed00,SUCCESS,2.501229199988302,
log_bff8759fb7584cce,sec_edgar_filings,US_ISHARES_TLT,https://www.sec.gov/Archives/edgar/data/1100663/000119312526279612/d74881d497.htm,2026-09-26 14:39:08.653188,200.0,986d7bb132a2a1e8e07022dd290e936730cba6d368b2ef285524041c7927f645,SUCCESS,2.5328125999949407,
log_b87291ded4e54615,sec_edgar_filings,US_ISHARES_TLT,https://www.sec.gov/Archives/edgar/data/1100663/000119312526279474/d143191d497.htm,2026-09-26 14:39:11.153503,200.0,c2e89a5a595852ec3ea74ffbd9b8aead89b827907db3e3f825c839653137d541,SUCCESS,2.510146299988264,
log_8052a80f59fe48f6,sec_edgar_filings,US_ISHARES_TLT,https://www.sec.gov/Archives/edgar/data/1100663/000119312526269593/d74967d497.htm,2026-09-26 14:39:13.653600,200.0,d4753ee9f18867febc13cfc93b240606a9fbda656f189e03583543df3b4876e8,SUCCESS,2.599126100016292,
log_bd690b2c2f924a1e,sec_edgar_filings,US_ISHARES_TLT,https://www.sec.gov/Archives/edgar/data/1100663/000119312526269590/d168658d497.htm,2026-09-26 14:39:16.153913,200.0,75746f0add85ebd7724d05ad887fbf580a1445da20a3c4ea2c4667f5876817e7,SUCCESS,2.4218488999758847,
log_acdf2a9d90f5402f,sec_edgar_filings,US_ISHARES_TLT,https://www.sec.gov/Archives/edgar/data/1100663/000119312526267888/d121420d497.htm,2026-09-26 14:39:18.654354,200.0,caf4b1428f5efd3798756d9815425203d0cdf51d458688629441438d39e971f3,SUCCESS,2.58267619999242,
log_d59c975b08f14308,sec_edgar_filings,US_ISHARES_TLT,https://www.sec.gov/Archives/edgar/data/1100663/000119312526267877/d143945d497.htm,2026-09-26 14:39:21.154691,200.0,4a92334408598170baca70379751806d09fe308a82895775a2eb7ca7cc6a103a,SUCCESS,2.380220699997153,
log_6656026237fc41ee,sec_edgar_filings,US_ISHARES_TLT,https://www.sec.gov/Archives/edgar/data/1100663/000119312526267872/d74088d497.htm,2026-09-26 14:39:23.655044,200.0,b5e4771bb7559c9a634293e8e25652843e18172a3a94373c05a68e218348b01b,SUCCESS,2.715059799986193,
log_f5d031616e9d401c,sec_edgar_filings,US_ISHARES_TLT,https://www.sec.gov/Archives/edgar/data/1100663/000119312526267869/d46038d497.htm,2026-09-26 14:39:26.155231,200.0,be5ad514db0fd1cf813e62e133885811797f770cb8142592179335cc06d1cf97,SUCCESS,2.3648886999872047,
log_ef7110d27db045ed,sec_edgar_filings,US_ISHARES_TLT,https://www.sec.gov/Archives/edgar/data/1100663/000119312526267864/d20417d497.htm,2026-09-26 14:39:28.655426,200.0,250a1267e11495bba825a62f3629f7ca68600f8128bfaec4589d5bc5b7046e09,SUCCESS,2.4355620999995153,
log_f426415aa7a44338,sec_edgar_filings,US_ISHARES_TLT,https://www.sec.gov/Archives/edgar/data/1100663/000119312526267858/d162061d497.htm,2026-09-26 14:39:31.155568,200.0,ad55ffb9bb1173f124b5aa4d14412b17a90a1afc6012f9da964797c237168b21,SUCCESS,3.5681107999989763,
log_c4fddba8b0584507,sec_edgar_filings,US_ISHARES_TLT,https://www.sec.gov/Archives/edgar/data/1100663/000119312526267852/d154427d497.htm,2026-09-26 14:39:33.655799,200.0,844ba76a2078925801265f3b074f5f7968763d1aae83c4aea0358307062c8663,SUCCESS,1.508789900020929,
log_8de089632ed44a41,sec_edgar_filings,US_ISHARES_TLT,https://www.sec.gov/Archives/edgar/data/1100663/000119312526249172/d126264d497.htm,2026-09-26 14:39:36.155971,200.0,383c995df14c85e21826b8f6e567b3f2f5115addd7a5179ffd892aad5d1df59a,SUCCESS,2.5392869999923278,
log_36b9cb92c4174d98,sec_edgar_filings,US_ISHARES_TLT,https://www.sec.gov/Archives/edgar/data/1100663/000119312526326458/d123143d497.htm,2026-09-26 14:39:38.656782,200.0,43768bc03c1fb71017ba076ff5b15c2ec3fb28211326160b8e4168eb94ce5fb4,SUCCESS,2.304645600001095,
log_1b548a049d8b40a4,sec_edgar_filings,US_ISHARES_TLT,https://www.sec.gov/Archives/edgar/data/1100663/000119312526326445/d25273d497.htm,2026-09-26 14:39:41.157808,200.0,a08218d45dfe0ba8ea3ed37dab2eda58a5dc3d159c23e857980c839f51d7bea0,SUCCESS,2.631182000011904,
log_f6ec78e5652840f2,sec_edgar_filings,US_ISHARES_TLT,https://www.sec.gov/Archives/edgar/data/1100663/000119312526326439/d161787d497.htm,2026-09-26 14:39:43.658081,200.0,fd29b9dcfee58630afe0e308d3fe3466b80df1cde8a0af6d24299e0f797acb7d,SUCCESS,2.3128710000019055,
log_5caadecc24414a37,sec_edgar_filings,US_ISHARES_TLT,https://www.sec.gov/Archives/edgar/data/1100663/000119312526307874/d94466d497.htm,2026-09-26 14:39:46.158399,200.0,ece03ba68a5aaf3c817c4f6b9bd64b677ead55387401497b6c00f84cff703039,SUCCESS,2.5474888999888208,
log_32b53fc7e7224a00,sec_edgar_filings,US_ISHARES_TLT,https://www.sec.gov/Archives/edgar/data/1100663/000119312526306133/d157213d497.htm,2026-09-26 14:39:48.658806,200.0,a9dad30a31ad649f3cf48231a29734ed55bbc27ba5d1bc578c1c4c33c984eacd,SUCCESS,2.4722557999775745,
log_b168f758bead4395,sec_edgar_filings,US_ISHARES_TLT,https://www.sec.gov/Archives/edgar/data/1100663/000119312526306123/d160783d497.htm,2026-09-26 14:39:51.159320,200.0,9e374339c503ac1f3afbf3a6dc056115cfdc9d347ed16bd29782dde2f08116c1,SUCCESS,2.708053900016239,
log_bcb544af4d3041a1,sec_edgar_filings,US_ISHARES_TLT,https://www.sec.gov/Archives/edgar/data/1100663/000119312526306122/d145677d497.htm,2026-09-26 14:39:53.659649,200.0,8589633deb798a60f69354eba15cf808392dbe86479e9022b7d24bb6eaa8cf04,SUCCESS,2.2940859000082128,
log_da47fb64d1774973,sec_edgar_filings,US_ISHARES_TLT,https://www.sec.gov/Archives/edgar/data/1100663/000119312526306120/d151429d497.htm,2026-09-26 14:39:56.160165,200.0,dd1fdf7770161ec03ecf76037796c9a8e9abf891cd94766b425761307a09a189,SUCCESS,3.641407499992056,
log_d7f14c7785e54a10,sec_edgar_filings,US_ISHARES_TLT,https://www.sec.gov/Archives/edgar/data/1100663/000119312526306119/d154864d497.htm,2026-09-26 14:39:58.660403,200.0,7c7159c45b0a42513d6d7a90b8da303ec3b521f540dce139268f1768d015c253,SUCCESS,1.4979975000023842,
log_5edc4f0f4e124e51,sec_edgar_filings,US_ISHARES_TLT,https://www.sec.gov/Archives/edgar/data/1100663/000119312526306116/d155509d497.htm,2026-09-26 14:40:01.160563,200.0,ca038d7e15083df015eabe836cc73d1a42841d009c8618643512a730cd67f53f,SUCCESS,2.3520539999881294,
log_993fe788b62e4214,sec_edgar_filings,US_ISHARES_TLT,https://www.sec.gov/Archives/edgar/data/1100663/000119312526306115/d156341d497.htm,2026-09-26 14:40:03.661094,200.0,6a496bc7d22bed5123125cb7712cf7812e39d4640163dce29eb3d5ecd1f4bf47,SUCCESS,2.629855699982727,
log_f17437c44052480e,sec_edgar_filings,US_ISHARES_TLT,https://www.sec.gov/Archives/edgar/data/1100663/000119312526300908/d898074d497.htm,2026-09-26 14:40:06.161675,200.0,3e6d6cb4e9d5e319e905d0517c8c81e27ef8f049a5ee7979dc656693dcabe5e8,SUCCESS,2.3847257000161335,
log_86cdfc347ed44010,sec_edgar_filings,US_ISHARES_TLT,https://www.sec.gov/Archives/edgar/data/1100663/000119312526294655/d83700d497.htm,2026-09-26 14:40:08.662614,200.0,e8b2fea09a8fe965aecb2c68b1d5d9762df5969614f02c334c4e59347a6fa57d,SUCCESS,2.457725099986419,
log_bfae366a951b4501,sec_edgar_filings,US_ISHARES_TLT,https://www.sec.gov/Archives/edgar/data/1100663/000119312526293181/d83700d497.htm,2026-09-26 14:40:11.162813,200.0,e8f5a24b7941ee340b2658503a979bf50cff8d427ba84b0f1f9beef45ad6220d,SUCCESS,2.426003500004299,
log_f0f74a5921f64c4e,sec_edgar_filings,US_ISHARES_TLT,https://www.sec.gov/Archives/edgar/data/1100663/000119312526292033/d110723d497.htm,2026-09-26 14:40:13.663248,200.0,7079e7b67616604fea2e6705db4f54ad9be03ac09d45f24c26791ec1f59f0259,SUCCESS,2.5573774999938905,
log_b5d91e91578345cc,sec_edgar_filings,US_ISHARES_TLT,https://www.sec.gov/Archives/edgar/data/1100663/000119312526291166/d10430d497.htm,2026-09-26 14:40:16.163594,200.0,2b68846bec4b87534a84a40c21287c4b487928c4bd4e9ce9eef95400f4881a20,SUCCESS,2.4595225999946706,
log_51d5e8b1340b4ff0,sec_edgar_filings,US_ISHARES_TLT,https://www.sec.gov/Archives/edgar/data/1100663/000119312526376132/d164169d497.htm,2026-09-26 14:40:18.663781,200.0,f292ea03a7b41ecd56cbffeab5257516e8fec1022c3f4ad9556d81338a05c1f1,SUCCESS,2.544129799993243,
log_5fd6f22a6f02487f,sec_edgar_filings,US_ISHARES_TLT,https://www.sec.gov/Archives/edgar/data/1100663/000119312526376116/d163838d497.htm,2026-09-26 14:40:21.164368,200.0,bfb1512e0663a51c307efe1528613329a962c689781a152e98487604b2cddf93,SUCCESS,2.385170699999435,
log_ad4e11b77c624e67,sec_edgar_filings,US_ISHARES_TLT,https://www.sec.gov/Archives/edgar/data/1100663/000119312526376106/d163946d497.htm,2026-09-26 14:40:23.664571,200.0,b817e92971553388949ecfb6bdb93d61fcb1e847f7eebab8d2727665ded240bf,SUCCESS,2.6399640000017826,
log_2ed301655a5b452f,sec_edgar_filings,US_ISHARES_TLT,https://www.sec.gov/Archives/edgar/data/1100663/000119312526361162/d133118d497.htm,2026-09-26 14:40:26.164994,200.0,76b1ea9ac40a6b517caf643e713dbe64ed9e90bc2921725f8029e3223ecda59b,SUCCESS,2.3605102000001352,
log_9be68fcb1d094401,sec_edgar_filings,US_ISHARES_TLT,https://www.sec.gov/Archives/edgar/data/1100663/000119312526354177/d153282d497.htm,2026-09-26 14:40:28.665373,200.0,9bec2fc7e5a69ef29a95ccd8530ca371c69987d4094d5dab7dc6340d263e071e,SUCCESS,2.484492700023111,
log_c23f393bbcd54542,sec_edgar_filings,US_ISHARES_TLT,https://www.sec.gov/Archives/edgar/data/1100663/000119312526352275/d129369d497.htm,2026-09-26 14:40:31.165811,200.0,692c91c055a773e202244fb5ff32263ac76740e73e89e012fa6e8b75816a41ff,SUCCESS,2.506803800002672,
log_5b6685f0f2d24115,sec_edgar_filings,US_ISHARES_TLT,https://www.sec.gov/Archives/edgar/data/1100663/000119312526338192/d114838d497.htm,2026-09-26 14:40:33.666405,200.0,d4c38eba0231e950a1c9fd7415b294cefb64770e7c25a88dc70ce9a66a613073,SUCCESS,2.565412700001616,
log_b890c79c418e43af,sec_edgar_filings,US_ISHARES_TLT,https://www.sec.gov/Archives/edgar/data/1100663/000119312526338183/d89689d497.htm,2026-09-26 14:40:36.167111,200.0,d9bd8e1943854d56e26635ebcb86f5f05085ddd325e97bb9e1b8e352992b3d44,SUCCESS,2.414391500002239,
log_6e1a47fe950b4398,sec_edgar_filings,US_ISHARES_TLT,https://www.sec.gov/Archives/edgar/data/1100663/000119312526338154/d83054d497.htm,2026-09-26 14:40:38.667438,200.0,5d8a2e8962feaefe5267f62857f5ffac52d1b06834515413e0aedcdafb44266f,SUCCESS,2.520209500013152,
log_0362ff6deb5d4089,sec_edgar_filings,US_ISHARES_TLT,https://www.sec.gov/Archives/edgar/data/1100663/000119312526330968/d55058d497.htm,2026-09-26 14:40:41.167898,200.0,1453a922fcb3e15b8a1571f2e31e8acb6ba9244e25b4e93ba41d830f527cf60a,SUCCESS,2.436323900008574,
log_15ac9382dfab4bdc,sec_edgar_filings,US_ISHARES_TLT,https://www.sec.gov/Archives/edgar/data/1100663/000119312526398125/d181895d497.htm,2026-09-26 14:40:43.668200,200.0,f90830fac01431c0cce67505b4647302913ccecebcd4897a5474b036a096be1a,SUCCESS,2.8222975000098813,
log_9e332c01d71340ff,sec_edgar_filings,US_ISHARES_TLT,https://www.sec.gov/Archives/edgar/data/1100663/000119312526395798/d165827d497.htm,2026-09-26 14:40:46.168413,200.0,0c3cfe67e6af77e64d9e6d04065c6d22ad980a74e3015a41c0ecd33d9dc6da89,SUCCESS,2.244724399992265,
log_d0d8d4dddaff40b2,sec_edgar_filings,US_ISHARES_TLT,https://www.sec.gov/Archives/edgar/data/1100663/000119312526389306/d135258d497.htm,2026-09-26 14:40:48.668979,200.0,68df629271f45e35a78889b2d64132946935c6f0fb8a92dc302f4349ac48c807,SUCCESS,2.620651100005489,
log_700855c8f87c486f,sec_edgar_filings,US_ISHARES_TLT,https://www.sec.gov/Archives/edgar/data/1100663/000119312526383660/d118308d497.htm,2026-09-26 14:40:51.169340,200.0,5218173e9800d7c826c95a828c16d2380143629ee41bd16d8827bad9e5ef1502,SUCCESS,2.3136616999981925,
log_152593e04c6041d2,sec_edgar_filings,US_ISHARES_TLT,https://www.sec.gov/Archives/edgar/data/1100663/000119312526380260/d535954d497.htm,2026-09-26 14:40:53.669805,200.0,b2116b75eacee79bb4c3395bb99c62ba989cea3ff221ac6348d97bfac4130311,SUCCESS,2.511402999982238,
log_26cf539def32450a,sec_edgar_filings,US_ISHARES_TLT,https://www.sec.gov/Archives/edgar/data/1100663/000119312526377124/d133702d497.htm,2026-09-26 14:40:56.170985,200.0,0a95c885d359ec7d9ebfe6b55935c1450be2f223c69a0edaa7022469da13cce9,SUCCESS,2.897096700005932,
log_97a0ad795da04ea7,sec_edgar_submissions_api,US_ISHARES_HDV,https://data.sec.gov/submissions/CIK0001100663.json,2026-09-26 14:41:01.820008,200.0,bb6aec42416c270a7fb00e6ea1740fc7c718e3847f412ae57f09dc867c5e1fc0,SUCCESS,3.9956210000091232,
log_169555ed38a24b3b,sec_edgar_submissions_api,US_ISHARES_HDV,https://data.sec.gov/submissions/CIK0001100663-submissions-002.json,2026-09-26 14:41:04.751303,200.0,ad220ef41a624867cdf87d37d40a407f1f177df021b340bd29797de6991a987d,SUCCESS,2.2611637999943923,
log_b961a6d29e4f4e44,official_fund_sponsor_page,US_ISHARES_HDV,https://www.ishares.com/us/products/239563/,2026-09-26 14:41:09.523579,403.0,,RETRIEVAL_FAILED,2.139861400006339,HTTP 403: Forbidden
log_28b7deff362a45bc,sec_edgar_filings,US_ISHARES_HDV,https://www.sec.gov/Archives/edgar/data/1100663/000119312524245748/d843984d497.htm,2026-09-26 14:41:13.190228,200.0,73cd78c59440c22b4db721a87e2892f80d4c4f45a394ece6826d7125bf1fd801,SUCCESS,2.1054747000162024,
log_b38f4d73dc824e5c,sec_edgar_filings,US_ISHARES_HDV,https://www.sec.gov/Archives/edgar/data/1100663/000119312524242848/d866922d497.htm,2026-09-26 14:41:15.690812,200.0,1f5a90ec402fe09bb4b06e8f3a31c4621f53c31a38502ae46b196363a104a8b5,SUCCESS,2.202724600007059,
log_790347c3fdcd462a,sec_edgar_filings,US_ISHARES_HDV,https://www.sec.gov/Archives/edgar/data/1100663/000119312524239640/d895738d497.htm,2026-09-26 14:41:18.191378,200.0,ea0d28b5f47a015457e4aded5c16e673c9ce9f5c9c8fd071c3541ec3d4ebd2fe,SUCCESS,2.6880206000059843,
log_ec7c8e640ee1485c,sec_edgar_filings,US_ISHARES_HDV,https://www.sec.gov/Archives/edgar/data/1100663/000119312524238913/d894453d497.htm,2026-09-26 14:41:20.691524,200.0,58691ce5e5a1ebc3bedc51cc98d5cf7c67e6fd7e6d6a4bf1ddc14aec0332f2a0,SUCCESS,2.4203083000029437,
log_e992ba9e69044119,sec_edgar_filings,US_ISHARES_HDV,https://www.sec.gov/Archives/edgar/data/1100663/000119312524238908/d894041d497.htm,2026-09-26 14:41:23.192123,200.0,5a971737e3d25608d6874bb6ff5ede8c0e0f392b86a86297d45b641472fc86cf,SUCCESS,2.4409843000175897,
log_e9e3a93b3a91493b,sec_edgar_filings,US_ISHARES_HDV,https://www.sec.gov/Archives/edgar/data/1100663/000119312524238902/d890449d497.htm,2026-09-26 14:41:25.692373,200.0,e8f91d733b89b0732f87820bb0ceb5ef936e75cb702bb1a26cd77603b9d2006e,SUCCESS,2.4742307999986224,
log_14ca5fa8f6e14089,sec_edgar_filings,US_ISHARES_HDV,https://www.sec.gov/Archives/edgar/data/1100663/000119312524238835/d860426d497.htm,2026-09-26 14:41:28.192470,200.0,3b8598f26180a24673c2565d9bc505ec40d04445a8a0dbf3b84ca346ef55d512,SUCCESS,2.561334900005022,
log_ad227cf7e2a74e70,sec_edgar_filings,US_ISHARES_HDV,https://www.sec.gov/Archives/edgar/data/1100663/000119312524236754/d131931d497.htm,2026-09-26 14:41:30.693206,200.0,578972467512d796af102d2558b629a84edab1a26e1e8a20c02f308698da48e0,SUCCESS,3.01091999997152,
log_ef890a481111490a,sec_edgar_filings,US_ISHARES_HDV,https://www.sec.gov/Archives/edgar/data/1100663/000119312524233837/d788518d497.htm,2026-09-26 14:41:33.193302,200.0,deb9d0231aa987b37c95f7f01e5eeaaf234f61414fd81712237ca3d26070801d,SUCCESS,1.5406615000101738,
log_532ea7e81d04415c,sec_edgar_filings,US_ISHARES_HDV,https://www.sec.gov/Archives/edgar/data/1100663/000119312524229262/d814275d497.htm,2026-09-26 14:41:35.693598,200.0,8d28d6076b70d64c34e1b22e274410cda81084450db5baaebcca312b985f86d5,SUCCESS,4.04979610000737,
log_622e177f02b24654,sec_edgar_filings,US_ISHARES_HDV,https://www.sec.gov/Archives/edgar/data/1100663/000119312524267301/d875052d497.htm,2026-09-26 14:41:38.571740,200.0,994014a2e0c0c803bb01c525eeb5f5d10730c70dfd1dea3243be587b097bbe34,SUCCESS,1.6738192000193521,
log_dbcd4f6f129c4160,sec_edgar_filings,US_ISHARES_HDV,https://www.sec.gov/Archives/edgar/data/1100663/000119312524261914/d911527d497.htm,2026-09-26 14:41:41.072020,200.0,cda2e2e9ec0d7871884db0a66c3f2253f75e092f5810545551f3359c99e7a94a,SUCCESS,1.4886530000076164,
log_8bb9908ca3654bec,sec_edgar_filings,US_ISHARES_HDV,https://www.sec.gov/Archives/edgar/data/1100663/000119312524287196/d848374d497.htm,2026-09-26 14:41:43.572567,200.0,2c5f89057381013b3ca8bb9e1d1f3c4d684651933a3aeec48a8f89cb33b45cfe,SUCCESS,2.3906545999925584,
log_4e992563c5f643d9,sec_edgar_filings,US_ISHARES_HDV,https://www.sec.gov/Archives/edgar/data/1100663/000119312524287179/d842136d497.htm,2026-09-26 14:41:46.072775,200.0,c84055937d160d9cce60f79b7ab9735d86377ff76c5e315b0fa05a342e0bfb64,SUCCESS,2.857522699981928,
log_33f3dc425ba64b7c,sec_edgar_filings,US_ISHARES_HDV,https://www.sec.gov/Archives/edgar/data/1100663/000119312524286941/d916258d497.htm,2026-09-26 14:41:48.573339,200.0,9925703ee2adb913becaafb685335ea082fadad4bacf8975e90abf5a4bcbb54a,SUCCESS,2.083695400011493,
log_7941229f77ac4760,sec_edgar_filings,US_ISHARES_HDV,https://www.sec.gov/Archives/edgar/data/1100663/000119312524286938/d915949d497.htm,2026-09-26 14:41:51.073858,200.0,58672fb3187fd7cd6a35cab35a21e65a2910a998d9784c569b2474972c9b723d,SUCCESS,2.493113100004848,
log_82c2d7ebe7ee44c8,sec_edgar_filings,US_ISHARES_HDV,https://www.sec.gov/Archives/edgar/data/1100663/000119312524283370/d901579d497.htm,2026-09-26 14:41:53.574454,200.0,0e1b3775a196226c6b5ed01264e821a75e16949946f26cbad676252063283e77,SUCCESS,2.8651771000004373,
log_1361a555c21246a3,sec_edgar_filings,US_ISHARES_HDV,https://www.sec.gov/Archives/edgar/data/1100663/000119312524283367/d869601d497.htm,2026-09-26 14:41:56.074715,200.0,d0ef04e6c4c83dd9668a89307f67f2404251b555e865099b25ba5ea662a4d3d7,SUCCESS,2.005001399986213,
log_180819572f974a34,sec_edgar_filings,US_ISHARES_HDV,https://www.sec.gov/Archives/edgar/data/1100663/000119312524282143/d901522d497.htm,2026-09-26 14:41:58.575056,200.0,318477ac4529a7b02621ccb18838b87e5e38ffffcb2b29f0f8d7b2f468cbef26,SUCCESS,2.293239899998298,
log_99ee488d3502430a,sec_edgar_filings,US_ISHARES_HDV,https://www.sec.gov/Archives/edgar/data/1100663/000119312524282139/d901516d497.htm,2026-09-26 14:42:01.075314,200.0,ca66868c7cba898da6922427eb27d81a405894a6eebfbb3474ff130df5cf999c,SUCCESS,2.483495100022992,
log_8e8bd6968e3149ca,sec_edgar_filings,US_ISHARES_HDV,https://www.sec.gov/Archives/edgar/data/1100663/000119312524281940/d826977d497.htm,2026-09-26 14:42:03.575733,200.0,800d5cf486e2fb95e45173b99dd4120efe0e90ad9a51b0fdcdd479bf8e32183a,SUCCESS,2.534779800014803,
log_ae57581e20e54656,sec_edgar_filings,US_ISHARES_HDV,https://www.sec.gov/Archives/edgar/data/1100663/000119312524271487/d904601d497.htm,2026-09-26 14:42:06.076126,200.0,0ee77de6ba3db7adbc70affe8919d2663fdec24e83bcbd247571ae1518849360,SUCCESS,4.163312400021823,
log_6897b74c83ae4d80,sec_edgar_filings,US_ISHARES_HDV,https://www.sec.gov/Archives/edgar/data/1100663/000119312524271371/d876550d497.htm,2026-09-26 14:42:09.031828,200.0,f18fb9460288f770219675492a623770ad545701783d5a971c3fb6db8e3effa0,SUCCESS,1.5364641000051051,
log_31dd908c57b24c3a,sec_edgar_submissions_api,US_ISHARES_HDV,https://data.sec.gov/submissions/CIK0001100663-submissions-001.json,2026-09-26 14:42:10.711166,200.0,4b0840de53146277b9c65f543745bdc767e1b1fe714103072c3a78695ac3aa0e,SUCCESS,2.256608800002141,
log_bcaf4a665b0b4afe,sec_edgar_filings,US_ISHARES_HDV,https://www.sec.gov/Archives/edgar/data/1100663/000119312525011478/d925726d497.htm,2026-09-26 14:42:12.976688,200.0,f3664cc090ef0083395e6c1d676e0ec279501c929ef184749cbafa72846fd637,SUCCESS,1.0332774999842513,
log_f1a24292e25c4247,sec_edgar_filings,US_ISHARES_HDV,https://www.sec.gov/Archives/edgar/data/1100663/000119312525008535/d136256d497.htm,2026-09-26 14:42:15.477181,200.0,1ff29213a01028ad45429b0b9d6b52dcaa727548883a2c547733afa0ba2750ff,SUCCESS,2.5262473999755457,
log_12b13b26f1064005,sec_edgar_filings,US_ISHARES_HDV,https://www.sec.gov/Archives/edgar/data/1100663/000119312525007202/d921290d497.htm,2026-09-26 14:42:17.977574,200.0,3028657a53eda3bf72c5a54a0004b6a982e4cd55ed9bebf07cdc07014eca799c,SUCCESS,2.754985999985365,
log_b45ac1f8f6514612,sec_edgar_filings,US_ISHARES_HDV,https://www.sec.gov/Archives/edgar/data/1100663/000119312524287209/d886745d497.htm,2026-09-26 14:42:20.478218,200.0,f774954618d5741901ac4565eeb2a7a11825afca65900f54e59493db7e251d4c,SUCCESS,2.1421186000225134,
log_648c50d5c588418f,sec_edgar_filings,US_ISHARES_HDV,https://www.sec.gov/Archives/edgar/data/1100663/000119312525042406/d905405d497.htm,2026-09-26 14:42:22.978495,200.0,a40b5b7c77c7bed584c0e3c41a61ce151a3e8c4a3e85184c073c04abf40060a0,SUCCESS,2.303336099983426,
log_1530d187d316477c,sec_edgar_filings,US_ISHARES_HDV,https://www.sec.gov/Archives/edgar/data/1100663/000119312525030937/d895008d497.htm,2026-09-26 14:42:25.478679,200.0,cce4b67c1cca8afb08f9639d26ba1de588a8546f33ec461622e02bbed74af122,SUCCESS,2.459398200007854,
log_9787458224c9443c,sec_edgar_filings,US_ISHARES_HDV,https://www.sec.gov/Archives/edgar/data/1100663/000119312525029722/d925698d497.htm,2026-09-26 14:42:27.979745,200.0,03ebc8cf5cc2b9853c8e5193e6b68c1b2b71b726ce03ae486da082457a9bbf0c,SUCCESS,2.561770300002536,
log_cf5d64aab4e94405,sec_edgar_filings,US_ISHARES_HDV,https://www.sec.gov/Archives/edgar/data/1100663/000119312525029678/d932649d497.htm,2026-09-26 14:42:30.480403,200.0,5f69625987e6b328c3167c7c0fac7b80890ab63ba5f57d870fd46a0204661c54,SUCCESS,2.5193357999960426,
log_c77d2b66313e475d,sec_edgar_filings,US_ISHARES_HDV,https://www.sec.gov/Archives/edgar/data/1100663/000119312525028799/d892616d497.htm,2026-09-26 14:42:32.980815,200.0,02cc3d884d85c2d9ef427144b4c983ba4769bf5d459cf6aa56d1020f8f6f0c5f,SUCCESS,2.5175104000081774,
log_edccabe7e9c6448b,sec_edgar_filings,US_ISHARES_HDV,https://www.sec.gov/Archives/edgar/data/1100663/000119312525021017/d906687d497.htm,2026-09-26 14:42:35.481059,200.0,56a66b99815118f99a046fb15a38a9d3862dc2c2d9fa9b6541c8c024e3710029,SUCCESS,2.3809420999896247,
log_b3106096a6f34a55,sec_edgar_filings,US_ISHARES_HDV,https://www.sec.gov/Archives/edgar/data/1100663/000119312525062530/d905260d497.htm,2026-09-26 14:42:37.981358,200.0,d53dcc1164a6cbd06effdf058a8eeb0bd607fbd470e80c2f9a88a64871f13e8a,SUCCESS,2.490257700002985,
log_2a6faf0b53444263,sec_edgar_filings,US_ISHARES_HDV,https://www.sec.gov/Archives/edgar/data/1100663/000119312525061395/d905254d497.htm,2026-09-26 14:42:40.481551,200.0,01b4962adcb1e3c59fe864aabac99adca02b1515d2b2acea9c2b2c9c8692bdce,SUCCESS,2.5759867999877315,
log_098f6adf1f624508,sec_edgar_filings,US_ISHARES_HDV,https://www.sec.gov/Archives/edgar/data/1100663/000119312525060393/d927851d497.htm,2026-09-26 14:42:42.982081,200.0,0c2fc85960f736c95a96e3055b59fabb1f1d8e3c2cc62a540c567c882e63c872,SUCCESS,2.321666700008791,
log_86c8a2cf9a1f4441,sec_edgar_filings,US_ISHARES_HDV,https://www.sec.gov/Archives/edgar/data/1100663/000119312525057907/d735691d497.htm,2026-09-26 14:42:45.482707,200.0,9de8e5b1a19a3cb51d50d0e2a5ed98306a03cbc40358ec14c3f07a4e6c6b4075,SUCCESS,2.824541500012856,
log_8e9f2a2f4f824b29,sec_edgar_filings,US_ISHARES_HDV,https://www.sec.gov/Archives/edgar/data/1100663/000119312525083044/d766022d497.htm,2026-09-26 14:42:47.983072,200.0,1811c75c01a16c8e6dfdde84fdc20a7250d5630af06c4683c08c2b8f2bc76435,SUCCESS,2.381580399989616,
log_82e9a2a80a944e0e,sec_edgar_filings,US_ISHARES_HDV,https://www.sec.gov/Archives/edgar/data/1100663/000119312525080178/d883981d497.htm,2026-09-26 14:42:50.483460,200.0,bd61602ea1a25b0c6aff2ed976674be824a5f6de3990710e4476c1c577638b7a,SUCCESS,2.0995140000013635,
log_dfc7fd9bdf34412e,sec_edgar_filings,US_ISHARES_HDV,https://www.sec.gov/Archives/edgar/data/1100663/000119312525080167/d945860d497.htm,2026-09-26 14:42:52.984129,200.0,57743c011c824292d57e2b132a6d929f2ba050e2b381438049ed3ea487c87f0b,SUCCESS,2.768299499992281,
log_47c9f2ca2f0f4859,sec_edgar_filings,US_ISHARES_HDV,https://www.sec.gov/Archives/edgar/data/1100663/000119312525073419/d941411d497.htm,2026-09-26 14:42:55.484856,200.0,f38944bd289fef91d0e3f29f4733b2d9b075b27d3038656379ac3f314451af66,SUCCESS,2.2558645000099204,
log_22f3f595e56f4de9,sec_edgar_filings,US_ISHARES_HDV,https://www.sec.gov/Archives/edgar/data/1100663/000119312525073416/d940735d497.htm,2026-09-26 14:42:57.985549,200.0,44fa50fecf601612aa223e1c6278fc06779ef1ceb060246ad51942e4b49729ef,SUCCESS,2.298349699995015,
log_5b614cc5f5fa4b36,sec_edgar_filings,US_ISHARES_HDV,https://www.sec.gov/Archives/edgar/data/1100663/000119312525072394/d896448d497.htm,2026-09-26 14:43:00.485860,200.0,cd66eb18ab2124907da3cb9929d864a1dfc1211d43ed39ec8d640ca5b45e656b,SUCCESS,3.0140471999766305,
log_32a1109092c64b8a,sec_edgar_filings,US_ISHARES_HDV,https://www.sec.gov/Archives/edgar/data/1100663/000119312525069353/d735233d497.htm,2026-09-26 14:43:02.986183,200.0,bd631bfadae77be216c92b72654dfd4504e6e2a746c481c9023e2837da1fc9a1,SUCCESS,2.2372383999754675,
log_bfefa82b64ee4ee0,sec_edgar_filings,US_ISHARES_HDV,https://www.sec.gov/Archives/edgar/data/1100663/000119312525068983/d917197d497.htm,2026-09-26 14:43:05.486589,200.0,4681f150652580c721432b2c6bc1aba6a2b73381b164b559e6768b376076469a,SUCCESS,2.505923399992753,
log_0caf8a43b91e4c98,sec_edgar_filings,US_ISHARES_HDV,https://www.sec.gov/Archives/edgar/data/1100663/000119312525130716/d892250d497.htm,2026-09-26 14:43:07.987068,200.0,07097d37d41b28b001e461b999b8e03d0acf90aa0b97c6d92e39b5387157079c,SUCCESS,2.736770899995463,
log_de9e691f5d014589,sec_edgar_filings,US_ISHARES_HDV,https://www.sec.gov/Archives/edgar/data/1100663/000119312525121682/d15263d497.htm,2026-09-26 14:43:10.488332,200.0,5293c75e44da6168a77d4016250a479abfa0047f1baf52210cb46fa79dd15a10,SUCCESS,1.8382386000012048,
log_e7410d57080443ea,sec_edgar_filings,US_ISHARES_HDV,https://www.sec.gov/Archives/edgar/data/1100663/000119312525152756/d20784d497.htm,2026-09-26 14:43:12.988937,200.0,a0f7d16dba80cd489ec03d4ba26e79aac85fbe741494e7bb442064056aa3f986,SUCCESS,2.3163751999964006,
log_21fc5c9628c54123,sec_edgar_filings,US_ISHARES_HDV,https://www.sec.gov/Archives/edgar/data/1100663/000119312525152664/d892910d497.htm,2026-09-26 14:43:15.489231,200.0,97e2ee0c713fcb5de4514cbdc2e4bb7c23da21e109d95ab31a9df7878b25c2c9,SUCCESS,2.7130146000126842,
log_55884dae42734978,sec_edgar_filings,US_ISHARES_HDV,https://www.sec.gov/Archives/edgar/data/1100663/000119312525152656/d62694d497.htm,2026-09-26 14:43:17.989603,200.0,dd9998f610aa00a9f785a7ad8373d9261cb8a4ce31cc451303a5c00d2430f900,SUCCESS,2.458895800024038,
log_f7e38c5ba7134f68,sec_edgar_filings,US_ISHARES_HDV,https://www.sec.gov/Archives/edgar/data/1100663/000119312525151483/d858154d497.htm,2026-09-26 14:43:20.489989,200.0,800c8beabe6173b381bd2ad13c7e7f26ba6ffe3bce326f1551ac5b4f78f1ae9d,SUCCESS,2.3012711000046693,
log_454d019086414bf3,sec_edgar_filings,US_ISHARES_HDV,https://www.sec.gov/Archives/edgar/data/1100663/000119312525151481/d937804d497.htm,2026-09-26 14:43:22.990378,200.0,195666b0e83bd51ac0216adecf97dfeb363f47ffd8ff0e906bd8a698c26bd2dd,SUCCESS,2.536982199992053,
log_186a8c99031e4415,sec_edgar_filings,US_ISHARES_HDV,https://www.sec.gov/Archives/edgar/data/1100663/000119312525151480/d926596d497.htm,2026-09-26 14:43:25.490731,200.0,6ea7212d37d29bfd65daa13de43da08de17d24d6903c214bc9131f83f36dbff1,SUCCESS,2.4741610000201035,
log_01c3f356e4c84bf9,sec_edgar_filings,US_ISHARES_HDV,https://www.sec.gov/Archives/edgar/data/1100663/000119312525151477/d933980d497.htm,2026-09-26 14:43:27.991354,200.0,c74ad6fda7f693fcbe610943818f3322a26b4ed9c0c869d964591bba02bdedcf,SUCCESS,2.5787521000020206,
log_a7d4d2b6b9104b96,sec_edgar_filings,US_ISHARES_HDV,https://www.sec.gov/Archives/edgar/data/1100663/000119312525151475/d935891d497.htm,2026-09-26 14:43:30.493067,200.0,da59631fa4508681409796536742272a66bd26b791668d067a57311090715cbf,SUCCESS,2.552472499985015,
log_c5b16998eb934c58,sec_edgar_filings,US_ISHARES_HDV,https://www.sec.gov/Archives/edgar/data/1100663/000119312525151413/d80969d497.htm,2026-09-26 14:43:32.993608,200.0,6102ca7a81826d94c443591375f16c32e26d26670fc6e60fc7246b25f072689a,SUCCESS,3.6875651000009384,
log_e374b730074f461c,sec_edgar_filings,US_ISHARES_HDV,https://www.sec.gov/Archives/edgar/data/1100663/000119312525149660/d858192d497.htm,2026-09-26 14:43:35.875448,200.0,9f7afa070a3212af18e457a0c6d61420a835a25bb174ea6ee92718fef8a73baf,SUCCESS,0.9968091000046115,
log_c5ef815477194ec4,sec_edgar_filings,US_ISHARES_HDV,https://www.sec.gov/Archives/edgar/data/1100663/000119312525149296/d833515d497.htm,2026-09-26 14:43:38.375560,200.0,2b206ff3b8e5036039bde3ece4dcaddc210a3ddd15cfe20e1d4343277e303650,SUCCESS,3.140955299983034,
log_a81c701e6d3b4a9e,sec_edgar_filings,US_ISHARES_HDV,https://www.sec.gov/Archives/edgar/data/1100663/000119312525144688/d910466d497.htm,2026-09-26 14:43:40.875826,200.0,3351a3d69c49a2e9cf07f93969c88618483a4ea2c80f07a230e90a57fb46c66f,SUCCESS,1.8015597000194248,
log_6360b2b0f03a410c,sec_edgar_filings,US_ISHARES_HDV,https://www.sec.gov/Archives/edgar/data/1100663/000119312525144683/d923637d497.htm,2026-09-26 14:43:43.376531,200.0,b6594468bd3fda66ec0d2191496c71c17466739dcb62bc71de7ebaf4fd89f71d,SUCCESS,2.532060500001535,
log_432a2a7f3ab647bd,sec_edgar_filings,US_ISHARES_HDV,https://www.sec.gov/Archives/edgar/data/1100663/000119312525143780/d945286d497.htm,2026-09-26 14:43:45.876682,200.0,b8b1b011297fa3486bca11c99dc447d387100b5b691454f43c4f894731745b12,SUCCESS,2.575826899992535,
log_b668841f523746bb,sec_edgar_filings,US_ISHARES_HDV,https://www.sec.gov/Archives/edgar/data/1100663/000119312525140815/d92035d497.htm,2026-09-26 14:43:48.379615,200.0,344eabd3caf3b12a3bca39e08c7c2bfaa4ad3512bce029cf65eac850d3fca7be,SUCCESS,3.1487821000046097,
log_40aea360a30d4872,sec_edgar_filings,US_ISHARES_HDV,https://www.sec.gov/Archives/edgar/data/1100663/000119312525132329/d925393d497.htm,2026-09-26 14:43:50.880064,200.0,0c3214405434124e69c1edb277d1dda32e17fb42945053f19de08c499bd6962a,SUCCESS,2.4297348000109196,
log_ddc0e43b7f964c7b,sec_edgar_filings,US_ISHARES_HDV,https://www.sec.gov/Archives/edgar/data/1100663/000119312525132328/d944327d497.htm,2026-09-26 14:43:53.380550,200.0,5a6b2e8df13cdfbe74a52ccc50f7c244a911c4f44716de5206e107f6058653d5,SUCCESS,1.9120361999957822,
log_6a4e7bdfc24d45da,sec_edgar_filings,US_ISHARES_HDV,https://www.sec.gov/Archives/edgar/data/1100663/000119312525166407/d80334d497.htm,2026-09-26 14:43:55.881024,200.0,5976ca2bccd9cb3ba9ea478782537a52ee1716cfd78078aa6265345769615ff4,SUCCESS,2.837920200021472,
log_9cd36bd9ae984383,sec_edgar_filings,US_ISHARES_HDV,https://www.sec.gov/Archives/edgar/data/1100663/000119312525166411/d16437d497.htm,2026-09-26 14:43:58.381306,200.0,18b745b6a77097bdbe7dd40937ad6c1f2283ff0da4a6a4cd3712ed4efc690074,SUCCESS,2.057681100006448,
log_ecf6160f436b440b,sec_edgar_filings,US_ISHARES_HDV,https://www.sec.gov/Archives/edgar/data/1100663/000119312525164409/d45758d497.htm,2026-09-26 14:44:00.881796,200.0,32ec927d59fabaae7067046a32ae851a11f13a81c7b21d8984b618c0367653fc,SUCCESS,2.3403540999861434,
log_41c9f1f9f2774ce0,sec_edgar_filings,US_ISHARES_HDV,https://www.sec.gov/Archives/edgar/data/1100663/000119312525162592/d940331d497.htm,2026-09-26 14:44:03.382552,200.0,fcf8f9a72c67062f989b98521403754a87a82d794fe22eafea09ceda5297284f,SUCCESS,3.525074000004679,
log_ae71c651080141b9,sec_edgar_filings,US_ISHARES_HDV,https://www.sec.gov/Archives/edgar/data/1100663/000119312525162588/d936063d497.htm,2026-09-26 14:44:05.882716,200.0,8aaf5dd09282553b931c85ced5cb7a9cb3a563adab734542dc17a0b4e5e449c9,SUCCESS,1.3607422999921255,
log_bdca4476eaaf4f36,sec_edgar_filings,US_ISHARES_HDV,https://www.sec.gov/Archives/edgar/data/1100663/000119312525160527/d100349d497.htm,2026-09-26 14:44:08.383230,200.0,5b9fc2fe52399e6e0802341de8b83c6254a0b52a42a9bdbf3d5ae9d9dd13074a,SUCCESS,2.58671519998461,
log_d3c58806154d4282,sec_edgar_filings,US_ISHARES_HDV,https://www.sec.gov/Archives/edgar/data/1100663/000119312525158223/d938286d497.htm,2026-09-26 14:44:10.883865,200.0,36f45b7e9bce75647c3ab6c4430f93ee147ec51161a6e776526b1781c52b21d5,SUCCESS,2.452992600010475,
log_217b82bd60844a20,sec_edgar_filings,US_ISHARES_HDV,https://www.sec.gov/Archives/edgar/data/1100663/000119312525153117/d12766d497.htm,2026-09-26 14:44:13.384142,200.0,d901b7aa571666382f34663604e27babbd701f9abfef16520dcf6d610c33a1a7,SUCCESS,3.1667994000017643,
log_69c003e12f01420e,sec_edgar_filings,US_ISHARES_HDV,https://www.sec.gov/Archives/edgar/data/1100663/000119312525152941/d59861d497.htm,2026-09-26 14:44:15.884554,200.0,b5bad58aae955eb2685b7cefb977e0530f025607ad57268c2deeb5d9a670a17b,SUCCESS,2.3677057000168134,
log_f89cf138fb2f40fb,sec_edgar_filings,US_ISHARES_HDV,https://www.sec.gov/Archives/edgar/data/1100663/000119312525192573/d81584d497.htm,2026-09-26 14:44:18.385240,200.0,aba18f15b38413c0fe4ebe678c157cd3dbf77704081446bdebec37d32a971350,SUCCESS,2.217401499976404,
log_336aeacf17ac4fad,sec_edgar_filings,US_ISHARES_HDV,https://www.sec.gov/Archives/edgar/data/1100663/000119312525185435/d797607d497.htm,2026-09-26 14:44:20.885878,200.0,89f2e1a17120261d47d14c73bb53989ff12eebdb73a0f1048a442bfd81e36231,SUCCESS,2.8116493999841623,
log_d62abee366554a7b,sec_edgar_filings,US_ISHARES_HDV,https://www.sec.gov/Archives/edgar/data/1100663/000119312525185274/d946888d497.htm,2026-09-26 14:44:23.386343,200.0,9f9ccbe56f8673cb4e0b5881038ca6e8b817f816b0447acff0f2620b4fb69767,SUCCESS,2.2112472000007983,
log_77d609564d9244cf,sec_edgar_filings,US_ISHARES_HDV,https://www.sec.gov/Archives/edgar/data/1100663/000119312525181867/d32380d497.htm,2026-09-26 14:44:25.886471,200.0,0d914b3094a3b114902160e3a8106f0efd06256e370e959ca30f3d7ee0b21752,SUCCESS,2.3931035000132397,
log_7241c79eb81c41e1,sec_edgar_filings,US_ISHARES_HDV,https://www.sec.gov/Archives/edgar/data/1100663/000119312525178119/d945380d497.htm,2026-09-26 14:44:28.386865,200.0,666bc471b3e9b7a40976f1d298e5f516eea91fb1e94b82dfb38d492d1e64be4d,SUCCESS,2.4015225999755785,
log_f34b696f3fdf4282,sec_edgar_filings,US_ISHARES_HDV,https://www.sec.gov/Archives/edgar/data/1100663/000119312525176991/d68767d497.htm,2026-09-26 14:44:30.887471,200.0,4f59848c0f238e853d2904736316d15848706000baa0d7d5612382769706bd7c,SUCCESS,4.620935999992071,
log_4e35f00f1c084bfd,sec_edgar_filings,US_ISHARES_HDV,https://www.sec.gov/Archives/edgar/data/1100663/000119312525171727/d35987d497.htm,2026-09-26 14:44:34.144053,200.0,1a4bbfd46cb9059f052dbb47e10a440a1b0c8091f4d8cc1b83a471c34888d7d2,SUCCESS,1.3378608000057284,
log_722e422ffc0543b8,sec_edgar_filings,US_ISHARES_HDV,https://www.sec.gov/Archives/edgar/data/1100663/000119312525171725/d946231d497.htm,2026-09-26 14:44:36.644798,200.0,cda92a5b1a1cfd8eb6925718811d5d52405ba30246ea0c60026cef3552c14aae,SUCCESS,2.5417365999892354,
log_44120ea84db649ee,sec_edgar_filings,US_ISHARES_HDV,https://www.sec.gov/Archives/edgar/data/1100663/000119312525171382/d91144d497.htm,2026-09-26 14:44:39.145357,200.0,da540bc116c7bfbf3e795771eb0b2089dcb58711dcb108968bb822a0416d2c01,SUCCESS,2.162252800015267,
log_dfba45166cdf43e6,sec_edgar_filings,US_ISHARES_HDV,https://www.sec.gov/Archives/edgar/data/1100663/000119312525171077/d12817d497.htm,2026-09-26 14:44:41.645784,200.0,aeb3943d726dee222a163f7d5edee46cd246849471737bc9b0d55d982e1361db,SUCCESS,2.54595739999786,
log_1af238538b12476c,sec_edgar_filings,US_ISHARES_HDV,https://www.sec.gov/Archives/edgar/data/1100663/000119312525170646/d72295d497.htm,2026-09-26 14:44:44.146055,200.0,05add7aa9e4678e3b23c5ac6fdfb1d2ccbfc7652c5fe637702e61ef49610f4bc,SUCCESS,2.7261039999721106,
log_1feed30fe68d4ee2,sec_edgar_filings,US_ISHARES_HDV,https://www.sec.gov/Archives/edgar/data/1100663/000119312525220684/d14216d497.htm,2026-09-26 14:44:46.646563,200.0,dd39f981b8d1bf7e93226c4c0c8ca7a7d8e11abeedf32daaa2c8f5bdd84d7283,SUCCESS,1.604178299981868,
log_76fd5e9b67f44fa9,sec_edgar_filings,US_ISHARES_HDV,https://www.sec.gov/Archives/edgar/data/1100663/000119312525220667/d74315d497.htm,2026-09-26 14:44:49.147142,200.0,7163e9ded3e0f70f000e219c9b1026484accdbc7cb7e680f2e372b5d965dd612,SUCCESS,2.7652895000064746,
log_98fb1497c47a4f45,sec_edgar_filings,US_ISHARES_HDV,https://www.sec.gov/Archives/edgar/data/1100663/000119312525220646/d922321d497.htm,2026-09-26 14:44:51.647400,200.0,5253c549329b0a54a81a8eb5c632c99bfe740f6ac9f855fbbfa40f7817c1bb50,SUCCESS,2.758568199991714,
log_4c46cdc947fd4043,sec_edgar_filings,US_ISHARES_HDV,https://www.sec.gov/Archives/edgar/data/1100663/000119312525213586/d76986d497.htm,2026-09-26 14:44:54.148010,200.0,588606b57f9afd851d14cc848989ed3d0ace8f6878ec6d72bf36f15cceb8d75d,SUCCESS,2.356588099995861,
log_ae4108dfdec349fc,sec_edgar_filings,US_ISHARES_HDV,https://www.sec.gov/Archives/edgar/data/1100663/000119312525213416/d12724d497.htm,2026-09-26 14:44:56.648480,200.0,72f2199f76abaf86856631907d6823ebd91a780f1820f87e791975313ff4d5a1,SUCCESS,2.3921802999975625,
log_96e7a46b23e1431e,sec_edgar_filings,US_ISHARES_HDV,https://www.sec.gov/Archives/edgar/data/1100663/000119312525202143/d85575d497.htm,2026-09-26 14:44:59.148918,200.0,9d26d441ed06fde53b948a57cd213370c2a5f564bbfd78de3502b7c6925dcf7a,SUCCESS,2.5113576000148896,
log_355d490ba89e44cd,sec_edgar_filings,US_ISHARES_HDV,https://www.sec.gov/Archives/edgar/data/1100663/000119312525194258/d45302d497.htm,2026-09-26 14:45:01.649600,200.0,c7c946da7c4f7d94b20cb3c7107299f7828d5b953c9f24c850a4fa24a6467a4c,SUCCESS,2.4650630000105593,
log_d8406454c3de495c,sec_edgar_filings,US_ISHARES_HDV,https://www.sec.gov/Archives/edgar/data/1100663/000119312525193994/d36297d497.htm,2026-09-26 14:45:04.150084,200.0,b853b800d62eb943bc95a96a31fdf69627ff4ef7da8b62b41b8d4733d3cc6272,SUCCESS,3.4231006000190973,
log_b5b7d8bb494c4d36,sec_edgar_filings,US_ISHARES_HDV,https://www.sec.gov/Archives/edgar/data/1100663/000119312525258900/d850740d497.htm,2026-09-26 14:45:06.650419,200.0,32f501b96f6b8a7322800867cb758f9421767ad82ece941937821b4ecc8274f9,SUCCESS,2.10873099998571,
log_eecba1d5bb124c4e,sec_edgar_filings,US_ISHARES_HDV,https://www.sec.gov/Archives/edgar/data/1100663/000119312525258622/d853081d497.htm,2026-09-26 14:45:09.150686,200.0,4d4be3c4ea087ea29229ced99d7b2978587e5cfc455dc8f94fe58643a9caf7ba,SUCCESS,1.7893512999871746,
log_41624b24ee634a64,sec_edgar_filings,US_ISHARES_HDV,https://www.sec.gov/Archives/edgar/data/1100663/000119312525245584/d47996d497.htm,2026-09-26 14:45:11.651121,200.0,8963fad299cba9c92ab74fbd0b0a3701942f048949d54ad07e5c323f66ae6316,SUCCESS,2.607066600001417,
log_792c0b1543be430c,sec_edgar_filings,US_ISHARES_HDV,https://www.sec.gov/Archives/edgar/data/1100663/000119312525245533/d53643d497.htm,2026-09-26 14:45:14.151718,200.0,fa278f57fde07d67459e17cc5864b008da5199aa69b9762dd534334b2a37b32d,SUCCESS,2.380973199993605,
log_fe40bd6a2e5f4caf,sec_edgar_filings,US_ISHARES_HDV,https://www.sec.gov/Archives/edgar/data/1100663/000119312525243500/d847683d497.htm,2026-09-26 14:45:16.651963,200.0,7f6cb699be8e40bee78944c7bd041bfb26c63cd90f924532fb6f5a8d7651cf69,SUCCESS,2.580364699999336,
log_c1e5a75cb78a4699,sec_edgar_filings,US_ISHARES_HDV,https://www.sec.gov/Archives/edgar/data/1100663/000119312525241455/d21541d497.htm,2026-09-26 14:45:19.152358,200.0,1df50d0b3c4ff13b8f77edfd93e5d1d63a6c218d97c0bd5a0986e82787b264b1,SUCCESS,2.7105869999795686,
log_7ce3022361b441ed,sec_edgar_filings,US_ISHARES_HDV,https://www.sec.gov/Archives/edgar/data/1100663/000119312525241445/d17098d497.htm,2026-09-26 14:45:21.652960,200.0,d1d6dc8e525632673411aba7a1a39c4a3f7c3a887167b46c22ee1b029975831a,SUCCESS,2.455573799990816,
log_dcdd211e03f14341,sec_edgar_filings,US_ISHARES_HDV,https://www.sec.gov/Archives/edgar/data/1100663/000119312525240445/d13496d497.htm,2026-09-26 14:45:24.153841,200.0,7c9b915ca21c70a7469c2388530b511343b7b813f1057b9f639120b5be24f1fc,SUCCESS,2.5308911000029184,
log_260329557caa41cc,sec_edgar_filings,US_ISHARES_HDV,https://www.sec.gov/Archives/edgar/data/1100663/000119312525240193/d46937d497.htm,2026-09-26 14:45:26.654685,200.0,083af31cf339ba43b7ff354c9c4f18ec77318dd812e83c9f61ff0702198b340a,SUCCESS,2.36295889999019,
log_af6b22b9bb4a4de3,sec_edgar_filings,US_ISHARES_HDV,https://www.sec.gov/Archives/edgar/data/1100663/000119312525237066/d838386d497.htm,2026-09-26 14:45:29.155150,200.0,aab6a39bd1af51aa3f72858dabcbce792bcb8384e45787c182da56ec75c1359a,SUCCESS,2.5319421000021975,
log_545edc6aef6f42c5,sec_edgar_filings,US_ISHARES_HDV,https://www.sec.gov/Archives/edgar/data/1100663/000119312525233824/d14518d497.htm,2026-09-26 14:45:31.655636,200.0,fe9b0227a29f114c16819e84ca4eff0745cc92822823d24ca797cc4fc9229233,SUCCESS,2.7621820000058506,
log_078cec2e05c547d0,sec_edgar_filings,US_ISHARES_HDV,https://www.sec.gov/Archives/edgar/data/1100663/000119312525230367/d863213d497.htm,2026-09-26 14:45:34.156126,200.0,8faccea853cc4ef5aef1acc9032222749fccb4d53dd7d2530414585580ed4328,SUCCESS,2.0980876999965403,
log_dc4a164affff456e,sec_edgar_filings,US_ISHARES_HDV,https://www.sec.gov/Archives/edgar/data/1100663/000119312525226832/d140482d497.htm,2026-09-26 14:45:36.656229,200.0,86b1dc2d05ebcfd117767c2158e886c96e2cb5045834940bf25c71c32f35c5d0,SUCCESS,2.4354590000002645,
log_eeaae6e24c934257,sec_edgar_filings,US_ISHARES_HDV,https://www.sec.gov/Archives/edgar/data/1100663/000119312525225574/d77896d497.htm,2026-09-26 14:45:39.156668,200.0,9e5da6c2f2e15011702321b35531eb6e230385886c1acce719b3b378fe015b55,SUCCESS,2.6930330999894068,
log_0f8944181ba644ff,sec_edgar_filings,US_ISHARES_HDV,https://www.sec.gov/Archives/edgar/data/1100663/000119312525297711/d938912d497.htm,2026-09-26 14:45:41.657312,200.0,014a10b21d4a8687ed6eb12c37ccb0f372f94b7dbab55639b8d9b09411dcf6b4,SUCCESS,2.270080999995116,
log_9563c7bafffe441d,sec_edgar_filings,US_ISHARES_HDV,https://www.sec.gov/Archives/edgar/data/1100663/000119312525291668/d87125d497.htm,2026-09-26 14:45:44.157755,200.0,6146fc79bb79b050e0ed9ed08acdb5ff7bca5b8b3acab77ca56fbaf32207a9e4,SUCCESS,2.8094400000118185,
log_c283ca3eda0f416a,sec_edgar_filings,US_ISHARES_HDV,https://www.sec.gov/Archives/edgar/data/1100663/000119312525287109/d82955d497.htm,2026-09-26 14:45:46.658176,200.0,8ce91b3b112647d42edce41a7d15bc0229ac0bb21bcc7a3cf2ef934c1f7ba959,SUCCESS,2.252288799994858,
log_8c6ed40cbfb14bf0,sec_edgar_filings,US_ISHARES_HDV,https://www.sec.gov/Archives/edgar/data/1100663/000119312525283231/d67648d497.htm,2026-09-26 14:45:49.159064,200.0,d15976a5418d3b283973221ac1a5190850f4896912b73f695ef16e4a23d1d481,SUCCESS,3.231116499984637,
log_d7371001eae849d8,sec_edgar_filings,US_ISHARES_HDV,https://www.sec.gov/Archives/edgar/data/1100663/000119312525331050/d922635d497.htm,2026-09-26 14:45:51.659558,200.0,ddcd7dfc2f263e62cc4fb38373ceafe9f7ce480ed2924b0b54df62998780015c,SUCCESS,1.5083939999749418,
log_4cb2f237d78e4036,sec_edgar_filings,US_ISHARES_HDV,https://www.sec.gov/Archives/edgar/data/1100663/000119312525328765/d86147d497.htm,2026-09-26 14:45:54.160051,200.0,1a5d89bafba00026b2d4c2846bfe463eb02310698afecdb7dc3eb5cff4a8c13d,SUCCESS,2.28423190000467,
log_bb55c9d7acc8423e,sec_edgar_filings,US_ISHARES_HDV,https://www.sec.gov/Archives/edgar/data/1100663/000119312525324952/d938265d497.htm,2026-09-26 14:45:56.660594,200.0,1db040fee1d07b3c6a8a5580cacdf2a2b59546a2e6204315a58de6939c48c652,SUCCESS,2.419459299999289,
log_29867c10e4054018,sec_edgar_filings,US_ISHARES_HDV,https://www.sec.gov/Archives/edgar/data/1100663/000119312525316017/d58282d497.htm,2026-09-26 14:45:59.160827,200.0,43b1d307691b158f0a8e8d83e8bcf68b2c72f37cb3b64b19155f2fc03b29a285,SUCCESS,2.6339595000026748,
log_5f4336eb3b76455e,sec_edgar_filings,US_ISHARES_HDV,https://www.sec.gov/Archives/edgar/data/1100663/000119312525309780/d79527d497.htm,2026-09-26 14:46:01.662162,200.0,0b5b3712b8575efa22704d689646817d34ad633e1750ea64c7c550e08f0f0723,SUCCESS,2.4786032999982126,
log_a169edc7aeaf4060,sec_edgar_filings,US_ISHARES_HDV,https://www.sec.gov/Archives/edgar/data/1100663/000119312525308207/d90938d497.htm,2026-09-26 14:46:04.162481,200.0,dec7649fe650e46097ea1f9159f68533ed28e09bb1cabc0d7ecfd0ab79a12e7a,SUCCESS,2.541057800000999,
log_d7ae54d430f34ab2,sec_edgar_filings,US_ISHARES_HDV,https://www.sec.gov/Archives/edgar/data/1100663/000119312525308009/d88695d497.htm,2026-09-26 14:46:06.662838,200.0,dbe724f097a785cad1dce26a486b7574954c6a55907bc08837568fbadf2fd4e4,SUCCESS,2.3793620000069495,
log_299530ed0f324b64,sec_edgar_filings,US_ISHARES_HDV,https://www.sec.gov/Archives/edgar/data/1100663/000119312526015356/d35944d497.htm,2026-09-26 14:46:09.163095,200.0,79f71ed6aaeca36030a19fb4a9b54be5b62769f1c9a0bb47f916ad43ea71bd68,SUCCESS,3.6518212000082713,
log_cd96db28926e489e,sec_edgar_filings,US_ISHARES_HDV,https://www.sec.gov/Archives/edgar/data/1100663/000119312526006456/d816607d497.htm,2026-09-26 14:46:11.663977,200.0,acd54a975e88f98bde579d172fd408fa271f88ee59fc8a418ac14948a40b1c91,SUCCESS,1.3663150999927893,
log_62f373c0d301425a,sec_edgar_filings,US_ISHARES_HDV,https://www.sec.gov/Archives/edgar/data/1100663/000119312525338493/d36519d497.htm,2026-09-26 14:46:14.164323,200.0,174cbc0f9f9e957466ee19b8f629b4b089554841fa6bfc0108e314380ae311c4,SUCCESS,2.4134919000207447,
log_79090146c73743ad,sec_edgar_filings,US_ISHARES_HDV,https://www.sec.gov/Archives/edgar/data/1100663/000119312526064485/d29673d497.htm,2026-09-26 14:46:16.664734,200.0,358467b1d1cda828ab60b904b89d15ba9db8db0e34f30f124dd656afdf8d5af0,SUCCESS,2.4486429000098724,
log_5d46470984214315,sec_edgar_filings,US_ISHARES_HDV,https://www.sec.gov/Archives/edgar/data/1100663/000119312526056745/d51363d497.htm,2026-09-26 14:46:19.165414,200.0,8836ae41550d37826386f892c93bedab2d44980905829085d6382a1f7e40f6e6,SUCCESS,2.472085799992783,
log_07df7014aa844eb5,sec_edgar_filings,US_ISHARES_HDV,https://www.sec.gov/Archives/edgar/data/1100663/000119312526051617/d88238d497.htm,2026-09-26 14:46:21.665649,200.0,f5d8afd79b11205ea23703358fddcbc7ae0fa3c646ad136e532fdee78ef887e3,SUCCESS,3.7730670000019018,
log_e42249e9bff54389,sec_edgar_filings,US_ISHARES_HDV,https://www.sec.gov/Archives/edgar/data/1100663/000119312526051604/d38921d497.htm,2026-09-26 14:46:24.165983,200.0,86ae91b01315c6abfae9b331e8b024218968c0b245b9b775f400fc8ec78c245b,SUCCESS,1.4985556000028737,
log_44b1a84a45d04e64,sec_edgar_filings,US_ISHARES_HDV,https://www.sec.gov/Archives/edgar/data/1100663/000119312526051590/d25478d497.htm,2026-09-26 14:46:26.666241,200.0,774898db3076c024639916885fb4a04bf8a40401803bc9676bd722c39b4adbfb,SUCCESS,2.3215666000032797,
log_29d1c9b52f7c475b,sec_edgar_filings,US_ISHARES_HDV,https://www.sec.gov/Archives/edgar/data/1100663/000119312526129300/d765912d497.htm,2026-09-26 14:46:29.166543,200.0,55acaa1112fa42626026576f5f29a8044415f933b3fdebcdf59bbea1bc3bc357,SUCCESS,2.4249192000133917,
log_a8700966415f433e,sec_edgar_filings,US_ISHARES_HDV,https://www.sec.gov/Archives/edgar/data/1100663/000119312526121940/d117046d497.htm,2026-09-26 14:46:31.666990,200.0,0f65ad011a6ffe9b0fc676ca42a6ef0402d529b9e93c1d7e0a3324c01222bf85,SUCCESS,2.521729400003096,
log_aade3c3cacde4793,sec_edgar_filings,US_ISHARES_HDV,https://www.sec.gov/Archives/edgar/data/1100663/000119312526117990/d36768d497.htm,2026-09-26 14:46:34.167424,200.0,b830b7f3c2295aecdd5adfc2b30f7ce78ffcf3860c3b267591b1f28ae5504e3c,SUCCESS,2.3734913999796845,
log_7bd132c909d74fb5,sec_edgar_filings,US_ISHARES_HDV,https://www.sec.gov/Archives/edgar/data/1100663/000119312526114192/d45638d497.htm,2026-09-26 14:46:36.667652,200.0,f8bac38858835400b2b1f7af0c41445954bd31f9de091a866fa51d1a99aa6a81,SUCCESS,3.616571099992143,
log_dc1c668b7c0f4342,sec_edgar_filings,US_ISHARES_HDV,https://www.sec.gov/Archives/edgar/data/1100663/000119312526114010/d864601d497.htm,2026-09-26 14:46:39.167935,200.0,d0bab012bec0a65529ea9c60350e454406eb8bf56209d0da1c5f2b04d8039b95,SUCCESS,1.0920437999884598,
log_625e47ed12784500,sec_edgar_filings,US_ISHARES_HDV,https://www.sec.gov/Archives/edgar/data/1100663/000119312526102313/d13062d497.htm,2026-09-26 14:46:41.668618,200.0,d31656f8006feaa6fe94db3df8a97a8a179f992425f265e4f71601732824f9da,SUCCESS,2.841072900017025,
log_f7eb799ee0ad44d8,sec_edgar_filings,US_ISHARES_HDV,https://www.sec.gov/Archives/edgar/data/1100663/000119312526097152/d29298d497.htm,2026-09-26 14:46:44.169052,200.0,5fdf1972fbe924e4227f9280986015ab772139b8e63fbd40929dfd65629c9be0,SUCCESS,2.401061700016726,
log_66b2704f1c044c06,sec_edgar_filings,US_ISHARES_HDV,https://www.sec.gov/Archives/edgar/data/1100663/000119312526083306/d116517d497.htm,2026-09-26 14:46:46.669466,200.0,b1a783a5b59d9307d78e2b0b17a901e9c3607f647ea07e938467be1fd93324b8,SUCCESS,2.340465499990387,
log_f82227758ff54218,sec_edgar_filings,US_ISHARES_HDV,https://www.sec.gov/Archives/edgar/data/1100663/000119312526196607/d112890d497.htm,2026-09-26 14:46:49.169755,200.0,9eed563de402618d22fa5c9e7a4c7e6b1baba74c7cf15f590f79ea3eba758a48,SUCCESS,2.3832847999874502,
log_30eafe75aa3c49b7,sec_edgar_filings,US_ISHARES_HDV,https://www.sec.gov/Archives/edgar/data/1100663/000119312526188422/d17882d497.htm,2026-09-26 14:46:51.670151,200.0,b9a0745cf7961915f13ff6090bbec9ed7e4c3d0c17db47a44dc430f3ed11ccfe,SUCCESS,3.5685366000107024,
log_a480cbdf44cd4a07,sec_edgar_filings,US_ISHARES_HDV,https://www.sec.gov/Archives/edgar/data/1100663/000119312526164165/d88796d497.htm,2026-09-26 14:46:54.170647,200.0,2e6720a7265726e643da19293d7bf63009c73cb5322a3c00dd47b297e92ba504,SUCCESS,1.4864950999908615,
log_da86102954ef4fb6,sec_edgar_filings,US_ISHARES_HDV,https://www.sec.gov/Archives/edgar/data/1100663/000119312526140146/d105386d497.htm,2026-09-26 14:46:56.671815,200.0,222cd8f805c81305a65dbde504e71a28f0da7f9edd9cfbf214c6648ed3e7c5e6,SUCCESS,2.3678540000109933,
log_4b4a21d7b4874c8f,sec_edgar_filings,US_ISHARES_HDV,https://www.sec.gov/Archives/edgar/data/1100663/000119312526140080/d106622d497.htm,2026-09-26 14:46:59.171982,200.0,c5dce8b7c2800f2e49356a0b1cf40acc3fb4947a0af23ba630881fa06b81107a,SUCCESS,2.534657899988815,
log_dc26032e62f6478c,sec_edgar_filings,US_ISHARES_HDV,https://www.sec.gov/Archives/edgar/data/1100663/000119312526135209/d129347d497.htm,2026-09-26 14:47:01.672818,200.0,50aec65e6ca60613675b43059d6a4f6d7165013def7bce388de9e77c99ee1eff,SUCCESS,2.629066599998623,
log_baa8984d1eb946c3,sec_edgar_filings,US_ISHARES_HDV,https://www.sec.gov/Archives/edgar/data/1100663/000119312526239677/d24890d497.htm,2026-09-26 14:47:04.173108,200.0,00dfc510d2afa23776628877b7d2da00d9bb68846a34d3f4093a3dc82989f240,SUCCESS,2.5762039000110235,
log_46c61e4a43ce4ece,sec_edgar_filings,US_ISHARES_HDV,https://www.sec.gov/Archives/edgar/data/1100663/000119312526237040/d105379d497.htm,2026-09-26 14:47:06.673430,200.0,34ce8d4a4765d9d6f85c92409e69eb11d96cbb0aa6009d22ac6d5c4acb16e6af,SUCCESS,2.3294441000034567,
log_03e2f5e961f7479a,sec_edgar_filings,US_ISHARES_HDV,https://www.sec.gov/Archives/edgar/data/1100663/000119312526237012/d108481d497.htm,2026-09-26 14:47:09.174162,200.0,e062db17e91eb6d274a408b722deb2922c343f47c2a952ea53b30bd0c8f73d1b,SUCCESS,2.3790898000006564,
log_677c40ff12b9465d,sec_edgar_filings,US_ISHARES_HDV,https://www.sec.gov/Archives/edgar/data/1100663/000119312526232632/d112764d497.htm,2026-09-26 14:47:11.678109,200.0,7c7ea35c15c0f1c619211835bc9ab1c27b581c05452715229b395f3a09f05548,SUCCESS,2.7496575000113808,
log_97fa52a8260c4366,sec_edgar_filings,US_ISHARES_HDV,https://www.sec.gov/Archives/edgar/data/1100663/000119312526204769/d121690d497.htm,2026-09-26 14:47:14.180337,200.0,9458041f9c688c4fb667e5bcd94149e648043fee27b4cedb1807a84a102b677b,SUCCESS,2.3869771000172477,
log_f16eb1a23aa34678,sec_edgar_filings,US_ISHARES_HDV,https://www.sec.gov/Archives/edgar/data/1100663/000119312526288507/d144232d497.htm,2026-09-26 14:47:16.680665,200.0,773a3e1d979da58058029ea9050369a87e4f8c1c017a7900d3774deb7698ed00,SUCCESS,2.4815510000044014,
log_7ecb00aac09047b4,sec_edgar_filings,US_ISHARES_HDV,https://www.sec.gov/Archives/edgar/data/1100663/000119312526279612/d74881d497.htm,2026-09-26 14:47:19.181379,200.0,986d7bb132a2a1e8e07022dd290e936730cba6d368b2ef285524041c7927f645,SUCCESS,2.3614985999884084,
log_06a05fe1206a42a2,sec_edgar_filings,US_ISHARES_HDV,https://www.sec.gov/Archives/edgar/data/1100663/000119312526279474/d143191d497.htm,2026-09-26 14:47:21.682368,200.0,c2e89a5a595852ec3ea74ffbd9b8aead89b827907db3e3f825c839653137d541,SUCCESS,2.9820051999995485,
log_8d1c162c092840e8,sec_edgar_filings,US_ISHARES_HDV,https://www.sec.gov/Archives/edgar/data/1100663/000119312526269593/d74967d497.htm,2026-09-26 14:47:24.182677,200.0,d4753ee9f18867febc13cfc93b240606a9fbda656f189e03583543df3b4876e8,SUCCESS,2.062991700018756,
log_e9746634fbf44794,sec_edgar_filings,US_ISHARES_HDV,https://www.sec.gov/Archives/edgar/data/1100663/000119312526269590/d168658d497.htm,2026-09-26 14:47:26.683293,200.0,75746f0add85ebd7724d05ad887fbf580a1445da20a3c4ea2c4667f5876817e7,SUCCESS,2.8544090000214055,
log_d5271896d92c419e,sec_edgar_filings,US_ISHARES_HDV,https://www.sec.gov/Archives/edgar/data/1100663/000119312526267888/d121420d497.htm,2026-09-26 14:47:29.183554,200.0,caf4b1428f5efd3798756d9815425203d0cdf51d458688629441438d39e971f3,SUCCESS,2.1292684999934863,
log_0b3fc75edd5d4650,sec_edgar_filings,US_ISHARES_HDV,https://www.sec.gov/Archives/edgar/data/1100663/000119312526267877/d143945d497.htm,2026-09-26 14:47:31.683855,200.0,4a92334408598170baca70379751806d09fe308a82895775a2eb7ca7cc6a103a,SUCCESS,4.576793899992481,
log_8b40d88ab2904a72,sec_edgar_filings,US_ISHARES_HDV,https://www.sec.gov/Archives/edgar/data/1100663/000119312526267872/d74088d497.htm,2026-09-26 14:47:34.702158,200.0,b5e4771bb7559c9a634293e8e25652843e18172a3a94373c05a68e218348b01b,SUCCESS,1.0589083000086248,
log_222cbd4cac174d62,sec_edgar_filings,US_ISHARES_HDV,https://www.sec.gov/Archives/edgar/data/1100663/000119312526267869/d46038d497.htm,2026-09-26 14:47:37.202541,200.0,be5ad514db0fd1cf813e62e133885811797f770cb8142592179335cc06d1cf97,SUCCESS,2.7195454000029713,
log_a111a0bfb0b54671,sec_edgar_filings,US_ISHARES_HDV,https://www.sec.gov/Archives/edgar/data/1100663/000119312526267864/d20417d497.htm,2026-09-26 14:47:39.702834,200.0,250a1267e11495bba825a62f3629f7ca68600f8128bfaec4589d5bc5b7046e09,SUCCESS,3.479423600016162,
log_c43fa531a1384f5d,sec_edgar_filings,US_ISHARES_HDV,https://www.sec.gov/Archives/edgar/data/1100663/000119312526267858/d162061d497.htm,2026-09-26 14:47:42.203294,200.0,ad55ffb9bb1173f124b5aa4d14412b17a90a1afc6012f9da964797c237168b21,SUCCESS,1.1679384000017308,
log_26f39fbdde324524,sec_edgar_filings,US_ISHARES_HDV,https://www.sec.gov/Archives/edgar/data/1100663/000119312526267852/d154427d497.htm,2026-09-26 14:47:44.703721,200.0,844ba76a2078925801265f3b074f5f7968763d1aae83c4aea0358307062c8663,SUCCESS,2.4643171000061557,
log_99b34e24b56641f9,sec_edgar_filings,US_ISHARES_HDV,https://www.sec.gov/Archives/edgar/data/1100663/000119312526249172/d126264d497.htm,2026-09-26 14:47:47.203990,200.0,383c995df14c85e21826b8f6e567b3f2f5115addd7a5179ffd892aad5d1df59a,SUCCESS,2.6476899000117555,
log_477869171c864e77,sec_edgar_filings,US_ISHARES_HDV,https://www.sec.gov/Archives/edgar/data/1100663/000119312526326458/d123143d497.htm,2026-09-26 14:47:49.704414,200.0,43768bc03c1fb71017ba076ff5b15c2ec3fb28211326160b8e4168eb94ce5fb4,SUCCESS,2.3293966999917757,
log_cdfbfe521bfd4cf4,sec_edgar_filings,US_ISHARES_HDV,https://www.sec.gov/Archives/edgar/data/1100663/000119312526326445/d25273d497.htm,2026-09-26 14:47:52.204608,200.0,a08218d45dfe0ba8ea3ed37dab2eda58a5dc3d159c23e857980c839f51d7bea0,SUCCESS,3.6398646000016015,
log_39a6669448c448fd,sec_edgar_filings,US_ISHARES_HDV,https://www.sec.gov/Archives/edgar/data/1100663/000119312526326439/d161787d497.htm,2026-09-26 14:47:54.704975,200.0,fd29b9dcfee58630afe0e308d3fe3466b80df1cde8a0af6d24299e0f797acb7d,SUCCESS,1.3123037999903318,
log_dc5d55b195f44a8f,sec_edgar_filings,US_ISHARES_HDV,https://www.sec.gov/Archives/edgar/data/1100663/000119312526307874/d94466d497.htm,2026-09-26 14:47:57.205708,200.0,ece03ba68a5aaf3c817c4f6b9bd64b677ead55387401497b6c00f84cff703039,SUCCESS,2.4573665999923833,
log_cd47dcd4d8d140ea,sec_edgar_filings,US_ISHARES_HDV,https://www.sec.gov/Archives/edgar/data/1100663/000119312526306133/d157213d497.htm,2026-09-26 14:47:59.706150,200.0,a9dad30a31ad649f3cf48231a29734ed55bbc27ba5d1bc578c1c4c33c984eacd,SUCCESS,2.4979415999841876,
log_954e3b79fc66468e,sec_edgar_filings,US_ISHARES_HDV,https://www.sec.gov/Archives/edgar/data/1100663/000119312526306123/d160783d497.htm,2026-09-26 14:48:02.206710,200.0,9e374339c503ac1f3afbf3a6dc056115cfdc9d347ed16bd29782dde2f08116c1,SUCCESS,2.921597099979408,
log_eb75af2550fb442d,sec_edgar_filings,US_ISHARES_HDV,https://www.sec.gov/Archives/edgar/data/1100663/000119312526306122/d145677d497.htm,2026-09-26 14:48:04.706966,200.0,8589633deb798a60f69354eba15cf808392dbe86479e9022b7d24bb6eaa8cf04,SUCCESS,2.321661599999061,
log_2567dd914c574b10,sec_edgar_filings,US_ISHARES_HDV,https://www.sec.gov/Archives/edgar/data/1100663/000119312526306120/d151429d497.htm,2026-09-26 14:48:07.207637,200.0,dd1fdf7770161ec03ecf76037796c9a8e9abf891cd94766b425761307a09a189,SUCCESS,2.3475356999842916,
log_7ec14c4b74ff40ed,sec_edgar_filings,US_ISHARES_HDV,https://www.sec.gov/Archives/edgar/data/1100663/000119312526306119/d154864d497.htm,2026-09-26 14:48:09.708668,200.0,7c7159c45b0a42513d6d7a90b8da303ec3b521f540dce139268f1768d015c253,SUCCESS,2.4070308999798726,
log_0f12a7a1c6a940ff,sec_edgar_filings,US_ISHARES_HDV,https://www.sec.gov/Archives/edgar/data/1100663/000119312526306116/d155509d497.htm,2026-09-26 14:48:12.209182,200.0,ca038d7e15083df015eabe836cc73d1a42841d009c8618643512a730cd67f53f,SUCCESS,2.4684424999868497,
log_3e778e55bc7147cd,sec_edgar_filings,US_ISHARES_HDV,https://www.sec.gov/Archives/edgar/data/1100663/000119312526306115/d156341d497.htm,2026-09-26 14:48:14.709424,200.0,6a496bc7d22bed5123125cb7712cf7812e39d4640163dce29eb3d5ecd1f4bf47,SUCCESS,2.651189099997282,
log_c6eadcfdd45346a0,sec_edgar_filings,US_ISHARES_HDV,https://www.sec.gov/Archives/edgar/data/1100663/000119312526300908/d898074d497.htm,2026-09-26 14:48:17.210192,200.0,3e6d6cb4e9d5e319e905d0517c8c81e27ef8f049a5ee7979dc656693dcabe5e8,SUCCESS,2.777923699992243,
log_0aec87c8b6d04407,sec_edgar_filings,US_ISHARES_HDV,https://www.sec.gov/Archives/edgar/data/1100663/000119312526294655/d83700d497.htm,2026-09-26 14:48:19.710636,200.0,e8b2fea09a8fe965aecb2c68b1d5d9762df5969614f02c334c4e59347a6fa57d,SUCCESS,3.435363500000676,
log_65cd9876af9141f7,sec_edgar_filings,US_ISHARES_HDV,https://www.sec.gov/Archives/edgar/data/1100663/000119312526293181/d83700d497.htm,2026-09-26 14:48:22.210918,200.0,e8f5a24b7941ee340b2658503a979bf50cff8d427ba84b0f1f9beef45ad6220d,SUCCESS,1.2210016000026371,
log_f980d2f773ce432a,sec_edgar_filings,US_ISHARES_HDV,https://www.sec.gov/Archives/edgar/data/1100663/000119312526292033/d110723d497.htm,2026-09-26 14:48:24.712560,200.0,7079e7b67616604fea2e6705db4f54ad9be03ac09d45f24c26791ec1f59f0259,SUCCESS,2.560202799999388,
log_e3367fe3e10344da,sec_edgar_filings,US_ISHARES_HDV,https://www.sec.gov/Archives/edgar/data/1100663/000119312526291166/d10430d497.htm,2026-09-26 14:48:27.213047,200.0,2b68846bec4b87534a84a40c21287c4b487928c4bd4e9ce9eef95400f4881a20,SUCCESS,2.458012900024187,
log_67ff47b2a3234889,sec_edgar_filings,US_ISHARES_HDV,https://www.sec.gov/Archives/edgar/data/1100663/000119312526376132/d164169d497.htm,2026-09-26 14:48:29.713416,200.0,f292ea03a7b41ecd56cbffeab5257516e8fec1022c3f4ad9556d81338a05c1f1,SUCCESS,2.527117499994347,
log_e46ae2bdee8f45b1,sec_edgar_filings,US_ISHARES_HDV,https://www.sec.gov/Archives/edgar/data/1100663/000119312526376116/d163838d497.htm,2026-09-26 14:48:32.213713,200.0,bfb1512e0663a51c307efe1528613329a962c689781a152e98487604b2cddf93,SUCCESS,2.414528399996925,
log_e6d438c678ce44f4,sec_edgar_filings,US_ISHARES_HDV,https://www.sec.gov/Archives/edgar/data/1100663/000119312526376106/d163946d497.htm,2026-09-26 14:48:34.714081,200.0,b817e92971553388949ecfb6bdb93d61fcb1e847f7eebab8d2727665ded240bf,SUCCESS,2.57407209998928,
log_60f67d1268304977,sec_edgar_filings,US_ISHARES_HDV,https://www.sec.gov/Archives/edgar/data/1100663/000119312526361162/d133118d497.htm,2026-09-26 14:48:37.214410,200.0,76b1ea9ac40a6b517caf643e713dbe64ed9e90bc2921725f8029e3223ecda59b,SUCCESS,2.408855899993796,
log_a813dbc25bbf4fd6,sec_edgar_filings,US_ISHARES_HDV,https://www.sec.gov/Archives/edgar/data/1100663/000119312526354177/d153282d497.htm,2026-09-26 14:48:39.714735,200.0,9bec2fc7e5a69ef29a95ccd8530ca371c69987d4094d5dab7dc6340d263e071e,SUCCESS,2.5376739999919664,
log_cbada2442e3c46d8,sec_edgar_filings,US_ISHARES_HDV,https://www.sec.gov/Archives/edgar/data/1100663/000119312526352275/d129369d497.htm,2026-09-26 14:48:42.215033,200.0,692c91c055a773e202244fb5ff32263ac76740e73e89e012fa6e8b75816a41ff,SUCCESS,2.996152500010794,
log_ec1481cb708f409c,sec_edgar_filings,US_ISHARES_HDV,https://www.sec.gov/Archives/edgar/data/1100663/000119312526338192/d114838d497.htm,2026-09-26 14:48:44.715834,200.0,d4c38eba0231e950a1c9fd7415b294cefb64770e7c25a88dc70ce9a66a613073,SUCCESS,1.9582875999913085,
log_c9588d6c42804521,sec_edgar_filings,US_ISHARES_HDV,https://www.sec.gov/Archives/edgar/data/1100663/000119312526338183/d89689d497.htm,2026-09-26 14:48:47.216223,200.0,d9bd8e1943854d56e26635ebcb86f5f05085ddd325e97bb9e1b8e352992b3d44,SUCCESS,2.509655699977884,
log_0e75848265ad4df7,sec_edgar_filings,US_ISHARES_HDV,https://www.sec.gov/Archives/edgar/data/1100663/000119312526338154/d83054d497.htm,2026-09-26 14:48:49.716512,200.0,5d8a2e8962feaefe5267f62857f5ffac52d1b06834515413e0aedcdafb44266f,SUCCESS,2.691563900007168,
log_0ef3f93d30eb4063,sec_edgar_filings,US_ISHARES_HDV,https://www.sec.gov/Archives/edgar/data/1100663/000119312526330968/d55058d497.htm,2026-09-26 14:48:52.216777,200.0,1453a922fcb3e15b8a1571f2e31e8acb6ba9244e25b4e93ba41d830f527cf60a,SUCCESS,2.262664100009715,
log_c32077f6b542440d,sec_edgar_filings,US_ISHARES_HDV,https://www.sec.gov/Archives/edgar/data/1100663/000119312526398125/d181895d497.htm,2026-09-26 14:48:54.717181,200.0,f90830fac01431c0cce67505b4647302913ccecebcd4897a5474b036a096be1a,SUCCESS,2.4160387000010815,
log_c042240d651e41de,sec_edgar_filings,US_ISHARES_HDV,https://www.sec.gov/Archives/edgar/data/1100663/000119312526395798/d165827d497.htm,2026-09-26 14:48:57.218543,200.0,0c3cfe67e6af77e64d9e6d04065c6d22ad980a74e3015a41c0ecd33d9dc6da89,SUCCESS,2.6339221999805886,
log_d7f10b54dcf64bef,sec_edgar_filings,US_ISHARES_HDV,https://www.sec.gov/Archives/edgar/data/1100663/000119312526389306/d135258d497.htm,2026-09-26 14:48:59.718871,200.0,68df629271f45e35a78889b2d64132946935c6f0fb8a92dc302f4349ac48c807,SUCCESS,2.4169745999970473,
log_afbdad7f938a4c08,sec_edgar_filings,US_ISHARES_HDV,https://www.sec.gov/Archives/edgar/data/1100663/000119312526383660/d118308d497.htm,2026-09-26 14:49:02.219175,200.0,5218173e9800d7c826c95a828c16d2380143629ee41bd16d8827bad9e5ef1502,SUCCESS,2.434003699978348,
log_2835187c5f6242ec,sec_edgar_filings,US_ISHARES_HDV,https://www.sec.gov/Archives/edgar/data/1100663/000119312526380260/d535954d497.htm,2026-09-26 14:49:04.719465,200.0,b2116b75eacee79bb4c3395bb99c62ba989cea3ff221ac6348d97bfac4130311,SUCCESS,2.546121799998218,
log_c6b16bce0be0411f,sec_edgar_filings,US_ISHARES_HDV,https://www.sec.gov/Archives/edgar/data/1100663/000119312526377124/d133702d497.htm,2026-09-26 14:49:07.219773,200.0,0a95c885d359ec7d9ebfe6b55935c1450be2f223c69a0edaa7022469da13cce9,SUCCESS,2.564157399989199,
log_4445154ade9747d1,sec_edgar_submissions_api,US_ISHARES_IEMG,https://data.sec.gov/submissions/CIK0000930667.json,2026-09-26 14:49:12.467113,200.0,a97ce163e5692b654496198cbd1a5d33188a6db7bb15069714dcfdfc2b7ae6b0,SUCCESS,3.628802299994277,
log_02d76ac2721e47f0,official_fund_sponsor_page,US_ISHARES_IEMG,https://www.ishares.com/us/products/244050/,2026-09-26 14:49:16.957488,403.0,,RETRIEVAL_FAILED,1.9624007000238635,HTTP 403: Forbidden
log_30962c6de5294365,sec_edgar_filings,US_ISHARES_IEMG,https://www.sec.gov/Archives/edgar/data/930667/000119312524244146/d895171d497.htm,2026-09-26 14:49:20.498465,200.0,938fc7821f4265aa691ad2272e2a5d76f29ffda787f2f63f17de2d4029c37618,SUCCESS,2.876914199994644,
log_2b02ff744eed4389,sec_edgar_filings,US_ISHARES_IEMG,https://www.sec.gov/Archives/edgar/data/930667/000119312524287196/d848374d497.htm,2026-09-26 14:49:22.999389,200.0,2c5f89057381013b3ca8bb9e1d1f3c4d684651933a3aeec48a8f89cb33b45cfe,SUCCESS,2.5049396000104025,
log_6776c5fa99e348d1,sec_edgar_filings,US_ISHARES_IEMG,https://www.sec.gov/Archives/edgar/data/930667/000119312524287179/d842136d497.htm,2026-09-26 14:49:25.499806,200.0,c84055937d160d9cce60f79b7ab9735d86377ff76c5e315b0fa05a342e0bfb64,SUCCESS,3.7741548999911174,
log_49c4fe2b2fec4bf2,sec_edgar_filings,US_ISHARES_IEMG,https://www.sec.gov/Archives/edgar/data/930667/000119312524286769/d917051d497.htm,2026-09-26 14:49:28.573151,200.0,ae060663652e88eb97db2b0d8631b5326b7d3af69acd189be9fc76ddf724b2fc,SUCCESS,1.1369393999921158,
log_00167e084ae44dfa,sec_edgar_filings,US_ISHARES_IEMG,https://www.sec.gov/Archives/edgar/data/930667/000119312524283367/d869601d497.htm,2026-09-26 14:49:31.073890,200.0,d0ef04e6c4c83dd9668a89307f67f2404251b555e865099b25ba5ea662a4d3d7,SUCCESS,4.238463500019861,
log_4208c04563144fd2,sec_edgar_filings,US_ISHARES_IEMG,https://www.sec.gov/Archives/edgar/data/930667/000119312524281361/d919372d497.htm,2026-09-26 14:49:33.996079,200.0,09aede7594f8981efb78dfde582d497ac1750edd88af0233779b12296f808500,SUCCESS,1.2332277999958023,
log_ff6a1fbd5dfe4641,sec_edgar_filings,US_ISHARES_IEMG,https://www.sec.gov/Archives/edgar/data/930667/000119312525011478/d925726d497.htm,2026-09-26 14:49:36.496850,200.0,f3664cc090ef0083395e6c1d676e0ec279501c929ef184749cbafa72846fd637,SUCCESS,2.6062076999805868,
log_1ad203a586f4441b,sec_edgar_filings,US_ISHARES_IEMG,https://www.sec.gov/Archives/edgar/data/930667/000119312525008535/d136256d497.htm,2026-09-26 14:49:38.997189,200.0,1ff29213a01028ad45429b0b9d6b52dcaa727548883a2c547733afa0ba2750ff,SUCCESS,2.6411793000006583,
log_4c2a073e3f8b497b,sec_edgar_filings,US_ISHARES_IEMG,https://www.sec.gov/Archives/edgar/data/930667/000119312525004009/d901889d497.htm,2026-09-26 14:49:41.497434,200.0,babddf02f97d5fe37cb18e6a51ef6a3707c561712020983c424fa308cae87400,SUCCESS,2.4955316000268795,
log_7195dfa5b8c44c5c,sec_edgar_filings,US_ISHARES_IEMG,https://www.sec.gov/Archives/edgar/data/930667/000119312525060404/d241006d497.htm,2026-09-26 14:49:43.997648,200.0,f9164c1382a317bdb62e5f6f40ed39d91552493375e9d085fc5822f8a3adf4f3,SUCCESS,2.343766099977074,
log_a05b45fc77194a25,sec_edgar_filings,US_ISHARES_IEMG,https://www.sec.gov/Archives/edgar/data/930667/000119312525060283/d905756d497.htm,2026-09-26 14:49:46.498227,200.0,e6b6df4ed0785fd20034f5a8fb749352b048e8420c7183a76dd766201fb7daf2,SUCCESS,3.5070252000004984,
log_4591445145e9448d,sec_edgar_filings,US_ISHARES_IEMG,https://www.sec.gov/Archives/edgar/data/930667/000119312525073419/d941411d497.htm,2026-09-26 14:49:49.055694,200.0,f38944bd289fef91d0e3f29f4733b2d9b075b27d3038656379ac3f314451af66,SUCCESS,1.5358574999845587,
log_846d141cd665422e,sec_edgar_filings,US_ISHARES_IEMG,https://www.sec.gov/Archives/edgar/data/930667/000119312525068983/d917197d497.htm,2026-09-26 14:49:51.556343,200.0,4681f150652580c721432b2c6bc1aba6a2b73381b164b559e6768b376076469a,SUCCESS,2.484869899984915,
log_5870ea7ebc6141fd,sec_edgar_filings,US_ISHARES_IEMG,https://www.sec.gov/Archives/edgar/data/930667/000119312525121682/d15263d497.htm,2026-09-26 14:49:54.056675,200.0,5293c75e44da6168a77d4016250a479abfa0047f1baf52210cb46fa79dd15a10,SUCCESS,3.290076599980239,
log_369d6ade18b349e6,sec_edgar_filings,US_ISHARES_IEMG,https://www.sec.gov/Archives/edgar/data/930667/000119312525152656/d62694d497.htm,2026-09-26 14:49:56.556951,200.0,dd9998f610aa00a9f785a7ad8373d9261cb8a4ce31cc451303a5c00d2430f900,SUCCESS,1.4309263000031933,
log_4694f1fe1a4943a5,sec_edgar_filings,US_ISHARES_IEMG,https://www.sec.gov/Archives/edgar/data/930667/000119312525151486/d812978d497.htm,2026-09-26 14:49:59.057185,200.0,16c50f621c1c80ab317a2559457a6f44a6eb4c085d9c3fe5067a5bdd2c4af712,SUCCESS,2.413805099989986,
log_4def2b19dce640ae,sec_edgar_filings,US_ISHARES_IEMG,https://www.sec.gov/Archives/edgar/data/930667/000119312525151483/d858154d497.htm,2026-09-26 14:50:01.557600,200.0,800c8beabe6173b381bd2ad13c7e7f26ba6ffe3bce326f1551ac5b4f78f1ae9d,SUCCESS,2.638266299996758,
log_c2b872bbe9cf46b1,sec_edgar_filings,US_ISHARES_IEMG,https://www.sec.gov/Archives/edgar/data/930667/000119312525151480/d926596d497.htm,2026-09-26 14:50:04.057926,200.0,6ea7212d37d29bfd65daa13de43da08de17d24d6903c214bc9131f83f36dbff1,SUCCESS,2.7519665000145324,
log_e4a90216ef2f4de9,sec_edgar_filings,US_ISHARES_IEMG,https://www.sec.gov/Archives/edgar/data/930667/000119312525151478/d936349d497.htm,2026-09-26 14:50:06.558422,200.0,4a143d643fe7ab9ade670c0ae2d070c6b7f7e574aadcfe85fabf7d929db2891d,SUCCESS,2.2988731999939773,
log_a071a6dc613f4944,sec_edgar_filings,US_ISHARES_IEMG,https://www.sec.gov/Archives/edgar/data/930667/000119312525151414/d85692d497.htm,2026-09-26 14:50:09.059257,200.0,d997cb4b5e0c3b37647b77d67879ef1667e2455e83d79e6ec5b08c57734427cb,SUCCESS,3.860084099986125,
log_b24777ac4323408a,sec_edgar_filings,US_ISHARES_IEMG,https://www.sec.gov/Archives/edgar/data/930667/000119312525144683/d923637d497.htm,2026-09-26 14:50:11.989159,200.0,b6594468bd3fda66ec0d2191496c71c17466739dcb62bc71de7ebaf4fd89f71d,SUCCESS,1.242660199990496,
log_004cd5b437d74543,sec_edgar_filings,US_ISHARES_IEMG,https://www.sec.gov/Archives/edgar/data/930667/000119312525166413/d90310d497.htm,2026-09-26 14:50:14.489605,200.0,ed5c98983fde8de73f07a6429bf683c73f4f4f329b2ae2432607d4af095bb4fc,SUCCESS,2.629058899998199,
log_9706f9f187e04c19,sec_edgar_filings,US_ISHARES_IEMG,https://www.sec.gov/Archives/edgar/data/930667/000119312525158223/d938286d497.htm,2026-09-26 14:50:16.990327,200.0,36f45b7e9bce75647c3ab6c4430f93ee147ec51161a6e776526b1781c52b21d5,SUCCESS,2.4050842999713495,
log_b4ba065bd00a4df4,sec_edgar_filings,US_ISHARES_IEMG,https://www.sec.gov/Archives/edgar/data/930667/000119312525192804/d93653d497.htm,2026-09-26 14:50:19.490709,200.0,94b96712c77a7b1e4541102f3609262ff5164a8102b7e7169875aadb5e5a2141,SUCCESS,2.410895700013498,
log_5599cbe261ff4299,sec_edgar_filings,US_ISHARES_IEMG,https://www.sec.gov/Archives/edgar/data/930667/000119312525192573/d81584d497.htm,2026-09-26 14:50:21.991008,200.0,aba18f15b38413c0fe4ebe678c157cd3dbf77704081446bdebec37d32a971350,SUCCESS,2.4352903999970295,
log_d9b34dbaabf945e8,sec_edgar_filings,US_ISHARES_IEMG,https://www.sec.gov/Archives/edgar/data/930667/000119312525187709/d931677d497.htm,2026-09-26 14:50:24.491585,200.0,edd22f50679fd768fda4479fcb326b58ad7c5d315745d681a422d23cc3e58835,SUCCESS,2.666642199998023,
log_22a4f03804f24aad,sec_edgar_filings,US_ISHARES_IEMG,https://www.sec.gov/Archives/edgar/data/930667/000119312525176991/d68767d497.htm,2026-09-26 14:50:26.991962,200.0,4f59848c0f238e853d2904736316d15848706000baa0d7d5612382769706bd7c,SUCCESS,3.022704299975885,
log_b6eb8b4310d04089,sec_edgar_filings,US_ISHARES_IEMG,https://www.sec.gov/Archives/edgar/data/930667/000119312525171727/d35987d497.htm,2026-09-26 14:50:29.492346,200.0,1a4bbfd46cb9059f052dbb47e10a440a1b0c8091f4d8cc1b83a471c34888d7d2,SUCCESS,2.402181900019059,
log_c7142d83956749cb,sec_edgar_filings,US_ISHARES_IEMG,https://www.sec.gov/Archives/edgar/data/930667/000119312525253997/d42531d497.htm,2026-09-26 14:50:31.992983,200.0,5e8c682e421d67a54f0f3b8cbe045047726947d61f29d9b4b42c47597ef62c02,SUCCESS,2.113061900017783,
log_ea3839632c7047bc,sec_edgar_filings,US_ISHARES_IEMG,https://www.sec.gov/Archives/edgar/data/930667/000119312525237066/d838386d497.htm,2026-09-26 14:50:34.493391,200.0,aab6a39bd1af51aa3f72858dabcbce792bcb8384e45787c182da56ec75c1359a,SUCCESS,2.2968661000195425,
log_61fc35ca02104627,sec_edgar_filings,US_ISHARES_IEMG,https://www.sec.gov/Archives/edgar/data/930667/000119312525297711/d938912d497.htm,2026-09-26 14:50:36.993560,200.0,014a10b21d4a8687ed6eb12c37ccb0f372f94b7dbab55639b8d9b09411dcf6b4,SUCCESS,4.6951536999840755,
log_8ee8c71323534923,sec_edgar_filings,US_ISHARES_IEMG,https://www.sec.gov/Archives/edgar/data/930667/000119312525261090/d28993d497.htm,2026-09-26 14:50:40.631793,200.0,16222992cb440042bc3b7cebaf897b7bf9773e68e9fa532a3d26333facfffb4c,SUCCESS,2.4973351000226103,
log_0dd7b7b3fd014b73,sec_edgar_filings,US_ISHARES_IEMG,https://www.sec.gov/Archives/edgar/data/930667/000119312525336356/d41949d497.htm,2026-09-26 14:50:43.517365,200.0,88eb25f7226c5a8e9e926a67430d2085dc7f69fcee5de955a0f7d71623fb5dbf,SUCCESS,1.7287941999966279,
log_77e5521567234b79,sec_edgar_filings,US_ISHARES_IEMG,https://www.sec.gov/Archives/edgar/data/930667/000119312525336352/d71981d497.htm,2026-09-26 14:50:46.017877,200.0,06e2164311d935d548000211a9d180287258342a434aabe66b62c17bc4707455,SUCCESS,3.257385200005956,
log_f75527e9c9184abf,sec_edgar_filings,US_ISHARES_IEMG,https://www.sec.gov/Archives/edgar/data/930667/000119312525336346/d45790d497.htm,2026-09-26 14:50:48.643819,200.0,1ac60828a0324a1ef76f3a7432022022f925ef141cfb413d46bad6a4d2f64a96,SUCCESS,1.4034611999813933,
log_7d02c17ad0504c50,sec_edgar_filings,US_ISHARES_IEMG,https://www.sec.gov/Archives/edgar/data/930667/000119312526051590/d25478d497.htm,2026-09-26 14:50:51.144193,200.0,774898db3076c024639916885fb4a04bf8a40401803bc9676bd722c39b4adbfb,SUCCESS,2.629822300019441,
log_c143a8fc0f364a27,sec_edgar_filings,US_ISHARES_IEMG,https://www.sec.gov/Archives/edgar/data/930667/000119312526140146/d105386d497.htm,2026-09-26 14:50:53.644547,200.0,222cd8f805c81305a65dbde504e71a28f0da7f9edd9cfbf214c6648ed3e7c5e6,SUCCESS,2.1501591999840457,
log_2396cf58ceb14f5e,sec_edgar_filings,US_ISHARES_IEMG,https://www.sec.gov/Archives/edgar/data/930667/000119312526239677/d24890d497.htm,2026-09-26 14:50:56.150606,200.0,00dfc510d2afa23776628877b7d2da00d9bb68846a34d3f4093a3dc82989f240,SUCCESS,2.5940358000225388,
log_ac8556075f984f98,sec_edgar_filings,US_ISHARES_IEMG,https://www.sec.gov/Archives/edgar/data/930667/000119312526224485/d93611d497.htm,2026-09-26 14:50:58.651116,200.0,26cefe5e37d76553cbed7f7cccfdc6a423cec02e8fd556f6e622ba6edfca7a04,SUCCESS,2.297915200004354,
log_3255f5cc9ad24d21,sec_edgar_filings,US_ISHARES_IEMG,https://www.sec.gov/Archives/edgar/data/930667/000119312526307874/d94466d497.htm,2026-09-26 14:51:01.151613,200.0,ece03ba68a5aaf3c817c4f6b9bd64b677ead55387401497b6c00f84cff703039,SUCCESS,2.4783429999952205,
log_28fd7c4d0dff408a,sec_edgar_filings,US_ISHARES_IEMG,https://www.sec.gov/Archives/edgar/data/930667/000119312526304819/d160717d497.htm,2026-09-26 14:51:03.652390,200.0,858e2828fee9046e3bbaa56adad4f607849f7af364cf0cd347fb31375e21fae5,SUCCESS,2.403751000005286,
log_c5fc29c132b54fd2,sec_edgar_filings,US_ISHARES_IEMG,https://www.sec.gov/Archives/edgar/data/930667/000119312526294655/d83700d497.htm,2026-09-26 14:51:06.152739,200.0,e8b2fea09a8fe965aecb2c68b1d5d9762df5969614f02c334c4e59347a6fa57d,SUCCESS,2.61963889998151,
log_fbb97c529ef74e94,sec_edgar_filings,US_ISHARES_IEMG,https://www.sec.gov/Archives/edgar/data/930667/000119312526293181/d83700d497.htm,2026-09-26 14:51:08.653160,200.0,e8f5a24b7941ee340b2658503a979bf50cff8d427ba84b0f1f9beef45ad6220d,SUCCESS,3.6220979999925476,
log_d81c57126d124454,sec_edgar_filings,US_ISHARES_IEMG,https://www.sec.gov/Archives/edgar/data/930667/000119312526389306/d135258d497.htm,2026-09-26 14:51:11.198833,200.0,68df629271f45e35a78889b2d64132946935c6f0fb8a92dc302f4349ac48c807,SUCCESS,1.3494072000030428,
log_039926521d094b0d,sec_edgar_submissions_api,US_ISHARES_IEFA,https://data.sec.gov/submissions/CIK0001100663.json,2026-09-26 14:51:16.298285,200.0,bb6aec42416c270a7fb00e6ea1740fc7c718e3847f412ae57f09dc867c5e1fc0,SUCCESS,3.305874700017739,
log_30070766661b4da5,sec_edgar_submissions_api,US_ISHARES_IEFA,https://data.sec.gov/submissions/CIK0001100663-submissions-002.json,2026-09-26 14:51:18.798964,200.0,ad220ef41a624867cdf87d37d40a407f1f177df021b340bd29797de6991a987d,SUCCESS,3.3695578000042588,
log_9c9ff05f90094a02,official_fund_sponsor_page,US_ISHARES_IEFA,https://www.ishares.com/us/products/244049/,2026-09-26 14:51:23.814740,403.0,,RETRIEVAL_FAILED,2.6927179000049364,HTTP 403: Forbidden
log_2eba61cac1444f29,sec_edgar_filings,US_ISHARES_IEFA,https://www.sec.gov/Archives/edgar/data/1100663/000119312524245748/d843984d497.htm,2026-09-26 14:51:28.159332,200.0,73cd78c59440c22b4db721a87e2892f80d4c4f45a394ece6826d7125bf1fd801,SUCCESS,2.1848439000023063,
log_fd921f5ad6d94382,sec_edgar_filings,US_ISHARES_IEFA,https://www.sec.gov/Archives/edgar/data/1100663/000119312524242848/d866922d497.htm,2026-09-26 14:51:30.659862,200.0,1f5a90ec402fe09bb4b06e8f3a31c4621f53c31a38502ae46b196363a104a8b5,SUCCESS,2.4843368000001647,
log_8a262f7d547a47c5,sec_edgar_filings,US_ISHARES_IEFA,https://www.sec.gov/Archives/edgar/data/1100663/000119312524239640/d895738d497.htm,2026-09-26 14:51:33.160152,200.0,ea0d28b5f47a015457e4aded5c16e673c9ce9f5c9c8fd071c3541ec3d4ebd2fe,SUCCESS,2.3773115999938454,
log_9fcad1f036a74f3c,sec_edgar_filings,US_ISHARES_IEFA,https://www.sec.gov/Archives/edgar/data/1100663/000119312524238913/d894453d497.htm,2026-09-26 14:51:35.660768,200.0,58691ce5e5a1ebc3bedc51cc98d5cf7c67e6fd7e6d6a4bf1ddc14aec0332f2a0,SUCCESS,2.397238000005018,
log_f8e22ed53871472b,sec_edgar_filings,US_ISHARES_IEFA,https://www.sec.gov/Archives/edgar/data/1100663/000119312524238908/d894041d497.htm,2026-09-26 14:51:38.161356,200.0,5a971737e3d25608d6874bb6ff5ede8c0e0f392b86a86297d45b641472fc86cf,SUCCESS,2.4060765000176616,
log_dc0b57fa570040a5,sec_edgar_filings,US_ISHARES_IEFA,https://www.sec.gov/Archives/edgar/data/1100663/000119312524238902/d890449d497.htm,2026-09-26 14:51:40.661768,200.0,e8f91d733b89b0732f87820bb0ceb5ef936e75cb702bb1a26cd77603b9d2006e,SUCCESS,2.876339000009466,
log_abb6619801044f74,sec_edgar_filings,US_ISHARES_IEFA,https://www.sec.gov/Archives/edgar/data/1100663/000119312524238835/d860426d497.htm,2026-09-26 14:51:43.161989,200.0,3b8598f26180a24673c2565d9bc505ec40d04445a8a0dbf3b84ca346ef55d512,SUCCESS,2.1435731000092346,
log_66f2b9eddc7743de,sec_edgar_filings,US_ISHARES_IEFA,https://www.sec.gov/Archives/edgar/data/1100663/000119312524236754/d131931d497.htm,2026-09-26 14:51:45.662189,200.0,578972467512d796af102d2558b629a84edab1a26e1e8a20c02f308698da48e0,SUCCESS,3.2326127999986056,
log_0b36484110f149d6,sec_edgar_filings,US_ISHARES_IEFA,https://www.sec.gov/Archives/edgar/data/1100663/000119312524233837/d788518d497.htm,2026-09-26 14:51:48.162553,200.0,deb9d0231aa987b37c95f7f01e5eeaaf234f61414fd81712237ca3d26070801d,SUCCESS,1.3512804000056349,
log_914689a572e84bb8,sec_edgar_filings,US_ISHARES_IEFA,https://www.sec.gov/Archives/edgar/data/1100663/000119312524229262/d814275d497.htm,2026-09-26 14:51:50.662939,200.0,8d28d6076b70d64c34e1b22e274410cda81084450db5baaebcca312b985f86d5,SUCCESS,3.255871599976672,
log_7740e17a06db4fe8,sec_edgar_filings,US_ISHARES_IEFA,https://www.sec.gov/Archives/edgar/data/1100663/000119312524267301/d875052d497.htm,2026-09-26 14:51:53.163289,200.0,994014a2e0c0c803bb01c525eeb5f5d10730c70dfd1dea3243be587b097bbe34,SUCCESS,4.5861429999931715,
log_4da8927e711d4043,sec_edgar_filings,US_ISHARES_IEFA,https://www.sec.gov/Archives/edgar/data/1100663/000119312524261914/d911527d497.htm,2026-09-26 14:51:57.984468,200.0,cda2e2e9ec0d7871884db0a66c3f2253f75e092f5810545551f3359c99e7a94a,SUCCESS,1.1316565000161063,
log_80e2873a5336473b,sec_edgar_filings,US_ISHARES_IEFA,https://www.sec.gov/Archives/edgar/data/1100663/000119312524287196/d848374d497.htm,2026-09-26 14:52:00.485136,200.0,2c5f89057381013b3ca8bb9e1d1f3c4d684651933a3aeec48a8f89cb33b45cfe,SUCCESS,2.5065537999907974,
log_30618abdbc414299,sec_edgar_filings,US_ISHARES_IEFA,https://www.sec.gov/Archives/edgar/data/1100663/000119312524287179/d842136d497.htm,2026-09-26 14:52:02.985371,200.0,c84055937d160d9cce60f79b7ab9735d86377ff76c5e315b0fa05a342e0bfb64,SUCCESS,2.8020315000030678,
log_b600f4b4cdfa47a6,sec_edgar_filings,US_ISHARES_IEFA,https://www.sec.gov/Archives/edgar/data/1100663/000119312524286941/d916258d497.htm,2026-09-26 14:52:05.485886,200.0,9925703ee2adb913becaafb685335ea082fadad4bacf8975e90abf5a4bcbb54a,SUCCESS,2.1281233000045177,
log_faef051644e840b8,sec_edgar_filings,US_ISHARES_IEFA,https://www.sec.gov/Archives/edgar/data/1100663/000119312524286938/d915949d497.htm,2026-09-26 14:52:07.986354,200.0,58672fb3187fd7cd6a35cab35a21e65a2910a998d9784c569b2474972c9b723d,SUCCESS,3.366033199999947,
log_861e844943094440,sec_edgar_filings,US_ISHARES_IEFA,https://www.sec.gov/Archives/edgar/data/1100663/000119312524283370/d901579d497.htm,2026-09-26 14:52:10.487294,200.0,0e1b3775a196226c6b5ed01264e821a75e16949946f26cbad676252063283e77,SUCCESS,2.0143508999899495,
log_a8822fa0a7414f46,sec_edgar_filings,US_ISHARES_IEFA,https://www.sec.gov/Archives/edgar/data/1100663/000119312524283367/d869601d497.htm,2026-09-26 14:52:12.988129,200.0,d0ef04e6c4c83dd9668a89307f67f2404251b555e865099b25ba5ea662a4d3d7,SUCCESS,2.9704014000017196,
log_5b1cb4c2f7924407,sec_edgar_filings,US_ISHARES_IEFA,https://www.sec.gov/Archives/edgar/data/1100663/000119312524282143/d901522d497.htm,2026-09-26 14:52:15.488400,200.0,318477ac4529a7b02621ccb18838b87e5e38ffffcb2b29f0f8d7b2f468cbef26,SUCCESS,1.3586756000004243,
log_0c07cdb610be4929,sec_edgar_filings,US_ISHARES_IEFA,https://www.sec.gov/Archives/edgar/data/1100663/000119312524282139/d901516d497.htm,2026-09-26 14:52:17.988644,200.0,ca66868c7cba898da6922427eb27d81a405894a6eebfbb3474ff130df5cf999c,SUCCESS,2.33636149999802,
log_85b0954d7ce54cee,sec_edgar_filings,US_ISHARES_IEFA,https://www.sec.gov/Archives/edgar/data/1100663/000119312524281940/d826977d497.htm,2026-09-26 14:52:20.489005,200.0,800d5cf486e2fb95e45173b99dd4120efe0e90ad9a51b0fdcdd479bf8e32183a,SUCCESS,3.303297800011933,
log_2e15e90231db41a8,sec_edgar_filings,US_ISHARES_IEFA,https://www.sec.gov/Archives/edgar/data/1100663/000119312524271487/d904601d497.htm,2026-09-26 14:52:22.989270,200.0,0ee77de6ba3db7adbc70affe8919d2663fdec24e83bcbd247571ae1518849360,SUCCESS,1.980944900016766,
log_c61195f7c7ba4a97,sec_edgar_filings,US_ISHARES_IEFA,https://www.sec.gov/Archives/edgar/data/1100663/000119312524271371/d876550d497.htm,2026-09-26 14:52:25.489613,200.0,f18fb9460288f770219675492a623770ad545701783d5a971c3fb6db8e3effa0,SUCCESS,2.050657899992075,
log_d34265e87e2541c0,sec_edgar_submissions_api,US_ISHARES_IEFA,https://data.sec.gov/submissions/CIK0001100663-submissions-001.json,2026-09-26 14:52:26.794966,200.0,4b0840de53146277b9c65f543745bdc767e1b1fe714103072c3a78695ac3aa0e,SUCCESS,2.5403384000237565,
log_c88ac327478f455c,sec_edgar_filings,US_ISHARES_IEFA,https://www.sec.gov/Archives/edgar/data/1100663/000119312525011478/d925726d497.htm,2026-09-26 14:52:29.345363,200.0,f3664cc090ef0083395e6c1d676e0ec279501c929ef184749cbafa72846fd637,SUCCESS,1.1214748000202235,
log_411d65eebf5c45cb,sec_edgar_filings,US_ISHARES_IEFA,https://www.sec.gov/Archives/edgar/data/1100663/000119312525008535/d136256d497.htm,2026-09-26 14:52:31.845723,200.0,1ff29213a01028ad45429b0b9d6b52dcaa727548883a2c547733afa0ba2750ff,SUCCESS,2.5061499000003096,
log_8a6aba4d82414c25,sec_edgar_filings,US_ISHARES_IEFA,https://www.sec.gov/Archives/edgar/data/1100663/000119312525007202/d921290d497.htm,2026-09-26 14:52:34.346088,200.0,3028657a53eda3bf72c5a54a0004b6a982e4cd55ed9bebf07cdc07014eca799c,SUCCESS,2.6668550000176765,
log_f903c684de1f441e,sec_edgar_filings,US_ISHARES_IEFA,https://www.sec.gov/Archives/edgar/data/1100663/000119312524287209/d886745d497.htm,2026-09-26 14:52:36.846271,200.0,f774954618d5741901ac4565eeb2a7a11825afca65900f54e59493db7e251d4c,SUCCESS,3.0681547000131104,
log_56bf3f2e0db940c9,sec_edgar_filings,US_ISHARES_IEFA,https://www.sec.gov/Archives/edgar/data/1100663/000119312525042406/d905405d497.htm,2026-09-26 14:52:39.346726,200.0,a40b5b7c77c7bed584c0e3c41a61ce151a3e8c4a3e85184c073c04abf40060a0,SUCCESS,1.418431199999759,
log_676e7a458c9845f8,sec_edgar_filings,US_ISHARES_IEFA,https://www.sec.gov/Archives/edgar/data/1100663/000119312525030937/d895008d497.htm,2026-09-26 14:52:41.847247,200.0,cce4b67c1cca8afb08f9639d26ba1de588a8546f33ec461622e02bbed74af122,SUCCESS,3.093781300005503,
log_70d14ac11d8e447e,sec_edgar_filings,US_ISHARES_IEFA,https://www.sec.gov/Archives/edgar/data/1100663/000119312525029722/d925698d497.htm,2026-09-26 14:52:44.347518,200.0,03ebc8cf5cc2b9853c8e5193e6b68c1b2b71b726ce03ae486da082457a9bbf0c,SUCCESS,2.093407300009858,
log_187b28cd40314531,sec_edgar_filings,US_ISHARES_IEFA,https://www.sec.gov/Archives/edgar/data/1100663/000119312525029678/d932649d497.htm,2026-09-26 14:52:46.848156,200.0,5f69625987e6b328c3167c7c0fac7b80890ab63ba5f57d870fd46a0204661c54,SUCCESS,2.3159888999944087,
log_b953cafb3d8d48a8,sec_edgar_filings,US_ISHARES_IEFA,https://www.sec.gov/Archives/edgar/data/1100663/000119312525028799/d892616d497.htm,2026-09-26 14:52:49.348389,200.0,02cc3d884d85c2d9ef427144b4c983ba4769bf5d459cf6aa56d1020f8f6f0c5f,SUCCESS,3.0440114000230096,
log_82a6813aaf684bc4,sec_edgar_filings,US_ISHARES_IEFA,https://www.sec.gov/Archives/edgar/data/1100663/000119312525021017/d906687d497.htm,2026-09-26 14:52:51.848952,200.0,56a66b99815118f99a046fb15a38a9d3862dc2c2d9fa9b6541c8c024e3710029,SUCCESS,1.9937290999805555,
log_55b6565a33e94121,sec_edgar_filings,US_ISHARES_IEFA,https://www.sec.gov/Archives/edgar/data/1100663/000119312525062530/d905260d497.htm,2026-09-26 14:52:54.349266,200.0,d53dcc1164a6cbd06effdf058a8eeb0bd607fbd470e80c2f9a88a64871f13e8a,SUCCESS,2.5894400000106543,
log_2e112056efe74963,sec_edgar_filings,US_ISHARES_IEFA,https://www.sec.gov/Archives/edgar/data/1100663/000119312525061395/d905254d497.htm,2026-09-26 14:52:56.849575,200.0,01b4962adcb1e3c59fe864aabac99adca02b1515d2b2acea9c2b2c9c8692bdce,SUCCESS,2.3398388999921735,
log_6a315d50a80541d0,sec_edgar_filings,US_ISHARES_IEFA,https://www.sec.gov/Archives/edgar/data/1100663/000119312525060393/d927851d497.htm,2026-09-26 14:52:59.349841,200.0,0c2fc85960f736c95a96e3055b59fabb1f1d8e3c2cc62a540c567c882e63c872,SUCCESS,2.522601400007261,
log_e7f14d1ae3fc4689,sec_edgar_filings,US_ISHARES_IEFA,https://www.sec.gov/Archives/edgar/data/1100663/000119312525057907/d735691d497.htm,2026-09-26 14:53:01.849989,200.0,9de8e5b1a19a3cb51d50d0e2a5ed98306a03cbc40358ec14c3f07a4e6c6b4075,SUCCESS,2.8626302999909967,
log_f69a5d27c4be465f,sec_edgar_filings,US_ISHARES_IEFA,https://www.sec.gov/Archives/edgar/data/1100663/000119312525083044/d766022d497.htm,2026-09-26 14:53:04.350396,200.0,1811c75c01a16c8e6dfdde84fdc20a7250d5630af06c4683c08c2b8f2bc76435,SUCCESS,2.2628120000008494,
log_0330aec0cb284825,sec_edgar_filings,US_ISHARES_IEFA,https://www.sec.gov/Archives/edgar/data/1100663/000119312525080178/d883981d497.htm,2026-09-26 14:53:06.850698,200.0,bd61602ea1a25b0c6aff2ed976674be824a5f6de3990710e4476c1c577638b7a,SUCCESS,5.064802199980477,
log_3600da6bcfdb44d4,sec_edgar_filings,US_ISHARES_IEFA,https://www.sec.gov/Archives/edgar/data/1100663/000119312525080167/d945860d497.htm,2026-09-26 14:53:10.907069,200.0,57743c011c824292d57e2b132a6d929f2ba050e2b381438049ed3ea487c87f0b,SUCCESS,0.9693051000067499,
log_02fe2e2f89e844b7,sec_edgar_filings,US_ISHARES_IEFA,https://www.sec.gov/Archives/edgar/data/1100663/000119312525073419/d941411d497.htm,2026-09-26 14:53:13.407445,200.0,f38944bd289fef91d0e3f29f4733b2d9b075b27d3038656379ac3f314451af66,SUCCESS,2.669547199999215,
log_abf2e19d7a9844c7,sec_edgar_filings,US_ISHARES_IEFA,https://www.sec.gov/Archives/edgar/data/1100663/000119312525073416/d940735d497.htm,2026-09-26 14:53:15.908253,200.0,44fa50fecf601612aa223e1c6278fc06779ef1ceb060246ad51942e4b49729ef,SUCCESS,2.482160300016403,
log_ad5443732e9f4ffb,sec_edgar_filings,US_ISHARES_IEFA,https://www.sec.gov/Archives/edgar/data/1100663/000119312525072394/d896448d497.htm,2026-09-26 14:53:18.408691,200.0,cd66eb18ab2124907da3cb9929d864a1dfc1211d43ed39ec8d640ca5b45e656b,SUCCESS,2.804751799994847,
log_d2a0b8f70b8a41d6,sec_edgar_filings,US_ISHARES_IEFA,https://www.sec.gov/Archives/edgar/data/1100663/000119312525069353/d735233d497.htm,2026-09-26 14:53:20.909287,200.0,bd631bfadae77be216c92b72654dfd4504e6e2a746c481c9023e2837da1fc9a1,SUCCESS,2.1263822999899276,
log_1900506c01254c5a,sec_edgar_filings,US_ISHARES_IEFA,https://www.sec.gov/Archives/edgar/data/1100663/000119312525068983/d917197d497.htm,2026-09-26 14:53:23.409575,200.0,4681f150652580c721432b2c6bc1aba6a2b73381b164b559e6768b376076469a,SUCCESS,2.433016299997689,
log_bfdc05fd713f435b,sec_edgar_filings,US_ISHARES_IEFA,https://www.sec.gov/Archives/edgar/data/1100663/000119312525130716/d892250d497.htm,2026-09-26 14:53:25.910300,200.0,07097d37d41b28b001e461b999b8e03d0acf90aa0b97c6d92e39b5387157079c,SUCCESS,3.359474600001704,
log_b90a97fd6a7a4243,sec_edgar_filings,US_ISHARES_IEFA,https://www.sec.gov/Archives/edgar/data/1100663/000119312525121682/d15263d497.htm,2026-09-26 14:53:28.410656,200.0,5293c75e44da6168a77d4016250a479abfa0047f1baf52210cb46fa79dd15a10,SUCCESS,1.7411748000013176,
log_9bbbc338fa094f68,sec_edgar_filings,US_ISHARES_IEFA,https://www.sec.gov/Archives/edgar/data/1100663/000119312525152756/d20784d497.htm,2026-09-26 14:53:30.911510,200.0,a0f7d16dba80cd489ec03d4ba26e79aac85fbe741494e7bb442064056aa3f986,SUCCESS,1.8562574000097811,
log_d38c7953cc27470a,sec_edgar_filings,US_ISHARES_IEFA,https://www.sec.gov/Archives/edgar/data/1100663/000119312525152664/d892910d497.htm,2026-09-26 14:53:33.411827,200.0,97e2ee0c713fcb5de4514cbdc2e4bb7c23da21e109d95ab31a9df7878b25c2c9,SUCCESS,2.691366699989885,
log_4589cf02f2174a4e,sec_edgar_filings,US_ISHARES_IEFA,https://www.sec.gov/Archives/edgar/data/1100663/000119312525152656/d62694d497.htm,2026-09-26 14:53:35.912230,200.0,dd9998f610aa00a9f785a7ad8373d9261cb8a4ce31cc451303a5c00d2430f900,SUCCESS,2.4020670000172686,
log_e0e5c402d8094317,sec_edgar_filings,US_ISHARES_IEFA,https://www.sec.gov/Archives/edgar/data/1100663/000119312525151483/d858154d497.htm,2026-09-26 14:53:38.412557,200.0,800c8beabe6173b381bd2ad13c7e7f26ba6ffe3bce326f1551ac5b4f78f1ae9d,SUCCESS,2.587773000006564,
log_56d40e2b31e14211,sec_edgar_filings,US_ISHARES_IEFA,https://www.sec.gov/Archives/edgar/data/1100663/000119312525151481/d937804d497.htm,2026-09-26 14:53:40.912902,200.0,195666b0e83bd51ac0216adecf97dfeb363f47ffd8ff0e906bd8a698c26bd2dd,SUCCESS,2.394185400014976,
log_55b0d866e9eb4d02,sec_edgar_filings,US_ISHARES_IEFA,https://www.sec.gov/Archives/edgar/data/1100663/000119312525151480/d926596d497.htm,2026-09-26 14:53:43.413261,200.0,6ea7212d37d29bfd65daa13de43da08de17d24d6903c214bc9131f83f36dbff1,SUCCESS,2.477111899992451,
log_218661628f214657,sec_edgar_filings,US_ISHARES_IEFA,https://www.sec.gov/Archives/edgar/data/1100663/000119312525151477/d933980d497.htm,2026-09-26 14:53:45.913586,200.0,c74ad6fda7f693fcbe610943818f3322a26b4ed9c0c869d964591bba02bdedcf,SUCCESS,2.4141235999995843,
log_956591a57089434c,sec_edgar_filings,US_ISHARES_IEFA,https://www.sec.gov/Archives/edgar/data/1100663/000119312525151475/d935891d497.htm,2026-09-26 14:53:48.413994,200.0,da59631fa4508681409796536742272a66bd26b791668d067a57311090715cbf,SUCCESS,3.445666599989636,
log_f9698dec28e243fb,sec_edgar_filings,US_ISHARES_IEFA,https://www.sec.gov/Archives/edgar/data/1100663/000119312525151413/d80969d497.htm,2026-09-26 14:53:50.914258,200.0,6102ca7a81826d94c443591375f16c32e26d26670fc6e60fc7246b25f072689a,SUCCESS,3.2079827999987174,
log_d50581afbdff481e,sec_edgar_filings,US_ISHARES_IEFA,https://www.sec.gov/Archives/edgar/data/1100663/000119312525149660/d858192d497.htm,2026-09-26 14:53:53.790233,200.0,9f7afa070a3212af18e457a0c6d61420a835a25bb174ea6ee92718fef8a73baf,SUCCESS,1.3517339999962132,
log_a0a5a596cf4c4d99,sec_edgar_filings,US_ISHARES_IEFA,https://www.sec.gov/Archives/edgar/data/1100663/000119312525149296/d833515d497.htm,2026-09-26 14:53:56.290681,200.0,2b206ff3b8e5036039bde3ece4dcaddc210a3ddd15cfe20e1d4343277e303650,SUCCESS,2.3562467000156175,
log_a8422fd869e74d8f,sec_edgar_filings,US_ISHARES_IEFA,https://www.sec.gov/Archives/edgar/data/1100663/000119312525144688/d910466d497.htm,2026-09-26 14:53:58.791014,200.0,3351a3d69c49a2e9cf07f93969c88618483a4ea2c80f07a230e90a57fb46c66f,SUCCESS,2.2781741000071634,
log_3f38752153844cff,sec_edgar_filings,US_ISHARES_IEFA,https://www.sec.gov/Archives/edgar/data/1100663/000119312525144683/d923637d497.htm,2026-09-26 14:54:01.291471,200.0,b6594468bd3fda66ec0d2191496c71c17466739dcb62bc71de7ebaf4fd89f71d,SUCCESS,2.4448360000096727,
log_b48dd57db2c64900,sec_edgar_filings,US_ISHARES_IEFA,https://www.sec.gov/Archives/edgar/data/1100663/000119312525143780/d945286d497.htm,2026-09-26 14:54:03.791768,200.0,b8b1b011297fa3486bca11c99dc447d387100b5b691454f43c4f894731745b12,SUCCESS,2.345496499998262,
log_f1d0316d0ce64187,sec_edgar_filings,US_ISHARES_IEFA,https://www.sec.gov/Archives/edgar/data/1100663/000119312525140815/d92035d497.htm,2026-09-26 14:54:06.292524,200.0,344eabd3caf3b12a3bca39e08c7c2bfaa4ad3512bce029cf65eac850d3fca7be,SUCCESS,2.5537963999959175,
log_cffcbf04754747ad,sec_edgar_filings,US_ISHARES_IEFA,https://www.sec.gov/Archives/edgar/data/1100663/000119312525132329/d925393d497.htm,2026-09-26 14:54:08.793010,200.0,0c3214405434124e69c1edb277d1dda32e17fb42945053f19de08c499bd6962a,SUCCESS,2.4807147000101395,
log_957fec079d074a32,sec_edgar_filings,US_ISHARES_IEFA,https://www.sec.gov/Archives/edgar/data/1100663/000119312525132328/d944327d497.htm,2026-09-26 14:54:11.293461,200.0,5a6b2e8df13cdfbe74a52ccc50f7c244a911c4f44716de5206e107f6058653d5,SUCCESS,2.579239399987273,
log_1ef73d83e53d4897,sec_edgar_filings,US_ISHARES_IEFA,https://www.sec.gov/Archives/edgar/data/1100663/000119312525166407/d80334d497.htm,2026-09-26 14:54:13.794006,200.0,5976ca2bccd9cb3ba9ea478782537a52ee1716cfd78078aa6265345769615ff4,SUCCESS,2.6252320000203326,
log_736ab9f6182045f3,sec_edgar_filings,US_ISHARES_IEFA,https://www.sec.gov/Archives/edgar/data/1100663/000119312525166411/d16437d497.htm,2026-09-26 14:54:16.294819,200.0,18b745b6a77097bdbe7dd40937ad6c1f2283ff0da4a6a4cd3712ed4efc690074,SUCCESS,2.156869300000835,
log_1690afd0845c4104,sec_edgar_filings,US_ISHARES_IEFA,https://www.sec.gov/Archives/edgar/data/1100663/000119312525164409/d45758d497.htm,2026-09-26 14:54:18.795253,200.0,32ec927d59fabaae7067046a32ae851a11f13a81c7b21d8984b618c0367653fc,SUCCESS,2.7571915999869816,
log_0a2898dd249e4aac,sec_edgar_filings,US_ISHARES_IEFA,https://www.sec.gov/Archives/edgar/data/1100663/000119312525162592/d940331d497.htm,2026-09-26 14:54:21.295617,200.0,fcf8f9a72c67062f989b98521403754a87a82d794fe22eafea09ceda5297284f,SUCCESS,2.302564000012353,
log_e8f0798ae9d4414c,sec_edgar_filings,US_ISHARES_IEFA,https://www.sec.gov/Archives/edgar/data/1100663/000119312525162588/d936063d497.htm,2026-09-26 14:54:23.796029,200.0,8aaf5dd09282553b931c85ced5cb7a9cb3a563adab734542dc17a0b4e5e449c9,SUCCESS,2.8905423999822233,
log_c3b4d383550c43f4,sec_edgar_filings,US_ISHARES_IEFA,https://www.sec.gov/Archives/edgar/data/1100663/000119312525160527/d100349d497.htm,2026-09-26 14:54:26.296347,200.0,5b9fc2fe52399e6e0802341de8b83c6254a0b52a42a9bdbf3d5ae9d9dd13074a,SUCCESS,2.094498799997382,
log_9dcc959e380b4c37,sec_edgar_filings,US_ISHARES_IEFA,https://www.sec.gov/Archives/edgar/data/1100663/000119312525158223/d938286d497.htm,2026-09-26 14:54:28.796767,200.0,36f45b7e9bce75647c3ab6c4430f93ee147ec51161a6e776526b1781c52b21d5,SUCCESS,2.720478099974571,
log_9f14c63538ed495f,sec_edgar_filings,US_ISHARES_IEFA,https://www.sec.gov/Archives/edgar/data/1100663/000119312525153117/d12766d497.htm,2026-09-26 14:54:31.297346,200.0,d901b7aa571666382f34663604e27babbd701f9abfef16520dcf6d610c33a1a7,SUCCESS,2.3130735000013374,
log_affb027587914ab7,sec_edgar_filings,US_ISHARES_IEFA,https://www.sec.gov/Archives/edgar/data/1100663/000119312525152941/d59861d497.htm,2026-09-26 14:54:33.797917,200.0,b5bad58aae955eb2685b7cefb977e0530f025607ad57268c2deeb5d9a670a17b,SUCCESS,2.3291605999984313,
log_4231f16dfcfa4443,sec_edgar_filings,US_ISHARES_IEFA,https://www.sec.gov/Archives/edgar/data/1100663/000119312525192573/d81584d497.htm,2026-09-26 14:54:36.298506,200.0,aba18f15b38413c0fe4ebe678c157cd3dbf77704081446bdebec37d32a971350,SUCCESS,2.6182484999881126,
log_abf584d266064138,sec_edgar_filings,US_ISHARES_IEFA,https://www.sec.gov/Archives/edgar/data/1100663/000119312525185435/d797607d497.htm,2026-09-26 14:54:38.799115,200.0,89f2e1a17120261d47d14c73bb53989ff12eebdb73a0f1048a442bfd81e36231,SUCCESS,4.2728945999988355,
log_8bd31a708a14404d,sec_edgar_filings,US_ISHARES_IEFA,https://www.sec.gov/Archives/edgar/data/1100663/000119312525185274/d946888d497.htm,2026-09-26 14:54:41.651388,200.0,9f9ccbe56f8673cb4e0b5881038ca6e8b817f816b0447acff0f2620b4fb69767,SUCCESS,1.0096019000047818,
log_d96ef09c1d604953,sec_edgar_filings,US_ISHARES_IEFA,https://www.sec.gov/Archives/edgar/data/1100663/000119312525181867/d32380d497.htm,2026-09-26 14:54:44.151570,200.0,0d914b3094a3b114902160e3a8106f0efd06256e370e959ca30f3d7ee0b21752,SUCCESS,2.5101630999997724,
log_e53a481009d84750,sec_edgar_filings,US_ISHARES_IEFA,https://www.sec.gov/Archives/edgar/data/1100663/000119312525178119/d945380d497.htm,2026-09-26 14:54:46.651758,200.0,666bc471b3e9b7a40976f1d298e5f516eea91fb1e94b82dfb38d492d1e64be4d,SUCCESS,2.4950307000253815,
log_5030c070f1e94770,sec_edgar_filings,US_ISHARES_IEFA,https://www.sec.gov/Archives/edgar/data/1100663/000119312525176991/d68767d497.htm,2026-09-26 14:54:49.152085,200.0,4f59848c0f238e853d2904736316d15848706000baa0d7d5612382769706bd7c,SUCCESS,2.8229638999910094,
log_d90f8c0fefae43af,sec_edgar_filings,US_ISHARES_IEFA,https://www.sec.gov/Archives/edgar/data/1100663/000119312525171727/d35987d497.htm,2026-09-26 14:54:51.652389,200.0,1a4bbfd46cb9059f052dbb47e10a440a1b0c8091f4d8cc1b83a471c34888d7d2,SUCCESS,2.710831100004725,
log_7e7d03be1047410d,sec_edgar_filings,US_ISHARES_IEFA,https://www.sec.gov/Archives/edgar/data/1100663/000119312525171725/d946231d497.htm,2026-09-26 14:54:54.152619,200.0,cda92a5b1a1cfd8eb6925718811d5d52405ba30246ea0c60026cef3552c14aae,SUCCESS,1.8376786999870092,
log_127114cfd3e244a5,sec_edgar_filings,US_ISHARES_IEFA,https://www.sec.gov/Archives/edgar/data/1100663/000119312525171382/d91144d497.htm,2026-09-26 14:54:56.653309,200.0,da540bc116c7bfbf3e795771eb0b2089dcb58711dcb108968bb822a0416d2c01,SUCCESS,2.5443604000029154,
log_e182b24d99d848c3,sec_edgar_filings,US_ISHARES_IEFA,https://www.sec.gov/Archives/edgar/data/1100663/000119312525171077/d12817d497.htm,2026-09-26 14:54:59.153669,200.0,aeb3943d726dee222a163f7d5edee46cd246849471737bc9b0d55d982e1361db,SUCCESS,2.543207100010477,
log_9485ea5b31174198,sec_edgar_filings,US_ISHARES_IEFA,https://www.sec.gov/Archives/edgar/data/1100663/000119312525170646/d72295d497.htm,2026-09-26 14:55:01.654142,200.0,05add7aa9e4678e3b23c5ac6fdfb1d2ccbfc7652c5fe637702e61ef49610f4bc,SUCCESS,4.272150399978273,
log_eb7a697c37b84c4c,sec_edgar_filings,US_ISHARES_IEFA,https://www.sec.gov/Archives/edgar/data/1100663/000119312525220684/d14216d497.htm,2026-09-26 14:55:04.687090,200.0,dd39f981b8d1bf7e93226c4c0c8ca7a7d8e11abeedf32daaa2c8f5bdd84d7283,SUCCESS,1.2071619000053033,
log_3fca0adf751148ff,sec_edgar_filings,US_ISHARES_IEFA,https://www.sec.gov/Archives/edgar/data/1100663/000119312525220667/d74315d497.htm,2026-09-26 14:55:07.187381,200.0,7163e9ded3e0f70f000e219c9b1026484accdbc7cb7e680f2e372b5d965dd612,SUCCESS,2.161736700014444,
log_795913ee028b488f,sec_edgar_filings,US_ISHARES_IEFA,https://www.sec.gov/Archives/edgar/data/1100663/000119312525220646/d922321d497.htm,2026-09-26 14:55:09.687691,200.0,5253c549329b0a54a81a8eb5c632c99bfe740f6ac9f855fbbfa40f7817c1bb50,SUCCESS,2.61418910001521,
log_3a9d291fc21c4202,sec_edgar_filings,US_ISHARES_IEFA,https://www.sec.gov/Archives/edgar/data/1100663/000119312525213586/d76986d497.htm,2026-09-26 14:55:12.188212,200.0,588606b57f9afd851d14cc848989ed3d0ace8f6878ec6d72bf36f15cceb8d75d,SUCCESS,2.961981900007231,
log_d0e287de299d4453,sec_edgar_filings,US_ISHARES_IEFA,https://www.sec.gov/Archives/edgar/data/1100663/000119312525213416/d12724d497.htm,2026-09-26 14:55:14.688695,200.0,72f2199f76abaf86856631907d6823ebd91a780f1820f87e791975313ff4d5a1,SUCCESS,2.2477572999778204,
log_95007a5314cc49eb,sec_edgar_filings,US_ISHARES_IEFA,https://www.sec.gov/Archives/edgar/data/1100663/000119312525202143/d85575d497.htm,2026-09-26 14:55:17.189368,200.0,9d26d441ed06fde53b948a57cd213370c2a5f564bbfd78de3502b7c6925dcf7a,SUCCESS,2.3518213000206742,
log_ce1101ef904946f1,sec_edgar_filings,US_ISHARES_IEFA,https://www.sec.gov/Archives/edgar/data/1100663/000119312525194258/d45302d497.htm,2026-09-26 14:55:19.689733,200.0,c7c946da7c4f7d94b20cb3c7107299f7828d5b953c9f24c850a4fa24a6467a4c,SUCCESS,2.4945308000023942,
log_fd26d2a1907f4caf,sec_edgar_filings,US_ISHARES_IEFA,https://www.sec.gov/Archives/edgar/data/1100663/000119312525193994/d36297d497.htm,2026-09-26 14:55:22.190183,200.0,b853b800d62eb943bc95a96a31fdf69627ff4ef7da8b62b41b8d4733d3cc6272,SUCCESS,2.803539299988188,
log_71f0bd43526741be,sec_edgar_filings,US_ISHARES_IEFA,https://www.sec.gov/Archives/edgar/data/1100663/000119312525258900/d850740d497.htm,2026-09-26 14:55:24.690460,200.0,32f501b96f6b8a7322800867cb758f9421767ad82ece941937821b4ecc8274f9,SUCCESS,2.913732000015443,
log_c1ac85ff2d85449f,sec_edgar_filings,US_ISHARES_IEFA,https://www.sec.gov/Archives/edgar/data/1100663/000119312525258622/d853081d497.htm,2026-09-26 14:55:27.190724,200.0,4d4be3c4ea087ea29229ced99d7b2978587e5cfc455dc8f94fe58643a9caf7ba,SUCCESS,1.5088320999930147,
log_8ff2d2fb2c394b5a,sec_edgar_filings,US_ISHARES_IEFA,https://www.sec.gov/Archives/edgar/data/1100663/000119312525245584/d47996d497.htm,2026-09-26 14:55:29.691313,200.0,8963fad299cba9c92ab74fbd0b0a3701942f048949d54ad07e5c323f66ae6316,SUCCESS,2.6579357000009622,
log_49283dcfd5494ae1,sec_edgar_filings,US_ISHARES_IEFA,https://www.sec.gov/Archives/edgar/data/1100663/000119312525245533/d53643d497.htm,2026-09-26 14:55:32.191729,200.0,fa278f57fde07d67459e17cc5864b008da5199aa69b9762dd534334b2a37b32d,SUCCESS,2.7762750999827404,
log_a79c5e1696894310,sec_edgar_filings,US_ISHARES_IEFA,https://www.sec.gov/Archives/edgar/data/1100663/000119312525243500/d847683d497.htm,2026-09-26 14:55:34.691996,200.0,7f6cb699be8e40bee78944c7bd041bfb26c63cd90f924532fb6f5a8d7651cf69,SUCCESS,2.1116026999952737,
log_043173b0161147ed,sec_edgar_filings,US_ISHARES_IEFA,https://www.sec.gov/Archives/edgar/data/1100663/000119312525241455/d21541d497.htm,2026-09-26 14:55:37.193217,200.0,1df50d0b3c4ff13b8f77edfd93e5d1d63a6c218d97c0bd5a0986e82787b264b1,SUCCESS,2.810896800016053,
log_1cab119ea0af4e48,sec_edgar_filings,US_ISHARES_IEFA,https://www.sec.gov/Archives/edgar/data/1100663/000119312525241445/d17098d497.htm,2026-09-26 14:55:39.693449,200.0,d1d6dc8e525632673411aba7a1a39c4a3f7c3a887167b46c22ee1b029975831a,SUCCESS,3.103151399991475,
log_9c4ec1f6b97a4c4e,sec_edgar_filings,US_ISHARES_IEFA,https://www.sec.gov/Archives/edgar/data/1100663/000119312525240445/d13496d497.htm,2026-09-26 14:55:42.195075,200.0,7c9b915ca21c70a7469c2388530b511343b7b813f1057b9f639120b5be24f1fc,SUCCESS,1.6448162000160664,
log_4a13636facc44fda,sec_edgar_filings,US_ISHARES_IEFA,https://www.sec.gov/Archives/edgar/data/1100663/000119312525240193/d46937d497.htm,2026-09-26 14:55:44.695688,200.0,083af31cf339ba43b7ff354c9c4f18ec77318dd812e83c9f61ff0702198b340a,SUCCESS,2.3761285999789834,
log_fd1d42513627480e,sec_edgar_filings,US_ISHARES_IEFA,https://www.sec.gov/Archives/edgar/data/1100663/000119312525237066/d838386d497.htm,2026-09-26 14:55:47.196261,200.0,aab6a39bd1af51aa3f72858dabcbce792bcb8384e45787c182da56ec75c1359a,SUCCESS,2.5689844000153244,
log_6ad708b7522b476b,sec_edgar_filings,US_ISHARES_IEFA,https://www.sec.gov/Archives/edgar/data/1100663/000119312525233824/d14518d497.htm,2026-09-26 14:55:49.696402,200.0,fe9b0227a29f114c16819e84ca4eff0745cc92822823d24ca797cc4fc9229233,SUCCESS,2.5837306000175886,
log_88c4071b71754c11,sec_edgar_filings,US_ISHARES_IEFA,https://www.sec.gov/Archives/edgar/data/1100663/000119312525230367/d863213d497.htm,2026-09-26 14:55:52.197046,200.0,8faccea853cc4ef5aef1acc9032222749fccb4d53dd7d2530414585580ed4328,SUCCESS,2.6715604000200983,
log_5acaf0fbb0bf468d,sec_edgar_filings,US_ISHARES_IEFA,https://www.sec.gov/Archives/edgar/data/1100663/000119312525226832/d140482d497.htm,2026-09-26 14:55:54.697563,200.0,86b1dc2d05ebcfd117767c2158e886c96e2cb5045834940bf25c71c32f35c5d0,SUCCESS,2.278212599980179,
log_8ac2ecaa2655435b,sec_edgar_filings,US_ISHARES_IEFA,https://www.sec.gov/Archives/edgar/data/1100663/000119312525225574/d77896d497.htm,2026-09-26 14:55:57.197889,200.0,9e5da6c2f2e15011702321b35531eb6e230385886c1acce719b3b378fe015b55,SUCCESS,2.5095382000145037,
log_88665ec2da344643,sec_edgar_filings,US_ISHARES_IEFA,https://www.sec.gov/Archives/edgar/data/1100663/000119312525297711/d938912d497.htm,2026-09-26 14:55:59.698476,200.0,014a10b21d4a8687ed6eb12c37ccb0f372f94b7dbab55639b8d9b09411dcf6b4,SUCCESS,2.4332846000033896,
log_86e777ff73b44845,sec_edgar_filings,US_ISHARES_IEFA,https://www.sec.gov/Archives/edgar/data/1100663/000119312525291668/d87125d497.htm,2026-09-26 14:56:02.198743,200.0,6146fc79bb79b050e0ed9ed08acdb5ff7bca5b8b3acab77ca56fbaf32207a9e4,SUCCESS,2.378688600001624,
log_a0655fe9c9c94789,sec_edgar_filings,US_ISHARES_IEFA,https://www.sec.gov/Archives/edgar/data/1100663/000119312525287109/d82955d497.htm,2026-09-26 14:56:04.699078,200.0,8ce91b3b112647d42edce41a7d15bc0229ac0bb21bcc7a3cf2ef934c1f7ba959,SUCCESS,2.6853118000144605,
log_733e5c37bc0846c1,sec_edgar_filings,US_ISHARES_IEFA,https://www.sec.gov/Archives/edgar/data/1100663/000119312525283231/d67648d497.htm,2026-09-26 14:56:07.199407,200.0,d15976a5418d3b283973221ac1a5190850f4896912b73f695ef16e4a23d1d481,SUCCESS,3.5318532999954186,
log_2d7c8608f5d5484e,sec_edgar_filings,US_ISHARES_IEFA,https://www.sec.gov/Archives/edgar/data/1100663/000119312525331050/d922635d497.htm,2026-09-26 14:56:09.781094,200.0,ddcd7dfc2f263e62cc4fb38373ceafe9f7ce480ed2924b0b54df62998780015c,SUCCESS,1.2021932000061497,
log_f5dc228d074f4cd8,sec_edgar_filings,US_ISHARES_IEFA,https://www.sec.gov/Archives/edgar/data/1100663/000119312525328765/d86147d497.htm,2026-09-26 14:56:12.281540,200.0,1a5d89bafba00026b2d4c2846bfe463eb02310698afecdb7dc3eb5cff4a8c13d,SUCCESS,2.2575782999920193,
log_3e9db204eea0411c,sec_edgar_filings,US_ISHARES_IEFA,https://www.sec.gov/Archives/edgar/data/1100663/000119312525324952/d938265d497.htm,2026-09-26 14:56:14.781684,200.0,1db040fee1d07b3c6a8a5580cacdf2a2b59546a2e6204315a58de6939c48c652,SUCCESS,2.479806799994549,
log_08305f70efa24e51,sec_edgar_filings,US_ISHARES_IEFA,https://www.sec.gov/Archives/edgar/data/1100663/000119312525316017/d58282d497.htm,2026-09-26 14:56:17.281996,200.0,43b1d307691b158f0a8e8d83e8bcf68b2c72f37cb3b64b19155f2fc03b29a285,SUCCESS,2.561390700022457,
log_89bbcbdd463d48c3,sec_edgar_filings,US_ISHARES_IEFA,https://www.sec.gov/Archives/edgar/data/1100663/000119312525309780/d79527d497.htm,2026-09-26 14:56:19.782706,200.0,0b5b3712b8575efa22704d689646817d34ad633e1750ea64c7c550e08f0f0723,SUCCESS,2.603237099974649,
log_aba4e4c3add34508,sec_edgar_filings,US_ISHARES_IEFA,https://www.sec.gov/Archives/edgar/data/1100663/000119312525308207/d90938d497.htm,2026-09-26 14:56:22.282980,200.0,dec7649fe650e46097ea1f9159f68533ed28e09bb1cabc0d7ecfd0ab79a12e7a,SUCCESS,2.9952231000061147,
log_801599a3db6c47fd,sec_edgar_filings,US_ISHARES_IEFA,https://www.sec.gov/Archives/edgar/data/1100663/000119312525308009/d88695d497.htm,2026-09-26 14:56:24.784288,200.0,dbe724f097a785cad1dce26a486b7574954c6a55907bc08837568fbadf2fd4e4,SUCCESS,1.8672742000198923,
log_6e58e05b2e98466c,sec_edgar_filings,US_ISHARES_IEFA,https://www.sec.gov/Archives/edgar/data/1100663/000119312526015356/d35944d497.htm,2026-09-26 14:56:27.284874,200.0,79f71ed6aaeca36030a19fb4a9b54be5b62769f1c9a0bb47f916ad43ea71bd68,SUCCESS,2.569432799995411,
log_492d526945374ee9,sec_edgar_filings,US_ISHARES_IEFA,https://www.sec.gov/Archives/edgar/data/1100663/000119312526006456/d816607d497.htm,2026-09-26 14:56:29.785151,200.0,acd54a975e88f98bde579d172fd408fa271f88ee59fc8a418ac14948a40b1c91,SUCCESS,2.605696100014029,
log_e38ee16c36d743b1,sec_edgar_filings,US_ISHARES_IEFA,https://www.sec.gov/Archives/edgar/data/1100663/000119312525338493/d36519d497.htm,2026-09-26 14:56:32.285306,200.0,174cbc0f9f9e957466ee19b8f629b4b089554841fa6bfc0108e314380ae311c4,SUCCESS,2.2258798999828286,
log_2a13a83d9b8d42c5,sec_edgar_filings,US_ISHARES_IEFA,https://www.sec.gov/Archives/edgar/data/1100663/000119312526064485/d29673d497.htm,2026-09-26 14:56:34.785622,200.0,358467b1d1cda828ab60b904b89d15ba9db8db0e34f30f124dd656afdf8d5af0,SUCCESS,2.664036300004227,
log_39e78980dee64262,sec_edgar_filings,US_ISHARES_IEFA,https://www.sec.gov/Archives/edgar/data/1100663/000119312526056745/d51363d497.htm,2026-09-26 14:56:37.285763,200.0,8836ae41550d37826386f892c93bedab2d44980905829085d6382a1f7e40f6e6,SUCCESS,2.4279304000083357,
log_7b5a08104cbc4dec,sec_edgar_filings,US_ISHARES_IEFA,https://www.sec.gov/Archives/edgar/data/1100663/000119312526051617/d88238d497.htm,2026-09-26 14:56:39.785917,200.0,f5d8afd79b11205ea23703358fddcbc7ae0fa3c646ad136e532fdee78ef887e3,SUCCESS,2.363905000005616,
log_7354f13bb608433d,sec_edgar_filings,US_ISHARES_IEFA,https://www.sec.gov/Archives/edgar/data/1100663/000119312526051604/d38921d497.htm,2026-09-26 14:56:42.286256,200.0,86ae91b01315c6abfae9b331e8b024218968c0b245b9b775f400fc8ec78c245b,SUCCESS,2.4372203999955673,
log_083970580d684f4c,sec_edgar_filings,US_ISHARES_IEFA,https://www.sec.gov/Archives/edgar/data/1100663/000119312526051590/d25478d497.htm,2026-09-26 14:56:44.786536,200.0,774898db3076c024639916885fb4a04bf8a40401803bc9676bd722c39b4adbfb,SUCCESS,2.5514838000235613,
log_5d1626e6e1934930,sec_edgar_filings,US_ISHARES_IEFA,https://www.sec.gov/Archives/edgar/data/1100663/000119312526129300/d765912d497.htm,2026-09-26 14:56:47.286662,200.0,55acaa1112fa42626026576f5f29a8044415f933b3fdebcdf59bbea1bc3bc357,SUCCESS,2.3824586999835446,
log_e578affaa8b6455e,sec_edgar_filings,US_ISHARES_IEFA,https://www.sec.gov/Archives/edgar/data/1100663/000119312526121940/d117046d497.htm,2026-09-26 14:56:49.786935,200.0,0f65ad011a6ffe9b0fc676ca42a6ef0402d529b9e93c1d7e0a3324c01222bf85,SUCCESS,2.5231693999958225,
log_1d906242822d421f,sec_edgar_filings,US_ISHARES_IEFA,https://www.sec.gov/Archives/edgar/data/1100663/000119312526117990/d36768d497.htm,2026-09-26 14:56:52.287519,200.0,b830b7f3c2295aecdd5adfc2b30f7ce78ffcf3860c3b267591b1f28ae5504e3c,SUCCESS,2.508711400005268,
log_b55c8cbf48f04465,sec_edgar_filings,US_ISHARES_IEFA,https://www.sec.gov/Archives/edgar/data/1100663/000119312526114192/d45638d497.htm,2026-09-26 14:56:54.788288,200.0,f8bac38858835400b2b1f7af0c41445954bd31f9de091a866fa51d1a99aa6a81,SUCCESS,3.1102447000157554,
log_565149274f764a87,sec_edgar_filings,US_ISHARES_IEFA,https://www.sec.gov/Archives/edgar/data/1100663/000119312526114010/d864601d497.htm,2026-09-26 14:56:57.288466,200.0,d0bab012bec0a65529ea9c60350e454406eb8bf56209d0da1c5f2b04d8039b95,SUCCESS,1.772054200002458,
log_781f9089a9514384,sec_edgar_filings,US_ISHARES_IEFA,https://www.sec.gov/Archives/edgar/data/1100663/000119312526102313/d13062d497.htm,2026-09-26 14:56:59.788848,200.0,d31656f8006feaa6fe94db3df8a97a8a179f992425f265e4f71601732824f9da,SUCCESS,2.518472900002962,
log_db4ac5035eb44b39,sec_edgar_filings,US_ISHARES_IEFA,https://www.sec.gov/Archives/edgar/data/1100663/000119312526097152/d29298d497.htm,2026-09-26 14:57:02.289314,200.0,5fdf1972fbe924e4227f9280986015ab772139b8e63fbd40929dfd65629c9be0,SUCCESS,2.438303500006441,
log_dbc30d330fdb4d8e,sec_edgar_filings,US_ISHARES_IEFA,https://www.sec.gov/Archives/edgar/data/1100663/000119312526083306/d116517d497.htm,2026-09-26 14:57:04.789934,200.0,b1a783a5b59d9307d78e2b0b17a901e9c3607f647ea07e938467be1fd93324b8,SUCCESS,2.5088629000238143,
log_0c91c380429443b3,sec_edgar_filings,US_ISHARES_IEFA,https://www.sec.gov/Archives/edgar/data/1100663/000119312526196607/d112890d497.htm,2026-09-26 14:57:07.290128,200.0,9eed563de402618d22fa5c9e7a4c7e6b1baba74c7cf15f590f79ea3eba758a48,SUCCESS,2.5332364999921992,
log_2480a772ae0c4075,sec_edgar_filings,US_ISHARES_IEFA,https://www.sec.gov/Archives/edgar/data/1100663/000119312526188422/d17882d497.htm,2026-09-26 14:57:09.790805,200.0,b9a0745cf7961915f13ff6090bbec9ed7e4c3d0c17db47a44dc430f3ed11ccfe,SUCCESS,2.2703961999795865,
log_4e5568f01c334bfb,sec_edgar_filings,US_ISHARES_IEFA,https://www.sec.gov/Archives/edgar/data/1100663/000119312526164165/d88796d497.htm,2026-09-26 14:57:12.291292,200.0,2e6720a7265726e643da19293d7bf63009c73cb5322a3c00dd47b297e92ba504,SUCCESS,2.4694263999990653,
log_19bccd55e9c0467d,sec_edgar_filings,US_ISHARES_IEFA,https://www.sec.gov/Archives/edgar/data/1100663/000119312526140146/d105386d497.htm,2026-09-26 14:57:14.791468,200.0,222cd8f805c81305a65dbde504e71a28f0da7f9edd9cfbf214c6648ed3e7c5e6,SUCCESS,2.5964913000061642,
log_1ce1a2cf03c24476,sec_edgar_filings,US_ISHARES_IEFA,https://www.sec.gov/Archives/edgar/data/1100663/000119312526140080/d106622d497.htm,2026-09-26 14:57:17.291711,200.0,c5dce8b7c2800f2e49356a0b1cf40acc3fb4947a0af23ba630881fa06b81107a,SUCCESS,2.4191869999922346,
log_6ea7e24a45914ba7,sec_edgar_filings,US_ISHARES_IEFA,https://www.sec.gov/Archives/edgar/data/1100663/000119312526135209/d129347d497.htm,2026-09-26 14:57:19.792021,200.0,50aec65e6ca60613675b43059d6a4f6d7165013def7bce388de9e77c99ee1eff,SUCCESS,2.7489886000112165,
log_62b1345c0b914f02,sec_edgar_filings,US_ISHARES_IEFA,https://www.sec.gov/Archives/edgar/data/1100663/000119312526239677/d24890d497.htm,2026-09-26 14:57:22.292320,200.0,00dfc510d2afa23776628877b7d2da00d9bb68846a34d3f4093a3dc82989f240,SUCCESS,3.307523499999661,
log_cb96c2fb78c04273,sec_edgar_filings,US_ISHARES_IEFA,https://www.sec.gov/Archives/edgar/data/1100663/000119312526237040/d105379d497.htm,2026-09-26 14:57:24.792576,200.0,34ce8d4a4765d9d6f85c92409e69eb11d96cbb0aa6009d22ac6d5c4acb16e6af,SUCCESS,1.3936395999917295,
log_389e21b849614679,sec_edgar_filings,US_ISHARES_IEFA,https://www.sec.gov/Archives/edgar/data/1100663/000119312526237012/d108481d497.htm,2026-09-26 14:57:27.293127,200.0,e062db17e91eb6d274a408b722deb2922c343f47c2a952ea53b30bd0c8f73d1b,SUCCESS,2.008428500004811,
log_21b0df9c26ae4ffa,sec_edgar_filings,US_ISHARES_IEFA,https://www.sec.gov/Archives/edgar/data/1100663/000119312526232632/d112764d497.htm,2026-09-26 14:57:29.793325,200.0,7c7ea35c15c0f1c619211835bc9ab1c27b581c05452715229b395f3a09f05548,SUCCESS,2.4409306999878027,
log_430d686776724590,sec_edgar_filings,US_ISHARES_IEFA,https://www.sec.gov/Archives/edgar/data/1100663/000119312526204769/d121690d497.htm,2026-09-26 14:57:32.294047,200.0,9458041f9c688c4fb667e5bcd94149e648043fee27b4cedb1807a84a102b677b,SUCCESS,3.2268324999895412,
log_5a5dbbc2e1af472e,sec_edgar_filings,US_ISHARES_IEFA,https://www.sec.gov/Archives/edgar/data/1100663/000119312526288507/d144232d497.htm,2026-09-26 14:57:34.794400,200.0,773a3e1d979da58058029ea9050369a87e4f8c1c017a7900d3774deb7698ed00,SUCCESS,2.305679599987343,
log_86977dddf9b14587,sec_edgar_filings,US_ISHARES_IEFA,https://www.sec.gov/Archives/edgar/data/1100663/000119312526279612/d74881d497.htm,2026-09-26 14:57:37.294741,200.0,986d7bb132a2a1e8e07022dd290e936730cba6d368b2ef285524041c7927f645,SUCCESS,2.408468100009486,
log_79b050822d1a4a21,sec_edgar_filings,US_ISHARES_IEFA,https://www.sec.gov/Archives/edgar/data/1100663/000119312526279474/d143191d497.htm,2026-09-26 14:57:39.795278,200.0,c2e89a5a595852ec3ea74ffbd9b8aead89b827907db3e3f825c839653137d541,SUCCESS,2.4900878999906126,
log_7290810e7c1f4211,sec_edgar_filings,US_ISHARES_IEFA,https://www.sec.gov/Archives/edgar/data/1100663/000119312526269593/d74967d497.htm,2026-09-26 14:57:42.295574,200.0,d4753ee9f18867febc13cfc93b240606a9fbda656f189e03583543df3b4876e8,SUCCESS,2.576496199995745,
log_54019fec82764f8f,sec_edgar_filings,US_ISHARES_IEFA,https://www.sec.gov/Archives/edgar/data/1100663/000119312526269590/d168658d497.htm,2026-09-26 14:57:44.795751,200.0,75746f0add85ebd7724d05ad887fbf580a1445da20a3c4ea2c4667f5876817e7,SUCCESS,2.6242478000058327,
log_2e72827e42204752,sec_edgar_filings,US_ISHARES_IEFA,https://www.sec.gov/Archives/edgar/data/1100663/000119312526267888/d121420d497.htm,2026-09-26 14:57:47.296051,200.0,caf4b1428f5efd3798756d9815425203d0cdf51d458688629441438d39e971f3,SUCCESS,2.2597742000070866,
log_04e379eec05b4808,sec_edgar_filings,US_ISHARES_IEFA,https://www.sec.gov/Archives/edgar/data/1100663/000119312526267877/d143945d497.htm,2026-09-26 14:57:49.796530,200.0,4a92334408598170baca70379751806d09fe308a82895775a2eb7ca7cc6a103a,SUCCESS,2.5726687000133097,
log_32d606ca8c8d494c,sec_edgar_filings,US_ISHARES_IEFA,https://www.sec.gov/Archives/edgar/data/1100663/000119312526267872/d74088d497.htm,2026-09-26 14:57:52.297181,200.0,b5e4771bb7559c9a634293e8e25652843e18172a3a94373c05a68e218348b01b,SUCCESS,2.589538600004744,
log_1d039d46c14f4721,sec_edgar_filings,US_ISHARES_IEFA,https://www.sec.gov/Archives/edgar/data/1100663/000119312526267869/d46038d497.htm,2026-09-26 14:57:54.797972,200.0,be5ad514db0fd1cf813e62e133885811797f770cb8142592179335cc06d1cf97,SUCCESS,2.5090742000029422,
log_177043056aed40c5,sec_edgar_filings,US_ISHARES_IEFA,https://www.sec.gov/Archives/edgar/data/1100663/000119312526267864/d20417d497.htm,2026-09-26 14:57:57.298371,200.0,250a1267e11495bba825a62f3629f7ca68600f8128bfaec4589d5bc5b7046e09,SUCCESS,2.3818931999849156,
log_85da135e6efd4ea3,sec_edgar_filings,US_ISHARES_IEFA,https://www.sec.gov/Archives/edgar/data/1100663/000119312526267858/d162061d497.htm,2026-09-26 14:57:59.798947,200.0,ad55ffb9bb1173f124b5aa4d14412b17a90a1afc6012f9da964797c237168b21,SUCCESS,2.682463100005407,
log_9ab3e5c014a54f5a,sec_edgar_filings,US_ISHARES_IEFA,https://www.sec.gov/Archives/edgar/data/1100663/000119312526267852/d154427d497.htm,2026-09-26 14:58:02.299237,200.0,844ba76a2078925801265f3b074f5f7968763d1aae83c4aea0358307062c8663,SUCCESS,2.4722289000055753,
log_a339868f1bec4e23,sec_edgar_filings,US_ISHARES_IEFA,https://www.sec.gov/Archives/edgar/data/1100663/000119312526249172/d126264d497.htm,2026-09-26 14:58:04.799526,200.0,383c995df14c85e21826b8f6e567b3f2f5115addd7a5179ffd892aad5d1df59a,SUCCESS,2.2778324999962933,
log_8a8f597849354543,sec_edgar_filings,US_ISHARES_IEFA,https://www.sec.gov/Archives/edgar/data/1100663/000119312526326458/d123143d497.htm,2026-09-26 14:58:07.302799,200.0,43768bc03c1fb71017ba076ff5b15c2ec3fb28211326160b8e4168eb94ce5fb4,SUCCESS,3.192088900017552,
log_5a5340df7a444e14,sec_edgar_filings,US_ISHARES_IEFA,https://www.sec.gov/Archives/edgar/data/1100663/000119312526326445/d25273d497.htm,2026-09-26 14:58:09.806108,200.0,a08218d45dfe0ba8ea3ed37dab2eda58a5dc3d159c23e857980c839f51d7bea0,SUCCESS,1.8944620999973267,
log_3d7bba1b777d4ad7,sec_edgar_filings,US_ISHARES_IEFA,https://www.sec.gov/Archives/edgar/data/1100663/000119312526326439/d161787d497.htm,2026-09-26 14:58:12.306441,200.0,fd29b9dcfee58630afe0e308d3fe3466b80df1cde8a0af6d24299e0f797acb7d,SUCCESS,2.2499133000092115,
log_2b3bd65406384d2b,sec_edgar_filings,US_ISHARES_IEFA,https://www.sec.gov/Archives/edgar/data/1100663/000119312526307874/d94466d497.htm,2026-09-26 14:58:14.806565,200.0,ece03ba68a5aaf3c817c4f6b9bd64b677ead55387401497b6c00f84cff703039,SUCCESS,2.5402882999915164,
log_c70521370d814e14,sec_edgar_filings,US_ISHARES_IEFA,https://www.sec.gov/Archives/edgar/data/1100663/000119312526306133/d157213d497.htm,2026-09-26 14:58:17.307119,200.0,a9dad30a31ad649f3cf48231a29734ed55bbc27ba5d1bc578c1c4c33c984eacd,SUCCESS,2.540733800007729,
log_67a401a892e04164,sec_edgar_filings,US_ISHARES_IEFA,https://www.sec.gov/Archives/edgar/data/1100663/000119312526306123/d160783d497.htm,2026-09-26 14:58:19.807373,200.0,9e374339c503ac1f3afbf3a6dc056115cfdc9d347ed16bd29782dde2f08116c1,SUCCESS,3.8466924999956973,
log_81f3b05e358f4b91,sec_edgar_filings,US_ISHARES_IEFA,https://www.sec.gov/Archives/edgar/data/1100663/000119312526306122/d145677d497.htm,2026-09-26 14:58:22.307847,200.0,8589633deb798a60f69354eba15cf808392dbe86479e9022b7d24bb6eaa8cf04,SUCCESS,1.1564755999715999,
log_74f7bcef43174ed0,sec_edgar_filings,US_ISHARES_IEFA,https://www.sec.gov/Archives/edgar/data/1100663/000119312526306120/d151429d497.htm,2026-09-26 14:58:24.808123,200.0,dd1fdf7770161ec03ecf76037796c9a8e9abf891cd94766b425761307a09a189,SUCCESS,2.714832799974829,
log_c6f8acf543914ee7,sec_edgar_filings,US_ISHARES_IEFA,https://www.sec.gov/Archives/edgar/data/1100663/000119312526306119/d154864d497.htm,2026-09-26 14:58:27.308948,200.0,7c7159c45b0a42513d6d7a90b8da303ec3b521f540dce139268f1768d015c253,SUCCESS,2.255857799988007,
log_85601074a2de40ff,sec_edgar_filings,US_ISHARES_IEFA,https://www.sec.gov/Archives/edgar/data/1100663/000119312526306116/d155509d497.htm,2026-09-26 14:58:29.809672,200.0,ca038d7e15083df015eabe836cc73d1a42841d009c8618643512a730cd67f53f,SUCCESS,2.8190362000023015,
log_e7357f35c2204101,sec_edgar_filings,US_ISHARES_IEFA,https://www.sec.gov/Archives/edgar/data/1100663/000119312526306115/d156341d497.htm,2026-09-26 14:58:32.310193,200.0,6a496bc7d22bed5123125cb7712cf7812e39d4640163dce29eb3d5ecd1f4bf47,SUCCESS,2.404727500019362,
log_17782445a50f4bbc,sec_edgar_filings,US_ISHARES_IEFA,https://www.sec.gov/Archives/edgar/data/1100663/000119312526300908/d898074d497.htm,2026-09-26 14:58:34.810565,200.0,3e6d6cb4e9d5e319e905d0517c8c81e27ef8f049a5ee7979dc656693dcabe5e8,SUCCESS,2.4950053000065964,
log_8f1beb9827764f61,sec_edgar_filings,US_ISHARES_IEFA,https://www.sec.gov/Archives/edgar/data/1100663/000119312526294655/d83700d497.htm,2026-09-26 14:58:37.311367,200.0,e8b2fea09a8fe965aecb2c68b1d5d9762df5969614f02c334c4e59347a6fa57d,SUCCESS,2.229155599983642,
log_ae4e936be29e46f4,sec_edgar_filings,US_ISHARES_IEFA,https://www.sec.gov/Archives/edgar/data/1100663/000119312526293181/d83700d497.htm,2026-09-26 14:58:39.811796,200.0,e8f5a24b7941ee340b2658503a979bf50cff8d427ba84b0f1f9beef45ad6220d,SUCCESS,2.607531999994535,
log_a5706d8f0f534b66,sec_edgar_filings,US_ISHARES_IEFA,https://www.sec.gov/Archives/edgar/data/1100663/000119312526292033/d110723d497.htm,2026-09-26 14:58:42.311980,200.0,7079e7b67616604fea2e6705db4f54ad9be03ac09d45f24c26791ec1f59f0259,SUCCESS,1.895130099990638,
log_d0974f4e7cd7458e,sec_edgar_filings,US_ISHARES_IEFA,https://www.sec.gov/Archives/edgar/data/1100663/000119312526291166/d10430d497.htm,2026-09-26 14:58:44.812186,200.0,2b68846bec4b87534a84a40c21287c4b487928c4bd4e9ce9eef95400f4881a20,SUCCESS,3.3711028000107035,
log_2a9a0dcd8f3c4f17,sec_edgar_filings,US_ISHARES_IEFA,https://www.sec.gov/Archives/edgar/data/1100663/000119312526376132/d164169d497.htm,2026-09-26 14:58:47.314014,200.0,f292ea03a7b41ecd56cbffeab5257516e8fec1022c3f4ad9556d81338a05c1f1,SUCCESS,2.095217699999921,
log_5d7e0123ab974ecf,sec_edgar_filings,US_ISHARES_IEFA,https://www.sec.gov/Archives/edgar/data/1100663/000119312526376116/d163838d497.htm,2026-09-26 14:58:49.814464,200.0,bfb1512e0663a51c307efe1528613329a962c689781a152e98487604b2cddf93,SUCCESS,2.5094688999815844,
log_61d28d4124284513,sec_edgar_filings,US_ISHARES_IEFA,https://www.sec.gov/Archives/edgar/data/1100663/000119312526376106/d163946d497.htm,2026-09-26 14:58:52.314901,200.0,b817e92971553388949ecfb6bdb93d61fcb1e847f7eebab8d2727665ded240bf,SUCCESS,3.9697447000071406,
log_b8625bf01a9e49dc,sec_edgar_filings,US_ISHARES_IEFA,https://www.sec.gov/Archives/edgar/data/1100663/000119312526361162/d133118d497.htm,2026-09-26 14:58:54.815907,200.0,76b1ea9ac40a6b517caf643e713dbe64ed9e90bc2921725f8029e3223ecda59b,SUCCESS,1.03392580000218,
log_a98a59d248c648af,sec_edgar_filings,US_ISHARES_IEFA,https://www.sec.gov/Archives/edgar/data/1100663/000119312526354177/d153282d497.htm,2026-09-26 14:58:57.316479,200.0,9bec2fc7e5a69ef29a95ccd8530ca371c69987d4094d5dab7dc6340d263e071e,SUCCESS,2.708343500009505,
log_4928ab1187874281,sec_edgar_filings,US_ISHARES_IEFA,https://www.sec.gov/Archives/edgar/data/1100663/000119312526352275/d129369d497.htm,2026-09-26 14:58:59.817072,200.0,692c91c055a773e202244fb5ff32263ac76740e73e89e012fa6e8b75816a41ff,SUCCESS,2.525988099980168,
log_31ae93b984f04b03,sec_edgar_filings,US_ISHARES_IEFA,https://www.sec.gov/Archives/edgar/data/1100663/000119312526338192/d114838d497.htm,2026-09-26 14:59:02.317687,200.0,d4c38eba0231e950a1c9fd7415b294cefb64770e7c25a88dc70ce9a66a613073,SUCCESS,2.7005023000237998,
log_4d446144633646c7,sec_edgar_filings,US_ISHARES_IEFA,https://www.sec.gov/Archives/edgar/data/1100663/000119312526338183/d89689d497.htm,2026-09-26 14:59:04.818017,200.0,d9bd8e1943854d56e26635ebcb86f5f05085ddd325e97bb9e1b8e352992b3d44,SUCCESS,2.4145098000008147,
log_0fc9ab4e959a4665,sec_edgar_filings,US_ISHARES_IEFA,https://www.sec.gov/Archives/edgar/data/1100663/000119312526338154/d83054d497.htm,2026-09-26 14:59:07.318615,200.0,5d8a2e8962feaefe5267f62857f5ffac52d1b06834515413e0aedcdafb44266f,SUCCESS,2.201448599982541,
log_e093e86268ae4b75,sec_edgar_filings,US_ISHARES_IEFA,https://www.sec.gov/Archives/edgar/data/1100663/000119312526330968/d55058d497.htm,2026-09-26 14:59:09.819103,200.0,1453a922fcb3e15b8a1571f2e31e8acb6ba9244e25b4e93ba41d830f527cf60a,SUCCESS,3.0679789999849163,
log_5a7b6056349e48be,sec_edgar_filings,US_ISHARES_IEFA,https://www.sec.gov/Archives/edgar/data/1100663/000119312526398125/d181895d497.htm,2026-09-26 14:59:12.319293,200.0,f90830fac01431c0cce67505b4647302913ccecebcd4897a5474b036a096be1a,SUCCESS,1.9560635999951046,
log_805267fba1d446f7,sec_edgar_filings,US_ISHARES_IEFA,https://www.sec.gov/Archives/edgar/data/1100663/000119312526395798/d165827d497.htm,2026-09-26 14:59:14.819483,200.0,0c3cfe67e6af77e64d9e6d04065c6d22ad980a74e3015a41c0ecd33d9dc6da89,SUCCESS,2.760689499991713,
log_d55c9e79661841ee,sec_edgar_filings,US_ISHARES_IEFA,https://www.sec.gov/Archives/edgar/data/1100663/000119312526389306/d135258d497.htm,2026-09-26 14:59:17.319671,200.0,68df629271f45e35a78889b2d64132946935c6f0fb8a92dc302f4349ac48c807,SUCCESS,2.460201000008965,
log_32ccc30208104cee,sec_edgar_filings,US_ISHARES_IEFA,https://www.sec.gov/Archives/edgar/data/1100663/000119312526383660/d118308d497.htm,2026-09-26 14:59:19.820232,200.0,5218173e9800d7c826c95a828c16d2380143629ee41bd16d8827bad9e5ef1502,SUCCESS,2.3487043000059202,
log_89df1205f88a4d3f,sec_edgar_filings,US_ISHARES_IEFA,https://www.sec.gov/Archives/edgar/data/1100663/000119312526380260/d535954d497.htm,2026-09-26 14:59:22.320801,200.0,b2116b75eacee79bb4c3395bb99c62ba989cea3ff221ac6348d97bfac4130311,SUCCESS,2.3334130000148434,
log_ea8bd26c7c2f4725,sec_edgar_filings,US_ISHARES_IEFA,https://www.sec.gov/Archives/edgar/data/1100663/000119312526377124/d133702d497.htm,2026-09-26 14:59:24.821222,200.0,0a95c885d359ec7d9ebfe6b55935c1450be2f223c69a0edaa7022469da13cce9,SUCCESS,2.5860300000058487,
log_358109959a974ba3,sec_edgar_submissions_api,US_ISHARES_USHY,https://data.sec.gov/submissions/CIK0001100663.json,2026-09-26 14:59:32.689746,200.0,bb6aec42416c270a7fb00e6ea1740fc7c718e3847f412ae57f09dc867c5e1fc0,SUCCESS,1.4119851000141352,
log_3780c4c142eb48a6,sec_edgar_submissions_api,US_ISHARES_USHY,https://data.sec.gov/submissions/CIK0001100663-submissions-002.json,2026-09-26 14:59:35.189898,200.0,ad220ef41a624867cdf87d37d40a407f1f177df021b340bd29797de6991a987d,SUCCESS,3.8830144999956246,
log_a6b1ba80c36044e2,official_fund_sponsor_page,US_ISHARES_USHY,https://www.ishares.com/us/products/290144/,2026-09-26 14:59:40.493884,403.0,,RETRIEVAL_FAILED,2.2692169999936596,HTTP 403: Forbidden
log_4105e11232564f89,sec_edgar_filings,US_ISHARES_USHY,https://www.sec.gov/Archives/edgar/data/1100663/000119312524245748/d843984d497.htm,2026-09-26 14:59:44.074678,200.0,73cd78c59440c22b4db721a87e2892f80d4c4f45a394ece6826d7125bf1fd801,SUCCESS,2.467039500013925,
log_32e058c1f8fa4e7e,sec_edgar_filings,US_ISHARES_USHY,https://www.sec.gov/Archives/edgar/data/1100663/000119312524242848/d866922d497.htm,2026-09-26 14:59:46.575008,200.0,1f5a90ec402fe09bb4b06e8f3a31c4621f53c31a38502ae46b196363a104a8b5,SUCCESS,2.112032100005308,
log_88abfae01fce422a,sec_edgar_filings,US_ISHARES_USHY,https://www.sec.gov/Archives/edgar/data/1100663/000119312524239640/d895738d497.htm,2026-09-26 14:59:49.075361,200.0,ea0d28b5f47a015457e4aded5c16e673c9ce9f5c9c8fd071c3541ec3d4ebd2fe,SUCCESS,2.5255902000062633,
log_bc7ea743513f4547,sec_edgar_filings,US_ISHARES_USHY,https://www.sec.gov/Archives/edgar/data/1100663/000119312524238913/d894453d497.htm,2026-09-26 14:59:51.575905,200.0,58691ce5e5a1ebc3bedc51cc98d5cf7c67e6fd7e6d6a4bf1ddc14aec0332f2a0,SUCCESS,2.363200500025414,
log_98f2d9c0d15a43da,sec_edgar_filings,US_ISHARES_USHY,https://www.sec.gov/Archives/edgar/data/1100663/000119312524238908/d894041d497.htm,2026-09-26 14:59:54.076203,200.0,5a971737e3d25608d6874bb6ff5ede8c0e0f392b86a86297d45b641472fc86cf,SUCCESS,2.2583781000284944,
log_875223d1f28d4b5e,sec_edgar_filings,US_ISHARES_USHY,https://www.sec.gov/Archives/edgar/data/1100663/000119312524238902/d890449d497.htm,2026-09-26 14:59:56.576888,200.0,e8f91d733b89b0732f87820bb0ceb5ef936e75cb702bb1a26cd77603b9d2006e,SUCCESS,3.5008733999857213,
log_a5cae5bbfb954b0d,sec_edgar_filings,US_ISHARES_USHY,https://www.sec.gov/Archives/edgar/data/1100663/000119312524238835/d860426d497.htm,2026-09-26 14:59:59.077505,200.0,3b8598f26180a24673c2565d9bc505ec40d04445a8a0dbf3b84ca346ef55d512,SUCCESS,1.4689153999788687,
log_9fd3ba20da634c24,sec_edgar_filings,US_ISHARES_USHY,https://www.sec.gov/Archives/edgar/data/1100663/000119312524236754/d131931d497.htm,2026-09-26 15:00:01.578136,200.0,578972467512d796af102d2558b629a84edab1a26e1e8a20c02f308698da48e0,SUCCESS,3.3549023999948986,
log_5230a19c5818448a,sec_edgar_filings,US_ISHARES_USHY,https://www.sec.gov/Archives/edgar/data/1100663/000119312524233837/d788518d497.htm,2026-09-26 15:00:04.079615,200.0,deb9d0231aa987b37c95f7f01e5eeaaf234f61414fd81712237ca3d26070801d,SUCCESS,1.7144641999911983,
log_87fa27e3d9254c75,sec_edgar_filings,US_ISHARES_USHY,https://www.sec.gov/Archives/edgar/data/1100663/000119312524229262/d814275d497.htm,2026-09-26 15:00:06.579772,200.0,8d28d6076b70d64c34e1b22e274410cda81084450db5baaebcca312b985f86d5,SUCCESS,2.815559300011955,
log_cf94d3c21fba4c8b,sec_edgar_filings,US_ISHARES_USHY,https://www.sec.gov/Archives/edgar/data/1100663/000119312524267301/d875052d497.htm,2026-09-26 15:00:09.080557,200.0,994014a2e0c0c803bb01c525eeb5f5d10730c70dfd1dea3243be587b097bbe34,SUCCESS,3.3418532999930903,
log_a49b4f0d792a43a0,sec_edgar_filings,US_ISHARES_USHY,https://www.sec.gov/Archives/edgar/data/1100663/000119312524261914/d911527d497.htm,2026-09-26 15:00:12.269893,200.0,cda2e2e9ec0d7871884db0a66c3f2253f75e092f5810545551f3359c99e7a94a,SUCCESS,0.9962942999845836,
log_042e15148617474b,sec_edgar_filings,US_ISHARES_USHY,https://www.sec.gov/Archives/edgar/data/1100663/000119312524287196/d848374d497.htm,2026-09-26 15:00:14.770534,200.0,2c5f89057381013b3ca8bb9e1d1f3c4d684651933a3aeec48a8f89cb33b45cfe,SUCCESS,2.7600497000094038,
log_16b61644de184704,sec_edgar_filings,US_ISHARES_USHY,https://www.sec.gov/Archives/edgar/data/1100663/000119312524287179/d842136d497.htm,2026-09-26 15:00:17.271038,200.0,c84055937d160d9cce60f79b7ab9735d86377ff76c5e315b0fa05a342e0bfb64,SUCCESS,3.376264699996682,
log_20c74e78446144ef,sec_edgar_filings,US_ISHARES_USHY,https://www.sec.gov/Archives/edgar/data/1100663/000119312524286941/d916258d497.htm,2026-09-26 15:00:19.772005,200.0,9925703ee2adb913becaafb685335ea082fadad4bacf8975e90abf5a4bcbb54a,SUCCESS,1.0382872000045609,
log_197a964fedf64825,sec_edgar_filings,US_ISHARES_USHY,https://www.sec.gov/Archives/edgar/data/1100663/000119312524286938/d915949d497.htm,2026-09-26 15:00:22.272351,200.0,58672fb3187fd7cd6a35cab35a21e65a2910a998d9784c569b2474972c9b723d,SUCCESS,2.919052900018869,
log_628ebcf366604fa9,sec_edgar_filings,US_ISHARES_USHY,https://www.sec.gov/Archives/edgar/data/1100663/000119312524283370/d901579d497.htm,2026-09-26 15:00:24.772891,200.0,0e1b3775a196226c6b5ed01264e821a75e16949946f26cbad676252063283e77,SUCCESS,2.1233254999970086,
log_cc123e474bcf4845,sec_edgar_filings,US_ISHARES_USHY,https://www.sec.gov/Archives/edgar/data/1100663/000119312524283367/d869601d497.htm,2026-09-26 15:00:27.273422,200.0,d0ef04e6c4c83dd9668a89307f67f2404251b555e865099b25ba5ea662a4d3d7,SUCCESS,2.3835522000154015,
log_534468e7cee44b91,sec_edgar_filings,US_ISHARES_USHY,https://www.sec.gov/Archives/edgar/data/1100663/000119312524282143/d901522d497.htm,2026-09-26 15:00:29.774953,200.0,318477ac4529a7b02621ccb18838b87e5e38ffffcb2b29f0f8d7b2f468cbef26,SUCCESS,2.7258977000019513,
log_f7730fa5821d402d,sec_edgar_filings,US_ISHARES_USHY,https://www.sec.gov/Archives/edgar/data/1100663/000119312524282139/d901516d497.htm,2026-09-26 15:00:32.275440,200.0,ca66868c7cba898da6922427eb27d81a405894a6eebfbb3474ff130df5cf999c,SUCCESS,2.8604874000011478,
log_9dfc6d812ada4164,sec_edgar_filings,US_ISHARES_USHY,https://www.sec.gov/Archives/edgar/data/1100663/000119312524281940/d826977d497.htm,2026-09-26 15:00:34.776262,200.0,800d5cf486e2fb95e45173b99dd4120efe0e90ad9a51b0fdcdd479bf8e32183a,SUCCESS,1.9108812999911606,
log_c7f17beb14ff4668,sec_edgar_filings,US_ISHARES_USHY,https://www.sec.gov/Archives/edgar/data/1100663/000119312524271487/d904601d497.htm,2026-09-26 15:00:37.276509,200.0,0ee77de6ba3db7adbc70affe8919d2663fdec24e83bcbd247571ae1518849360,SUCCESS,3.3176811000157613,
log_c8936d41245f46f4,sec_edgar_filings,US_ISHARES_USHY,https://www.sec.gov/Archives/edgar/data/1100663/000119312524271371/d876550d497.htm,2026-09-26 15:00:39.777202,200.0,f18fb9460288f770219675492a623770ad545701783d5a971c3fb6db8e3effa0,SUCCESS,1.651038999989396,
log_51f9d160ff2f45f5,sec_edgar_submissions_api,US_ISHARES_USHY,https://data.sec.gov/submissions/CIK0001100663-submissions-001.json,2026-09-26 15:00:41.310335,200.0,4b0840de53146277b9c65f543745bdc767e1b1fe714103072c3a78695ac3aa0e,SUCCESS,4.102197799977148,
log_bee297f39c2d4a77,sec_edgar_filings,US_ISHARES_USHY,https://www.sec.gov/Archives/edgar/data/1100663/000119312525011478/d925726d497.htm,2026-09-26 15:00:45.424318,200.0,f3664cc090ef0083395e6c1d676e0ec279501c929ef184749cbafa72846fd637,SUCCESS,1.4187967000179924,
log_d2e604d7e6df4817,sec_edgar_filings,US_ISHARES_USHY,https://www.sec.gov/Archives/edgar/data/1100663/000119312525008535/d136256d497.htm,2026-09-26 15:00:47.926706,200.0,1ff29213a01028ad45429b0b9d6b52dcaa727548883a2c547733afa0ba2750ff,SUCCESS,2.955329399992479,
log_e7d0b28675d64f05,sec_edgar_filings,US_ISHARES_USHY,https://www.sec.gov/Archives/edgar/data/1100663/000119312525007202/d921290d497.htm,2026-09-26 15:00:50.427122,200.0,3028657a53eda3bf72c5a54a0004b6a982e4cd55ed9bebf07cdc07014eca799c,SUCCESS,2.6231986000202596,
log_cf9427498ed84587,sec_edgar_filings,US_ISHARES_USHY,https://www.sec.gov/Archives/edgar/data/1100663/000119312524287209/d886745d497.htm,2026-09-26 15:00:52.927482,200.0,f774954618d5741901ac4565eeb2a7a11825afca65900f54e59493db7e251d4c,SUCCESS,1.5681380000023637,
log_8f170672f52e4eae,sec_edgar_filings,US_ISHARES_USHY,https://www.sec.gov/Archives/edgar/data/1100663/000119312525042406/d905405d497.htm,2026-09-26 15:00:55.428061,200.0,a40b5b7c77c7bed584c0e3c41a61ce151a3e8c4a3e85184c073c04abf40060a0,SUCCESS,2.44613009999739,
log_111163e5d911475d,sec_edgar_filings,US_ISHARES_USHY,https://www.sec.gov/Archives/edgar/data/1100663/000119312525030937/d895008d497.htm,2026-09-26 15:00:57.928607,200.0,cce4b67c1cca8afb08f9639d26ba1de588a8546f33ec461622e02bbed74af122,SUCCESS,2.641715200006729,
log_3ef298ad61b74c03,sec_edgar_filings,US_ISHARES_USHY,https://www.sec.gov/Archives/edgar/data/1100663/000119312525029722/d925698d497.htm,2026-09-26 15:01:00.429662,200.0,03ebc8cf5cc2b9853c8e5193e6b68c1b2b71b726ce03ae486da082457a9bbf0c,SUCCESS,2.4094581999816,
log_4aec2f3c9efb4e55,sec_edgar_filings,US_ISHARES_USHY,https://www.sec.gov/Archives/edgar/data/1100663/000119312525029678/d932649d497.htm,2026-09-26 15:01:02.930830,200.0,5f69625987e6b328c3167c7c0fac7b80890ab63ba5f57d870fd46a0204661c54,SUCCESS,2.5414626999991015,
log_f0fcb254f2ca4a15,sec_edgar_filings,US_ISHARES_USHY,https://www.sec.gov/Archives/edgar/data/1100663/000119312525028799/d892616d497.htm,2026-09-26 15:01:05.432037,200.0,02cc3d884d85c2d9ef427144b4c983ba4769bf5d459cf6aa56d1020f8f6f0c5f,SUCCESS,2.625808999990113,
log_6b3eb9b3abee4bad,sec_edgar_filings,US_ISHARES_USHY,https://www.sec.gov/Archives/edgar/data/1100663/000119312525021017/d906687d497.htm,2026-09-26 15:01:07.932850,200.0,56a66b99815118f99a046fb15a38a9d3862dc2c2d9fa9b6541c8c024e3710029,SUCCESS,3.333303099992918,
log_a337acf3edac47ce,sec_edgar_filings,US_ISHARES_USHY,https://www.sec.gov/Archives/edgar/data/1100663/000119312525062530/d905260d497.htm,2026-09-26 15:01:10.434766,200.0,d53dcc1164a6cbd06effdf058a8eeb0bd607fbd470e80c2f9a88a64871f13e8a,SUCCESS,1.3113866000203416,
log_37553dbc051a473e,sec_edgar_filings,US_ISHARES_USHY,https://www.sec.gov/Archives/edgar/data/1100663/000119312525061395/d905254d497.htm,2026-09-26 15:01:12.936795,200.0,01b4962adcb1e3c59fe864aabac99adca02b1515d2b2acea9c2b2c9c8692bdce,SUCCESS,2.560413500003051,
log_90c92e635df64d12,sec_edgar_filings,US_ISHARES_USHY,https://www.sec.gov/Archives/edgar/data/1100663/000119312525060393/d927851d497.htm,2026-09-26 15:01:15.437093,200.0,0c2fc85960f736c95a96e3055b59fabb1f1d8e3c2cc62a540c567c882e63c872,SUCCESS,2.7602888999972492,
log_f3437b2475254716,sec_edgar_filings,US_ISHARES_USHY,https://www.sec.gov/Archives/edgar/data/1100663/000119312525057907/d735691d497.htm,2026-09-26 15:01:17.938361,200.0,9de8e5b1a19a3cb51d50d0e2a5ed98306a03cbc40358ec14c3f07a4e6c6b4075,SUCCESS,3.399916900001699,
log_8bb50387e0084d12,sec_edgar_filings,US_ISHARES_USHY,https://www.sec.gov/Archives/edgar/data/1100663/000119312525083044/d766022d497.htm,2026-09-26 15:01:20.438504,200.0,1811c75c01a16c8e6dfdde84fdc20a7250d5630af06c4683c08c2b8f2bc76435,SUCCESS,1.7455450000124983,
log_ad6e96a637a64d60,sec_edgar_filings,US_ISHARES_USHY,https://www.sec.gov/Archives/edgar/data/1100663/000119312525080178/d883981d497.htm,2026-09-26 15:01:22.939449,200.0,bd61602ea1a25b0c6aff2ed976674be824a5f6de3990710e4476c1c577638b7a,SUCCESS,2.0910142000066116,
log_b9903558ceca4f62,sec_edgar_filings,US_ISHARES_USHY,https://www.sec.gov/Archives/edgar/data/1100663/000119312525080167/d945860d497.htm,2026-09-26 15:01:25.439735,200.0,57743c011c824292d57e2b132a6d929f2ba050e2b381438049ed3ea487c87f0b,SUCCESS,2.3629384999803733,
log_710377e6f55c4209,sec_edgar_filings,US_ISHARES_USHY,https://www.sec.gov/Archives/edgar/data/1100663/000119312525073419/d941411d497.htm,2026-09-26 15:01:27.940052,200.0,f38944bd289fef91d0e3f29f4733b2d9b075b27d3038656379ac3f314451af66,SUCCESS,2.2558572000125423,
log_9ee26c319d1c4a89,sec_edgar_filings,US_ISHARES_USHY,https://www.sec.gov/Archives/edgar/data/1100663/000119312525073416/d940735d497.htm,2026-09-26 15:01:30.440368,200.0,44fa50fecf601612aa223e1c6278fc06779ef1ceb060246ad51942e4b49729ef,SUCCESS,2.6958266000146978,
log_046d49cae2b64f8d,sec_edgar_filings,US_ISHARES_USHY,https://www.sec.gov/Archives/edgar/data/1100663/000119312525072394/d896448d497.htm,2026-09-26 15:01:32.940567,200.0,cd66eb18ab2124907da3cb9929d864a1dfc1211d43ed39ec8d640ca5b45e656b,SUCCESS,2.431948099983856,
log_c4e6be26067f4caa,sec_edgar_filings,US_ISHARES_USHY,https://www.sec.gov/Archives/edgar/data/1100663/000119312525069353/d735233d497.htm,2026-09-26 15:01:35.440959,200.0,bd631bfadae77be216c92b72654dfd4504e6e2a746c481c9023e2837da1fc9a1,SUCCESS,2.360334500001045,
log_4034ce5abe9c408c,sec_edgar_filings,US_ISHARES_USHY,https://www.sec.gov/Archives/edgar/data/1100663/000119312525068983/d917197d497.htm,2026-09-26 15:01:37.941142,200.0,4681f150652580c721432b2c6bc1aba6a2b73381b164b559e6768b376076469a,SUCCESS,2.4105876000248827,
log_cb8863c7d78f4079,sec_edgar_filings,US_ISHARES_USHY,https://www.sec.gov/Archives/edgar/data/1100663/000119312525130716/d892250d497.htm,2026-09-26 15:01:40.441619,200.0,07097d37d41b28b001e461b999b8e03d0acf90aa0b97c6d92e39b5387157079c,SUCCESS,3.553910699993139,
log_6216830a606b4eb6,sec_edgar_filings,US_ISHARES_USHY,https://www.sec.gov/Archives/edgar/data/1100663/000119312525121682/d15263d497.htm,2026-09-26 15:01:42.942079,200.0,5293c75e44da6168a77d4016250a479abfa0047f1baf52210cb46fa79dd15a10,SUCCESS,0.963559299998451,
log_0e24aaae43004a81,sec_edgar_filings,US_ISHARES_USHY,https://www.sec.gov/Archives/edgar/data/1100663/000119312525152756/d20784d497.htm,2026-09-26 15:01:45.442269,200.0,a0f7d16dba80cd489ec03d4ba26e79aac85fbe741494e7bb442064056aa3f986,SUCCESS,2.609306699974695,
log_e884d27f79e04c08,sec_edgar_filings,US_ISHARES_USHY,https://www.sec.gov/Archives/edgar/data/1100663/000119312525152664/d892910d497.htm,2026-09-26 15:01:47.942807,200.0,97e2ee0c713fcb5de4514cbdc2e4bb7c23da21e109d95ab31a9df7878b25c2c9,SUCCESS,2.5666106000135187,
log_bfc68cf1cf0846a4,sec_edgar_filings,US_ISHARES_USHY,https://www.sec.gov/Archives/edgar/data/1100663/000119312525152656/d62694d497.htm,2026-09-26 15:01:50.443204,200.0,dd9998f610aa00a9f785a7ad8373d9261cb8a4ce31cc451303a5c00d2430f900,SUCCESS,2.2809576999861747,
log_fc39900fadaa4f3f,sec_edgar_filings,US_ISHARES_USHY,https://www.sec.gov/Archives/edgar/data/1100663/000119312525151483/d858154d497.htm,2026-09-26 15:01:52.944078,200.0,800c8beabe6173b381bd2ad13c7e7f26ba6ffe3bce326f1551ac5b4f78f1ae9d,SUCCESS,2.5883785000187345,
log_6384a7653a5b4adc,sec_edgar_filings,US_ISHARES_USHY,https://www.sec.gov/Archives/edgar/data/1100663/000119312525151481/d937804d497.htm,2026-09-26 15:01:55.444393,200.0,195666b0e83bd51ac0216adecf97dfeb363f47ffd8ff0e906bd8a698c26bd2dd,SUCCESS,2.3924342000100296,
log_e719cba92461444f,sec_edgar_filings,US_ISHARES_USHY,https://www.sec.gov/Archives/edgar/data/1100663/000119312525151480/d926596d497.htm,2026-09-26 15:01:57.944722,200.0,6ea7212d37d29bfd65daa13de43da08de17d24d6903c214bc9131f83f36dbff1,SUCCESS,2.844124399998691,
log_d93089a697ea450c,sec_edgar_filings,US_ISHARES_USHY,https://www.sec.gov/Archives/edgar/data/1100663/000119312525151477/d933980d497.htm,2026-09-26 15:02:00.445232,200.0,c74ad6fda7f693fcbe610943818f3322a26b4ed9c0c869d964591bba02bdedcf,SUCCESS,2.6475007999979425,
log_f382c540ea574e7c,sec_edgar_filings,US_ISHARES_USHY,https://www.sec.gov/Archives/edgar/data/1100663/000119312525151475/d935891d497.htm,2026-09-26 15:02:02.945626,200.0,da59631fa4508681409796536742272a66bd26b791668d067a57311090715cbf,SUCCESS,2.1227237000130117,
log_e83810ed37974d4c,sec_edgar_filings,US_ISHARES_USHY,https://www.sec.gov/Archives/edgar/data/1100663/000119312525151413/d80969d497.htm,2026-09-26 15:02:05.446177,200.0,6102ca7a81826d94c443591375f16c32e26d26670fc6e60fc7246b25f072689a,SUCCESS,3.4035079999885056,
log_297a3c3b1d7d456c,sec_edgar_filings,US_ISHARES_USHY,https://www.sec.gov/Archives/edgar/data/1100663/000119312525149660/d858192d497.htm,2026-09-26 15:02:07.946570,200.0,9f7afa070a3212af18e457a0c6d61420a835a25bb174ea6ee92718fef8a73baf,SUCCESS,1.329512500000419,
log_ccdb25ca0741474f,sec_edgar_filings,US_ISHARES_USHY,https://www.sec.gov/Archives/edgar/data/1100663/000119312525149296/d833515d497.htm,2026-09-26 15:02:10.446729,200.0,2b206ff3b8e5036039bde3ece4dcaddc210a3ddd15cfe20e1d4343277e303650,SUCCESS,2.9089815000188537,
log_28520387fa984ced,sec_edgar_filings,US_ISHARES_USHY,https://www.sec.gov/Archives/edgar/data/1100663/000119312525144688/d910466d497.htm,2026-09-26 15:02:12.947036,200.0,3351a3d69c49a2e9cf07f93969c88618483a4ea2c80f07a230e90a57fb46c66f,SUCCESS,1.9783666000002995,
log_5a3950d0dac1473d,sec_edgar_filings,US_ISHARES_USHY,https://www.sec.gov/Archives/edgar/data/1100663/000119312525144683/d923637d497.htm,2026-09-26 15:02:15.447481,200.0,b6594468bd3fda66ec0d2191496c71c17466739dcb62bc71de7ebaf4fd89f71d,SUCCESS,2.5074318000115454,
log_0d70dcd347d440a1,sec_edgar_filings,US_ISHARES_USHY,https://www.sec.gov/Archives/edgar/data/1100663/000119312525143780/d945286d497.htm,2026-09-26 15:02:17.947992,200.0,b8b1b011297fa3486bca11c99dc447d387100b5b691454f43c4f894731745b12,SUCCESS,2.5202808000030927,
log_ca85346ce0564e66,sec_edgar_filings,US_ISHARES_USHY,https://www.sec.gov/Archives/edgar/data/1100663/000119312525140815/d92035d497.htm,2026-09-26 15:02:20.448397,200.0,344eabd3caf3b12a3bca39e08c7c2bfaa4ad3512bce029cf65eac850d3fca7be,SUCCESS,2.5607689000025857,
log_b8757db23d6d46cd,sec_edgar_filings,US_ISHARES_USHY,https://www.sec.gov/Archives/edgar/data/1100663/000119312525132329/d925393d497.htm,2026-09-26 15:02:22.948913,200.0,0c3214405434124e69c1edb277d1dda32e17fb42945053f19de08c499bd6962a,SUCCESS,2.5621324999956414,
log_b95f20b477764b2b,sec_edgar_filings,US_ISHARES_USHY,https://www.sec.gov/Archives/edgar/data/1100663/000119312525132328/d944327d497.htm,2026-09-26 15:02:25.449138,200.0,5a6b2e8df13cdfbe74a52ccc50f7c244a911c4f44716de5206e107f6058653d5,SUCCESS,2.4073588000028394,
log_7bbc8c970969473d,sec_edgar_filings,US_ISHARES_USHY,https://www.sec.gov/Archives/edgar/data/1100663/000119312525166407/d80334d497.htm,2026-09-26 15:02:27.949219,200.0,5976ca2bccd9cb3ba9ea478782537a52ee1716cfd78078aa6265345769615ff4,SUCCESS,2.3571074999927077,
log_826f53e369c246cc,sec_edgar_filings,US_ISHARES_USHY,https://www.sec.gov/Archives/edgar/data/1100663/000119312525166411/d16437d497.htm,2026-09-26 15:02:30.449787,200.0,18b745b6a77097bdbe7dd40937ad6c1f2283ff0da4a6a4cd3712ed4efc690074,SUCCESS,2.3384054000198375,
log_473d4bda7088451b,sec_edgar_filings,US_ISHARES_USHY,https://www.sec.gov/Archives/edgar/data/1100663/000119312525164409/d45758d497.htm,2026-09-26 15:02:32.950205,200.0,32ec927d59fabaae7067046a32ae851a11f13a81c7b21d8984b618c0367653fc,SUCCESS,3.032843099994352,
log_039fa8e4288b44cb,sec_edgar_filings,US_ISHARES_USHY,https://www.sec.gov/Archives/edgar/data/1100663/000119312525162592/d940331d497.htm,2026-09-26 15:02:35.450629,200.0,fcf8f9a72c67062f989b98521403754a87a82d794fe22eafea09ceda5297284f,SUCCESS,1.9143189000023995,
log_65a98e8295da4c0c,sec_edgar_filings,US_ISHARES_USHY,https://www.sec.gov/Archives/edgar/data/1100663/000119312525162588/d936063d497.htm,2026-09-26 15:02:37.951075,200.0,8aaf5dd09282553b931c85ced5cb7a9cb3a563adab734542dc17a0b4e5e449c9,SUCCESS,2.481060799997067,
log_38ab48d82cde4441,sec_edgar_filings,US_ISHARES_USHY,https://www.sec.gov/Archives/edgar/data/1100663/000119312525160527/d100349d497.htm,2026-09-26 15:02:40.451673,200.0,5b9fc2fe52399e6e0802341de8b83c6254a0b52a42a9bdbf3d5ae9d9dd13074a,SUCCESS,2.686295599996811,
log_ea890f5da56240cf,sec_edgar_filings,US_ISHARES_USHY,https://www.sec.gov/Archives/edgar/data/1100663/000119312525158223/d938286d497.htm,2026-09-26 15:02:42.951829,200.0,36f45b7e9bce75647c3ab6c4430f93ee147ec51161a6e776526b1781c52b21d5,SUCCESS,2.3144152000022586,
log_f482b0b263bb4a98,sec_edgar_filings,US_ISHARES_USHY,https://www.sec.gov/Archives/edgar/data/1100663/000119312525153117/d12766d497.htm,2026-09-26 15:02:45.452153,200.0,d901b7aa571666382f34663604e27babbd701f9abfef16520dcf6d610c33a1a7,SUCCESS,2.858502099988982,
log_68e1c863ec7849c5,sec_edgar_filings,US_ISHARES_USHY,https://www.sec.gov/Archives/edgar/data/1100663/000119312525152941/d59861d497.htm,2026-09-26 15:02:47.952685,200.0,b5bad58aae955eb2685b7cefb977e0530f025607ad57268c2deeb5d9a670a17b,SUCCESS,2.3839585999958217,
log_ac93e5af354a4234,sec_edgar_filings,US_ISHARES_USHY,https://www.sec.gov/Archives/edgar/data/1100663/000119312525192573/d81584d497.htm,2026-09-26 15:02:50.453311,200.0,aba18f15b38413c0fe4ebe678c157cd3dbf77704081446bdebec37d32a971350,SUCCESS,2.219535199983511,
log_08ed315be1534e17,sec_edgar_filings,US_ISHARES_USHY,https://www.sec.gov/Archives/edgar/data/1100663/000119312525185435/d797607d497.htm,2026-09-26 15:02:52.955119,200.0,89f2e1a17120261d47d14c73bb53989ff12eebdb73a0f1048a442bfd81e36231,SUCCESS,2.643691300007049,
log_f8024557a9d74b90,sec_edgar_filings,US_ISHARES_USHY,https://www.sec.gov/Archives/edgar/data/1100663/000119312525185274/d946888d497.htm,2026-09-26 15:02:55.455671,200.0,9f9ccbe56f8673cb4e0b5881038ca6e8b817f816b0447acff0f2620b4fb69767,SUCCESS,2.3783586000208743,
log_176da33fc7e440e5,sec_edgar_filings,US_ISHARES_USHY,https://www.sec.gov/Archives/edgar/data/1100663/000119312525181867/d32380d497.htm,2026-09-26 15:02:57.956166,200.0,0d914b3094a3b114902160e3a8106f0efd06256e370e959ca30f3d7ee0b21752,SUCCESS,2.379301500011934,
log_c0478ad7ffff4701,sec_edgar_filings,US_ISHARES_USHY,https://www.sec.gov/Archives/edgar/data/1100663/000119312525178119/d945380d497.htm,2026-09-26 15:03:00.457416,200.0,666bc471b3e9b7a40976f1d298e5f516eea91fb1e94b82dfb38d492d1e64be4d,SUCCESS,3.5955538999987766,
log_2df103e337c8456d,sec_edgar_filings,US_ISHARES_USHY,https://www.sec.gov/Archives/edgar/data/1100663/000119312525176991/d68767d497.htm,2026-09-26 15:03:02.958034,200.0,4f59848c0f238e853d2904736316d15848706000baa0d7d5612382769706bd7c,SUCCESS,1.5718032000004314,
log_59dd5069a7ec48e1,sec_edgar_filings,US_ISHARES_USHY,https://www.sec.gov/Archives/edgar/data/1100663/000119312525171727/d35987d497.htm,2026-09-26 15:03:05.458533,200.0,1a4bbfd46cb9059f052dbb47e10a440a1b0c8091f4d8cc1b83a471c34888d7d2,SUCCESS,2.5030924000020605,
log_fc65ddef65864140,sec_edgar_filings,US_ISHARES_USHY,https://www.sec.gov/Archives/edgar/data/1100663/000119312525171725/d946231d497.htm,2026-09-26 15:03:07.959096,200.0,cda92a5b1a1cfd8eb6925718811d5d52405ba30246ea0c60026cef3552c14aae,SUCCESS,2.715974599996116,
log_c0fd84b4d90a4c72,sec_edgar_filings,US_ISHARES_USHY,https://www.sec.gov/Archives/edgar/data/1100663/000119312525171382/d91144d497.htm,2026-09-26 15:03:10.459695,200.0,da540bc116c7bfbf3e795771eb0b2089dcb58711dcb108968bb822a0416d2c01,SUCCESS,2.2446417000028305,
log_adb799a1c4c445cc,sec_edgar_filings,US_ISHARES_USHY,https://www.sec.gov/Archives/edgar/data/1100663/000119312525171077/d12817d497.htm,2026-09-26 15:03:12.960232,200.0,aeb3943d726dee222a163f7d5edee46cd246849471737bc9b0d55d982e1361db,SUCCESS,2.6367203000118025,
log_52f041e6d99c4a5a,sec_edgar_filings,US_ISHARES_USHY,https://www.sec.gov/Archives/edgar/data/1100663/000119312525170646/d72295d497.htm,2026-09-26 15:03:15.460812,200.0,05add7aa9e4678e3b23c5ac6fdfb1d2ccbfc7652c5fe637702e61ef49610f4bc,SUCCESS,2.6486836000112817,
log_3cfbaccea74f4224,sec_edgar_filings,US_ISHARES_USHY,https://www.sec.gov/Archives/edgar/data/1100663/000119312525220684/d14216d497.htm,2026-09-26 15:03:17.961235,200.0,dd39f981b8d1bf7e93226c4c0c8ca7a7d8e11abeedf32daaa2c8f5bdd84d7283,SUCCESS,2.019437699986156,
log_77a7bafccee347fe,sec_edgar_filings,US_ISHARES_USHY,https://www.sec.gov/Archives/edgar/data/1100663/000119312525220667/d74315d497.htm,2026-09-26 15:03:20.462548,200.0,7163e9ded3e0f70f000e219c9b1026484accdbc7cb7e680f2e372b5d965dd612,SUCCESS,2.421225699974457,
log_3f857745a7734529,sec_edgar_filings,US_ISHARES_USHY,https://www.sec.gov/Archives/edgar/data/1100663/000119312525220646/d922321d497.htm,2026-09-26 15:03:22.963045,200.0,5253c549329b0a54a81a8eb5c632c99bfe740f6ac9f855fbbfa40f7817c1bb50,SUCCESS,2.49117219998152,
log_b3d25257dee04d94,sec_edgar_filings,US_ISHARES_USHY,https://www.sec.gov/Archives/edgar/data/1100663/000119312525213586/d76986d497.htm,2026-09-26 15:03:25.463696,200.0,588606b57f9afd851d14cc848989ed3d0ace8f6878ec6d72bf36f15cceb8d75d,SUCCESS,2.4327466000104323,
log_41a7f7d0ccca4432,sec_edgar_filings,US_ISHARES_USHY,https://www.sec.gov/Archives/edgar/data/1100663/000119312525213416/d12724d497.htm,2026-09-26 15:03:27.963867,200.0,72f2199f76abaf86856631907d6823ebd91a780f1820f87e791975313ff4d5a1,SUCCESS,2.46930510000675,
log_721c9a40b2da41d8,sec_edgar_filings,US_ISHARES_USHY,https://www.sec.gov/Archives/edgar/data/1100663/000119312525202143/d85575d497.htm,2026-09-26 15:03:30.464578,200.0,9d26d441ed06fde53b948a57cd213370c2a5f564bbfd78de3502b7c6925dcf7a,SUCCESS,2.745139900012873,
log_182e777a239843ea,sec_edgar_filings,US_ISHARES_USHY,https://www.sec.gov/Archives/edgar/data/1100663/000119312525194258/d45302d497.htm,2026-09-26 15:03:32.964989,200.0,c7c946da7c4f7d94b20cb3c7107299f7828d5b953c9f24c850a4fa24a6467a4c,SUCCESS,2.313928199990187,
log_2907b6b4647445a8,sec_edgar_filings,US_ISHARES_USHY,https://www.sec.gov/Archives/edgar/data/1100663/000119312525193994/d36297d497.htm,2026-09-26 15:03:35.465407,200.0,b853b800d62eb943bc95a96a31fdf69627ff4ef7da8b62b41b8d4733d3cc6272,SUCCESS,3.00758809997933,
log_fb96a66832ab49a9,sec_edgar_filings,US_ISHARES_USHY,https://www.sec.gov/Archives/edgar/data/1100663/000119312525258900/d850740d497.htm,2026-09-26 15:03:37.965791,200.0,32f501b96f6b8a7322800867cb758f9421767ad82ece941937821b4ecc8274f9,SUCCESS,1.9330743000027724,
log_e57fb6fba01b47a0,sec_edgar_filings,US_ISHARES_USHY,https://www.sec.gov/Archives/edgar/data/1100663/000119312525258622/d853081d497.htm,2026-09-26 15:03:40.466358,200.0,4d4be3c4ea087ea29229ced99d7b2978587e5cfc455dc8f94fe58643a9caf7ba,SUCCESS,2.386647899984382,
log_f3f2eeac37c1416b,sec_edgar_filings,US_ISHARES_USHY,https://www.sec.gov/Archives/edgar/data/1100663/000119312525245584/d47996d497.htm,2026-09-26 15:03:42.966806,200.0,8963fad299cba9c92ab74fbd0b0a3701942f048949d54ad07e5c323f66ae6316,SUCCESS,2.4564643999910913,
log_9857412336554fbf,sec_edgar_filings,US_ISHARES_USHY,https://www.sec.gov/Archives/edgar/data/1100663/000119312525245533/d53643d497.htm,2026-09-26 15:03:45.467425,200.0,fa278f57fde07d67459e17cc5864b008da5199aa69b9762dd534334b2a37b32d,SUCCESS,2.5356375999981537,
log_14bb8c143f9d4799,sec_edgar_filings,US_ISHARES_USHY,https://www.sec.gov/Archives/edgar/data/1100663/000119312525243500/d847683d497.htm,2026-09-26 15:03:47.967817,200.0,7f6cb699be8e40bee78944c7bd041bfb26c63cd90f924532fb6f5a8d7651cf69,SUCCESS,3.1636245000117924,
log_cf2eb3bdf4bc47dd,sec_edgar_filings,US_ISHARES_USHY,https://www.sec.gov/Archives/edgar/data/1100663/000119312525241455/d21541d497.htm,2026-09-26 15:03:50.468125,200.0,1df50d0b3c4ff13b8f77edfd93e5d1d63a6c218d97c0bd5a0986e82787b264b1,SUCCESS,1.8906056999985594,
log_3616351c1ac840be,sec_edgar_filings,US_ISHARES_USHY,https://www.sec.gov/Archives/edgar/data/1100663/000119312525241445/d17098d497.htm,2026-09-26 15:03:52.968274,200.0,d1d6dc8e525632673411aba7a1a39c4a3f7c3a887167b46c22ee1b029975831a,SUCCESS,2.4378129999968223,
log_842e67a4847c4989,sec_edgar_filings,US_ISHARES_USHY,https://www.sec.gov/Archives/edgar/data/1100663/000119312525240445/d13496d497.htm,2026-09-26 15:03:55.468867,200.0,7c9b915ca21c70a7469c2388530b511343b7b813f1057b9f639120b5be24f1fc,SUCCESS,2.6816071000066586,
log_34b2a0756c9a4784,sec_edgar_filings,US_ISHARES_USHY,https://www.sec.gov/Archives/edgar/data/1100663/000119312525240193/d46937d497.htm,2026-09-26 15:03:57.969275,200.0,083af31cf339ba43b7ff354c9c4f18ec77318dd812e83c9f61ff0702198b340a,SUCCESS,2.4161143000237644,
log_9844b6817b4b4867,sec_edgar_filings,US_ISHARES_USHY,https://www.sec.gov/Archives/edgar/data/1100663/000119312525237066/d838386d497.htm,2026-09-26 15:04:00.469546,200.0,aab6a39bd1af51aa3f72858dabcbce792bcb8384e45787c182da56ec75c1359a,SUCCESS,2.875456399982795,
log_ab234aaa30c74d65,sec_edgar_filings,US_ISHARES_USHY,https://www.sec.gov/Archives/edgar/data/1100663/000119312525233824/d14518d497.htm,2026-09-26 15:04:02.970201,200.0,fe9b0227a29f114c16819e84ca4eff0745cc92822823d24ca797cc4fc9229233,SUCCESS,2.163707700005034,
log_b76590e951004fcd,sec_edgar_filings,US_ISHARES_USHY,https://www.sec.gov/Archives/edgar/data/1100663/000119312525230367/d863213d497.htm,2026-09-26 15:04:05.470538,200.0,8faccea853cc4ef5aef1acc9032222749fccb4d53dd7d2530414585580ed4328,SUCCESS,2.4778565000160597,
log_aea9d77317004f30,sec_edgar_filings,US_ISHARES_USHY,https://www.sec.gov/Archives/edgar/data/1100663/000119312525226832/d140482d497.htm,2026-09-26 15:04:07.971189,200.0,86b1dc2d05ebcfd117767c2158e886c96e2cb5045834940bf25c71c32f35c5d0,SUCCESS,2.4075726000010036,
log_06de2a0bd9c1491d,sec_edgar_filings,US_ISHARES_USHY,https://www.sec.gov/Archives/edgar/data/1100663/000119312525225574/d77896d497.htm,2026-09-26 15:04:10.471479,200.0,9e5da6c2f2e15011702321b35531eb6e230385886c1acce719b3b378fe015b55,SUCCESS,2.7204229999915697,
log_a4625dc04dab47c7,sec_edgar_filings,US_ISHARES_USHY,https://www.sec.gov/Archives/edgar/data/1100663/000119312525297711/d938912d497.htm,2026-09-26 15:04:12.971924,200.0,014a10b21d4a8687ed6eb12c37ccb0f372f94b7dbab55639b8d9b09411dcf6b4,SUCCESS,2.4349564000149257,
log_07bcbd3d83a64d67,sec_edgar_filings,US_ISHARES_USHY,https://www.sec.gov/Archives/edgar/data/1100663/000119312525291668/d87125d497.htm,2026-09-26 15:04:15.472430,200.0,6146fc79bb79b050e0ed9ed08acdb5ff7bca5b8b3acab77ca56fbaf32207a9e4,SUCCESS,2.2805122999998275,
log_5c0099923c774589,sec_edgar_filings,US_ISHARES_USHY,https://www.sec.gov/Archives/edgar/data/1100663/000119312525287109/d82955d497.htm,2026-09-26 15:04:17.972695,200.0,8ce91b3b112647d42edce41a7d15bc0229ac0bb21bcc7a3cf2ef934c1f7ba959,SUCCESS,2.609189200011315,
log_6e16bf63444e490c,sec_edgar_filings,US_ISHARES_USHY,https://www.sec.gov/Archives/edgar/data/1100663/000119312525283231/d67648d497.htm,2026-09-26 15:04:20.472862,200.0,d15976a5418d3b283973221ac1a5190850f4896912b73f695ef16e4a23d1d481,SUCCESS,4.697684700018726,
log_55f8f28b3b174e83,sec_edgar_filings,US_ISHARES_USHY,https://www.sec.gov/Archives/edgar/data/1100663/000119312525331050/d922635d497.htm,2026-09-26 15:04:24.322062,200.0,ddcd7dfc2f263e62cc4fb38373ceafe9f7ce480ed2924b0b54df62998780015c,SUCCESS,1.2302787999797147,
log_9fef9c1b218e4f1e,sec_edgar_filings,US_ISHARES_USHY,https://www.sec.gov/Archives/edgar/data/1100663/000119312525328765/d86147d497.htm,2026-09-26 15:04:26.822477,200.0,1a5d89bafba00026b2d4c2846bfe463eb02310698afecdb7dc3eb5cff4a8c13d,SUCCESS,2.541560000012396,
log_4217b02565ba4cd9,sec_edgar_filings,US_ISHARES_USHY,https://www.sec.gov/Archives/edgar/data/1100663/000119312525324952/d938265d497.htm,2026-09-26 15:04:29.322812,200.0,1db040fee1d07b3c6a8a5580cacdf2a2b59546a2e6204315a58de6939c48c652,SUCCESS,2.9145484999753535,
log_60e0dd75d8ce4ad2,sec_edgar_filings,US_ISHARES_USHY,https://www.sec.gov/Archives/edgar/data/1100663/000119312525316017/d58282d497.htm,2026-09-26 15:04:31.823119,200.0,43b1d307691b158f0a8e8d83e8bcf68b2c72f37cb3b64b19155f2fc03b29a285,SUCCESS,4.8743305999960285,
log_2fa24522e3ee4070,sec_edgar_filings,US_ISHARES_USHY,https://www.sec.gov/Archives/edgar/data/1100663/000119312525309780/d79527d497.htm,2026-09-26 15:04:35.885621,200.0,0b5b3712b8575efa22704d689646817d34ad633e1750ea64c7c550e08f0f0723,SUCCESS,1.0571305000048596,
log_5931e0aeba664ca4,sec_edgar_filings,US_ISHARES_USHY,https://www.sec.gov/Archives/edgar/data/1100663/000119312525308207/d90938d497.htm,2026-09-26 15:04:38.386997,200.0,dec7649fe650e46097ea1f9159f68533ed28e09bb1cabc0d7ecfd0ab79a12e7a,SUCCESS,2.4110020000080112,
log_4fe109e10be048d3,sec_edgar_filings,US_ISHARES_USHY,https://www.sec.gov/Archives/edgar/data/1100663/000119312525308009/d88695d497.htm,2026-09-26 15:04:40.887561,200.0,dbe724f097a785cad1dce26a486b7574954c6a55907bc08837568fbadf2fd4e4,SUCCESS,2.5721684000163805,
log_43d1817468c6422a,sec_edgar_filings,US_ISHARES_USHY,https://www.sec.gov/Archives/edgar/data/1100663/000119312526015356/d35944d497.htm,2026-09-26 15:04:43.388044,200.0,79f71ed6aaeca36030a19fb4a9b54be5b62769f1c9a0bb47f916ad43ea71bd68,SUCCESS,2.5194709999777842,
log_574b1d8491db47ef,sec_edgar_filings,US_ISHARES_USHY,https://www.sec.gov/Archives/edgar/data/1100663/000119312526006456/d816607d497.htm,2026-09-26 15:04:45.888594,200.0,acd54a975e88f98bde579d172fd408fa271f88ee59fc8a418ac14948a40b1c91,SUCCESS,2.931968399992911,
log_28f6b21c380c48bc,sec_edgar_filings,US_ISHARES_USHY,https://www.sec.gov/Archives/edgar/data/1100663/000119312525338493/d36519d497.htm,2026-09-26 15:04:48.388811,200.0,174cbc0f9f9e957466ee19b8f629b4b089554841fa6bfc0108e314380ae311c4,SUCCESS,1.9707280999864452,
log_b067db18f73c4417,sec_edgar_filings,US_ISHARES_USHY,https://www.sec.gov/Archives/edgar/data/1100663/000119312526064485/d29673d497.htm,2026-09-26 15:04:50.890122,200.0,358467b1d1cda828ab60b904b89d15ba9db8db0e34f30f124dd656afdf8d5af0,SUCCESS,2.3479561999847647,
log_4bf51819ef9c4c67,sec_edgar_filings,US_ISHARES_USHY,https://www.sec.gov/Archives/edgar/data/1100663/000119312526056745/d51363d497.htm,2026-09-26 15:04:53.402742,200.0,8836ae41550d37826386f892c93bedab2d44980905829085d6382a1f7e40f6e6,SUCCESS,2.62381550000282,
log_ee94047464ae402e,sec_edgar_filings,US_ISHARES_USHY,https://www.sec.gov/Archives/edgar/data/1100663/000119312526051617/d88238d497.htm,2026-09-26 15:04:55.902982,200.0,f5d8afd79b11205ea23703358fddcbc7ae0fa3c646ad136e532fdee78ef887e3,SUCCESS,2.493831700005103,
log_22cc7093d7be4807,sec_edgar_filings,US_ISHARES_USHY,https://www.sec.gov/Archives/edgar/data/1100663/000119312526051604/d38921d497.htm,2026-09-26 15:04:58.403491,200.0,86ae91b01315c6abfae9b331e8b024218968c0b245b9b775f400fc8ec78c245b,SUCCESS,2.6134788999916054,
log_70df00b592204082,sec_edgar_filings,US_ISHARES_USHY,https://www.sec.gov/Archives/edgar/data/1100663/000119312526051590/d25478d497.htm,2026-09-26 15:05:00.903783,200.0,774898db3076c024639916885fb4a04bf8a40401803bc9676bd722c39b4adbfb,SUCCESS,2.473240299994359,
log_6acaabf7d681453b,sec_edgar_filings,US_ISHARES_USHY,https://www.sec.gov/Archives/edgar/data/1100663/000119312526129300/d765912d497.htm,2026-09-26 15:05:03.405346,200.0,55acaa1112fa42626026576f5f29a8044415f933b3fdebcdf59bbea1bc3bc357,SUCCESS,2.9393773999763653,
log_f060686b24574fe3,sec_edgar_filings,US_ISHARES_USHY,https://www.sec.gov/Archives/edgar/data/1100663/000119312526121940/d117046d497.htm,2026-09-26 15:05:05.907802,200.0,0f65ad011a6ffe9b0fc676ca42a6ef0402d529b9e93c1d7e0a3324c01222bf85,SUCCESS,1.8667448000051081,
log_17d31fb18e284b8d,sec_edgar_filings,US_ISHARES_USHY,https://www.sec.gov/Archives/edgar/data/1100663/000119312526117990/d36768d497.htm,2026-09-26 15:05:08.408512,200.0,b830b7f3c2295aecdd5adfc2b30f7ce78ffcf3860c3b267591b1f28ae5504e3c,SUCCESS,2.979659200005699,
log_d4b83855faa24a6e,sec_edgar_filings,US_ISHARES_USHY,https://www.sec.gov/Archives/edgar/data/1100663/000119312526114192/d45638d497.htm,2026-09-26 15:05:10.908796,200.0,f8bac38858835400b2b1f7af0c41445954bd31f9de091a866fa51d1a99aa6a81,SUCCESS,2.6822225999785587,
log_d834dfd60a254cf6,sec_edgar_filings,US_ISHARES_USHY,https://www.sec.gov/Archives/edgar/data/1100663/000119312526114010/d864601d497.htm,2026-09-26 15:05:13.409372,200.0,d0bab012bec0a65529ea9c60350e454406eb8bf56209d0da1c5f2b04d8039b95,SUCCESS,1.6477829000214115,
log_2967231f14c94895,sec_edgar_filings,US_ISHARES_USHY,https://www.sec.gov/Archives/edgar/data/1100663/000119312526102313/d13062d497.htm,2026-09-26 15:05:15.909866,200.0,d31656f8006feaa6fe94db3df8a97a8a179f992425f265e4f71601732824f9da,SUCCESS,2.6295843000116292,
log_8c23811cd1904f86,sec_edgar_filings,US_ISHARES_USHY,https://www.sec.gov/Archives/edgar/data/1100663/000119312526097152/d29298d497.htm,2026-09-26 15:05:18.410318,200.0,5fdf1972fbe924e4227f9280986015ab772139b8e63fbd40929dfd65629c9be0,SUCCESS,3.4958736000116915,
log_27e2c498e9494957,sec_edgar_filings,US_ISHARES_USHY,https://www.sec.gov/Archives/edgar/data/1100663/000119312526083306/d116517d497.htm,2026-09-26 15:05:20.910552,200.0,b1a783a5b59d9307d78e2b0b17a901e9c3607f647ea07e938467be1fd93324b8,SUCCESS,1.5243769999942742,
log_0c7448eb94784c10,sec_edgar_filings,US_ISHARES_USHY,https://www.sec.gov/Archives/edgar/data/1100663/000119312526196607/d112890d497.htm,2026-09-26 15:05:23.411347,200.0,9eed563de402618d22fa5c9e7a4c7e6b1baba74c7cf15f590f79ea3eba758a48,SUCCESS,2.3774486999900546,
log_40ba47ce091b4625,sec_edgar_filings,US_ISHARES_USHY,https://www.sec.gov/Archives/edgar/data/1100663/000119312526188422/d17882d497.htm,2026-09-26 15:05:25.911804,200.0,b9a0745cf7961915f13ff6090bbec9ed7e4c3d0c17db47a44dc430f3ed11ccfe,SUCCESS,2.4478092000063043,
log_c8229e7001154e48,sec_edgar_filings,US_ISHARES_USHY,https://www.sec.gov/Archives/edgar/data/1100663/000119312526164165/d88796d497.htm,2026-09-26 15:05:28.412364,200.0,2e6720a7265726e643da19293d7bf63009c73cb5322a3c00dd47b297e92ba504,SUCCESS,2.547364500002004,
log_fd0a3be34ca34ddd,sec_edgar_filings,US_ISHARES_USHY,https://www.sec.gov/Archives/edgar/data/1100663/000119312526140146/d105386d497.htm,2026-09-26 15:05:30.912568,200.0,222cd8f805c81305a65dbde504e71a28f0da7f9edd9cfbf214c6648ed3e7c5e6,SUCCESS,3.8752679000026546,
log_e4fcb5c8c3004cf7,sec_edgar_filings,US_ISHARES_USHY,https://www.sec.gov/Archives/edgar/data/1100663/000119312526140080/d106622d497.htm,2026-09-26 15:05:33.499208,200.0,c5dce8b7c2800f2e49356a0b1cf40acc3fb4947a0af23ba630881fa06b81107a,SUCCESS,2.4921656000078656,
log_cb3dab40715b4b74,sec_edgar_filings,US_ISHARES_USHY,https://www.sec.gov/Archives/edgar/data/1100663/000119312526135209/d129347d497.htm,2026-09-26 15:05:35.999595,200.0,50aec65e6ca60613675b43059d6a4f6d7165013def7bce388de9e77c99ee1eff,SUCCESS,1.1865376000059769,
log_2a3b634a21014537,sec_edgar_filings,US_ISHARES_USHY,https://www.sec.gov/Archives/edgar/data/1100663/000119312526239677/d24890d497.htm,2026-09-26 15:05:38.500150,200.0,00dfc510d2afa23776628877b7d2da00d9bb68846a34d3f4093a3dc82989f240,SUCCESS,2.195576300000539,
log_757eaa58b0ef4c5a,sec_edgar_filings,US_ISHARES_USHY,https://www.sec.gov/Archives/edgar/data/1100663/000119312526237040/d105379d497.htm,2026-09-26 15:05:41.000507,200.0,34ce8d4a4765d9d6f85c92409e69eb11d96cbb0aa6009d22ac6d5c4acb16e6af,SUCCESS,3.603042800008552,
log_877850bc983b4910,sec_edgar_filings,US_ISHARES_USHY,https://www.sec.gov/Archives/edgar/data/1100663/000119312526237012/d108481d497.htm,2026-09-26 15:05:43.501118,200.0,e062db17e91eb6d274a408b722deb2922c343f47c2a952ea53b30bd0c8f73d1b,SUCCESS,2.0943429000035394,
log_8df4e6cab5af4d90,sec_edgar_filings,US_ISHARES_USHY,https://www.sec.gov/Archives/edgar/data/1100663/000119312526232632/d112764d497.htm,2026-09-26 15:05:46.001701,200.0,7c7ea35c15c0f1c619211835bc9ab1c27b581c05452715229b395f3a09f05548,SUCCESS,2.909096600022167,
log_5979a2e7d0b14725,sec_edgar_filings,US_ISHARES_USHY,https://www.sec.gov/Archives/edgar/data/1100663/000119312526204769/d121690d497.htm,2026-09-26 15:05:48.502104,200.0,9458041f9c688c4fb667e5bcd94149e648043fee27b4cedb1807a84a102b677b,SUCCESS,1.6366215999878477,
log_f29615abefad42b6,sec_edgar_filings,US_ISHARES_USHY,https://www.sec.gov/Archives/edgar/data/1100663/000119312526288507/d144232d497.htm,2026-09-26 15:05:51.004116,200.0,773a3e1d979da58058029ea9050369a87e4f8c1c017a7900d3774deb7698ed00,SUCCESS,2.5171558000147343,
log_d1eb9349ec414a71,sec_edgar_filings,US_ISHARES_USHY,https://www.sec.gov/Archives/edgar/data/1100663/000119312526279612/d74881d497.htm,2026-09-26 15:05:53.504657,200.0,986d7bb132a2a1e8e07022dd290e936730cba6d368b2ef285524041c7927f645,SUCCESS,2.42151320000994,
log_3f72630169df4e9d,sec_edgar_filings,US_ISHARES_USHY,https://www.sec.gov/Archives/edgar/data/1100663/000119312526279474/d143191d497.htm,2026-09-26 15:05:56.005160,200.0,c2e89a5a595852ec3ea74ffbd9b8aead89b827907db3e3f825c839653137d541,SUCCESS,2.5965703999972902,
log_f71e3845664c4301,sec_edgar_filings,US_ISHARES_USHY,https://www.sec.gov/Archives/edgar/data/1100663/000119312526269593/d74967d497.htm,2026-09-26 15:05:58.505631,200.0,d4753ee9f18867febc13cfc93b240606a9fbda656f189e03583543df3b4876e8,SUCCESS,2.4096268999855965,
log_bba43f1a4e084ecc,sec_edgar_filings,US_ISHARES_USHY,https://www.sec.gov/Archives/edgar/data/1100663/000119312526269590/d168658d497.htm,2026-09-26 15:06:01.006172,200.0,75746f0add85ebd7724d05ad887fbf580a1445da20a3c4ea2c4667f5876817e7,SUCCESS,2.772449499985669,
log_b787bdbadaa343fd,sec_edgar_filings,US_ISHARES_USHY,https://www.sec.gov/Archives/edgar/data/1100663/000119312526267888/d121420d497.htm,2026-09-26 15:06:03.506664,200.0,caf4b1428f5efd3798756d9815425203d0cdf51d458688629441438d39e971f3,SUCCESS,2.074789000005694,
log_572f4b11db894773,sec_edgar_filings,US_ISHARES_USHY,https://www.sec.gov/Archives/edgar/data/1100663/000119312526267877/d143945d497.htm,2026-09-26 15:06:06.007015,200.0,4a92334408598170baca70379751806d09fe308a82895775a2eb7ca7cc6a103a,SUCCESS,2.6483861000160687,
log_8230908d87f24168,sec_edgar_filings,US_ISHARES_USHY,https://www.sec.gov/Archives/edgar/data/1100663/000119312526267872/d74088d497.htm,2026-09-26 15:06:08.507382,200.0,b5e4771bb7559c9a634293e8e25652843e18172a3a94373c05a68e218348b01b,SUCCESS,2.4522553000133485,
log_6d190c8ff0ee48b0,sec_edgar_filings,US_ISHARES_USHY,https://www.sec.gov/Archives/edgar/data/1100663/000119312526267869/d46038d497.htm,2026-09-26 15:06:11.007789,200.0,be5ad514db0fd1cf813e62e133885811797f770cb8142592179335cc06d1cf97,SUCCESS,2.5173837000038475,
log_33e454a8203a4512,sec_edgar_filings,US_ISHARES_USHY,https://www.sec.gov/Archives/edgar/data/1100663/000119312526267864/d20417d497.htm,2026-09-26 15:06:13.508458,200.0,250a1267e11495bba825a62f3629f7ca68600f8128bfaec4589d5bc5b7046e09,SUCCESS,2.5653506999951787,
log_5383dd4598bf4073,sec_edgar_filings,US_ISHARES_USHY,https://www.sec.gov/Archives/edgar/data/1100663/000119312526267858/d162061d497.htm,2026-09-26 15:06:16.008741,200.0,ad55ffb9bb1173f124b5aa4d14412b17a90a1afc6012f9da964797c237168b21,SUCCESS,2.5355658999760635,
log_37155ea2e46b4de0,sec_edgar_filings,US_ISHARES_USHY,https://www.sec.gov/Archives/edgar/data/1100663/000119312526267852/d154427d497.htm,2026-09-26 15:06:18.508920,200.0,844ba76a2078925801265f3b074f5f7968763d1aae83c4aea0358307062c8663,SUCCESS,2.4269075999909546,
log_62b9cf299bc94f9d,sec_edgar_filings,US_ISHARES_USHY,https://www.sec.gov/Archives/edgar/data/1100663/000119312526249172/d126264d497.htm,2026-09-26 15:06:21.009518,200.0,383c995df14c85e21826b8f6e567b3f2f5115addd7a5179ffd892aad5d1df59a,SUCCESS,2.58350189999328,
log_7c74d0b3f4b44e20,sec_edgar_filings,US_ISHARES_USHY,https://www.sec.gov/Archives/edgar/data/1100663/000119312526326458/d123143d497.htm,2026-09-26 15:06:23.509801,200.0,43768bc03c1fb71017ba076ff5b15c2ec3fb28211326160b8e4168eb94ce5fb4,SUCCESS,2.6341843999980483,
log_28b5cc89716b40f8,sec_edgar_filings,US_ISHARES_USHY,https://www.sec.gov/Archives/edgar/data/1100663/000119312526326445/d25273d497.htm,2026-09-26 15:06:26.010120,200.0,a08218d45dfe0ba8ea3ed37dab2eda58a5dc3d159c23e857980c839f51d7bea0,SUCCESS,2.0464349999965634,
log_1ff8d8c685bd48bc,sec_edgar_filings,US_ISHARES_USHY,https://www.sec.gov/Archives/edgar/data/1100663/000119312526326439/d161787d497.htm,2026-09-26 15:06:28.510848,200.0,fd29b9dcfee58630afe0e308d3fe3466b80df1cde8a0af6d24299e0f797acb7d,SUCCESS,2.7609692999976687,
log_6111cb66a177488c,sec_edgar_filings,US_ISHARES_USHY,https://www.sec.gov/Archives/edgar/data/1100663/000119312526307874/d94466d497.htm,2026-09-26 15:06:31.011265,200.0,ece03ba68a5aaf3c817c4f6b9bd64b677ead55387401497b6c00f84cff703039,SUCCESS,2.8929507000138983,
log_1283ff9391bd4f02,sec_edgar_filings,US_ISHARES_USHY,https://www.sec.gov/Archives/edgar/data/1100663/000119312526306133/d157213d497.htm,2026-09-26 15:06:33.511705,200.0,a9dad30a31ad649f3cf48231a29734ed55bbc27ba5d1bc578c1c4c33c984eacd,SUCCESS,2.0874023999786004,
log_b248df46b78a4dbf,sec_edgar_filings,US_ISHARES_USHY,https://www.sec.gov/Archives/edgar/data/1100663/000119312526306123/d160783d497.htm,2026-09-26 15:06:36.012454,200.0,9e374339c503ac1f3afbf3a6dc056115cfdc9d347ed16bd29782dde2f08116c1,SUCCESS,2.296869299985701,
log_454519e320d04906,sec_edgar_filings,US_ISHARES_USHY,https://www.sec.gov/Archives/edgar/data/1100663/000119312526306122/d145677d497.htm,2026-09-26 15:06:38.512750,200.0,8589633deb798a60f69354eba15cf808392dbe86479e9022b7d24bb6eaa8cf04,SUCCESS,2.6336840000003576,
log_fad4997436264d4f,sec_edgar_filings,US_ISHARES_USHY,https://www.sec.gov/Archives/edgar/data/1100663/000119312526306120/d151429d497.htm,2026-09-26 15:06:41.014534,200.0,dd1fdf7770161ec03ecf76037796c9a8e9abf891cd94766b425761307a09a189,SUCCESS,2.5578767000115477,
log_b5090e00e4b64d27,sec_edgar_filings,US_ISHARES_USHY,https://www.sec.gov/Archives/edgar/data/1100663/000119312526306119/d154864d497.htm,2026-09-26 15:06:43.514721,200.0,7c7159c45b0a42513d6d7a90b8da303ec3b521f540dce139268f1768d015c253,SUCCESS,2.381338400009554,
log_16c49d5f08d647fc,sec_edgar_filings,US_ISHARES_USHY,https://www.sec.gov/Archives/edgar/data/1100663/000119312526306116/d155509d497.htm,2026-09-26 15:06:46.015405,200.0,ca038d7e15083df015eabe836cc73d1a42841d009c8618643512a730cd67f53f,SUCCESS,2.9743852999818046,
log_793c14fa326b4853,sec_edgar_filings,US_ISHARES_USHY,https://www.sec.gov/Archives/edgar/data/1100663/000119312526306115/d156341d497.htm,2026-09-26 15:06:48.515885,200.0,6a496bc7d22bed5123125cb7712cf7812e39d4640163dce29eb3d5ecd1f4bf47,SUCCESS,2.1589097999967635,
log_90c0cb10b4014773,sec_edgar_filings,US_ISHARES_USHY,https://www.sec.gov/Archives/edgar/data/1100663/000119312526300908/d898074d497.htm,2026-09-26 15:06:51.016037,200.0,3e6d6cb4e9d5e319e905d0517c8c81e27ef8f049a5ee7979dc656693dcabe5e8,SUCCESS,2.4372060999739915,
log_6e5cbbe9cb8a4a16,sec_edgar_filings,US_ISHARES_USHY,https://www.sec.gov/Archives/edgar/data/1100663/000119312526294655/d83700d497.htm,2026-09-26 15:06:53.516680,200.0,e8b2fea09a8fe965aecb2c68b1d5d9762df5969614f02c334c4e59347a6fa57d,SUCCESS,2.5257394000072964,
log_b96bc03b56e746b3,sec_edgar_filings,US_ISHARES_USHY,https://www.sec.gov/Archives/edgar/data/1100663/000119312526293181/d83700d497.htm,2026-09-26 15:06:56.017212,200.0,e8f5a24b7941ee340b2658503a979bf50cff8d427ba84b0f1f9beef45ad6220d,SUCCESS,2.429615000000922,
log_f4d75ef0aeb54a26,sec_edgar_filings,US_ISHARES_USHY,https://www.sec.gov/Archives/edgar/data/1100663/000119312526292033/d110723d497.htm,2026-09-26 15:06:58.517794,200.0,7079e7b67616604fea2e6705db4f54ad9be03ac09d45f24c26791ec1f59f0259,SUCCESS,2.6047058000112884,
log_7afbd48c32cf4475,sec_edgar_filings,US_ISHARES_USHY,https://www.sec.gov/Archives/edgar/data/1100663/000119312526291166/d10430d497.htm,2026-09-26 15:07:01.019722,200.0,2b68846bec4b87534a84a40c21287c4b487928c4bd4e9ce9eef95400f4881a20,SUCCESS,2.416549500019755,
log_3ff86a4a44184dcd,sec_edgar_filings,US_ISHARES_USHY,https://www.sec.gov/Archives/edgar/data/1100663/000119312526376132/d164169d497.htm,2026-09-26 15:07:03.520046,200.0,f292ea03a7b41ecd56cbffeab5257516e8fec1022c3f4ad9556d81338a05c1f1,SUCCESS,2.576874099991983,
log_8400291d532841f7,sec_edgar_filings,US_ISHARES_USHY,https://www.sec.gov/Archives/edgar/data/1100663/000119312526376116/d163838d497.htm,2026-09-26 15:07:06.020331,200.0,bfb1512e0663a51c307efe1528613329a962c689781a152e98487604b2cddf93,SUCCESS,2.356031899980735,
log_878063859c964b8a,sec_edgar_filings,US_ISHARES_USHY,https://www.sec.gov/Archives/edgar/data/1100663/000119312526376106/d163946d497.htm,2026-09-26 15:07:08.520671,200.0,b817e92971553388949ecfb6bdb93d61fcb1e847f7eebab8d2727665ded240bf,SUCCESS,2.3578655000019353,
log_b2a59c6565294092,sec_edgar_filings,US_ISHARES_USHY,https://www.sec.gov/Archives/edgar/data/1100663/000119312526361162/d133118d497.htm,2026-09-26 15:07:11.021684,200.0,76b1ea9ac40a6b517caf643e713dbe64ed9e90bc2921725f8029e3223ecda59b,SUCCESS,2.5273367000045255,
log_4c57c6305add4c26,sec_edgar_filings,US_ISHARES_USHY,https://www.sec.gov/Archives/edgar/data/1100663/000119312526354177/d153282d497.htm,2026-09-26 15:07:13.521879,200.0,9bec2fc7e5a69ef29a95ccd8530ca371c69987d4094d5dab7dc6340d263e071e,SUCCESS,2.798349300021073,
log_fd3ae5ccb2f946b7,sec_edgar_filings,US_ISHARES_USHY,https://www.sec.gov/Archives/edgar/data/1100663/000119312526352275/d129369d497.htm,2026-09-26 15:07:16.022460,200.0,692c91c055a773e202244fb5ff32263ac76740e73e89e012fa6e8b75816a41ff,SUCCESS,2.2334684999950696,
log_2ebc0ffacd674d4c,sec_edgar_filings,US_ISHARES_USHY,https://www.sec.gov/Archives/edgar/data/1100663/000119312526338192/d114838d497.htm,2026-09-26 15:07:18.522767,200.0,d4c38eba0231e950a1c9fd7415b294cefb64770e7c25a88dc70ce9a66a613073,SUCCESS,2.5641595000051893,
log_5125bb0e1f0f4b70,sec_edgar_filings,US_ISHARES_USHY,https://www.sec.gov/Archives/edgar/data/1100663/000119312526338183/d89689d497.htm,2026-09-26 15:07:21.023160,200.0,d9bd8e1943854d56e26635ebcb86f5f05085ddd325e97bb9e1b8e352992b3d44,SUCCESS,2.6106996000162326,
log_0f77a7c6b9034ebd,sec_edgar_filings,US_ISHARES_USHY,https://www.sec.gov/Archives/edgar/data/1100663/000119312526338154/d83054d497.htm,2026-09-26 15:07:23.523467,200.0,5d8a2e8962feaefe5267f62857f5ffac52d1b06834515413e0aedcdafb44266f,SUCCESS,2.2658906999859028,
log_b33740c6056749b9,sec_edgar_filings,US_ISHARES_USHY,https://www.sec.gov/Archives/edgar/data/1100663/000119312526330968/d55058d497.htm,2026-09-26 15:07:26.023933,200.0,1453a922fcb3e15b8a1571f2e31e8acb6ba9244e25b4e93ba41d830f527cf60a,SUCCESS,2.6801646999956574,
log_c08e5b8f645a44a8,sec_edgar_filings,US_ISHARES_USHY,https://www.sec.gov/Archives/edgar/data/1100663/000119312526398125/d181895d497.htm,2026-09-26 15:07:28.524214,200.0,f90830fac01431c0cce67505b4647302913ccecebcd4897a5474b036a096be1a,SUCCESS,2.467417000007117,
log_d8b953e5ea5d4264,sec_edgar_filings,US_ISHARES_USHY,https://www.sec.gov/Archives/edgar/data/1100663/000119312526395798/d165827d497.htm,2026-09-26 15:07:31.024647,200.0,0c3cfe67e6af77e64d9e6d04065c6d22ad980a74e3015a41c0ecd33d9dc6da89,SUCCESS,2.3861919000046328,
log_b933d41c11724b37,sec_edgar_filings,US_ISHARES_USHY,https://www.sec.gov/Archives/edgar/data/1100663/000119312526389306/d135258d497.htm,2026-09-26 15:07:33.524927,200.0,68df629271f45e35a78889b2d64132946935c6f0fb8a92dc302f4349ac48c807,SUCCESS,3.193976800015662,
log_c2c2c142ced34e4f,sec_edgar_filings,US_ISHARES_USHY,https://www.sec.gov/Archives/edgar/data/1100663/000119312526383660/d118308d497.htm,2026-09-26 15:07:36.025289,200.0,5218173e9800d7c826c95a828c16d2380143629ee41bd16d8827bad9e5ef1502,SUCCESS,1.7303078999975696,
log_2a266e16107f4ce8,sec_edgar_filings,US_ISHARES_USHY,https://www.sec.gov/Archives/edgar/data/1100663/000119312526380260/d535954d497.htm,2026-09-26 15:07:38.525699,200.0,b2116b75eacee79bb4c3395bb99c62ba989cea3ff221ac6348d97bfac4130311,SUCCESS,2.7567976000136696,
log_d030a415e3714e17,sec_edgar_filings,US_ISHARES_USHY,https://www.sec.gov/Archives/edgar/data/1100663/000119312526377124/d133702d497.htm,2026-09-26 15:07:41.026161,200.0,0a95c885d359ec7d9ebfe6b55935c1450be2f223c69a0edaa7022469da13cce9,SUCCESS,2.5435536000004504,
log_7c73563778b3410f,sec_edgar_submissions_api,US_FIDELITY_FXAIX,https://data.sec.gov/submissions/CIK0000819118.json,2026-09-26 15:07:46.855542,200.0,d35592908a3deda753525fa2b27f5233fcd486a088e5b8307dd6cfa5666bdec5,SUCCESS,3.2430547999974806,
log_10ff75dc247349f5,official_fund_sponsor_page,US_FIDELITY_FXAIX,https://fundresearch.fidelity.com/mutual-funds/summary/315911750,2026-09-26 15:07:51.996950,200.0,cd304557497276841492672083b615d9221312a8d411f5c77f8818788cf6a7e9,SUCCESS,1.381919100007508,
log_1dbd089567f14b5c,sec_edgar_filings,US_FIDELITY_FXAIX,https://www.sec.gov/Archives/edgar/data/819118/000081911825000037/filing8594.htm,2026-09-26 15:07:56.340196,200.0,4920d18e9a5e7b0d5a122d7f732f6245c51e9314f63b50ba7123911d9391cff0,SUCCESS,3.257731599995168,
log_eeea524a19c743c2,sec_edgar_filings,US_FIDELITY_FXAIX,https://www.sec.gov/Archives/edgar/data/819118/000081911825000151/filing8917.htm,2026-09-26 15:07:58.840341,200.0,2a50891bab8dc4e033b2f74e2dc88372384002db87d16b03b1ad0e8624770493,SUCCESS,1.6686360000167042,
log_3c07f5ae89e345c4,sec_edgar_filings,US_FIDELITY_FXAIX,https://www.sec.gov/Archives/edgar/data/819118/000081911825000103/filing8810.htm,2026-09-26 15:08:01.340720,200.0,f23cbf265d0084bbee27bdf75f2a546073bcf95d80d01ac50063c1ff920a2e6c,SUCCESS,3.959615899977507,
log_5b854b3746b94b56,sec_edgar_filings,US_FIDELITY_FXAIX,https://www.sec.gov/Archives/edgar/data/819118/000081911825000071/filing8791.htm,2026-09-26 15:08:04.157483,200.0,e89ec1e172c3f8f2314bd10bacbb990b6c1904736bc7f4b5c28fb58ec6a39bf2,SUCCESS,1.968756599992048,
log_29b2de2902c44882,sec_edgar_filings,US_FIDELITY_FXAIX,https://www.sec.gov/Archives/edgar/data/819118/000081911825000165/filing8960.htm,2026-09-26 15:08:06.657972,200.0,2dd5107ea91f71612929a20c31fcc1556a7a75dd12934cb5bd6ad34ccfd947a1,SUCCESS,1.9407701000163797,
log_022ea6ae9d724704,sec_edgar_filings,US_FIDELITY_FXAIX,https://www.sec.gov/Archives/edgar/data/819118/000081911825000350/filing9595.htm,2026-09-26 15:08:09.158075,200.0,e9f2ededf497e32de4f9cd7598302c49bd170e9c9e415403f6137c5bdd2b6d08,SUCCESS,2.1359923999989405,
log_63b800c247e74a57,sec_edgar_filings,US_FIDELITY_FXAIX,https://www.sec.gov/Archives/edgar/data/819118/000081911825000431/filing10658.htm,2026-09-26 15:08:11.658313,200.0,c37ea97e01ed7c9e173579fca60f49b12574fd7e67636c28fac593da17b8cdf6,SUCCESS,2.763313900009962,
log_6f7b7ecd0c2049b9,sec_edgar_filings,US_FIDELITY_FXAIX,https://www.sec.gov/Archives/edgar/data/819118/000081911825000415/SIF-I-PSTK.htm,2026-09-26 15:08:14.158673,200.0,0c30e8c1e0a93bf30f8198031c89a3ae1633707068a11d0f158ae04590fec420,SUCCESS,1.7553868999821134,
log_c7d31c0a213b4377,sec_edgar_filings,US_FIDELITY_FXAIX,https://www.sec.gov/Archives/edgar/data/819118/000081911825000412/filing10615.htm,2026-09-26 15:08:16.659067,200.0,cf7c3c158af65cd26dfd24b92e62e3155a32528bd8efa6b9d390ac58e986bdc4,SUCCESS,2.665032200020505,
log_db2343c27a4e4a15,sec_edgar_filings,US_FIDELITY_FXAIX,https://www.sec.gov/Archives/edgar/data/819118/000081911825000411/filing10627.htm,2026-09-26 15:08:19.159439,200.0,36f988f49a7ae22e304b997217f00d9b52f94ac8f6ff44d5d58a6785b0f7e1b6,SUCCESS,2.347727299988037,
log_5af2ef61f93f4d81,sec_edgar_filings,US_FIDELITY_FXAIX,https://www.sec.gov/Archives/edgar/data/819118/000081911825000410/filing10628.htm,2026-09-26 15:08:21.660079,200.0,8fa32be395f8fb0407e699acaebc67b195db89fae3202c09a6dc24a084b4b947,SUCCESS,2.603531299973838,
log_49c7a0901fc34bc3,sec_edgar_filings,US_FIDELITY_FXAIX,https://www.sec.gov/Archives/edgar/data/819118/000081911826000079/filing12050.htm,2026-09-26 15:08:24.160291,200.0,26f21267d9eee9e617ddadd4a8e7ae9768a36f8310abe10f9717c8488e2de5f8,SUCCESS,2.148711900023045,
log_2bc0398efe7d44dd,sec_edgar_submissions_api,US_FIDELITY_FSKAX,https://data.sec.gov/submissions/CIK0000819118.json,2026-09-26 15:08:29.874361,200.0,d35592908a3deda753525fa2b27f5233fcd486a088e5b8307dd6cfa5666bdec5,SUCCESS,3.199967900000047,
log_43977f3cfc8b481e,official_fund_sponsor_page,US_FIDELITY_FSKAX,https://fundresearch.fidelity.com/mutual-funds/summary/315911693,2026-09-26 15:08:34.596448,200.0,727c401536ead57c1dd93935a2542060875264990c636677a652a03dd91b991f,SUCCESS,5.103370600001654,
log_14cc9c6845654510,sec_edgar_filings,US_FIDELITY_FSKAX,https://www.sec.gov/Archives/edgar/data/819118/000081911825000037/filing8594.htm,2026-09-26 15:08:42.601192,200.0,4920d18e9a5e7b0d5a122d7f732f6245c51e9314f63b50ba7123911d9391cff0,SUCCESS,2.731835200014757,
log_a9a707e49a1b4936,sec_edgar_filings,US_FIDELITY_FSKAX,https://www.sec.gov/Archives/edgar/data/819118/000081911825000151/filing8917.htm,2026-09-26 15:08:45.101356,200.0,2a50891bab8dc4e033b2f74e2dc88372384002db87d16b03b1ad0e8624770493,SUCCESS,1.9694797999982256,
log_2e1acec8ec1d41d6,sec_edgar_filings,US_FIDELITY_FSKAX,https://www.sec.gov/Archives/edgar/data/819118/000081911825000103/filing8810.htm,2026-09-26 15:08:47.601854,200.0,f23cbf265d0084bbee27bdf75f2a546073bcf95d80d01ac50063c1ff920a2e6c,SUCCESS,2.4752673000039067,
log_5e7f924a31cb4677,sec_edgar_filings,US_FIDELITY_FSKAX,https://www.sec.gov/Archives/edgar/data/819118/000081911825000071/filing8791.htm,2026-09-26 15:08:50.102876,200.0,e89ec1e172c3f8f2314bd10bacbb990b6c1904736bc7f4b5c28fb58ec6a39bf2,SUCCESS,2.8522981999849435,
log_8b8ae1a2d59a4f53,sec_edgar_filings,US_FIDELITY_FSKAX,https://www.sec.gov/Archives/edgar/data/819118/000081911825000165/filing8960.htm,2026-09-26 15:08:52.602918,200.0,2dd5107ea91f71612929a20c31fcc1556a7a75dd12934cb5bd6ad34ccfd947a1,SUCCESS,2.066899099998409,
log_c265450c8c92455d,sec_edgar_filings,US_FIDELITY_FSKAX,https://www.sec.gov/Archives/edgar/data/819118/000081911825000350/filing9595.htm,2026-09-26 15:08:55.103213,200.0,e9f2ededf497e32de4f9cd7598302c49bd170e9c9e415403f6137c5bdd2b6d08,SUCCESS,2.140036000026157,
log_a6723a0c85584ec6,sec_edgar_filings,US_FIDELITY_FSKAX,https://www.sec.gov/Archives/edgar/data/819118/000081911825000431/filing10658.htm,2026-09-26 15:08:57.603348,200.0,c37ea97e01ed7c9e173579fca60f49b12574fd7e67636c28fac593da17b8cdf6,SUCCESS,2.519967300002463,
log_5a9abe163f1a4155,sec_edgar_filings,US_FIDELITY_FSKAX,https://www.sec.gov/Archives/edgar/data/819118/000081911825000415/SIF-I-PSTK.htm,2026-09-26 15:09:00.103935,200.0,0c30e8c1e0a93bf30f8198031c89a3ae1633707068a11d0f158ae04590fec420,SUCCESS,2.164870799984783,
log_921ef990655a4e8a,sec_edgar_filings,US_FIDELITY_FSKAX,https://www.sec.gov/Archives/edgar/data/819118/000081911825000412/filing10615.htm,2026-09-26 15:09:02.604574,200.0,cf7c3c158af65cd26dfd24b92e62e3155a32528bd8efa6b9d390ac58e986bdc4,SUCCESS,2.515138199989451,
log_59ff905f85da4cd7,sec_edgar_filings,US_FIDELITY_FSKAX,https://www.sec.gov/Archives/edgar/data/819118/000081911825000411/filing10627.htm,2026-09-26 15:09:05.104719,200.0,36f988f49a7ae22e304b997217f00d9b52f94ac8f6ff44d5d58a6785b0f7e1b6,SUCCESS,3.790567199990619,
log_3546d50143c144f3,sec_edgar_filings,US_FIDELITY_FSKAX,https://www.sec.gov/Archives/edgar/data/819118/000081911825000410/filing10628.htm,2026-09-26 15:09:07.605269,200.0,8fa32be395f8fb0407e699acaebc67b195db89fae3202c09a6dc24a084b4b947,SUCCESS,2.2383574999985285,
log_cad284dbea8a477b,sec_edgar_filings,US_FIDELITY_FSKAX,https://www.sec.gov/Archives/edgar/data/819118/000081911826000079/filing12050.htm,2026-09-26 15:09:10.106354,200.0,26f21267d9eee9e617ddadd4a8e7ae9768a36f8310abe10f9717c8488e2de5f8,SUCCESS,1.695648099994287,
log_0cc04d713b704bec,sec_edgar_submissions_api,US_FIDELITY_FXNAX,https://data.sec.gov/submissions/CIK0000035315.json,2026-09-26 15:09:15.966285,200.0,c531ac4c3cadac82d817f7429b78baade6ed3fd701851366c29693ce27841c5d,SUCCESS,2.5120219999807887,
log_4c15a964534649df,sec_edgar_submissions_api,US_FIDELITY_FXNAX,https://data.sec.gov/submissions/CIK0000035315-submissions-001.json,2026-09-26 15:09:18.467177,200.0,efe13e620ce90c03e1cdcf4c901761946e5d2180b6e878361d7af513b89cd6b9,SUCCESS,3.148656499979552,
log_0700f370d5344990,official_fund_sponsor_page,US_FIDELITY_FXNAX,https://fundresearch.fidelity.com/mutual-funds/summary/316146358,2026-09-26 15:09:22.907802,200.0,f483a6081f1c18f24c0367c4e423146ba35b26b2af25fc74aa5cb5a6a33a221d,SUCCESS,2.220941200008383,
log_80195dac6ff64d7f,sec_edgar_filings,US_FIDELITY_FXNAX,https://www.sec.gov/Archives/edgar/data/35315/000003531524000767/filing8189.htm,2026-09-26 15:09:26.831092,200.0,8a25eed1378dadca9926ec99f46064588e2e27c627e2c13fa71773d30a019e62,SUCCESS,3.6751917999936268,
log_a84bfb6ef4da40d3,sec_edgar_filings,US_FIDELITY_FXNAX,https://www.sec.gov/Archives/edgar/data/35315/000003531524000754/filing8127.htm,2026-09-26 15:09:29.331664,200.0,fdb12adcc55f5d789a26867b51e59ed31f9c0c577b892d9dfdf299e05f8bd0e5,SUCCESS,1.3774446999887004,
log_a34daf945616491b,sec_edgar_filings,US_FIDELITY_FXNAX,https://www.sec.gov/Archives/edgar/data/35315/000113322824009283/fsst-efp10237_497.htm,2026-09-26 15:09:31.832213,200.0,10c8ee085bffe07374dad13199be26afd7f11d0abc933a2c49e17621598f5f5b,SUCCESS,2.6251654000079725,
log_5ff07cd19515462e,sec_edgar_filings,US_FIDELITY_FXNAX,https://www.sec.gov/Archives/edgar/data/35315/000003531524000753/filing8072.htm,2026-09-26 15:09:34.332731,200.0,30b57f17dcd8dab92f0341a79ab86b221d936e8eb21e78cf1807f7688e276663,SUCCESS,10.37844440000481,
log_b80a4755afe64381,sec_edgar_filings,US_FIDELITY_FXNAX,https://www.sec.gov/Archives/edgar/data/35315/000003531525000153/filing8548.htm,2026-09-26 15:09:43.770463,200.0,15f726e2023c99edaa3cd56589da42827e03743c928fce6b97a04c28d6dadee7,SUCCESS,1.709032799990382,
log_fde8568a05194768,sec_edgar_filings,US_FIDELITY_FXNAX,https://www.sec.gov/Archives/edgar/data/35315/000003531525000135/filing8557.htm,2026-09-26 15:09:46.270893,200.0,cb09df3a8aba44c54781d40da98af0c8cffc40581d032841bd80cbd156ec2ced,SUCCESS,2.447949299996253,
log_59d1186488e943f1,sec_edgar_filings,US_FIDELITY_FXNAX,https://www.sec.gov/Archives/edgar/data/35315/000003531525000172/filing8586.htm,2026-09-26 15:09:48.771038,200.0,db95cf9fc97c82e934ce2ced4e073ee40290e0d1bb72598667cdeebb3eb662bb,SUCCESS,3.2000088000204414,
log_f998c6c70a684238,sec_edgar_filings,US_FIDELITY_FXNAX,https://www.sec.gov/Archives/edgar/data/35315/000003531525000159/filing8574.htm,2026-09-26 15:09:51.275339,200.0,76b94516953374f0a8522dfac2a2957e0712526c51b35da7b5c274c064700424,SUCCESS,1.7305234000086784,
log_98dbee1eacd94da6,sec_edgar_filings,US_FIDELITY_FXNAX,https://www.sec.gov/Archives/edgar/data/35315/000003531525000363/filing8804.htm,2026-09-26 15:09:53.775819,200.0,8a4fde2713d8c8cf19967acdff8d652d06683b5b6ab547d2c12ff7fc8df43842,SUCCESS,2.3006078999897,
log_aa2cb1f818a4406b,sec_edgar_filings,US_FIDELITY_FXNAX,https://www.sec.gov/Archives/edgar/data/35315/000003531525000362/filing8690.htm,2026-09-26 15:09:56.276670,200.0,0051770da3f460604a4facc882f4b32e6b57865caaa3075cc120e44295649410,SUCCESS,2.25433189998148,
log_ba5ccb1a802946ed,sec_edgar_filings,US_FIDELITY_FXNAX,https://www.sec.gov/Archives/edgar/data/35315/000003531525000509/filing9055.htm,2026-09-26 15:09:58.777078,200.0,dc7c9db7ed293ac0dc78a473107dd2f0483fa903db50602d89529d6ecd28a34e,SUCCESS,2.325075200002175,
log_930bca5a189b48fc,sec_edgar_filings,US_FIDELITY_FXNAX,https://www.sec.gov/Archives/edgar/data/35315/000003531525000627/ZMPZAPPSTK.htm,2026-09-26 15:10:01.277572,200.0,8c07cc63223eab43d6f30f9a6da0ae967f0da964c62a1db107aab9adb1ed7d37,SUCCESS,3.3312462999892887,
log_80c3b2fe2e4a441e,sec_edgar_filings,US_FIDELITY_FXNAX,https://www.sec.gov/Archives/edgar/data/35315/000003531525000626/filing9339.htm,2026-09-26 15:10:03.777897,200.0,540125d7d2a61dda6c7bf6ffcc84bdfdcdd3dea2dcd58952aa3c826fac19fab0,SUCCESS,1.9781206999905407,
log_ba4f1ae107bf4893,sec_edgar_filings,US_FIDELITY_FXNAX,https://www.sec.gov/Archives/edgar/data/35315/000003531525000602/filing9218.htm,2026-09-26 15:10:06.278247,200.0,e1399853f24c7084652b3cee8a348472f1258afc9248c01579381e004e073fa0,SUCCESS,2.479783699993277,
log_52ed648f7f854417,sec_edgar_filings,US_FIDELITY_FXNAX,https://www.sec.gov/Archives/edgar/data/35315/000003531525000681/salem497.htm,2026-09-26 15:10:08.779655,200.0,a9d75eb183136838c0b6ef70cb46e19a5ea65987f9190ebe89b0284bbe955977,SUCCESS,2.303706799983047,
log_04dbebede17a4116,sec_edgar_filings,US_FIDELITY_FXNAX,https://www.sec.gov/Archives/edgar/data/35315/000003531525000680/filing9351.htm,2026-09-26 15:10:11.280036,200.0,e8b9dc5a501f020583fa93b3fe266bea64acf8bd20a028255b6f66461bbd4822,SUCCESS,3.245576599991182,
log_a88a8a70ee1847be,sec_edgar_filings,US_FIDELITY_FXNAX,https://www.sec.gov/Archives/edgar/data/35315/000003531525001099/filing10333.htm,2026-09-26 15:10:13.780819,200.0,4abfd00912a6e8455255b320c521fd5f19dc2178f6e21d0d234d48ac8cfcced8,SUCCESS,1.685385300021153,
log_43dd1a5eeb1a4809,sec_edgar_filings,US_FIDELITY_FXNAX,https://www.sec.gov/Archives/edgar/data/35315/000003531525001064/filing10322.htm,2026-09-26 15:10:16.281251,200.0,6754cbaf555642689606342dc946728fc520484fa547756515873739372965aa,SUCCESS,2.312996699998621,
log_823d3a2efb4749fc,sec_edgar_filings,US_FIDELITY_FXNAX,https://www.sec.gov/Archives/edgar/data/35315/000003531525000851/filing10344.htm,2026-09-26 15:10:18.781640,200.0,410886c05dad44bb038abca96cd5a6458dd777c5808f65cdce6e9548743c569e,SUCCESS,2.5245356999803334,
log_5dc6b5f7fdeb49a8,sec_edgar_filings,US_FIDELITY_FXNAX,https://www.sec.gov/Archives/edgar/data/35315/000003531525000847/filing10118.htm,2026-09-26 15:10:21.282202,200.0,65996379f8ce3aeed8ab2f79a5a2157ca51f4948b2082990634725aa11f77b03,SUCCESS,2.42363619999378,
log_8144b46a5ea44f81,sec_edgar_filings,US_FIDELITY_FXNAX,https://www.sec.gov/Archives/edgar/data/35315/000003531525000836/filing9858.htm,2026-09-26 15:10:23.782489,200.0,f205ca789fdd045a2c4d0af87da02368a760c794cc1de9384b6988a4e4bf7b0f,SUCCESS,2.333365700003924,
log_34c68cb127bf41c4,sec_edgar_filings,US_FIDELITY_FXNAX,https://www.sec.gov/Archives/edgar/data/35315/000003531525001144/filing10639.htm,2026-09-26 15:10:26.282856,200.0,03e16da21a1dad4b0600799810c2240b473da04fc8fb0e72f9b58a910b3b1e0a,SUCCESS,2.591087200009497,
log_e6ed5f85fe1947b0,sec_edgar_filings,US_FIDELITY_FXNAX,https://www.sec.gov/Archives/edgar/data/35315/000003531525001120/filing10617.htm,2026-09-26 15:10:28.783365,200.0,65d84239e53098f753f5d08572f2c7102bc1c8b6cb9b308d00eb9809bbfb0f8a,SUCCESS,3.289399500004947,
log_fd448b4ee85e464d,sec_edgar_filings,US_FIDELITY_FXNAX,https://www.sec.gov/Archives/edgar/data/35315/000003531525001293/filing10933.htm,2026-09-26 15:10:31.284054,200.0,22f7b055de872599929bc813c73ab5095ce61684234ce22978891c337be37846,SUCCESS,1.6708134999789763,
log_27f7122ac82c43f7,sec_edgar_filings,US_FIDELITY_FXNAX,https://www.sec.gov/Archives/edgar/data/35315/000003531525001287/filing10914.htm,2026-09-26 15:10:33.784111,200.0,caf0b12b195ec8a00dcf9296d8076e6c656d5c801499f018d3e195fe8b953013,SUCCESS,2.237760399992112,
log_f3f9813395bc4795,sec_edgar_filings,US_FIDELITY_FXNAX,https://www.sec.gov/Archives/edgar/data/35315/000003531525001190/ASCB-PSTK.htm,2026-09-26 15:10:36.284378,200.0,61e9f5673483cc95697246e1e399ae107768195e47933fbfd58812b9e5778001,SUCCESS,2.4238610999891534,
log_ce1d8620418e4624,sec_edgar_filings,US_FIDELITY_FXNAX,https://www.sec.gov/Archives/edgar/data/35315/000003531525001189/filing10884.htm,2026-09-26 15:10:38.784525,200.0,88c83d8ffec8e883e327a0c5c51a9ea795dfec410566281daa7dc5e3f73ee794,SUCCESS,2.7657046999956947,
log_c6daa294e5ed4432,sec_edgar_filings,US_FIDELITY_FXNAX,https://www.sec.gov/Archives/edgar/data/35315/000003531526000142/filing11802.htm,2026-09-26 15:10:41.286952,200.0,2e37d0ef1f35f8d7f3fcdf19285248a7f9f1432e9d890caa89db77823eb41673,SUCCESS,2.525294799997937,
log_5e290e44b7634eee,sec_edgar_filings,US_FIDELITY_FXNAX,https://www.sec.gov/Archives/edgar/data/35315/000003531526000293/filing12458.htm,2026-09-26 15:10:43.787604,200.0,3bcc9fa46658513cd1de9a0cb4652fd48657aaef822811b88f81c5757932ffba,SUCCESS,2.02644909999799,
log_8447d73f1f564617,sec_edgar_filings,US_FIDELITY_FXNAX,https://www.sec.gov/Archives/edgar/data/35315/000003531526000292/filing12454.htm,2026-09-26 15:10:46.288371,200.0,21f80a4c23757e5de802abd1f57abdb3d3d7f7a3f889d175fd7ae3026b8659dc,SUCCESS,2.583214299986139,
log_a7cda6492d474327,sec_edgar_filings,US_FIDELITY_FXNAX,https://www.sec.gov/Archives/edgar/data/35315/000003531526000291/MainFile.htm,2026-09-26 15:10:48.788516,200.0,38adb7e72474901c15c9982d097dd3cd5c11995deb83bfc0ab91b5e5e74b6a07,SUCCESS,2.378190799994627,
log_c47f8e80df394e52,sec_edgar_filings,US_FIDELITY_FXNAX,https://www.sec.gov/Archives/edgar/data/35315/000003531526000241/filing12303.htm,2026-09-26 15:10:51.289089,200.0,49132e3e8e68ff49e4e5d3ef929e6830bcdfd9fa3c9fc7c8877d7a558ffbab32,SUCCESS,2.6692901000205893,
log_d8f6203d32f647e9,sec_edgar_filings,US_FIDELITY_FXNAX,https://www.sec.gov/Archives/edgar/data/35315/000003531526000348/filing12448.htm,2026-09-26 15:10:53.793080,200.0,133e2260940c4360e26e05b340c86ce2f44da4b04598f331da3f1dd66e402214,SUCCESS,2.5816179999965243,
log_6c4fb72bd2c14a4c,sec_edgar_filings,US_FIDELITY_FXNAX,https://www.sec.gov/Archives/edgar/data/35315/000003531526000322/filing12355.htm,2026-09-26 15:10:56.293209,200.0,eac0228ceb7fbe023ef0ad206f24d09814ed4f920f4baa90ba936bc6e6b5e54e,SUCCESS,3.1964480000024196,
log_7a11ca2664c54aec,sec_edgar_filings,US_FIDELITY_FXNAX,https://www.sec.gov/Archives/edgar/data/35315/000003531526000416/filing12915.htm,2026-09-26 15:10:58.793724,200.0,9ae63e7f92f941e13575a74f67ad7d28ce583e0e36e57d8607a3e3b7fa9c6d9f,SUCCESS,1.6197832000034396,
log_165ed88b432f4ad1,sec_edgar_filings,US_FIDELITY_FXNAX,https://www.sec.gov/Archives/edgar/data/35315/000003531526000564/filing13541.htm,2026-09-26 15:11:01.294183,200.0,d9f9f06994c9259c65538ed368df94fa912da981fc49777cf72636699fc638ed,SUCCESS,2.499105900002178,
log_ac71ec8d15c24855,sec_edgar_submissions_api,US_FIDELITY_FTBFX,https://data.sec.gov/submissions/CIK0000751199.json,2026-09-26 15:11:06.893316,200.0,99dda029557ccc41c8e7a40834273dc65250e95b85464f6d41416356888f652f,SUCCESS,3.3359787999943364,
log_7420db948a8b4378,official_fund_sponsor_page,US_FIDELITY_FTBFX,https://fundresearch.fidelity.com/mutual-funds/summary/316146200,2026-09-26 15:11:11.081298,200.0,7469cb92f63817f35b987a44b70abcd724ecb1e4de84f6321182eb4aec450e9b,SUCCESS,3.0721549000008963,
log_b5ff6e45f8b34089,sec_edgar_filings,US_FIDELITY_FTBFX,https://www.sec.gov/Archives/edgar/data/751199/000075119925000022/filing8545.htm,2026-09-26 15:11:15.421477,200.0,95a1bfd722900b410c526f2adf5e384ebedd6bf816a0be58fa4f00971fa74872,SUCCESS,2.5848967999918386,
log_0a51513f991a4e38,sec_edgar_filings,US_FIDELITY_FTBFX,https://www.sec.gov/Archives/edgar/data/751199/000075119925000019/filing8564.htm,2026-09-26 15:11:17.921943,200.0,d44716abb8f2eb6f000f0098d5bebaed263f0889155ef839993247ad6f6b5f88,SUCCESS,2.6022509999747854,
log_d659fe2aadfb4095,sec_edgar_filings,US_FIDELITY_FTBFX,https://www.sec.gov/Archives/edgar/data/751199/000075119925000025/filing8582.htm,2026-09-26 15:11:20.422638,200.0,d05c605abbbe570ee52a91ea809c16ebbc0fda52b87c51a8e5ffab153e90eca5,SUCCESS,2.648990400019102,
log_34f9ca91835145cd,sec_edgar_filings,US_FIDELITY_FTBFX,https://www.sec.gov/Archives/edgar/data/751199/000075119925000087/filing9061.htm,2026-09-26 15:11:22.923095,200.0,355c5584c2315b4e8102a6847059447c6eace609a4496fae360793d64472dcbc,SUCCESS,1.9193903999985196,
log_333e7cec68744a58,sec_edgar_filings,US_FIDELITY_FTBFX,https://www.sec.gov/Archives/edgar/data/751199/000075119925000086/filing9062.htm,2026-09-26 15:11:25.423225,200.0,a20df3c0d669c15fae96bb08b339ba7f9a2c0ff69c18c45454a1115a48d83874,SUCCESS,4.461395400023321,
log_809db78eb9db401a,sec_edgar_filings,US_FIDELITY_FTBFX,https://www.sec.gov/Archives/edgar/data/751199/000075119925000078/filing9060.htm,2026-09-26 15:11:28.610188,200.0,055e3ad2377ec642e0472e667fa9011d15dafc2199d1f7fe612acfcfc01fc182,SUCCESS,1.6099993000098038,
log_10ca53a2cb3a4a6e,sec_edgar_filings,US_FIDELITY_FTBFX,https://www.sec.gov/Archives/edgar/data/751199/000075119925000077/filing9049.htm,2026-09-26 15:11:31.110607,200.0,bd339eb3f1a975421a7990a30669d7d29f6d491503f0157b1e880a3078a88295,SUCCESS,4.467352800013032,
log_e31ef2fa7d06463b,sec_edgar_filings,US_FIDELITY_FTBFX,https://www.sec.gov/Archives/edgar/data/751199/000075119925000211/filing9578.htm,2026-09-26 15:11:34.766855,200.0,f8463977542baac54017f954ecc1c777f2146518d822014e604ccba352e0944d,SUCCESS,1.1545814000128303,
log_0b6200b71b2a463e,sec_edgar_filings,US_FIDELITY_FTBFX,https://www.sec.gov/Archives/edgar/data/751199/000075119925000203/filing9580.htm,2026-09-26 15:11:37.267294,200.0,b8a88762642fac1f920a522186065a4cdbaa032530c1c99ace99e0c54f74e53e,SUCCESS,2.583197100000689,
log_ce7dff5add7b40d7,sec_edgar_filings,US_FIDELITY_FTBFX,https://www.sec.gov/Archives/edgar/data/751199/000075119925000195/filing9579.htm,2026-09-26 15:11:39.767935,200.0,6d1da3f2251cdc27276f10b0f5b2f6f2429660d76a2595a1f1b7be27c51415f8,SUCCESS,2.5551500000001397,
log_c3738362fbad4535,sec_edgar_filings,US_FIDELITY_FTBFX,https://www.sec.gov/Archives/edgar/data/751199/000075119925000187/filing9353.htm,2026-09-26 15:11:42.268221,200.0,8d43b38f2e574d1b28a7f929facff0411a0effb90c3ddb0c2e5696a6bed2e8a4,SUCCESS,2.4147667000070214,
log_f9827691bc07478f,sec_edgar_filings,US_FIDELITY_FTBFX,https://www.sec.gov/Archives/edgar/data/751199/000075119925000358/filing10623.htm,2026-09-26 15:11:44.768535,200.0,ca94c4d98fe5b8c9ace7da00fbb2859f4de83f59cd4d76207b8889772f44f8cf,SUCCESS,2.8784354999952484,
log_15e4233f78f24ca1,sec_edgar_filings,US_FIDELITY_FTBFX,https://www.sec.gov/Archives/edgar/data/751199/000075119925000350/filing10622.htm,2026-09-26 15:11:47.268649,200.0,52243a0f495241fb9d9e1ec973b55900b5840f2bb44d17a378c7eb661565791e,SUCCESS,1.8938181000121403,
log_33bd16ff7df34512,sec_edgar_filings,US_FIDELITY_FTBFX,https://www.sec.gov/Archives/edgar/data/751199/000075119925000335/filing10594.htm,2026-09-26 15:11:49.769213,200.0,6b6f8a329152bdf83451f358ca567af82a39959dfa24e78fbac1d2ad5eab8650,SUCCESS,2.571180600003572,
log_04293e6d8fb94a09,sec_edgar_filings,US_FIDELITY_FTBFX,https://www.sec.gov/Archives/edgar/data/751199/000075119925000334/filing10621.htm,2026-09-26 15:11:52.269775,200.0,ad34a8d426d49c5bcc23a6289a5e19052e9788955d40ba4a3ae974efe9b99794,SUCCESS,2.685516900004586,
log_570980c8466a4c66,sec_edgar_filings,US_FIDELITY_FTBFX,https://www.sec.gov/Archives/edgar/data/751199/000075119925000369/filing10886.htm,2026-09-26 15:11:54.770469,200.0,0761a090fe4bbd6057d28f838a2eb5a738fd65da137659b593aae964056c57b7,SUCCESS,2.453290100005688,
log_1a6ef5e574934a16,sec_edgar_filings,US_FIDELITY_FTBFX,https://www.sec.gov/Archives/edgar/data/751199/000075119926000050/filing12150.htm,2026-09-26 15:11:57.271407,200.0,8765accd78c8002a762c5ff5014275f2aaaa23c776f6164b3988a23c2cd5d423,SUCCESS,2.260355200007325,
log_448bd5b9b45e467f,sec_edgar_filings,US_FIDELITY_FTBFX,https://www.sec.gov/Archives/edgar/data/751199/000075119926000058/filing12449.htm,2026-09-26 15:11:59.771488,200.0,ed25089c7b58462d69e4670d106a5dba1f3d0cdbf9c6160348be7e63f27816c4,SUCCESS,2.6513228000258096,
log_d5d31a79d1fe41a9,sec_edgar_filings,US_FIDELITY_FTBFX,https://www.sec.gov/Archives/edgar/data/751199/000075119926000056/filing12358.htm,2026-09-26 15:12:02.272205,200.0,0c09c1287790f42a31614ad77a63a8fcb65911cd813b22886b4bffccf388ab1a,SUCCESS,9.332848300022306,
log_6a18a1bd55254e0e,sec_edgar_submissions_api,US_FIDELITY_FZROX,https://data.sec.gov/submissions/CIK0000819118.json,2026-09-26 15:12:14.553188,200.0,d35592908a3deda753525fa2b27f5233fcd486a088e5b8307dd6cfa5666bdec5,SUCCESS,4.397379300004104,
log_46dea683ac364b99,official_fund_sponsor_page,US_FIDELITY_FZROX,https://fundresearch.fidelity.com/mutual-funds/summary/315911602,2026-09-26 15:12:19.813120,200.0,c18234552d8e232f05111002a85bd8fdac17d98e561bf73c496df969d7a4ced1,SUCCESS,2.9924757999833673,
log_5a720f36ee434cc3,sec_edgar_filings,US_FIDELITY_FZROX,https://www.sec.gov/Archives/edgar/data/819118/000081911825000037/filing8594.htm,2026-09-26 15:12:23.951975,200.0,4920d18e9a5e7b0d5a122d7f732f6245c51e9314f63b50ba7123911d9391cff0,SUCCESS,2.63929590000771,
log_a906b02f538546af,sec_edgar_filings,US_FIDELITY_FZROX,https://www.sec.gov/Archives/edgar/data/819118/000081911825000151/filing8917.htm,2026-09-26 15:12:26.452279,200.0,2a50891bab8dc4e033b2f74e2dc88372384002db87d16b03b1ad0e8624770493,SUCCESS,4.113087200006703,
log_6eaa5e6799344588,sec_edgar_filings,US_FIDELITY_FZROX,https://www.sec.gov/Archives/edgar/data/819118/000081911825000103/filing8810.htm,2026-09-26 15:12:29.752760,200.0,f23cbf265d0084bbee27bdf75f2a546073bcf95d80d01ac50063c1ff920a2e6c,SUCCESS,1.4168046999839135,
log_b58780c29b7f4f78,sec_edgar_filings,US_FIDELITY_FZROX,https://www.sec.gov/Archives/edgar/data/819118/000081911825000071/filing8791.htm,2026-09-26 15:12:32.252912,200.0,e89ec1e172c3f8f2314bd10bacbb990b6c1904736bc7f4b5c28fb58ec6a39bf2,SUCCESS,2.1537824999832083,
log_cb08d34793b04133,sec_edgar_filings,US_FIDELITY_FZROX,https://www.sec.gov/Archives/edgar/data/819118/000081911825000165/filing8960.htm,2026-09-26 15:12:34.753122,200.0,2dd5107ea91f71612929a20c31fcc1556a7a75dd12934cb5bd6ad34ccfd947a1,SUCCESS,2.826173800014658,
log_29224378367f4350,sec_edgar_filings,US_FIDELITY_FZROX,https://www.sec.gov/Archives/edgar/data/819118/000081911825000350/filing9595.htm,2026-09-26 15:12:37.253290,200.0,e9f2ededf497e32de4f9cd7598302c49bd170e9c9e415403f6137c5bdd2b6d08,SUCCESS,2.311277600005269,
log_caf4808ff2d84b34,sec_edgar_filings,US_FIDELITY_FZROX,https://www.sec.gov/Archives/edgar/data/819118/000081911825000431/filing10658.htm,2026-09-26 15:12:39.753599,200.0,c37ea97e01ed7c9e173579fca60f49b12574fd7e67636c28fac593da17b8cdf6,SUCCESS,2.9893277999944985,
log_4c42388cfe16414d,sec_edgar_filings,US_FIDELITY_FZROX,https://www.sec.gov/Archives/edgar/data/819118/000081911825000415/SIF-I-PSTK.htm,2026-09-26 15:12:42.253856,200.0,0c30e8c1e0a93bf30f8198031c89a3ae1633707068a11d0f158ae04590fec420,SUCCESS,1.8101607999997213,
log_5b21b842dc5d40f0,sec_edgar_filings,US_FIDELITY_FZROX,https://www.sec.gov/Archives/edgar/data/819118/000081911825000412/filing10615.htm,2026-09-26 15:12:44.754380,200.0,cf7c3c158af65cd26dfd24b92e62e3155a32528bd8efa6b9d390ac58e986bdc4,SUCCESS,3.50382109999191,
log_ec2d34fe42934069,sec_edgar_filings,US_FIDELITY_FZROX,https://www.sec.gov/Archives/edgar/data/819118/000081911825000411/filing10627.htm,2026-09-26 15:12:47.254926,200.0,36f988f49a7ae22e304b997217f00d9b52f94ac8f6ff44d5d58a6785b0f7e1b6,SUCCESS,1.0784703999815974,
log_e1e8930efc3a405a,sec_edgar_filings,US_FIDELITY_FZROX,https://www.sec.gov/Archives/edgar/data/819118/000081911825000410/filing10628.htm,2026-09-26 15:12:49.755018,200.0,8fa32be395f8fb0407e699acaebc67b195db89fae3202c09a6dc24a084b4b947,SUCCESS,2.520000999997137,
log_00e3cd746dba4a61,sec_edgar_filings,US_FIDELITY_FZROX,https://www.sec.gov/Archives/edgar/data/819118/000081911826000079/filing12050.htm,2026-09-26 15:12:52.255453,200.0,26f21267d9eee9e617ddadd4a8e7ae9768a36f8310abe10f9717c8488e2de5f8,SUCCESS,2.3761833000171464,
log_5578e5c5eb0d48e9,sec_edgar_submissions_api,US_FIDELITY_FNCMX,https://data.sec.gov/submissions/CIK0000819118.json,2026-09-26 15:12:57.240682,200.0,d35592908a3deda753525fa2b27f5233fcd486a088e5b8307dd6cfa5666bdec5,SUCCESS,2.7258778999967035,
log_9c96d501abf148aa,official_fund_sponsor_page,US_FIDELITY_FNCMX,https://fundresearch.fidelity.com/mutual-funds/summary/316389303,2026-09-26 15:13:01.596769,200.0,d4a25832c45cfafb6936dc717090889b8b9f96cac4c4bde1912b4104e9411807,SUCCESS,3.2572997999959625,
log_4919aea470ce43ee,sec_edgar_filings,US_FIDELITY_FNCMX,https://www.sec.gov/Archives/edgar/data/819118/000081911825000037/filing8594.htm,2026-09-26 15:13:05.961608,200.0,4920d18e9a5e7b0d5a122d7f732f6245c51e9314f63b50ba7123911d9391cff0,SUCCESS,2.216093199996976,
log_9636948a525b42e0,sec_edgar_filings,US_FIDELITY_FNCMX,https://www.sec.gov/Archives/edgar/data/819118/000081911825000151/filing8917.htm,2026-09-26 15:13:08.462103,200.0,2a50891bab8dc4e033b2f74e2dc88372384002db87d16b03b1ad0e8624770493,SUCCESS,2.4340136000246275,
log_c99db85e7b664ae5,sec_edgar_filings,US_FIDELITY_FNCMX,https://www.sec.gov/Archives/edgar/data/819118/000081911825000103/filing8810.htm,2026-09-26 15:13:10.962363,200.0,f23cbf265d0084bbee27bdf75f2a546073bcf95d80d01ac50063c1ff920a2e6c,SUCCESS,2.4997221999801695,
log_b61b54be948e46bd,sec_edgar_filings,US_FIDELITY_FNCMX,https://www.sec.gov/Archives/edgar/data/819118/000081911825000071/filing8791.htm,2026-09-26 15:13:13.463779,200.0,e89ec1e172c3f8f2314bd10bacbb990b6c1904736bc7f4b5c28fb58ec6a39bf2,SUCCESS,2.49280809998163,
log_2576b7fabc5243c2,sec_edgar_filings,US_FIDELITY_FNCMX,https://www.sec.gov/Archives/edgar/data/819118/000081911825000165/filing8960.htm,2026-09-26 15:13:15.964849,200.0,2dd5107ea91f71612929a20c31fcc1556a7a75dd12934cb5bd6ad34ccfd947a1,SUCCESS,3.454834500007564,
log_b9f076b520624e06,sec_edgar_filings,US_FIDELITY_FNCMX,https://www.sec.gov/Archives/edgar/data/819118/000081911825000350/filing9595.htm,2026-09-26 15:13:18.465567,200.0,e9f2ededf497e32de4f9cd7598302c49bd170e9c9e415403f6137c5bdd2b6d08,SUCCESS,1.4211498999793548,
log_87d87eb7854f4013,sec_edgar_filings,US_FIDELITY_FNCMX,https://www.sec.gov/Archives/edgar/data/819118/000081911825000431/filing10658.htm,2026-09-26 15:13:20.965796,200.0,c37ea97e01ed7c9e173579fca60f49b12574fd7e67636c28fac593da17b8cdf6,SUCCESS,2.5743591000209562,
log_dc882ce26c91448f,sec_edgar_filings,US_FIDELITY_FNCMX,https://www.sec.gov/Archives/edgar/data/819118/000081911825000415/SIF-I-PSTK.htm,2026-09-26 15:13:23.466347,200.0,0c30e8c1e0a93bf30f8198031c89a3ae1633707068a11d0f158ae04590fec420,SUCCESS,2.1868505999736954,
log_b79aa55310b44cac,sec_edgar_filings,US_FIDELITY_FNCMX,https://www.sec.gov/Archives/edgar/data/819118/000081911825000412/filing10615.htm,2026-09-26 15:13:25.966650,200.0,cf7c3c158af65cd26dfd24b92e62e3155a32528bd8efa6b9d390ac58e986bdc4,SUCCESS,2.5815553999855183,
log_4691930ae6fe4693,sec_edgar_filings,US_FIDELITY_FNCMX,https://www.sec.gov/Archives/edgar/data/819118/000081911825000411/filing10627.htm,2026-09-26 15:13:28.467059,200.0,36f988f49a7ae22e304b997217f00d9b52f94ac8f6ff44d5d58a6785b0f7e1b6,SUCCESS,2.574635800003307,
log_a77d8cd38da146cd,sec_edgar_filings,US_FIDELITY_FNCMX,https://www.sec.gov/Archives/edgar/data/819118/000081911825000410/filing10628.htm,2026-09-26 15:13:30.967444,200.0,8fa32be395f8fb0407e699acaebc67b195db89fae3202c09a6dc24a084b4b947,SUCCESS,2.5080849999794737,
log_8488f245f2324cba,sec_edgar_filings,US_FIDELITY_FNCMX,https://www.sec.gov/Archives/edgar/data/819118/000081911826000079/filing12050.htm,2026-09-26 15:13:33.467834,200.0,26f21267d9eee9e617ddadd4a8e7ae9768a36f8310abe10f9717c8488e2de5f8,SUCCESS,2.2435383000120055,
log_41a5d5221a1a4e56,sec_edgar_submissions_api,US_FIDELITY_FBALX,https://data.sec.gov/submissions/CIK0000081205.json,2026-09-26 15:13:38.371999,200.0,eeaaec15cead3ca03337f0d29143ee51e0c75063d4281255d962231006311cdb,SUCCESS,5.450224000000162,
log_f93e2fd1b5a04274,official_fund_sponsor_page,US_FIDELITY_FBALX,https://fundresearch.fidelity.com/mutual-funds/summary/316345107,2026-09-26 15:13:45.151126,200.0,2bf722d5cd53cd06df7612ce65867ea0d737465d957fab93a4a2cd725052ea32,SUCCESS,3.7702816000091843,
log_b7dae4155edc44e2,sec_edgar_filings,US_FIDELITY_FBALX,https://www.sec.gov/Archives/edgar/data/81205/000008120524000205/filing8382.htm,2026-09-26 15:13:50.141742,200.0,d4f6cb64edc05c0b57e2c1294395bdd1bdfa8f2d5755f621808736da9526d95a,SUCCESS,1.8051922000013292,
log_2e59d176209e4c13,sec_edgar_filings,US_FIDELITY_FBALX,https://www.sec.gov/Archives/edgar/data/81205/000008120525000028/filing8551.htm,2026-09-26 15:13:52.641981,200.0,27c4ab5748ed9e1c20b18e7e4c951ac117622f748d4804610d77f4b0e0092389,SUCCESS,2.6851887999800965,
log_f0b9d0693f3b46d0,sec_edgar_filings,US_FIDELITY_FBALX,https://www.sec.gov/Archives/edgar/data/81205/000008120525000057/filing8589.htm,2026-09-26 15:13:55.142482,200.0,8e2b4c53e409ad55c5f5b0cdc6b295862d54fdd4209e0cefc30069bbe1a846d9,SUCCESS,2.076533500017831,
log_7301887d4dd34142,sec_edgar_filings,US_FIDELITY_FBALX,https://www.sec.gov/Archives/edgar/data/81205/000008120525000074/filing8802.htm,2026-09-26 15:13:57.642658,200.0,ea576ba47e5a466e3b97f7a94152412936c14fb1d47303cc2917794669889962,SUCCESS,4.050402299995767,
log_fe325447755d4bf3,sec_edgar_filings,US_FIDELITY_FBALX,https://www.sec.gov/Archives/edgar/data/81205/000008120525000073/filing8787.htm,2026-09-26 15:14:00.676815,200.0,82d5664d8321781b9c1d1c4d295beb5801432d4ebf0a2c37562f0ea62319269b,SUCCESS,1.9251905000128318,
log_b2cd3a0922c748f3,sec_edgar_filings,US_FIDELITY_FBALX,https://www.sec.gov/Archives/edgar/data/81205/000008120525000097/filing9214.htm,2026-09-26 15:14:03.177465,200.0,72c4326b49c45d99c9e12e72aa32f8a088a4fee3eacf545f902d7c9788648d27,SUCCESS,2.1260697999969125,
log_1ab1f91b026d43cd,sec_edgar_filings,US_FIDELITY_FBALX,https://www.sec.gov/Archives/edgar/data/81205/000008120525000242/filing10629.htm,2026-09-26 15:14:05.678457,200.0,ce1e2551a8943d87c673f0581505788bb28aff85b77abc9cb50ccede90f77764,SUCCESS,1.7176669999898877,
log_2c333b754428440e,sec_edgar_filings,US_FIDELITY_FBALX,https://www.sec.gov/Archives/edgar/data/81205/000008120526000005/filing11176.htm,2026-09-26 15:14:08.178697,200.0,ad7ab598d4025d1d9108fe197e3abddb648801e4f99f91e1a0963f7fba8d6524,SUCCESS,2.3701082000043243,
log_ec7a91ec1d274516,sec_edgar_filings,US_FIDELITY_FBALX,https://www.sec.gov/Archives/edgar/data/81205/000008120526000011/filing11670.htm,2026-09-26 15:14:10.679167,200.0,264bfa92fa6d39809e57d5d4b37c75bd1b25ad06e903c2e5f431ea88b5422b25,SUCCESS,2.3695496000000276,
log_0e50859765c7492f,sec_edgar_filings,US_FIDELITY_FBALX,https://www.sec.gov/Archives/edgar/data/81205/000008120526000031/filing12333.htm,2026-09-26 15:14:13.179746,200.0,3d88d1aa3ea1408c22be3b708473c48c5e0da40df91bbfe7a13660c431ab32eb,SUCCESS,3.3547156999993604,
log_bb6ef8c658214833,sec_edgar_filings,US_FIDELITY_FBALX,https://www.sec.gov/Archives/edgar/data/81205/000008120526000030/filing12290.htm,2026-09-26 15:14:15.680348,200.0,8ad48a864b20a5f74075fed36a8f9f3af95fef25652b7ffa71f1400c0b7059ee,SUCCESS,1.7693398999981582,
log_3e0dd92d60504af4,sec_edgar_filings,US_FIDELITY_FBALX,https://www.sec.gov/Archives/edgar/data/81205/000008120526000033/filing12452.htm,2026-09-26 15:14:18.180885,200.0,46aa09ab4de8d080d7d04a07a8ad56a9fa8c86651dadf4daf4ad598f632df08a,SUCCESS,2.621289600007003,
log_ad6188eb7b714643,sec_edgar_submissions_api,US_FIDELITY_FDVV,https://data.sec.gov/submissions/CIK0000945908.json,2026-09-26 15:14:23.783658,200.0,1ed6ee26877c072a8485b20c2a046a8a7248de85357b469c7ce0cfdff653e495,SUCCESS,5.010483499994734,
log_68841191dfe64ce9,official_fund_sponsor_page,US_FIDELITY_FDVV,https://www.fidelity.com/etfs/different-types-of-etfs/fdvv,2026-09-26 15:14:30.682658,400.0,,RETRIEVAL_FAILED,3.6097942999913357,HTTP 400: Bad Request
log_373a3c9236a44c8a,sec_edgar_filings,US_FIDELITY_FDVV,https://www.sec.gov/Archives/edgar/data/945908/000094590824000343/filing8117.htm,2026-09-26 15:14:36.568296,200.0,92c50c1e02c50a837ea45ef0f2542d04f5f2270cee6f1acf033bac9bebab5f89,SUCCESS,2.614085300010629,
log_94507a9d49874abf,sec_edgar_filings,US_FIDELITY_FDVV,https://www.sec.gov/Archives/edgar/data/945908/000094590824000342/hie-pstkcopy.htm,2026-09-26 15:14:39.069136,200.0,01b6fbe6c9e0049ed82c414d574bde3b07f1e2bacf82814a79ac1f4d29ea0b01,SUCCESS,2.7483139999967534,
log_4662a10578b7453c,sec_edgar_filings,US_FIDELITY_FDVV,https://www.sec.gov/Archives/edgar/data/945908/000094590824000341/hie-sstkcopy.htm,2026-09-26 15:14:41.569777,200.0,7a6416d27b2900b5530fda3afb5eb3cbdc9fe3e28c66922e595333d8926a1894,SUCCESS,2.3078409000008833,
log_bf9af03cc8e643f0,official_fund_sponsor_page,US_FIDELITY_FDVV,https://www.fidelity.com/etfs/different-types-of-etfs/fdvv,2026-09-26 15:14:42.840450,400.0,,RETRIEVAL_FAILED,1.3855452999996487,HTTP 400: Bad Request
log_12f73f597e7d4119,sec_edgar_filings,US_FIDELITY_FDVV,https://www.sec.gov/Archives/edgar/data/945908/000094590824000738/filing8462.htm,2026-09-26 15:14:44.317139,200.0,0e95f0341c26887c320f3b02eb7c40071217b2f3501c0de87c42440a8f78bb7c,SUCCESS,1.3937829000060447,
log_a8d88e5ad58344e8,sec_edgar_filings,US_FIDELITY_FDVV,https://www.sec.gov/Archives/edgar/data/945908/000094590824000710/filing8398.htm,2026-09-26 15:14:46.817658,200.0,176bb7b04d487be6d3a2febf6c6881c390c0f022c07060fbfce4526ed1ff71c8,SUCCESS,2.4696570999803953,
log_35a7ca4dfb3742eb,sec_edgar_filings,US_FIDELITY_FDVV,https://www.sec.gov/Archives/edgar/data/945908/000094590824000681/filing8312.htm,2026-09-26 15:14:49.317919,200.0,a9b47b1cae3aad9058c2647251f49f537a209a583758c38e56a75bfff88c3159,SUCCESS,2.3883010999998078,
log_bdd281f63ca545e0,sec_edgar_filings,US_FIDELITY_FDVV,https://www.sec.gov/Archives/edgar/data/945908/000094590825000125/filing8553.htm,2026-09-26 15:14:51.818248,200.0,c152791f4dfc0dae275822184e6bc07fb2a2279b4d5baffe407f8a937592c33c,SUCCESS,2.4271401000150945,
log_79625a92810c4cb8,sec_edgar_filings,US_FIDELITY_FDVV,https://www.sec.gov/Archives/edgar/data/945908/000094590825000206/filing8795.htm,2026-09-26 15:14:54.318689,200.0,273c51888654cdf28dff313db0ebf33cd52796365eda7f7c5afdb220cbd106d8,SUCCESS,11.946487600012915,
log_6cae6a83ed06418b,sec_edgar_filings,US_FIDELITY_FDVV,https://www.sec.gov/Archives/edgar/data/945908/000094590825000248/filing8932.htm,2026-09-26 15:15:05.202678,200.0,fe83fb00e93f1617a838dc3aa6bd0ee1d62e1e2d3cddc4203a3072022c7e2116,SUCCESS,1.4324019000050612,
log_94a133bbee484326,sec_edgar_filings,US_FIDELITY_FDVV,https://www.sec.gov/Archives/edgar/data/945908/000094590825000279/filing8961.htm,2026-09-26 15:15:07.703289,200.0,af31d56b9aaeec750f5e420b5032d6023b8f5f745dfc8973720fd229269b426e,SUCCESS,2.91409800000838,
log_08d4def5127c4930,sec_edgar_filings,US_FIDELITY_FDVV,https://www.sec.gov/Archives/edgar/data/945908/000094590825000255/filing8924.htm,2026-09-26 15:15:10.203823,200.0,a46606f469f1a995406a5996cccdbefef627a2a7e3c1c573ae185762212a37f5,SUCCESS,1.9347530000086408,
log_dabf595577314076,sec_edgar_filings,US_FIDELITY_FDVV,https://www.sec.gov/Archives/edgar/data/945908/000094590825000341/filing9084.htm,2026-09-26 15:15:12.704245,200.0,644560f54bd1c8c9360e7643a440bdf00dc208643b2abbfab5d03669c4a06a49,SUCCESS,2.616674899996724,
log_6a67433e546f4093,sec_edgar_filings,US_FIDELITY_FDVV,https://www.sec.gov/Archives/edgar/data/945908/000094590825000308/filing9202.htm,2026-09-26 15:15:15.204607,200.0,b1fb6081b9f0ffaab1e49b494c2a92c1139ec53d8208f196ec3bed886cda2173,SUCCESS,2.4160133999830578,
log_a0d75d31966344e0,sec_edgar_filings,US_FIDELITY_FDVV,https://www.sec.gov/Archives/edgar/data/945908/000094590825000297/filing9066.htm,2026-09-26 15:15:17.704720,200.0,99a8100dc0d5b7834b39d0ebd2bfe67cfdbed74e804b99f624b7301746f24689,SUCCESS,2.3918041000142694,
log_2dbfde0575474fcf,sec_edgar_filings,US_FIDELITY_FDVV,https://www.sec.gov/Archives/edgar/data/945908/000094590825000388/filing9330.htm,2026-09-26 15:15:20.204982,200.0,455171eaed75b9a5c9513f093d4f741251650c44a4bbb673fcb0ef03b666ad1e,SUCCESS,2.6264530000044033,
log_5ab2086f0dc64244,sec_edgar_filings,US_FIDELITY_FDVV,https://www.sec.gov/Archives/edgar/data/945908/000094590825000353/filing9239.htm,2026-09-26 15:15:22.705260,200.0,79fe746791f4ab52b4ed006a3a41b5ef539f0c53cbb655d47b06e0687c144640,SUCCESS,2.3701255000196397,
log_6f6d2c7f96ae4e99,sec_edgar_filings,US_FIDELITY_FDVV,https://www.sec.gov/Archives/edgar/data/945908/000094590825000407/filing9347.htm,2026-09-26 15:15:25.205991,200.0,ab55db5eca86e5d1b7744707cc2812a52af1ccd22393550495e85eba717beb11,SUCCESS,2.569277799979318,
log_4dc9fd9d7dac4293,sec_edgar_filings,US_FIDELITY_FDVV,https://www.sec.gov/Archives/edgar/data/945908/000094590825000554/filing9848.htm,2026-09-26 15:15:27.706575,200.0,32f07dc0d3f70035ebaff7c39010e46f883c236dfdc8fb815263353001a478b2,SUCCESS,2.42772020000848,
log_ef533f660ac54cba,sec_edgar_filings,US_FIDELITY_FDVV,https://www.sec.gov/Archives/edgar/data/945908/000094590825000649/filing10366.htm,2026-09-26 15:15:30.206909,200.0,64c87b227ef1c9a45b36acb2a9286a61d55ab0dc2636b0a8a5b4320ef5190b48,SUCCESS,2.6939695000182837,
log_41ff09b187784eb2,sec_edgar_filings,US_FIDELITY_FDVV,https://www.sec.gov/Archives/edgar/data/945908/000094590825000647/filing10422.htm,2026-09-26 15:15:32.707593,200.0,abcc4301ee6f7494fda6e80a21762cc42963b6347b11045ba72bc7a52ad77358,SUCCESS,1.9989744999911636,
log_67b1e6dbf19a43df,sec_edgar_filings,US_FIDELITY_FDVV,https://www.sec.gov/Archives/edgar/data/945908/000094590825000598/filing10308.htm,2026-09-26 15:15:35.208398,200.0,44a7f5a96d5d81a9ab9ff2d8c27b828a21aa8a08a839d70bab5872c7b32b4468,SUCCESS,2.487403000006452,
log_7bac14d074d348fb,sec_edgar_filings,US_FIDELITY_FDVV,https://www.sec.gov/Archives/edgar/data/945908/000094590825000709/filing10602.htm,2026-09-26 15:15:37.709316,200.0,e104c47799e2007b23d382471323fb64b2d725d329ada50cb0505e41e9378f80,SUCCESS,3.4618036999891046,
log_c285b3ecbdfa4ad0,sec_edgar_filings,US_FIDELITY_FDVV,https://www.sec.gov/Archives/edgar/data/945908/000094590825000686/filing10638.htm,2026-09-26 15:15:40.209559,200.0,9fbc5d35eef527f79e30e9219a02bfbc4fc40c0e35fa6d95891f690d1253dc39,SUCCESS,1.3626791999849956,
log_61bcec5942ce41ea,sec_edgar_filings,US_FIDELITY_FDVV,https://www.sec.gov/Archives/edgar/data/945908/000094590826000017/filing11177.htm,2026-09-26 15:15:42.709888,200.0,8c5f163b2bec85639fdb8d227198cd275e38fd2b45a43b6ee0ad3f6c9a6329ae,SUCCESS,2.389268999977503,
log_d69451fcc09a4f80,sec_edgar_filings,US_FIDELITY_FDVV,https://www.sec.gov/Archives/edgar/data/945908/000094590826000063/filing11322.htm,2026-09-26 15:15:45.210534,200.0,f5a7d010cb58b56609e20daefd87b288c01c00b07f33a4714346f4440df135c5,SUCCESS,3.855661199981114,
log_01f07d448ad54f13,sec_edgar_filings,US_FIDELITY_FDVV,https://www.sec.gov/Archives/edgar/data/945908/000094590826000095/filing11897.htm,2026-09-26 15:15:47.809559,200.0,a242340d36e15a649e026f7257d90062d08f252620d6317610314393105194a5,SUCCESS,2.0434506999736186,
log_2f3b0647fd5445cb,sec_edgar_filings,US_FIDELITY_FDVV,https://www.sec.gov/Archives/edgar/data/945908/000094590826000149/filing12064.htm,2026-09-26 15:15:50.310063,200.0,88c6bc44d4371be9d0f2b2b02b989d0fd28611195cf9aa8a6811bc869610ced5,SUCCESS,1.7880614000023343,
log_a2b1f3424a0d473c,sec_edgar_filings,US_FIDELITY_FDVV,https://www.sec.gov/Archives/edgar/data/945908/000094590826000246/filing12840.htm,2026-09-26 15:15:52.810753,200.0,58eb26b887d21101105328099141dd431741e336119e2ca891f8ad05ad0c5c57,SUCCESS,2.6986456000013277,
log_5effc5f8e3c748c5,sec_edgar_filings,US_FIDELITY_FDVV,https://www.sec.gov/Archives/edgar/data/945908/000094590826000218/filing12830.htm,2026-09-26 15:15:55.311556,200.0,48544cbf842365bc85b1632a23d7edc9fafc35174ffbbecb07c20f5d330dcf54,SUCCESS,2.7908314000233077,
log_bc42e9f4b3684095,sec_edgar_submissions_api,US_FIDELITY_ONEQ,https://data.sec.gov/submissions/CIK0000205323.json,2026-09-26 15:16:01.380064,200.0,12b91473836d21ac9878a616d7aaa8da6bdf33abb46851c38ce4a0e84997eae9,SUCCESS,3.4219174000027124,
log_918acc28d27f438b,official_fund_sponsor_page,US_FIDELITY_ONEQ,https://www.fidelity.com/etfs/different-types-of-etfs/oneq,2026-09-26 15:16:05.595374,400.0,,RETRIEVAL_FAILED,2.7104816999926697,HTTP 400: Bad Request
log_41c60e7a5ac44be7,official_fund_sponsor_page,US_FIDELITY_ONEQ,https://www.fidelity.com/etfs/different-types-of-etfs/oneq,2026-09-26 15:16:08.095710,400.0,,RETRIEVAL_FAILED,2.458385799982352,HTTP 400: Bad Request
log_932fa2c590a948b0,sec_edgar_submissions_api,US_SCHWAB_SCHD,https://data.sec.gov/submissions/CIK0001454889.json,2026-09-26 15:16:14.670818,200.0,e73f98ab3392476cc3f4e992eb96e9f4751dc55e0560d0b9d8e9281da092ff47,SUCCESS,3.1304896000074223,
log_25ffc8edb7584b17,official_fund_sponsor_page,US_SCHWAB_SCHD,https://www.schwabassetmanagement.com/products/schd,2026-09-26 15:16:18.525400,403.0,,RETRIEVAL_FAILED,2.3276515000034124,HTTP 403: Forbidden
log_1460a3fa45f74018,sec_edgar_filings,US_SCHWAB_SCHD,https://www.sec.gov/Archives/edgar/data/1454889/000110465924105971/tm2425586-1_497.htm,2026-09-26 15:16:22.655701,200.0,cc467b65e884b1d97684025f3e64c3900bb40f74880623ca42d125a8baa1e7a7,SUCCESS,2.8755452999903355,
log_95d6ef03879e4ba5,sec_edgar_filings,US_SCHWAB_SCHD,https://www.sec.gov/Archives/edgar/data/1454889/000110465924130259/tm2430850-1_497.htm,2026-09-26 15:16:25.156284,200.0,ad46caf11bfff031e66e849e44ef42f7d82c5c2ba45709d3d218c84844984f6e,SUCCESS,2.3149514999822713,
log_d23d94dd06614715,sec_edgar_filings,US_SCHWAB_SCHD,https://www.sec.gov/Archives/edgar/data/1454889/000110465925018454/tm256887d2_497.htm,2026-09-26 15:16:27.656956,200.0,ad57aab9eb26c32a8c7fd06707af153a70c8582831737fa58ab33976da1a0cc1,SUCCESS,2.347026100003859,
log_356daa2ac2cb4f2f,sec_edgar_filings,US_SCHWAB_SCHD,https://www.sec.gov/Archives/edgar/data/1454889/000110465925018449/tm256887d1_497.htm,2026-09-26 15:16:30.157526,200.0,baf66d9778bf2b2e1df81ce7ef31c23d1362786c09b67b330a4bee5efbf999ea,SUCCESS,2.8060476999962702,
log_7878ef78b12c41e4,sec_edgar_filings,US_SCHWAB_SCHD,https://www.sec.gov/Archives/edgar/data/1454889/000110465925018437/tm256885-1_497.htm,2026-09-26 15:16:32.657997,200.0,d59f7258f6506680e27a552af278666b70a44a80afb5c979506bfccc381fe505,SUCCESS,2.0219993000209797,
log_93e98d331c5c4034,sec_edgar_filings,US_SCHWAB_SCHD,https://www.sec.gov/Archives/edgar/data/1454889/000110465925009217/tm255327-1_497.htm,2026-09-26 15:16:35.159481,200.0,5121f8c6720dd1b0fe48fd739916c50f12b8e58c76959838c56f3b64b63a0353,SUCCESS,2.6663056000252254,
log_98af96bb575e4049,sec_edgar_filings,US_SCHWAB_SCHD,https://www.sec.gov/Archives/edgar/data/1454889/000110465925024041/tm259165-1_497.htm,2026-09-26 15:16:37.660790,200.0,537376ec885e53731ae5ff8b8fca9ba4ef3e9c807be2f4409d762d55b570f095,SUCCESS,3.2955359000188764,
log_dbb412018b9941ae,sec_edgar_filings,US_SCHWAB_SCHD,https://www.sec.gov/Archives/edgar/data/1454889/000110465925033107/tm2511439d1_497.htm,2026-09-26 15:16:40.161284,200.0,639f51322e3682d382156aa4bcfa52e67c6a13160212d09806dc0c41c98e86f6,SUCCESS,2.4144922999839764,
log_71e9575460b347c8,sec_edgar_filings,US_SCHWAB_SCHD,https://www.sec.gov/Archives/edgar/data/1454889/000110465925030631/tm2510820-2_497.htm,2026-09-26 15:16:42.661520,200.0,746dfea0bad0c064cdb930f3aa193d69f975e4d0964a41072c97afcf9f45df93,SUCCESS,1.637558499991428,
log_2123d36f6d9b4b84,sec_edgar_filings,US_SCHWAB_SCHD,https://www.sec.gov/Archives/edgar/data/1454889/000110465925047928/tm2514524d4_497.htm,2026-09-26 15:16:45.161567,200.0,3ebcb497ede662955225b1e769ae7d3e339f045b5776774dbc0682e9a2a75391,SUCCESS,2.457021599984728,
log_8b6fe6b027294ec7,sec_edgar_filings,US_SCHWAB_SCHD,https://www.sec.gov/Archives/edgar/data/1454889/000110465925057434/tm2517395-1_497.htm,2026-09-26 15:16:47.661849,200.0,da2d598447c08601a946bb0afe4ef6efcb8d318dfa74f9bf151d9162dbb269a8,SUCCESS,2.841264799993951,
log_64d9a518712b4b1e,sec_edgar_filings,US_SCHWAB_SCHD,https://www.sec.gov/Archives/edgar/data/1454889/000110465925080353/tm2523626-1_497.htm,2026-09-26 15:16:50.162369,200.0,13a29e480bc5ebf6f13227e6efaa12c5cf17e8df8b69592977e502ab3b8667b8,SUCCESS,1.8539807999914046,
log_c898d1d9bccf403f,sec_edgar_filings,US_SCHWAB_SCHD,https://www.sec.gov/Archives/edgar/data/1454889/000110465925086920/tm2525110-1_497.htm,2026-09-26 15:16:52.662582,200.0,704e34f36d40d1234d488c07bf95013ef64cb491f3583f052fe01d6f5393648b,SUCCESS,3.4437756999977864,
log_5ec6bbbd07d2484c,sec_edgar_filings,US_SCHWAB_SCHD,https://www.sec.gov/Archives/edgar/data/1454889/000110465926020675/tm266469d2_497.htm,2026-09-26 15:16:55.162750,200.0,248bde13e05b78db32b5a5ffaed388fb4fe058982da1fb7cde51e8ac45eede47,SUCCESS,1.8306042999902274,
log_b047fb10c9204936,sec_edgar_filings,US_SCHWAB_SCHD,https://www.sec.gov/Archives/edgar/data/1454889/000110465926029166/tm268743d1_497.htm,2026-09-26 15:16:57.663095,200.0,95ea3dcb586d2a2f6a6607dfd9d69f443c92494274a8eef2c753435b3244b538,SUCCESS,1.891373000020394,
log_5bbbb750e0aa4a43,sec_edgar_filings,US_SCHWAB_SCHD,https://www.sec.gov/Archives/edgar/data/1454889/000110465926037940/tm269604-1_497.htm,2026-09-26 15:17:00.163550,200.0,802569710a683954db0b8d7b35b8932ce769b2fbed568c4cd9dcc8a8f57a9f67,SUCCESS,2.632118699984858,
log_d90fa12638ab46f4,sec_edgar_filings,US_SCHWAB_SCHD,https://www.sec.gov/Archives/edgar/data/1454889/000088454626000208/c497.htm,2026-09-26 15:17:02.663909,200.0,bdadec896923ed617fc3bf0db970a56b37098c9e64989bbbd4e5f493051a7e24,SUCCESS,2.442024299991317,
log_2b3290dad3054c86,sec_edgar_filings,US_SCHWAB_SCHD,https://www.sec.gov/Archives/edgar/data/1454889/000088454626000258/c497.htm,2026-09-26 15:17:05.165287,200.0,31ca56bc5ff738f8199e5324b7504868819f62214dc28ce895c6e71339d1fd25,SUCCESS,2.286756899993634,
log_880df8f5362c4e9a,sec_edgar_filings,US_SCHWAB_SCHD,https://www.sec.gov/Archives/edgar/data/1454889/000088454626000250/c497.htm,2026-09-26 15:17:07.665772,200.0,c0ed260660c34371c8a0c02cc4c6928a5a8329dd0a4861673f7a933b91939e27,SUCCESS,2.7829411999846343,
log_9cd81cb95e4f431e,sec_edgar_filings,US_SCHWAB_SCHD,https://www.sec.gov/Archives/edgar/data/1454889/000088454626000317/c497.htm,2026-09-26 15:17:10.166233,200.0,070458c76ff6d8a6484ee1da21d8f38485ba899d5e99d46cda56dc52cbc7cec8,SUCCESS,2.3284596000157762,
log_60acd380b4e149b4,sec_edgar_submissions_api,US_SCHWAB_SCHX,https://data.sec.gov/submissions/CIK0001454889.json,2026-09-26 15:17:15.225634,200.0,e73f98ab3392476cc3f4e992eb96e9f4751dc55e0560d0b9d8e9281da092ff47,SUCCESS,4.365324300015345,
log_2fa6cbaf324d4939,official_fund_sponsor_page,US_SCHWAB_SCHX,https://www.schwabassetmanagement.com/products/schx,2026-09-26 15:17:20.518705,403.0,,RETRIEVAL_FAILED,2.693129100021906,HTTP 403: Forbidden
log_985970df73544f30,sec_edgar_filings,US_SCHWAB_SCHX,https://www.sec.gov/Archives/edgar/data/1454889/000110465924105971/tm2425586-1_497.htm,2026-09-26 15:17:24.374045,200.0,cc467b65e884b1d97684025f3e64c3900bb40f74880623ca42d125a8baa1e7a7,SUCCESS,3.189635399990948,
log_b07f9d28f9fc412a,sec_edgar_filings,US_SCHWAB_SCHX,https://www.sec.gov/Archives/edgar/data/1454889/000110465924130259/tm2430850-1_497.htm,2026-09-26 15:17:26.875394,200.0,ad46caf11bfff031e66e849e44ef42f7d82c5c2ba45709d3d218c84844984f6e,SUCCESS,2.168403700023191,
log_f50c47378ad245bd,sec_edgar_filings,US_SCHWAB_SCHX,https://www.sec.gov/Archives/edgar/data/1454889/000110465925018454/tm256887d2_497.htm,2026-09-26 15:17:29.375819,200.0,ad57aab9eb26c32a8c7fd06707af153a70c8582831737fa58ab33976da1a0cc1,SUCCESS,1.5359855999995489,
log_719727412c184cbd,sec_edgar_filings,US_SCHWAB_SCHX,https://www.sec.gov/Archives/edgar/data/1454889/000110465925018449/tm256887d1_497.htm,2026-09-26 15:17:31.875987,200.0,baf66d9778bf2b2e1df81ce7ef31c23d1362786c09b67b330a4bee5efbf999ea,SUCCESS,2.5270192000025418,
log_f4a60a641ed148fa,sec_edgar_filings,US_SCHWAB_SCHX,https://www.sec.gov/Archives/edgar/data/1454889/000110465925018437/tm256885-1_497.htm,2026-09-26 15:17:34.376644,200.0,d59f7258f6506680e27a552af278666b70a44a80afb5c979506bfccc381fe505,SUCCESS,3.892568499984918,
log_8a2759bce82445a1,sec_edgar_filings,US_SCHWAB_SCHX,https://www.sec.gov/Archives/edgar/data/1454889/000110465925009217/tm255327-1_497.htm,2026-09-26 15:17:36.876917,200.0,5121f8c6720dd1b0fe48fd739916c50f12b8e58c76959838c56f3b64b63a0353,SUCCESS,1.1630597000184935,
log_e19208ad01c742f5,sec_edgar_filings,US_SCHWAB_SCHX,https://www.sec.gov/Archives/edgar/data/1454889/000110465925024041/tm259165-1_497.htm,2026-09-26 15:17:39.377320,200.0,537376ec885e53731ae5ff8b8fca9ba4ef3e9c807be2f4409d762d55b570f095,SUCCESS,2.394510200014338,
log_d0c80a75ae944f4d,sec_edgar_filings,US_SCHWAB_SCHX,https://www.sec.gov/Archives/edgar/data/1454889/000110465925033107/tm2511439d1_497.htm,2026-09-26 15:17:41.877656,200.0,639f51322e3682d382156aa4bcfa52e67c6a13160212d09806dc0c41c98e86f6,SUCCESS,2.816381399985403,
log_2cc64d18b37a4571,sec_edgar_filings,US_SCHWAB_SCHX,https://www.sec.gov/Archives/edgar/data/1454889/000110465925030631/tm2510820-2_497.htm,2026-09-26 15:17:44.378346,200.0,746dfea0bad0c064cdb930f3aa193d69f975e4d0964a41072c97afcf9f45df93,SUCCESS,2.5185515000193845,
log_f035c6828d734edf,sec_edgar_filings,US_SCHWAB_SCHX,https://www.sec.gov/Archives/edgar/data/1454889/000110465925047928/tm2514524d4_497.htm,2026-09-26 15:17:46.878578,200.0,3ebcb497ede662955225b1e769ae7d3e339f045b5776774dbc0682e9a2a75391,SUCCESS,2.073347700003069,
log_49c834ffc6344c07,sec_edgar_filings,US_SCHWAB_SCHX,https://www.sec.gov/Archives/edgar/data/1454889/000110465925057434/tm2517395-1_497.htm,2026-09-26 15:17:49.378753,200.0,da2d598447c08601a946bb0afe4ef6efcb8d318dfa74f9bf151d9162dbb269a8,SUCCESS,2.4096716000058223,
log_e0cc0eb0b2694624,sec_edgar_filings,US_SCHWAB_SCHX,https://www.sec.gov/Archives/edgar/data/1454889/000110465925080353/tm2523626-1_497.htm,2026-09-26 15:17:51.880185,200.0,13a29e480bc5ebf6f13227e6efaa12c5cf17e8df8b69592977e502ab3b8667b8,SUCCESS,4.229551299999002,
log_1f38f837d8f04e3e,sec_edgar_filings,US_SCHWAB_SCHX,https://www.sec.gov/Archives/edgar/data/1454889/000110465925086920/tm2525110-1_497.htm,2026-09-26 15:17:54.642952,200.0,704e34f36d40d1234d488c07bf95013ef64cb491f3583f052fe01d6f5393648b,SUCCESS,1.3886133000196423,
log_cf7b0d1297e94540,sec_edgar_filings,US_SCHWAB_SCHX,https://www.sec.gov/Archives/edgar/data/1454889/000110465926020675/tm266469d2_497.htm,2026-09-26 15:17:57.143113,200.0,248bde13e05b78db32b5a5ffaed388fb4fe058982da1fb7cde51e8ac45eede47,SUCCESS,2.5187569999834523,
log_70421e86b44f4ce5,sec_edgar_filings,US_SCHWAB_SCHX,https://www.sec.gov/Archives/edgar/data/1454889/000110465926029166/tm268743d1_497.htm,2026-09-26 15:17:59.643917,200.0,95ea3dcb586d2a2f6a6607dfd9d69f443c92494274a8eef2c753435b3244b538,SUCCESS,2.1328599999833386,
log_d92f1839fb2f41e7,sec_edgar_filings,US_SCHWAB_SCHX,https://www.sec.gov/Archives/edgar/data/1454889/000110465926037940/tm269604-1_497.htm,2026-09-26 15:18:02.144563,200.0,802569710a683954db0b8d7b35b8932ce769b2fbed568c4cd9dcc8a8f57a9f67,SUCCESS,2.6140527999959886,
log_0e4d623fe1174391,sec_edgar_filings,US_SCHWAB_SCHX,https://www.sec.gov/Archives/edgar/data/1454889/000088454626000208/c497.htm,2026-09-26 15:18:04.645010,200.0,bdadec896923ed617fc3bf0db970a56b37098c9e64989bbbd4e5f493051a7e24,SUCCESS,3.310507000016514,
log_a2fb9a4ce0a741e6,sec_edgar_filings,US_SCHWAB_SCHX,https://www.sec.gov/Archives/edgar/data/1454889/000088454626000258/c497.htm,2026-09-26 15:18:07.145700,200.0,31ca56bc5ff738f8199e5324b7504868819f62214dc28ce895c6e71339d1fd25,SUCCESS,1.6063323999987915,
log_60953160d70f4ef8,sec_edgar_filings,US_SCHWAB_SCHX,https://www.sec.gov/Archives/edgar/data/1454889/000088454626000250/c497.htm,2026-09-26 15:18:09.646076,200.0,c0ed260660c34371c8a0c02cc4c6928a5a8329dd0a4861673f7a933b91939e27,SUCCESS,2.253244799998356,
log_090845609dbe466b,sec_edgar_filings,US_SCHWAB_SCHX,https://www.sec.gov/Archives/edgar/data/1454889/000088454626000317/c497.htm,2026-09-26 15:18:12.146974,200.0,070458c76ff6d8a6484ee1da21d8f38485ba899d5e99d46cda56dc52cbc7cec8,SUCCESS,2.5277983999985736,
log_89ed7f825d5144f0,sec_edgar_submissions_api,US_SCHWAB_SCHZ,https://data.sec.gov/submissions/CIK0001454889.json,2026-09-26 15:18:17.172042,200.0,e73f98ab3392476cc3f4e992eb96e9f4751dc55e0560d0b9d8e9281da092ff47,SUCCESS,2.9451684999803547,
log_00d33a239cca4c58,official_fund_sponsor_page,US_SCHWAB_SCHZ,https://www.schwabassetmanagement.com/products/schz,2026-09-26 15:18:21.020231,403.0,,RETRIEVAL_FAILED,2.5464611999923363,HTTP 403: Forbidden
log_4c11c44188544835,sec_edgar_filings,US_SCHWAB_SCHZ,https://www.sec.gov/Archives/edgar/data/1454889/000110465924105971/tm2425586-1_497.htm,2026-09-26 15:18:24.503138,200.0,cc467b65e884b1d97684025f3e64c3900bb40f74880623ca42d125a8baa1e7a7,SUCCESS,2.1205897000036202,
log_ed9c824fde064da1,sec_edgar_filings,US_SCHWAB_SCHZ,https://www.sec.gov/Archives/edgar/data/1454889/000110465924130259/tm2430850-1_497.htm,2026-09-26 15:18:27.003344,200.0,ad46caf11bfff031e66e849e44ef42f7d82c5c2ba45709d3d218c84844984f6e,SUCCESS,2.399468399991747,
log_8880703cd8ba4cab,sec_edgar_filings,US_SCHWAB_SCHZ,https://www.sec.gov/Archives/edgar/data/1454889/000110465925018454/tm256887d2_497.htm,2026-09-26 15:18:29.503824,200.0,ad57aab9eb26c32a8c7fd06707af153a70c8582831737fa58ab33976da1a0cc1,SUCCESS,3.1038336000056006,
log_73bfd0757fea47f2,sec_edgar_filings,US_SCHWAB_SCHZ,https://www.sec.gov/Archives/edgar/data/1454889/000110465925018449/tm256887d1_497.htm,2026-09-26 15:18:32.004154,200.0,baf66d9778bf2b2e1df81ce7ef31c23d1362786c09b67b330a4bee5efbf999ea,SUCCESS,2.2869726000062656,
log_0aecc4f364e9451e,sec_edgar_filings,US_SCHWAB_SCHZ,https://www.sec.gov/Archives/edgar/data/1454889/000110465925018437/tm256885-1_497.htm,2026-09-26 15:18:34.504452,200.0,d59f7258f6506680e27a552af278666b70a44a80afb5c979506bfccc381fe505,SUCCESS,4.492760199995246,
log_e335bb9ad5634727,sec_edgar_filings,US_SCHWAB_SCHZ,https://www.sec.gov/Archives/edgar/data/1454889/000110465925009217/tm255327-1_497.htm,2026-09-26 15:18:37.886817,200.0,5121f8c6720dd1b0fe48fd739916c50f12b8e58c76959838c56f3b64b63a0353,SUCCESS,2.1602161999908276,
log_f1e37012e2c64c15,sec_edgar_filings,US_SCHWAB_SCHZ,https://www.sec.gov/Archives/edgar/data/1454889/000110465925024041/tm259165-1_497.htm,2026-09-26 15:18:40.387265,200.0,537376ec885e53731ae5ff8b8fca9ba4ef3e9c807be2f4409d762d55b570f095,SUCCESS,1.551962800003821,
log_dbb25f9080844bf7,sec_edgar_filings,US_SCHWAB_SCHZ,https://www.sec.gov/Archives/edgar/data/1454889/000110465925033107/tm2511439d1_497.htm,2026-09-26 15:18:42.888189,200.0,639f51322e3682d382156aa4bcfa52e67c6a13160212d09806dc0c41c98e86f6,SUCCESS,2.0984037999878637,
log_c4a215ecacb3453d,sec_edgar_filings,US_SCHWAB_SCHZ,https://www.sec.gov/Archives/edgar/data/1454889/000110465925030631/tm2510820-2_497.htm,2026-09-26 15:18:45.388669,200.0,746dfea0bad0c064cdb930f3aa193d69f975e4d0964a41072c97afcf9f45df93,SUCCESS,2.6724647999799345,
log_920e3db1d33347c1,sec_edgar_filings,US_SCHWAB_SCHZ,https://www.sec.gov/Archives/edgar/data/1454889/000110465925047928/tm2514524d4_497.htm,2026-09-26 15:18:47.888914,200.0,3ebcb497ede662955225b1e769ae7d3e339f045b5776774dbc0682e9a2a75391,SUCCESS,2.6306434999860357,
log_d76811b51a6f4b33,sec_edgar_filings,US_SCHWAB_SCHZ,https://www.sec.gov/Archives/edgar/data/1454889/000110465925057434/tm2517395-1_497.htm,2026-09-26 15:18:50.389135,200.0,da2d598447c08601a946bb0afe4ef6efcb8d318dfa74f9bf151d9162dbb269a8,SUCCESS,2.535048400022788,
log_7dd69fe03bf94121,sec_edgar_filings,US_SCHWAB_SCHZ,https://www.sec.gov/Archives/edgar/data/1454889/000110465925080353/tm2523626-1_497.htm,2026-09-26 15:18:52.889875,200.0,13a29e480bc5ebf6f13227e6efaa12c5cf17e8df8b69592977e502ab3b8667b8,SUCCESS,2.419286100019235,
log_801b09c7141a4914,sec_edgar_filings,US_SCHWAB_SCHZ,https://www.sec.gov/Archives/edgar/data/1454889/000110465925086920/tm2525110-1_497.htm,2026-09-26 15:18:55.390492,200.0,704e34f36d40d1234d488c07bf95013ef64cb491f3583f052fe01d6f5393648b,SUCCESS,3.272060999996029,
log_677235b25c6f4202,sec_edgar_filings,US_SCHWAB_SCHZ,https://www.sec.gov/Archives/edgar/data/1454889/000110465926020675/tm266469d2_497.htm,2026-09-26 15:18:57.891028,200.0,248bde13e05b78db32b5a5ffaed388fb4fe058982da1fb7cde51e8ac45eede47,SUCCESS,1.672007900022436,
log_f26d2262134d49d8,sec_edgar_filings,US_SCHWAB_SCHZ,https://www.sec.gov/Archives/edgar/data/1454889/000110465926029166/tm268743d1_497.htm,2026-09-26 15:19:00.391936,200.0,95ea3dcb586d2a2f6a6607dfd9d69f443c92494274a8eef2c753435b3244b538,SUCCESS,2.387598200002685,
log_ac66d41b00f2424b,sec_edgar_filings,US_SCHWAB_SCHZ,https://www.sec.gov/Archives/edgar/data/1454889/000110465926037940/tm269604-1_497.htm,2026-09-26 15:19:02.892338,200.0,802569710a683954db0b8d7b35b8932ce769b2fbed568c4cd9dcc8a8f57a9f67,SUCCESS,2.47129469999345,
log_f09a005c3bd54399,sec_edgar_filings,US_SCHWAB_SCHZ,https://www.sec.gov/Archives/edgar/data/1454889/000088454626000208/c497.htm,2026-09-26 15:19:05.392882,200.0,bdadec896923ed617fc3bf0db970a56b37098c9e64989bbbd4e5f493051a7e24,SUCCESS,2.949404599989066,
log_fdd527ef03e14036,sec_edgar_filings,US_SCHWAB_SCHZ,https://www.sec.gov/Archives/edgar/data/1454889/000088454626000258/c497.htm,2026-09-26 15:19:07.892928,200.0,31ca56bc5ff738f8199e5324b7504868819f62214dc28ce895c6e71339d1fd25,SUCCESS,2.050726899993606,
log_10703e63515a4422,sec_edgar_filings,US_SCHWAB_SCHZ,https://www.sec.gov/Archives/edgar/data/1454889/000088454626000250/c497.htm,2026-09-26 15:19:10.393217,200.0,c0ed260660c34371c8a0c02cc4c6928a5a8329dd0a4861673f7a933b91939e27,SUCCESS,2.005074599990621,
log_82cea0d5910549b9,sec_edgar_filings,US_SCHWAB_SCHZ,https://www.sec.gov/Archives/edgar/data/1454889/000088454626000317/c497.htm,2026-09-26 15:19:12.893515,200.0,070458c76ff6d8a6484ee1da21d8f38485ba899d5e99d46cda56dc52cbc7cec8,SUCCESS,2.438357700011693,
log_b288dc66d5f24631,sec_edgar_submissions_api,US_SCHWAB_SWPPX,https://data.sec.gov/submissions/CIK0000904333.json,2026-09-26 15:19:17.736207,200.0,4bdf5b4a3f9124780f0c3daf316e1be5fa1bfa7541c63c60bdd18cfff0c57fec,SUCCESS,3.4820603000116535,
log_39b0bb06ede8484b,official_fund_sponsor_page,US_SCHWAB_SWPPX,https://www.schwabassetmanagement.com/products/swppx,2026-09-26 15:19:21.922624,403.0,,RETRIEVAL_FAILED,1.7426611999981105,HTTP 403: Forbidden
log_ce52aa03a21f4ad9,sec_edgar_filings,US_SCHWAB_SWPPX,https://www.sec.gov/Archives/edgar/data/904333/000110465924105971/tm2425586-1_497.htm,2026-09-26 15:19:25.418682,200.0,cc467b65e884b1d97684025f3e64c3900bb40f74880623ca42d125a8baa1e7a7,SUCCESS,2.3567798000003677,
log_c4dfa7f9a77c4e7f,sec_edgar_filings,US_SCHWAB_SWPPX,https://www.sec.gov/Archives/edgar/data/904333/000110465924130259/tm2430850-1_497.htm,2026-09-26 15:19:27.919093,200.0,ad46caf11bfff031e66e849e44ef42f7d82c5c2ba45709d3d218c84844984f6e,SUCCESS,2.460331300011603,
log_533d525aa5df444d,sec_edgar_filings,US_SCHWAB_SWPPX,https://www.sec.gov/Archives/edgar/data/904333/000110465925007671/tm254126-1_497.htm,2026-09-26 15:19:30.419304,200.0,5266b3954290d71c8359babb164e8bb70555ebba773284c5dd1b195ca7309e1f,SUCCESS,2.4781161000137217,
log_ef08220af9cd4a5f,sec_edgar_filings,US_SCHWAB_SWPPX,https://www.sec.gov/Archives/edgar/data/904333/000110465925018458/tm256887d3_497.htm,2026-09-26 15:19:32.919879,200.0,f198a12d9ab698ffa8b21cee9ee9acb96a856ed105a50ef26d2377f42a55af22,SUCCESS,2.4826433999987785,
log_45e8da5e3f3c4bf6,sec_edgar_filings,US_SCHWAB_SWPPX,https://www.sec.gov/Archives/edgar/data/904333/000110465925026254/tm257230-1_497.htm,2026-09-26 15:19:35.420026,200.0,b7d17632a3d4d186c76430b453ca7d1e0910c0207b78b46420b7ce98e28e6c8c,SUCCESS,3.2791122999915387,
log_2de2833879314ad6,sec_edgar_filings,US_SCHWAB_SWPPX,https://www.sec.gov/Archives/edgar/data/904333/000110465925033106/tm2511434d1_497.htm,2026-09-26 15:19:37.920392,200.0,92ca7281ee55243ee2035b38d98ce3ad022512757cf3f6aaeb8208421cdc8b75,SUCCESS,1.458948599989526,
log_f37717855fe8403c,sec_edgar_filings,US_SCHWAB_SWPPX,https://www.sec.gov/Archives/edgar/data/904333/000110465925057427/tm2517154-1_497.htm,2026-09-26 15:19:40.420821,200.0,e83b97f1da30f589a3742ebc31b269a4652b4d9aff7e1875a5045ca1e21318a5,SUCCESS,2.594391500024358,
log_e5b4bd41d14f4905,sec_edgar_filings,US_SCHWAB_SWPPX,https://www.sec.gov/Archives/edgar/data/904333/000110465925064258/tm2517758-1_497.htm,2026-09-26 15:19:42.921073,200.0,ed1dbaa39bc620f610b14e4d49e995131843b59de2b3d5d311abeabfc0cc9a5b,SUCCESS,2.3442302999901585,
log_4222e7b58bc742ad,sec_edgar_filings,US_SCHWAB_SWPPX,https://www.sec.gov/Archives/edgar/data/904333/000110465925086920/tm2525110-1_497.htm,2026-09-26 15:19:45.421222,200.0,704e34f36d40d1234d488c07bf95013ef64cb491f3583f052fe01d6f5393648b,SUCCESS,2.532353799993871,
log_18ac7f9007724c40,sec_edgar_filings,US_SCHWAB_SWPPX,https://www.sec.gov/Archives/edgar/data/904333/000110465925121687/tm2531957-1_497.htm,2026-09-26 15:19:47.921680,200.0,68a27e23c5e5ed62f489ca55b8eaeef10d5e76a9c2eaef872c703ec2624f725d,SUCCESS,2.6584647999843583,
log_7ea3b394a15f48f3,sec_edgar_filings,US_SCHWAB_SWPPX,https://www.sec.gov/Archives/edgar/data/904333/000110465925116990/tm2531849-1_497.htm,2026-09-26 15:19:50.422203,200.0,01d4ffaad66966f14c9290dd5728f3697c0890126aaad191aae530d43260ba25,SUCCESS,2.1376541999925394,
log_efb8ec98f58c4d9e,sec_edgar_filings,US_SCHWAB_SWPPX,https://www.sec.gov/Archives/edgar/data/904333/000088454626000067/c497.htm,2026-09-26 15:19:52.922555,200.0,fa76e1fefbc5a966cb02fbd1582d5d2ef27da953c480e9a37f703cf5faef8e25,SUCCESS,3.750840099994093,
log_3459023a6af14e97,sec_edgar_filings,US_SCHWAB_SWPPX,https://www.sec.gov/Archives/edgar/data/904333/000110465926021368/tm262483d55_497.htm,2026-09-26 15:19:55.799245,200.0,6f7a71ac0c0f4850f63ad4496444dc95fc14da627a4bdcdef58ab2a9b1807091,SUCCESS,2.0418022999947425,
log_db66d68e9c26410d,sec_edgar_filings,US_SCHWAB_SWPPX,https://www.sec.gov/Archives/edgar/data/904333/000110465926021347/tm262487d4_497.htm,2026-09-26 15:19:58.299780,200.0,5d981726611a476442ea248266f88b210fc8e7085e03c115a24f6ce365a664fe,SUCCESS,3.0886620999954175,
log_ad2def3c1a3b449b,sec_edgar_filings,US_SCHWAB_SWPPX,https://www.sec.gov/Archives/edgar/data/904333/000110465926020670/tm266465d1_497.htm,2026-09-26 15:20:01.133632,200.0,e1545e1f7351b69856ab18b9e1dd3287617f77639878354ade1e71e670eaf559,SUCCESS,1.704139400011627,
log_aa723539bac84391,sec_edgar_filings,US_SCHWAB_SWPPX,https://www.sec.gov/Archives/edgar/data/904333/000088454626000088/c497.htm,2026-09-26 15:20:03.634437,200.0,bf959d288c8c11d236ed5d9a25de0e36128f306fa660480d04efc127dc68cc56,SUCCESS,2.525171200017212,
log_acf006ce9f184ea1,sec_edgar_submissions_api,US_SCHWAB_SWAGX,https://data.sec.gov/submissions/CIK0000869365.json,2026-09-26 15:20:09.557886,200.0,7fbe9f7a2169a098b93a4c3bb18a743c60e5ff95fd40282a04b90152f6e2a435,SUCCESS,2.530964200006565,
log_9778c63f2dd24165,official_fund_sponsor_page,US_SCHWAB_SWAGX,https://www.schwabassetmanagement.com/products/swagx,2026-09-26 15:20:13.415111,403.0,,RETRIEVAL_FAILED,2.225110900006257,HTTP 403: Forbidden
log_f96bf739afd34762,sec_edgar_filings,US_SCHWAB_SWAGX,https://www.sec.gov/Archives/edgar/data/869365/000110465924105971/tm2425586-1_497.htm,2026-09-26 15:20:16.867740,200.0,cc467b65e884b1d97684025f3e64c3900bb40f74880623ca42d125a8baa1e7a7,SUCCESS,2.7490934999950696,
log_28cea79990f34204,sec_edgar_filings,US_SCHWAB_SWAGX,https://www.sec.gov/Archives/edgar/data/869365/000110465924130259/tm2430850-1_497.htm,2026-09-26 15:20:19.367959,200.0,ad46caf11bfff031e66e849e44ef42f7d82c5c2ba45709d3d218c84844984f6e,SUCCESS,8.514427099988097,
log_4ffd5dac49704cca,sec_edgar_filings,US_SCHWAB_SWAGX,https://www.sec.gov/Archives/edgar/data/869365/000110465925018449/tm256887d1_497.htm,2026-09-26 15:20:26.978002,200.0,baf66d9778bf2b2e1df81ce7ef31c23d1362786c09b67b330a4bee5efbf999ea,SUCCESS,1.5932820999878459,
log_5db4fa2f6b484372,sec_edgar_filings,US_SCHWAB_SWAGX,https://www.sec.gov/Archives/edgar/data/869365/000110465925030633/tm2510820-1_497.htm,2026-09-26 15:20:29.478494,200.0,5ff6dee38f38d1e78944733f97ff0987e820e03d883059b789dbf441418965b2,SUCCESS,2.098666300007608,
log_6b23a742662044ab,sec_edgar_filings,US_SCHWAB_SWAGX,https://www.sec.gov/Archives/edgar/data/869365/000110465925057427/tm2517154-1_497.htm,2026-09-26 15:20:31.978775,200.0,e83b97f1da30f589a3742ebc31b269a4652b4d9aff7e1875a5045ca1e21318a5,SUCCESS,2.4403129999991506,
log_165dc56b9ff54bb5,sec_edgar_filings,US_SCHWAB_SWAGX,https://www.sec.gov/Archives/edgar/data/869365/000110465925089634/tm2524000-1_497.htm,2026-09-26 15:20:34.479044,200.0,e4c05c0f1301bcc87fe76ad65d900faa8d76054acfa3339e292e2f998a272e56,SUCCESS,2.4703412000089884,
log_30934c0f80d24156,sec_edgar_filings,US_SCHWAB_SWAGX,https://www.sec.gov/Archives/edgar/data/869365/000088454626000071/c497.htm,2026-09-26 15:20:36.979425,200.0,d9a852eaeab9caa457ed08f146ec62d682188f31605f1dd5c0fb19c3e4fb4bc3,SUCCESS,2.9043428000004496,
log_d5bd791614854695,sec_edgar_filings,US_SCHWAB_SWAGX,https://www.sec.gov/Archives/edgar/data/869365/000110465926020675/tm266469d2_497.htm,2026-09-26 15:20:39.479772,200.0,248bde13e05b78db32b5a5ffaed388fb4fe058982da1fb7cde51e8ac45eede47,SUCCESS,2.778445300005842,
log_b3aff46e64fb43f6,sec_edgar_filings,US_SCHWAB_SWAGX,https://www.sec.gov/Archives/edgar/data/869365/000110465926029165/tm268738d1_497.htm,2026-09-26 15:20:41.980416,200.0,4a4f419d5eace7d05e5d7252fcb5920081e2c39ea45666733a626415ce449734,SUCCESS,1.689346300001489,
log_57280b290de64c55,sec_edgar_submissions_api,US_INVESCO_QQQ,https://data.sec.gov/submissions/CIK0001067839.json,2026-09-26 15:20:47.454701,200.0,6b3b41fb20f5d6ed8e30f338c6775612e47d2cc9ebaa02789a9cfb33862bc0e6,SUCCESS,2.9352091000182554,
log_2a87892d93de4fb3,official_fund_sponsor_page,US_INVESCO_QQQ,https://www.invesco.com/us/financial-products/etfs/product-detail?audienceType=Investor&ticker=QQQ,2026-09-26 15:20:51.151981,403.0,,RETRIEVAL_FAILED,2.746719299990218,HTTP 403: Forbidden
log_a4420bfd50cf4b02,sec_edgar_filings,US_INVESCO_QQQ,https://www.sec.gov/Archives/edgar/data/1067839/000206159025000114/497.htm,2026-09-26 15:20:55.206494,200.0,2f9df61c1ab42962ca85edeae7c7690006233e9cafb3e90ad45e49593c4c8246,SUCCESS,2.46782729998813,
log_28b342ed004a45bb,sec_edgar_filings,US_INVESCO_QQQ,https://www.sec.gov/Archives/edgar/data/1067839/000110465926052905/tm2612890d3_497.htm,2026-09-26 15:20:57.708900,200.0,49d35ac68b89617d9a4a3d867c0648786f41265434a565ab3bb62741b9f5b1a5,SUCCESS,2.5211827000021003,
log_02eddba42f414384,sec_edgar_filings,US_INVESCO_QQQ,https://www.sec.gov/Archives/edgar/data/1067839/000119312526264913/d21745d497.htm,2026-09-26 15:21:00.209895,200.0,14da9ecb8d930d5d4b3a3a84f06824a35c4315a325733a32ea2ce330797659fa,SUCCESS,2.0883503000077326,
log_428dd5e5efa34f37,sec_edgar_submissions_api,US_INVESCO_RSP,https://data.sec.gov/submissions/CIK0001209466.json,2026-09-26 15:21:05.175140,200.0,05c82c324e76c804d0b9071f3ea40d2f8762253c0795d08fde5e9cbc65df89a8,SUCCESS,3.1049598999961745,
log_00f40dc4bce94ace,official_fund_sponsor_page,US_INVESCO_RSP,https://www.invesco.com/us/financial-products/etfs/product-detail?audienceType=Investor&ticker=RSP,2026-09-26 15:21:09.117111,403.0,,RETRIEVAL_FAILED,2.4367749000084586,HTTP 403: Forbidden
log_c4da22dd4f0e4542,sec_edgar_filings,US_INVESCO_RSP,https://www.sec.gov/Archives/edgar/data/1209466/000110465924128890/tm2430930d1_497.htm,2026-09-26 15:21:12.747826,200.0,ca975778d92d40a6064870cee142714a6f0e255cff4da6a94f1710c3c27e443e,SUCCESS,2.5499007999897003,
log_a4785688f1f54e1f,sec_edgar_filings,US_INVESCO_RSP,https://www.sec.gov/Archives/edgar/data/1209466/000119312525008401/d867936d497.htm,2026-09-26 15:21:15.248137,200.0,45314163458898dd7fc541cdfc4add83fd7adda8b1d10ac41ee837ff7c7a9fba,SUCCESS,2.3579876000003424,
log_b829acad3c5a4f2f,sec_edgar_filings,US_INVESCO_RSP,https://www.sec.gov/Archives/edgar/data/1209466/000119312525000636/d909407d497.htm,2026-09-26 15:21:17.748718,200.0,85173b919c506d5e4df69473f82a5fff5796826c68dfe3da95ceb7313b46465d,SUCCESS,2.6037900999945123,
log_fe24f634eef14da4,sec_edgar_filings,US_INVESCO_RSP,https://www.sec.gov/Archives/edgar/data/1209466/000119312525326835/d92042d497.htm,2026-09-26 15:21:20.249029,200.0,e9dfe594bacce7e545224f308747eba82119b55336cddf7292d6478e1d21db71,SUCCESS,2.0315399000246543,
log_caff34d2a19d47d0,sec_edgar_filings,US_INVESCO_RSP,https://www.sec.gov/Archives/edgar/data/1209466/000119312526084628/d52011d497.htm,2026-09-26 15:21:22.749184,200.0,24888594b90bb391f13ca344305946f1cb838fb0edbd645eebfb93ef3f4cc586,SUCCESS,2.6971683999872766,
log_200b81e52c7d426e,sec_edgar_filings,US_INVESCO_RSP,https://www.sec.gov/Archives/edgar/data/1209466/000119312526264913/d21745d497.htm,2026-09-26 15:21:25.249631,200.0,14da9ecb8d930d5d4b3a3a84f06824a35c4315a325733a32ea2ce330797659fa,SUCCESS,2.3645042999996804,
log_116886cf3f16437e,sec_edgar_filings,US_INVESCO_RSP,https://www.sec.gov/Archives/edgar/data/1209466/000119312526264914/d25547d497.htm,2026-09-26 15:21:27.750036,200.0,172144e4d23388d7cd337fd8ff53ba6b71d26ce98b7cefe721edfece1caaf07b,SUCCESS,2.3198271000001114,
log_3f5fc856b49748f5,sec_edgar_filings,US_INVESCO_RSP,https://www.sec.gov/Archives/edgar/data/1209466/000119312526264912/d24823d497.htm,2026-09-26 15:21:30.250216,200.0,45dfba3120d98ae0c316b157dda5eea2dbc1185d2dc1bd18b07b7f626aa7e127,SUCCESS,2.2731878999911714,
log_7551debaecb644d3,sec_edgar_submissions_api,US_INVESCO_BKLN,https://data.sec.gov/submissions/CIK0001378872.json,2026-09-26 15:21:35.242404,200.0,4dd308b32a39fcb6a80adffb70e77d6bc80605f9fa958a97999a50d3f353bec5,SUCCESS,3.085799499996938,
log_3ae488be8fb64649,sec_edgar_submissions_api,US_INVESCO_BKLN,https://data.sec.gov/submissions/CIK0001378872-submissions-001.json,2026-09-26 15:21:37.743004,200.0,76612c38bd2918417114aff96cce37cae5662de1ee90bd233aedc48390fed270,SUCCESS,3.4554709999938495,
log_698a55640eb741a4,official_fund_sponsor_page,US_INVESCO_BKLN,https://www.invesco.com/us/financial-products/etfs/product-detail?audienceType=Investor&ticker=BKLN,2026-09-26 15:21:42.605530,403.0,,RETRIEVAL_FAILED,2.463555800000904,HTTP 403: Forbidden
log_c42833d799b14e2a,sec_edgar_filings,US_INVESCO_BKLN,https://www.sec.gov/Archives/edgar/data/1378872/000110465924111805/tm2426651d4_497.htm,2026-09-26 15:21:46.183195,200.0,6891ec3b72f11f5bcf8ed036edc9378ff8bdbc9f0a322d53d28d6f2f15afe384,SUCCESS,2.797659800009569,
log_61c35179a339474b,sec_edgar_filings,US_INVESCO_BKLN,https://www.sec.gov/Archives/edgar/data/1378872/000110465924106664/tm2425475d1_497.htm,2026-09-26 15:21:48.683331,200.0,3f8d8bc34034f23fff8452de9727735876f5af63c9a571fdd4f1247402ef6719,SUCCESS,2.3242827000212856,
log_95dc08bd9f3141fb,sec_edgar_filings,US_INVESCO_BKLN,https://www.sec.gov/Archives/edgar/data/1378872/000110465924120137/tm2428496d1_497.htm,2026-09-26 15:21:51.184838,200.0,ba25734c7a561d267d94a553186cfaf7f0fb5489e16cc34ed2791d45a9ef9569,SUCCESS,2.9073970000026748,
log_af1aa38367f14cff,sec_edgar_filings,US_INVESCO_BKLN,https://www.sec.gov/Archives/edgar/data/1378872/000110465924128898/tm2430943d1_497.htm,2026-09-26 15:21:53.685401,200.0,798075ea6cb180597b361deb4663eb50d0a9ad9484689a9b72ea9118a7c9025d,SUCCESS,3.038479200011352,
log_3f4989604a4c4b33,sec_edgar_filings,US_INVESCO_BKLN,https://www.sec.gov/Archives/edgar/data/1378872/000119312525008404/d874713d497.htm,2026-09-26 15:21:56.185681,200.0,83b9bc32dce7e5f8c6a8a1ba1fd173715669b5daae1be26585eb99e946d9d256,SUCCESS,1.5017325999797322,
log_3584e9c910014b2d,sec_edgar_filings,US_INVESCO_BKLN,https://www.sec.gov/Archives/edgar/data/1378872/000119312525000636/d909407d497.htm,2026-09-26 15:21:58.686252,200.0,85173b919c506d5e4df69473f82a5fff5796826c68dfe3da95ceb7313b46465d,SUCCESS,2.4272950000013225,
log_c2b3ccd48eda466f,sec_edgar_filings,US_INVESCO_BKLN,https://www.sec.gov/Archives/edgar/data/1378872/000110465925018580/tm257642d1_497.htm,2026-09-26 15:22:01.186826,200.0,c07a7270d9fde7192f27aefdfce8ea2dcad7e5ce48bf668be010a61b0ed0bba2,SUCCESS,3.3026747000112664,
log_e475732797ca40f4,sec_edgar_filings,US_INVESCO_BKLN,https://www.sec.gov/Archives/edgar/data/1378872/000119312525027258/d930945d497.htm,2026-09-26 15:22:03.687416,200.0,68642bde003c0737be191601b7cb921e1a29b466dd6564660e06559feca70f6c,SUCCESS,1.6887600000191014,
log_8d6ccd01f6e24e30,sec_edgar_filings,US_INVESCO_BKLN,https://www.sec.gov/Archives/edgar/data/1378872/000110465925009646/tm254939d1_497.htm,2026-09-26 15:22:06.187993,200.0,1069755b34f400a39c1c0d52da233dcde1c9dacc20f3d22e9159875ac0a52ea7,SUCCESS,2.486685900017619,
log_d6c0f7bd750040f2,sec_edgar_filings,US_INVESCO_BKLN,https://www.sec.gov/Archives/edgar/data/1378872/000110465925054868/tm2514685d1_497.htm,2026-09-26 15:22:08.688302,200.0,9bb4f640e4cb8d1f3bcc1e04abbc5c840cc11ee03aa1503852265dabad7b5d97,SUCCESS,3.0312279000063427,
log_c9fbb0ca54ee4082,sec_edgar_filings,US_INVESCO_BKLN,https://www.sec.gov/Archives/edgar/data/1378872/000110465925080551/tm2523660d1_497.htm,2026-09-26 15:22:11.191756,200.0,d682443fd85a385c596a445026c862238d2417febd6b9e8101c706c944cf1c7b,SUCCESS,3.6353392000019085,
log_fc8ecde8f0bf457b,sec_edgar_filings,US_INVESCO_BKLN,https://www.sec.gov/Archives/edgar/data/1378872/000119312525220659/d911513d497.htm,2026-09-26 15:22:14.583263,200.0,4e6769f145b6ca607a57062ef4e218a9a36c0317fdb8595a29caa8f8f3084b4f,SUCCESS,3.28930340000079,
log_34512c11bafd4969,sec_edgar_filings,US_INVESCO_BKLN,https://www.sec.gov/Archives/edgar/data/1378872/000119312525206213/d48350d497.htm,2026-09-26 15:22:17.873087,200.0,5446a86fb475997187504f6cb171c15f08318a0d8ee03b1eb88af7e0aef7c2b2,SUCCESS,2.569393699988723,
log_c4e7f6c106654902,sec_edgar_filings,US_INVESCO_BKLN,https://www.sec.gov/Archives/edgar/data/1378872/000110465925099269/tm2528207d1_497.htm,2026-09-26 15:22:20.486368,200.0,42347e0b3dec022f0733fd5f08462f8fada204348f54843e0f64aecf7beea112,SUCCESS,1.3021017000137363,
log_92e92a25bedb48df,sec_edgar_filings,US_INVESCO_BKLN,https://www.sec.gov/Archives/edgar/data/1378872/000119312525328361/d54028d497.htm,2026-09-26 15:22:22.987488,200.0,1dc53d5d97caff26e67f96da8f7970a35e91837a61b4d6b023f7bc6d5a60f646,SUCCESS,4.880972399987513,
log_080b4f0836394ed6,sec_edgar_filings,US_INVESCO_BKLN,https://www.sec.gov/Archives/edgar/data/1378872/000110465925123127/tm2533630d1_497.htm,2026-09-26 15:22:26.867052,200.0,446d8aa0c3455eb622845ecc9ac8e4ad0d73765f944ea250d16a67858f705f1b,SUCCESS,0.8923300999740604,
log_03af2015e07b456f,sec_edgar_filings,US_INVESCO_BKLN,https://www.sec.gov/Archives/edgar/data/1378872/000119312525326827/d73064d497.htm,2026-09-26 15:22:29.367231,200.0,74e7ba3f78693629296d8010d75bbc457ddadc182a6bb57dc5b1066a6299c001,SUCCESS,2.549091499997303,
log_995d10ffbe2d4333,sec_edgar_filings,US_INVESCO_BKLN,https://www.sec.gov/Archives/edgar/data/1378872/000119312525326792/d48091d497.htm,2026-09-26 15:22:31.867379,200.0,afcbdd106ca147dc3f0da4c895ba71a5a48cceb2928db297957053617e3a7332,SUCCESS,2.3294992000155617,
log_c202659d6c3346b1,sec_edgar_filings,US_INVESCO_BKLN,https://www.sec.gov/Archives/edgar/data/1378872/000110465926052927/tm2612890d10_497.htm,2026-09-26 15:22:34.367664,200.0,e84c909d2401cbed51a0a9df2770efc55a6729ca7dd58fdefa3cfe6294ed7d6e,SUCCESS,2.650197700015269,
log_eafc3ef8f3ca4d72,sec_edgar_filings,US_INVESCO_BKLN,https://www.sec.gov/Archives/edgar/data/1378872/000110465926052922/tm2612890d8_497.htm,2026-09-26 15:22:36.868210,200.0,423d5eef996016f3cd51cfb1957c5a698fe7a4bcd31a918ec8a4c234598ad617,SUCCESS,2.9656452999915928,
log_3797b2b969fe4105,sec_edgar_filings,US_INVESCO_BKLN,https://www.sec.gov/Archives/edgar/data/1378872/000110465926052919/tm2612890d6_497.htm,2026-09-26 15:22:39.368739,200.0,51bed9c96befe3adc37e632766ccb75eb51eab439349d1dafd1a38beb683eb8f,SUCCESS,2.787905300006969,
log_234d2b853e124b0b,sec_edgar_filings,US_INVESCO_BKLN,https://www.sec.gov/Archives/edgar/data/1378872/000110465926052905/tm2612890d3_497.htm,2026-09-26 15:22:41.868936,200.0,49d35ac68b89617d9a4a3d867c0648786f41265434a565ab3bb62741b9f5b1a5,SUCCESS,1.4118160999787506,
log_1f500a459ac54fc8,sec_edgar_filings,US_INVESCO_BKLN,https://www.sec.gov/Archives/edgar/data/1378872/000110465926052899/tm2612890d1_497.htm,2026-09-26 15:22:44.369595,200.0,f41eb8d853096a6362f6b7819e2b6ff154a47f745eb22e66f3c89a22b77048a6,SUCCESS,3.062011900008656,
log_664d4b4073df4cb1,sec_edgar_filings,US_INVESCO_BKLN,https://www.sec.gov/Archives/edgar/data/1378872/000110465926067480/tm2615506d3_497.htm,2026-09-26 15:22:46.871225,200.0,7120f571e2f82967213016943a481cd062dddced4400a4aa926a6f27d4d07b87,SUCCESS,2.6322625000029802,
log_134326162cc34362,sec_edgar_filings,US_INVESCO_BKLN,https://www.sec.gov/Archives/edgar/data/1378872/000110465926067477/tm2615506d1_497.htm,2026-09-26 15:22:49.371885,200.0,09bcbea5c334f281f6312fb7e30b467c3497388af67dfaf24142957a74f29d39,SUCCESS,2.5466927000088617,
log_2e318154b1624f62,sec_edgar_filings,US_INVESCO_BKLN,https://www.sec.gov/Archives/edgar/data/1378872/000110465926076362/tm2618074d1_497.htm,2026-09-26 15:22:51.872133,200.0,7b0a67555946cf5b51e5f9db4767a8638e885377b8ed6fc040c72cda9691ca01,SUCCESS,2.2722416000033263,
log_3c45ffa4be2a42b6,sec_edgar_filings,US_INVESCO_BKLN,https://www.sec.gov/Archives/edgar/data/1378872/000119312526264913/d21745d497.htm,2026-09-26 15:22:54.372446,200.0,14da9ecb8d930d5d4b3a3a84f06824a35c4315a325733a32ea2ce330797659fa,SUCCESS,2.607094100007089,
log_abe7d2c932294112,sec_edgar_filings,US_INVESCO_BKLN,https://www.sec.gov/Archives/edgar/data/1378872/000119312526264915/d72779d497.htm,2026-09-26 15:22:56.872931,200.0,4a8158db1ad1c81ccf904b5ed847b889872df209551b28d65f8a61912a0e855d,SUCCESS,2.4640747999947052,
log_fc6f6f29b40d4485,sec_edgar_filings,US_INVESCO_BKLN,https://www.sec.gov/Archives/edgar/data/1378872/000119312526264914/d25547d497.htm,2026-09-26 15:22:59.373627,200.0,172144e4d23388d7cd337fd8ff53ba6b71d26ce98b7cefe721edfece1caaf07b,SUCCESS,2.5249721000145655,
log_4dc5591a2ef9467f,sec_edgar_filings,US_INVESCO_BKLN,https://www.sec.gov/Archives/edgar/data/1378872/000119312526264912/d24823d497.htm,2026-09-26 15:23:01.874279,200.0,45dfba3120d98ae0c316b157dda5eea2dbc1185d2dc1bd18b07b7f626aa7e127,SUCCESS,2.5430806999793276,
log_afb7534c3dd24334,sec_edgar_filings,US_INVESCO_BKLN,https://www.sec.gov/Archives/edgar/data/1378872/000119312526264910/d10200d497.htm,2026-09-26 15:23:04.374253,200.0,d4d833db3686634bfcb5a8630d7e660f9c5c26b9201e15a73387504d6ef1f31e,SUCCESS,2.5680074999982025,
log_9eb76f631a3e4161,sec_edgar_submissions_api,US_PIMCO_BOND,https://data.sec.gov/submissions/CIK0001450011.json,2026-09-26 15:23:09.823318,200.0,85889fce5af8b7f17b4946124f5e37a3aa1ccff83758d26616eec580bcc666bf,SUCCESS,3.1017533999984153,
log_136b538dbd8c4b78,official_fund_sponsor_page,US_PIMCO_BOND,https://www.pimco.com/en-us/investments/etf/active-bond-etf/bond,2026-09-26 15:23:13.680056,403.0,,RETRIEVAL_FAILED,2.196284499979811,HTTP 403: Forbidden
log_937a8c7ab15f4940,sec_edgar_filings,US_PIMCO_BOND,https://www.sec.gov/Archives/edgar/data/1450011/000119312524244314/d895627d497k.htm,2026-09-26 15:23:17.147103,200.0,f9dc494f19d146f29b2541cea97bc1dbbf5f7c5faf2738b69ba69ce33bb9b98b,SUCCESS,2.6591003999928944,
log_59988e5d2ea04686,sec_edgar_filings,US_PIMCO_BOND,https://www.sec.gov/Archives/edgar/data/1450011/000119312524244313/d850288d497k.htm,2026-09-26 15:23:19.647597,200.0,b96e485677a2731d893120b7151ff7064aceb447823f83cc8b7969332c8c745d,SUCCESS,2.421433799987426,
log_ebd0fc5ee7a24cbd,sec_edgar_filings,US_PIMCO_BOND,https://www.sec.gov/Archives/edgar/data/1450011/000119312524244310/d847286d497k.htm,2026-09-26 15:23:22.147852,200.0,f2b63573dfaa82b84defd19dc2073bf799929561460d2cd12e68dc81755be9ec,SUCCESS,2.588790399982827,
log_f1766aa3a0cd41e2,sec_edgar_filings,US_PIMCO_BOND,https://www.sec.gov/Archives/edgar/data/1450011/000119312524262616/d843909d497k.htm,2026-09-26 15:23:24.648144,200.0,d2eee1e6f218f8963cd344c56b2acf7cd9dd2b7987dca79c081ab53bac46f4ec,SUCCESS,2.7633294999832287,
log_f94c8fcc8df5417e,sec_edgar_filings,US_PIMCO_BOND,https://www.sec.gov/Archives/edgar/data/1450011/000119312524262612/d880768d497.htm,2026-09-26 15:23:27.148644,200.0,cbde17b1901f5f5fd166aa15f00e9e8870742f0e3e924f85c0f67ab4c07aa8a1,SUCCESS,3.1087983000034,
log_09450d0afa6d47e1,sec_edgar_filings,US_PIMCO_BOND,https://www.sec.gov/Archives/edgar/data/1450011/000119312524249963/d895322d497.htm,2026-09-26 15:23:29.970591,200.0,1ee70c82ceeb9d2d8955292f97b6162f9dc587d8b0e649e6f929bb27e4523a4b,SUCCESS,2.369012599985581,
log_c3c6bec855394509,sec_edgar_filings,US_PIMCO_BOND,https://www.sec.gov/Archives/edgar/data/1450011/000119312525029748/d853510d497.htm,2026-09-26 15:23:32.813677,200.0,359b5691c85a76e448eb07987b7ca262036ad42d9abdb23a880baee2ca267bd9,SUCCESS,1.9834796999930404,
log_d7656fe9da854504,sec_edgar_filings,US_PIMCO_BOND,https://www.sec.gov/Archives/edgar/data/1450011/000119312525186428/d34718d497.htm,2026-09-26 15:23:35.847704,200.0,4efe2f6136ba477031b67184bbb9c64a6251b8958a62577f2427f8caa33f0001,SUCCESS,2.34550749999471,
log_2e7aa0e327164293,sec_edgar_filings,US_PIMCO_BOND,https://www.sec.gov/Archives/edgar/data/1450011/000119312525201293/d34943d497.htm,2026-09-26 15:23:38.348205,200.0,d6e6d75c4c7d646fe35b2e07e7dc9b946cca0f1cf6a0c898d5c61bc933d3bd4a,SUCCESS,3.530077200004598,
log_6e207e3decfe4077,sec_edgar_filings,US_PIMCO_BOND,https://www.sec.gov/Archives/edgar/data/1450011/000119312525249124/d67193d497k.htm,2026-09-26 15:23:41.863917,200.0,74b9511bf461106fb241a6ea92582a02282ac362c092d3e9ce41bb24cc8f643a,SUCCESS,1.2160907999787014,
log_134a6a964f034f2b,sec_edgar_filings,US_PIMCO_BOND,https://www.sec.gov/Archives/edgar/data/1450011/000119312525249118/d46997d497k.htm,2026-09-26 15:23:44.364531,200.0,b974b072b6f7117f2ee9edffa52f2f1c9a6d7153616c0c7b479b95c880d12af0,SUCCESS,2.7632543000217993,
log_99c32e7f7c0c485f,sec_edgar_filings,US_PIMCO_BOND,https://www.sec.gov/Archives/edgar/data/1450011/000119312525249111/d31137d497k.htm,2026-09-26 15:23:46.864984,200.0,0acd4d5291c3a3fc34d3bece51cab7ca17fad4ba8cec6c3388ebaeb74979efd8,SUCCESS,2.2168505000008736,
log_7bffca84e17b4e2c,sec_edgar_filings,US_PIMCO_BOND,https://www.sec.gov/Archives/edgar/data/1450011/000119312526012783/d48512d497.htm,2026-09-26 15:23:49.365626,200.0,7ef613a0388c22cb25de8772060c43bac5e83e77cc986705ecd81d7986b74de3,SUCCESS,2.543509200011613,
log_8eac20ec831445f8,sec_edgar_filings,US_PIMCO_BOND,https://www.sec.gov/Archives/edgar/data/1450011/000119312526134526/d20205d497.htm,2026-09-26 15:23:51.874885,200.0,ebe9f0aa3f103a486fb29849312ac4fb3174dac33ea26510cd8832e6576bd879,SUCCESS,2.4132752000004984,
log_d98de3449d5345e4,sec_edgar_filings,US_PIMCO_BOND,https://www.sec.gov/Archives/edgar/data/1450011/000119312526095852/d21342d497k.htm,2026-09-26 15:23:54.375141,200.0,e4886ddca8999ae30621abdde81f2a7ef8433ffe5ccc975c51c7c8cf95aee8e4,SUCCESS,2.778594300005352,
log_545cfef3174247f5,sec_edgar_filings,US_PIMCO_BOND,https://www.sec.gov/Archives/edgar/data/1450011/000119312526095565/d100137d497.htm,2026-09-26 15:23:56.875667,200.0,c96f4f62d01ea8c13bf86cee188e6c5dd9ac07326deb7fe7ee75569b01cfcf86,SUCCESS,1.8933478000108153,
log_0da9c526bc914b4d,sec_edgar_filings,US_PIMCO_BOND,https://www.sec.gov/Archives/edgar/data/1450011/000119312526272665/d128658d497k.htm,2026-09-26 15:23:59.376032,200.0,daa1238215b6be1ce86d58fb8c5d73421c9e86ef01e03585299ea4e60eb164a1,SUCCESS,2.339418499992462,
log_12904055e2e6405d,sec_edgar_filings,US_PIMCO_BOND,https://www.sec.gov/Archives/edgar/data/1450011/000119312526272634/d157113d497.htm,2026-09-26 15:24:01.876499,200.0,161e1142dbf473bd248886fbdeb1c9493b1b7ab4c56c69c04ae71dd2ad19604b,SUCCESS,2.5719410000019707,
log_82fe675ea8814eec,sec_edgar_filings,US_PIMCO_BOND,https://www.sec.gov/Archives/edgar/data/1450011/000119312526361295/d192508d497.htm,2026-09-26 15:24:04.376901,200.0,5959abfe4d1efd5faadabffd2981ec21dfab5e9c44325ab1a7f235ff899fcf22,SUCCESS,2.2069182000122964,
log_acf8c3647d414946,sec_edgar_filings,US_PIMCO_BOND,https://www.sec.gov/Archives/edgar/data/1450011/000119312526361091/d107602d497.htm,2026-09-26 15:24:06.877450,200.0,cd887d255142c326a27c74f6217a202d6ab80dc08044df1082075c69b44616f9,SUCCESS,3.4165332000120543,
log_0d399fb01eb5437c,sec_edgar_filings,US_PIMCO_BOND,https://www.sec.gov/Archives/edgar/data/1450011/000119312526361086/d89190d497.htm,2026-09-26 15:24:09.379315,200.0,a1a1ac3812afe90e9ef064c909c6f4f690493574cf373de76340ddfc44fd92e5,SUCCESS,2.0493589999969117,
log_6b3efad9d47d40d7,sec_edgar_filings,US_PIMCO_BOND,https://www.sec.gov/Archives/edgar/data/1450011/000119312526361076/d443058d497.htm,2026-09-26 15:24:11.879734,200.0,324aa5ce1df10efb9f14af538d780841209703397b871b9f0508cc0059f93671,SUCCESS,2.117179599998053,
log_122a3f86b360415c,sec_edgar_filings,US_PIMCO_BOND,https://www.sec.gov/Archives/edgar/data/1450011/000119312526361074/d395593d497.htm,2026-09-26 15:24:14.379996,200.0,896d7545484ef2a5065c6353344b56793383e041e0aa6b79e0dd760ae64d5b0a,SUCCESS,2.599396200006595,
log_5f1734f76fe44623,sec_edgar_submissions_api,US_PIMCO_MINT,https://data.sec.gov/submissions/CIK0001450011.json,2026-09-26 15:24:19.961196,200.0,85889fce5af8b7f17b4946124f5e37a3aa1ccff83758d26616eec580bcc666bf,SUCCESS,1.4569880999915767,
log_83699ce2c1aa4e20,official_fund_sponsor_page,US_PIMCO_MINT,https://www.pimco.com/en-us/investments/etf/enhanced-short-maturity-active-etf/mint,2026-09-26 15:24:23.709817,403.0,,RETRIEVAL_FAILED,2.5197342000028584,HTTP 403: Forbidden
log_149cb72905784f4a,sec_edgar_filings,US_PIMCO_MINT,https://www.sec.gov/Archives/edgar/data/1450011/000119312524244314/d895627d497k.htm,2026-09-26 15:24:27.319031,200.0,f9dc494f19d146f29b2541cea97bc1dbbf5f7c5faf2738b69ba69ce33bb9b98b,SUCCESS,2.594047300022794,
log_c00dc02ddbc347e5,sec_edgar_filings,US_PIMCO_MINT,https://www.sec.gov/Archives/edgar/data/1450011/000119312524244313/d850288d497k.htm,2026-09-26 15:24:29.819191,200.0,b96e485677a2731d893120b7151ff7064aceb447823f83cc8b7969332c8c745d,SUCCESS,2.2860243000031915,
log_e476660294ab4e3d,sec_edgar_filings,US_PIMCO_MINT,https://www.sec.gov/Archives/edgar/data/1450011/000119312524244310/d847286d497k.htm,2026-09-26 15:24:32.319521,200.0,f2b63573dfaa82b84defd19dc2073bf799929561460d2cd12e68dc81755be9ec,SUCCESS,2.520698700012872,
log_5cdf9d752bcb4c66,sec_edgar_filings,US_PIMCO_MINT,https://www.sec.gov/Archives/edgar/data/1450011/000119312524262616/d843909d497k.htm,2026-09-26 15:24:34.820454,200.0,d2eee1e6f218f8963cd344c56b2acf7cd9dd2b7987dca79c081ab53bac46f4ec,SUCCESS,2.3818959000054747,
log_0c864d8f31454cab,sec_edgar_filings,US_PIMCO_MINT,https://www.sec.gov/Archives/edgar/data/1450011/000119312524262612/d880768d497.htm,2026-09-26 15:24:37.321043,200.0,cbde17b1901f5f5fd166aa15f00e9e8870742f0e3e924f85c0f67ab4c07aa8a1,SUCCESS,2.572696899995208,
log_3ca0e125c911450c,sec_edgar_filings,US_PIMCO_MINT,https://www.sec.gov/Archives/edgar/data/1450011/000119312524249963/d895322d497.htm,2026-09-26 15:24:39.821381,200.0,1ee70c82ceeb9d2d8955292f97b6162f9dc587d8b0e649e6f929bb27e4523a4b,SUCCESS,2.3696012000145856,
log_4c448a3519934382,sec_edgar_filings,US_PIMCO_MINT,https://www.sec.gov/Archives/edgar/data/1450011/000119312525029748/d853510d497.htm,2026-09-26 15:24:42.321822,200.0,359b5691c85a76e448eb07987b7ca262036ad42d9abdb23a880baee2ca267bd9,SUCCESS,2.8115298000047915,
log_f3be9336fa054b0b,sec_edgar_filings,US_PIMCO_MINT,https://www.sec.gov/Archives/edgar/data/1450011/000119312525186428/d34718d497.htm,2026-09-26 15:24:45.299612,200.0,4efe2f6136ba477031b67184bbb9c64a6251b8958a62577f2427f8caa33f0001,SUCCESS,2.648863500013249,
log_fbae6e7641dc44fa,sec_edgar_filings,US_PIMCO_MINT,https://www.sec.gov/Archives/edgar/data/1450011/000119312525201293/d34943d497.htm,2026-09-26 15:24:47.987340,200.0,d6e6d75c4c7d646fe35b2e07e7dc9b946cca0f1cf6a0c898d5c61bc933d3bd4a,SUCCESS,2.2162771000002977,
log_d2c37ae6a6014b59,sec_edgar_filings,US_PIMCO_MINT,https://www.sec.gov/Archives/edgar/data/1450011/000119312525249124/d67193d497k.htm,2026-09-26 15:24:50.487890,200.0,74b9511bf461106fb241a6ea92582a02282ac362c092d3e9ce41bb24cc8f643a,SUCCESS,3.740484700014349,
log_604d49f3452a4dd6,sec_edgar_filings,US_PIMCO_MINT,https://www.sec.gov/Archives/edgar/data/1450011/000119312525249118/d46997d497k.htm,2026-09-26 15:24:54.151073,200.0,b974b072b6f7117f2ee9edffa52f2f1c9a6d7153616c0c7b479b95c880d12af0,SUCCESS,1.0791711000201758,
log_97d412144af84314,sec_edgar_filings,US_PIMCO_MINT,https://www.sec.gov/Archives/edgar/data/1450011/000119312525249111/d31137d497k.htm,2026-09-26 15:24:56.651358,200.0,0acd4d5291c3a3fc34d3bece51cab7ca17fad4ba8cec6c3388ebaeb74979efd8,SUCCESS,2.4907407999853604,
log_4a691b71508142ae,sec_edgar_filings,US_PIMCO_MINT,https://www.sec.gov/Archives/edgar/data/1450011/000119312526012783/d48512d497.htm,2026-09-26 15:24:59.152127,200.0,7ef613a0388c22cb25de8772060c43bac5e83e77cc986705ecd81d7986b74de3,SUCCESS,2.5023595999809913,
log_7d15f2186a1744e3,sec_edgar_filings,US_PIMCO_MINT,https://www.sec.gov/Archives/edgar/data/1450011/000119312526134526/d20205d497.htm,2026-09-26 15:25:01.652307,200.0,ebe9f0aa3f103a486fb29849312ac4fb3174dac33ea26510cd8832e6576bd879,SUCCESS,1.8672248999937437,
log_6fd416de53d748d7,sec_edgar_filings,US_PIMCO_MINT,https://www.sec.gov/Archives/edgar/data/1450011/000119312526095852/d21342d497k.htm,2026-09-26 15:25:04.152926,200.0,e4886ddca8999ae30621abdde81f2a7ef8433ffe5ccc975c51c7c8cf95aee8e4,SUCCESS,2.8593883000139613,
log_93272867a7d24274,sec_edgar_filings,US_PIMCO_MINT,https://www.sec.gov/Archives/edgar/data/1450011/000119312526095565/d100137d497.htm,2026-09-26 15:25:06.656613,200.0,c96f4f62d01ea8c13bf86cee188e6c5dd9ac07326deb7fe7ee75569b01cfcf86,SUCCESS,3.1960247000097297,
log_6b16738aefe04bc7,sec_edgar_filings,US_PIMCO_MINT,https://www.sec.gov/Archives/edgar/data/1450011/000119312526272665/d128658d497k.htm,2026-09-26 15:25:09.157280,200.0,daa1238215b6be1ce86d58fb8c5d73421c9e86ef01e03585299ea4e60eb164a1,SUCCESS,1.7280511000135448,
log_96957e8c51f7422a,sec_edgar_filings,US_PIMCO_MINT,https://www.sec.gov/Archives/edgar/data/1450011/000119312526272634/d157113d497.htm,2026-09-26 15:25:11.657512,200.0,161e1142dbf473bd248886fbdeb1c9493b1b7ab4c56c69c04ae71dd2ad19604b,SUCCESS,2.457787499995902,
log_4db4eb1c0fc1478b,sec_edgar_filings,US_PIMCO_MINT,https://www.sec.gov/Archives/edgar/data/1450011/000119312526361295/d192508d497.htm,2026-09-26 15:25:14.159911,200.0,5959abfe4d1efd5faadabffd2981ec21dfab5e9c44325ab1a7f235ff899fcf22,SUCCESS,2.3526650000130758,
log_b1eb77155e814a48,sec_edgar_filings,US_PIMCO_MINT,https://www.sec.gov/Archives/edgar/data/1450011/000119312526361091/d107602d497.htm,2026-09-26 15:25:16.660103,200.0,cd887d255142c326a27c74f6217a202d6ab80dc08044df1082075c69b44616f9,SUCCESS,2.575624399993103,
log_bc96e1a05d7b4ae1,sec_edgar_filings,US_PIMCO_MINT,https://www.sec.gov/Archives/edgar/data/1450011/000119312526361086/d89190d497.htm,2026-09-26 15:25:19.161109,200.0,a1a1ac3812afe90e9ef064c909c6f4f690493574cf373de76340ddfc44fd92e5,SUCCESS,2.4996890999900643,
log_1a01f8dcb8644d36,sec_edgar_filings,US_PIMCO_MINT,https://www.sec.gov/Archives/edgar/data/1450011/000119312526361076/d443058d497.htm,2026-09-26 15:25:21.661367,200.0,324aa5ce1df10efb9f14af538d780841209703397b871b9f0508cc0059f93671,SUCCESS,2.642783099989174,
log_29d8acef3edf4b80,sec_edgar_filings,US_PIMCO_MINT,https://www.sec.gov/Archives/edgar/data/1450011/000119312526361074/d395593d497.htm,2026-09-26 15:25:24.161679,200.0,896d7545484ef2a5065c6353344b56793383e041e0aa6b79e0dd760ae64d5b0a,SUCCESS,2.3117658000264782,
