evidence_id,event_id,doc_id,source_tier,locator_or_snippet,reported_amount,confidence,created_at
ev_evt_US_SPDR_SPTM_CLASS_2024-12-23_income_final_v1_doc_51a16a450298a663,evt_US_SPDR_SPTM_CLASS_2024-12-23_income_final_v1,doc_51a16a450298a663,2,SPDR ETF historical distributions sheet: SPTM on 2024-12-23,0.248856,0.9,2026-09-25 18:43:51.630127
ev_evt_US_SPDR_SPTM_CLASS_2025-03-24_income_final_v1_doc_51a16a450298a663,evt_US_SPDR_SPTM_CLASS_2025-03-24_income_final_v1,doc_51a16a450298a663,2,SPDR ETF historical distributions sheet: SPTM on 2025-03-24,0.220778,0.9,2026-09-25 18:44:26.801495
ev_evt_US_SPDR_SPTM_CLASS_2025-06-23_income_final_v1_doc_51a16a450298a663,evt_US_SPDR_SPTM_CLASS_2025-06-23_income_final_v1,doc_51a16a450298a663,2,SPDR ETF historical distributions sheet: SPTM on 2025-06-23,0.232998,0.9,2026-09-25 18:44:54.365825
ev_evt_US_SPDR_SPTM_CLASS_2025-09-22_income_final_v1_doc_51a16a450298a663,evt_US_SPDR_SPTM_CLASS_2025-09-22_income_final_v1,doc_51a16a450298a663,2,SPDR ETF historical distributions sheet: SPTM on 2025-09-22,0.23495,0.9,2026-09-25 18:45:44.463090
ev_evt_US_SPDR_SPTM_CLASS_2025-12-22_income_final_v1_doc_51a16a450298a663,evt_US_SPDR_SPTM_CLASS_2025-12-22_income_final_v1,doc_51a16a450298a663,2,SPDR ETF historical distributions sheet: SPTM on 2025-12-22,0.245312,0.9,2026-09-25 18:45:52.789592
ev_evt_US_SPDR_SPTM_CLASS_2026-03-23_income_final_v1_doc_51a16a450298a663,evt_US_SPDR_SPTM_CLASS_2026-03-23_income_final_v1,doc_51a16a450298a663,2,SPDR ETF historical distributions sheet: SPTM on 2026-03-23,0.235464,0.9,2026-09-25 18:46:01.641251
ev_evt_US_SPDR_SPTM_CLASS_2026-06-22_income_final_v1_doc_51a16a450298a663,evt_US_SPDR_SPTM_CLASS_2026-06-22_income_final_v1,doc_51a16a450298a663,2,SPDR ETF historical distributions sheet: SPTM on 2026-06-22,0.249838,0.9,2026-09-25 18:46:15.825779
ev_evt_US_SPDR_SPTM_CLASS_2026-09-21_income_final_v1_doc_51a16a450298a663,evt_US_SPDR_SPTM_CLASS_2026-09-21_income_final_v1,doc_51a16a450298a663,2,SPDR ETF historical distributions sheet: SPTM on 2026-09-21,0.250235,0.9,2026-09-25 18:46:24.003214
ev_evt_US_SPDR_SPYD_CLASS_2024-12-20_income_final_v1_doc_51a16a450298a663,evt_US_SPDR_SPYD_CLASS_2024-12-20_income_final_v1,doc_51a16a450298a663,2,SPDR ETF historical distributions sheet: SPYD on 2024-12-20,0.546774,0.9,2026-09-25 18:46:48.817986
ev_evt_US_SPDR_SPYD_CLASS_2025-03-24_income_final_v1_doc_51a16a450298a663,evt_US_SPDR_SPYD_CLASS_2025-03-24_income_final_v1,doc_51a16a450298a663,2,SPDR ETF historical distributions sheet: SPYD on 2025-03-24,0.418901,0.9,2026-09-25 18:46:56.321467
ev_evt_US_SPDR_SPYD_CLASS_2025-06-23_income_final_v1_doc_51a16a450298a663,evt_US_SPDR_SPYD_CLASS_2025-06-23_income_final_v1,doc_51a16a450298a663,2,SPDR ETF historical distributions sheet: SPYD on 2025-06-23,0.500042,0.9,2026-09-25 18:47:09.268553
ev_evt_US_SPDR_SPYD_CLASS_2025-09-22_income_final_v1_doc_51a16a450298a663,evt_US_SPDR_SPYD_CLASS_2025-09-22_income_final_v1,doc_51a16a450298a663,2,SPDR ETF historical distributions sheet: SPYD on 2025-09-22,0.488758,0.9,2026-09-25 18:47:18.022449
ev_evt_US_SPDR_SPYD_CLASS_2025-12-22_income_final_v1_doc_51a16a450298a663,evt_US_SPDR_SPYD_CLASS_2025-12-22_income_final_v1,doc_51a16a450298a663,2,SPDR ETF historical distributions sheet: SPYD on 2025-12-22,0.549335,0.9,2026-09-25 18:47:24.989627
ev_evt_US_SPDR_SPYD_CLASS_2026-03-23_income_final_v1_doc_51a16a450298a663,evt_US_SPDR_SPYD_CLASS_2026-03-23_income_final_v1,doc_51a16a450298a663,2,SPDR ETF historical distributions sheet: SPYD on 2026-03-23,0.44998,0.9,2026-09-25 18:47:33.798337
ev_evt_US_SPDR_SPYD_CLASS_2026-06-22_income_final_v1_doc_51a16a450298a663,evt_US_SPDR_SPYD_CLASS_2026-06-22_income_final_v1,doc_51a16a450298a663,2,SPDR ETF historical distributions sheet: SPYD on 2026-06-22,0.542849,0.9,2026-09-25 18:47:41.327002
ev_evt_US_SPDR_SPYD_CLASS_2026-09-21_income_final_v1_doc_51a16a450298a663,evt_US_SPDR_SPYD_CLASS_2026-09-21_income_final_v1,doc_51a16a450298a663,2,SPDR ETF historical distributions sheet: SPYD on 2026-09-21,0.517794,0.9,2026-09-25 18:47:48.777336
ev_evt_US_SPDR_SPAB_CLASS_2024-10-01_income_final_v1_doc_51a16a450298a663,evt_US_SPDR_SPAB_CLASS_2024-10-01_income_final_v1,doc_51a16a450298a663,2,SPDR ETF historical distributions sheet: SPAB on 2024-10-01,0.081492,0.9,2026-09-25 18:48:04.252532
ev_evt_US_SPDR_SPAB_CLASS_2024-11-01_income_final_v1_doc_51a16a450298a663,evt_US_SPDR_SPAB_CLASS_2024-11-01_income_final_v1,doc_51a16a450298a663,2,SPDR ETF historical distributions sheet: SPAB on 2024-11-01,0.082965,0.9,2026-09-25 18:48:11.613274
ev_evt_US_SPDR_SPAB_CLASS_2024-12-19_income_final_v1_doc_51a16a450298a663,evt_US_SPDR_SPAB_CLASS_2024-12-19_income_final_v1,doc_51a16a450298a663,2,SPDR ETF historical distributions sheet: SPAB on 2024-12-19,0.079507,0.9,2026-09-25 18:48:13.513375
ev_evt_US_SPDR_SPAB_CLASS_2024-12-02_income_final_v1_doc_51a16a450298a663,evt_US_SPDR_SPAB_CLASS_2024-12-02_income_final_v1,doc_51a16a450298a663,2,SPDR ETF historical distributions sheet: SPAB on 2024-12-02,0.081685,0.9,2026-09-25 18:48:13.515170
ev_evt_US_SPDR_SPAB_CLASS_2025-02-03_income_final_v1_doc_51a16a450298a663,evt_US_SPDR_SPAB_CLASS_2025-02-03_income_final_v1,doc_51a16a450298a663,2,SPDR ETF historical distributions sheet: SPAB on 2025-02-03,0.088041,0.9,2026-09-25 18:48:18.729368
ev_evt_US_SPDR_SPAB_CLASS_2025-03-03_income_final_v1_doc_51a16a450298a663,evt_US_SPDR_SPAB_CLASS_2025-03-03_income_final_v1,doc_51a16a450298a663,2,SPDR ETF historical distributions sheet: SPAB on 2025-03-03,0.080255,0.9,2026-09-25 18:48:20.574428
ev_evt_US_SPDR_SPAB_CLASS_2025-04-01_income_final_v1_doc_51a16a450298a663,evt_US_SPDR_SPAB_CLASS_2025-04-01_income_final_v1,doc_51a16a450298a663,2,SPDR ETF historical distributions sheet: SPAB on 2025-04-01,0.084,0.9,2026-09-25 18:48:23.408527
ev_evt_US_SPDR_SPAB_CLASS_2025-05-01_income_final_v1_doc_51a16a450298a663,evt_US_SPDR_SPAB_CLASS_2025-05-01_income_final_v1,doc_51a16a450298a663,2,SPDR ETF historical distributions sheet: SPAB on 2025-05-01,0.083653,0.9,2026-09-25 18:48:28.596156
ev_evt_US_SPDR_SPAB_CLASS_2025-06-02_income_final_v1_doc_51a16a450298a663,evt_US_SPDR_SPAB_CLASS_2025-06-02_income_final_v1,doc_51a16a450298a663,2,SPDR ETF historical distributions sheet: SPAB on 2025-06-02,0.085437,0.9,2026-09-25 18:48:33.895204
ev_evt_US_SPDR_SPAB_CLASS_2025-07-01_income_final_v1_doc_51a16a450298a663,evt_US_SPDR_SPAB_CLASS_2025-07-01_income_final_v1,doc_51a16a450298a663,2,SPDR ETF historical distributions sheet: SPAB on 2025-07-01,0.084336,0.9,2026-09-25 18:48:35.762700
ev_evt_US_SPDR_SPAB_CLASS_2025-08-01_income_final_v1_doc_51a16a450298a663,evt_US_SPDR_SPAB_CLASS_2025-08-01_income_final_v1,doc_51a16a450298a663,2,SPDR ETF historical distributions sheet: SPAB on 2025-08-01,0.085597,0.9,2026-09-25 18:48:37.643946
ev_evt_US_SPDR_SPAB_CLASS_2025-09-02_income_final_v1_doc_51a16a450298a663,evt_US_SPDR_SPAB_CLASS_2025-09-02_income_final_v1,doc_51a16a450298a663,2,SPDR ETF historical distributions sheet: SPAB on 2025-09-02,0.085605,0.9,2026-09-25 18:48:43.201776
ev_evt_US_SPDR_SPAB_CLASS_2025-10-01_income_final_v1_doc_51a16a450298a663,evt_US_SPDR_SPAB_CLASS_2025-10-01_income_final_v1,doc_51a16a450298a663,2,SPDR ETF historical distributions sheet: SPAB on 2025-10-01,0.084129,0.9,2026-09-25 18:48:46.082511
ev_evt_US_SPDR_SPAB_CLASS_2025-11-03_income_final_v1_doc_51a16a450298a663,evt_US_SPDR_SPAB_CLASS_2025-11-03_income_final_v1,doc_51a16a450298a663,2,SPDR ETF historical distributions sheet: SPAB on 2025-11-03,0.085917,0.9,2026-09-25 18:48:49.020384
ev_evt_US_SPDR_SPAB_CLASS_2025-12-18_income_final_v1_doc_51a16a450298a663,evt_US_SPDR_SPAB_CLASS_2025-12-18_income_final_v1,doc_51a16a450298a663,2,SPDR ETF historical distributions sheet: SPAB on 2025-12-18,0.091098,0.9,2026-09-25 18:48:50.879011
ev_evt_US_SPDR_SPAB_CLASS_2025-12-01_income_final_v1_doc_51a16a450298a663,evt_US_SPDR_SPAB_CLASS_2025-12-01_income_final_v1,doc_51a16a450298a663,2,SPDR ETF historical distributions sheet: SPAB on 2025-12-01,0.084987,0.9,2026-09-25 18:48:50.881867
ev_evt_US_SPDR_SPAB_CLASS_2026-02-02_income_final_v1_doc_51a16a450298a663,evt_US_SPDR_SPAB_CLASS_2026-02-02_income_final_v1,doc_51a16a450298a663,2,SPDR ETF historical distributions sheet: SPAB on 2026-02-02,0.081982,0.9,2026-09-25 18:48:58.864565
ev_evt_US_SPDR_SPAB_CLASS_2026-03-02_income_final_v1_doc_51a16a450298a663,evt_US_SPDR_SPAB_CLASS_2026-03-02_income_final_v1,doc_51a16a450298a663,2,SPDR ETF historical distributions sheet: SPAB on 2026-03-02,0.083151,0.9,2026-09-25 18:49:00.719584
ev_evt_US_SPDR_SPAB_CLASS_2026-04-01_income_final_v1_doc_51a16a450298a663,evt_US_SPDR_SPAB_CLASS_2026-04-01_income_final_v1,doc_51a16a450298a663,2,SPDR ETF historical distributions sheet: SPAB on 2026-04-01,0.087542,0.9,2026-09-25 18:49:04.286170
ev_evt_US_SPDR_SPAB_CLASS_2026-05-01_income_final_v1_doc_51a16a450298a663,evt_US_SPDR_SPAB_CLASS_2026-05-01_income_final_v1,doc_51a16a450298a663,2,SPDR ETF historical distributions sheet: SPAB on 2026-05-01,0.086386,0.9,2026-09-25 18:49:06.170413
ev_evt_US_SPDR_SPAB_CLASS_2026-06-01_income_final_v1_doc_51a16a450298a663,evt_US_SPDR_SPAB_CLASS_2026-06-01_income_final_v1,doc_51a16a450298a663,2,SPDR ETF historical distributions sheet: SPAB on 2026-06-01,0.087934,0.9,2026-09-25 18:49:09.088685
ev_evt_US_SPDR_SPAB_CLASS_2026-07-01_income_final_v1_doc_51a16a450298a663,evt_US_SPDR_SPAB_CLASS_2026-07-01_income_final_v1,doc_51a16a450298a663,2,SPDR ETF historical distributions sheet: SPAB on 2026-07-01,0.087484,0.9,2026-09-25 18:49:10.975489
ev_evt_US_SPDR_SPAB_CLASS_2026-08-03_income_final_v1_doc_51a16a450298a663,evt_US_SPDR_SPAB_CLASS_2026-08-03_income_final_v1,doc_51a16a450298a663,2,SPDR ETF historical distributions sheet: SPAB on 2026-08-03,0.088979,0.9,2026-09-25 18:49:13.575682
ev_evt_US_SPDR_SPAB_CLASS_2026-09-01_income_final_v1_doc_51a16a450298a663,evt_US_SPDR_SPAB_CLASS_2026-09-01_income_final_v1,doc_51a16a450298a663,2,SPDR ETF historical distributions sheet: SPAB on 2026-09-01,0.089306,0.9,2026-09-25 18:49:16.228912
ev_evt_US_SPDR_JNK_CLASS_2024-10-01_income_final_v1_doc_51a16a450298a663,evt_US_SPDR_JNK_CLASS_2024-10-01_income_final_v1,doc_51a16a450298a663,2,SPDR ETF historical distributions sheet: JNK on 2024-10-01,0.527874,0.9,2026-09-25 18:49:32.276247
ev_evt_US_SPDR_JNK_CLASS_2024-11-01_income_final_v1_doc_51a16a450298a663,evt_US_SPDR_JNK_CLASS_2024-11-01_income_final_v1,doc_51a16a450298a663,2,SPDR ETF historical distributions sheet: JNK on 2024-11-01,0.531467,0.9,2026-09-25 18:49:38.671258
ev_evt_US_SPDR_JNK_CLASS_2024-12-19_income_final_v1_doc_51a16a450298a663,evt_US_SPDR_JNK_CLASS_2024-12-19_income_final_v1,doc_51a16a450298a663,2,SPDR ETF historical distributions sheet: JNK on 2024-12-19,0.520153,0.9,2026-09-25 18:49:40.498005
ev_evt_US_SPDR_JNK_CLASS_2024-12-02_income_final_v1_doc_51a16a450298a663,evt_US_SPDR_JNK_CLASS_2024-12-02_income_final_v1,doc_51a16a450298a663,2,SPDR ETF historical distributions sheet: JNK on 2024-12-02,0.524406,0.9,2026-09-25 18:49:40.501202
ev_evt_US_SPDR_JNK_CLASS_2025-02-03_income_final_v1_doc_51a16a450298a663,evt_US_SPDR_JNK_CLASS_2025-02-03_income_final_v1,doc_51a16a450298a663,2,SPDR ETF historical distributions sheet: JNK on 2025-02-03,0.535687,0.9,2026-09-25 18:49:45.686296
ev_evt_US_SPDR_JNK_CLASS_2025-03-03_income_final_v1_doc_51a16a450298a663,evt_US_SPDR_JNK_CLASS_2025-03-03_income_final_v1,doc_51a16a450298a663,2,SPDR ETF historical distributions sheet: JNK on 2025-03-03,0.527957,0.9,2026-09-25 18:49:47.680766
ev_evt_US_SPDR_JNK_CLASS_2025-04-01_income_final_v1_doc_51a16a450298a663,evt_US_SPDR_JNK_CLASS_2025-04-01_income_final_v1,doc_51a16a450298a663,2,SPDR ETF historical distributions sheet: JNK on 2025-04-01,0.532464,0.9,2026-09-25 18:49:50.373048
ev_evt_US_SPDR_JNK_CLASS_2025-05-01_income_final_v1_doc_51a16a450298a663,evt_US_SPDR_JNK_CLASS_2025-05-01_income_final_v1,doc_51a16a450298a663,2,SPDR ETF historical distributions sheet: JNK on 2025-05-01,0.529054,0.9,2026-09-25 18:49:55.763717
ev_evt_US_SPDR_JNK_CLASS_2025-06-02_income_final_v1_doc_51a16a450298a663,evt_US_SPDR_JNK_CLASS_2025-06-02_income_final_v1,doc_51a16a450298a663,2,SPDR ETF historical distributions sheet: JNK on 2025-06-02,0.535758,0.9,2026-09-25 18:50:00.815939
ev_evt_US_SPDR_JNK_CLASS_2025-07-01_income_final_v1_doc_51a16a450298a663,evt_US_SPDR_JNK_CLASS_2025-07-01_income_final_v1,doc_51a16a450298a663,2,SPDR ETF historical distributions sheet: JNK on 2025-07-01,0.539546,0.9,2026-09-25 18:50:02.678525
ev_evt_US_SPDR_JNK_CLASS_2025-08-01_income_final_v1_doc_51a16a450298a663,evt_US_SPDR_JNK_CLASS_2025-08-01_income_final_v1,doc_51a16a450298a663,2,SPDR ETF historical distributions sheet: JNK on 2025-08-01,0.539129,0.9,2026-09-25 18:50:04.621047
ev_evt_US_SPDR_JNK_CLASS_2025-09-02_income_final_v1_doc_51a16a450298a663,evt_US_SPDR_JNK_CLASS_2025-09-02_income_final_v1,doc_51a16a450298a663,2,SPDR ETF historical distributions sheet: JNK on 2025-09-02,0.529384,0.9,2026-09-25 18:50:09.845483
ev_evt_US_SPDR_JNK_CLASS_2025-10-01_income_final_v1_doc_51a16a450298a663,evt_US_SPDR_JNK_CLASS_2025-10-01_income_final_v1,doc_51a16a450298a663,2,SPDR ETF historical distributions sheet: JNK on 2025-10-01,0.537695,0.9,2026-09-25 18:50:12.733489
ev_evt_US_SPDR_JNK_CLASS_2025-11-03_income_final_v1_doc_51a16a450298a663,evt_US_SPDR_JNK_CLASS_2025-11-03_income_final_v1,doc_51a16a450298a663,2,SPDR ETF historical distributions sheet: JNK on 2025-11-03,0.533377,0.9,2026-09-25 18:50:15.504334
ev_evt_US_SPDR_JNK_CLASS_2025-12-18_income_final_v1_doc_51a16a450298a663,evt_US_SPDR_JNK_CLASS_2025-12-18_income_final_v1,doc_51a16a450298a663,2,SPDR ETF historical distributions sheet: JNK on 2025-12-18,0.490548,0.9,2026-09-25 18:50:17.418409
ev_evt_US_SPDR_JNK_CLASS_2025-12-01_income_final_v1_doc_51a16a450298a663,evt_US_SPDR_JNK_CLASS_2025-12-01_income_final_v1,doc_51a16a450298a663,2,SPDR ETF historical distributions sheet: JNK on 2025-12-01,0.527894,0.9,2026-09-25 18:50:17.421367
ev_evt_US_SPDR_JNK_CLASS_2026-02-02_income_final_v1_doc_51a16a450298a663,evt_US_SPDR_JNK_CLASS_2026-02-02_income_final_v1,doc_51a16a450298a663,2,SPDR ETF historical distributions sheet: JNK on 2026-02-02,0.560093,0.9,2026-09-25 18:50:24.372149
ev_evt_US_SPDR_JNK_CLASS_2026-03-02_income_final_v1_doc_51a16a450298a663,evt_US_SPDR_JNK_CLASS_2026-03-02_income_final_v1,doc_51a16a450298a663,2,SPDR ETF historical distributions sheet: JNK on 2026-03-02,0.524572,0.9,2026-09-25 18:50:26.212857
ev_evt_US_SPDR_JNK_CLASS_2026-04-01_income_final_v1_doc_51a16a450298a663,evt_US_SPDR_JNK_CLASS_2026-04-01_income_final_v1,doc_51a16a450298a663,2,SPDR ETF historical distributions sheet: JNK on 2026-04-01,0.524775,0.9,2026-09-25 18:50:28.752659
ev_evt_US_SPDR_JNK_CLASS_2026-05-01_income_final_v1_doc_51a16a450298a663,evt_US_SPDR_JNK_CLASS_2026-05-01_income_final_v1,doc_51a16a450298a663,2,SPDR ETF historical distributions sheet: JNK on 2026-05-01,0.526935,0.9,2026-09-25 18:50:30.650890
ev_evt_US_SPDR_JNK_CLASS_2026-06-01_income_final_v1_doc_51a16a450298a663,evt_US_SPDR_JNK_CLASS_2026-06-01_income_final_v1,doc_51a16a450298a663,2,SPDR ETF historical distributions sheet: JNK on 2026-06-01,0.523099,0.9,2026-09-25 18:50:33.262013
ev_evt_US_SPDR_JNK_CLASS_2026-07-01_income_final_v1_doc_51a16a450298a663,evt_US_SPDR_JNK_CLASS_2026-07-01_income_final_v1,doc_51a16a450298a663,2,SPDR ETF historical distributions sheet: JNK on 2026-07-01,0.530783,0.9,2026-09-25 18:50:35.141661
ev_evt_US_SPDR_JNK_CLASS_2026-08-03_income_final_v1_doc_51a16a450298a663,evt_US_SPDR_JNK_CLASS_2026-08-03_income_final_v1,doc_51a16a450298a663,2,SPDR ETF historical distributions sheet: JNK on 2026-08-03,0.527178,0.9,2026-09-25 18:50:37.735041
ev_evt_US_SPDR_JNK_CLASS_2026-09-01_income_final_v1_doc_51a16a450298a663,evt_US_SPDR_JNK_CLASS_2026-09-01_income_final_v1,doc_51a16a450298a663,2,SPDR ETF historical distributions sheet: JNK on 2026-09-01,0.532295,0.9,2026-09-25 18:50:40.844182
ev_evt_US_SPDR_SJNK_CLASS_2024-10-01_income_final_v1_doc_51a16a450298a663,evt_US_SPDR_SJNK_CLASS_2024-10-01_income_final_v1,doc_51a16a450298a663,2,SPDR ETF historical distributions sheet: SJNK on 2024-10-01,0.157932,0.9,2026-09-25 18:50:56.900635
ev_evt_US_SPDR_SJNK_CLASS_2024-11-01_income_final_v1_doc_51a16a450298a663,evt_US_SPDR_SJNK_CLASS_2024-11-01_income_final_v1,doc_51a16a450298a663,2,SPDR ETF historical distributions sheet: SJNK on 2024-11-01,0.155773,0.9,2026-09-25 18:51:03.664411
ev_evt_US_SPDR_SJNK_CLASS_2024-12-19_income_final_v1_doc_51a16a450298a663,evt_US_SPDR_SJNK_CLASS_2024-12-19_income_final_v1,doc_51a16a450298a663,2,SPDR ETF historical distributions sheet: SJNK on 2024-12-19,0.159594,0.9,2026-09-25 18:51:05.560712
ev_evt_US_SPDR_SJNK_CLASS_2024-12-02_income_final_v1_doc_51a16a450298a663,evt_US_SPDR_SJNK_CLASS_2024-12-02_income_final_v1,doc_51a16a450298a663,2,SPDR ETF historical distributions sheet: SJNK on 2024-12-02,0.155215,0.9,2026-09-25 18:51:05.563933
ev_evt_US_SPDR_SJNK_CLASS_2025-02-03_income_final_v1_doc_51a16a450298a663,evt_US_SPDR_SJNK_CLASS_2025-02-03_income_final_v1,doc_51a16a450298a663,2,SPDR ETF historical distributions sheet: SJNK on 2025-02-03,0.151991,0.9,2026-09-25 18:51:10.565568
ev_evt_US_SPDR_SJNK_CLASS_2025-03-03_income_final_v1_doc_51a16a450298a663,evt_US_SPDR_SJNK_CLASS_2025-03-03_income_final_v1,doc_51a16a450298a663,2,SPDR ETF historical distributions sheet: SJNK on 2025-03-03,0.15205,0.9,2026-09-25 18:51:12.447619
ev_evt_US_SPDR_SJNK_CLASS_2025-04-01_income_final_v1_doc_51a16a450298a663,evt_US_SPDR_SJNK_CLASS_2025-04-01_income_final_v1,doc_51a16a450298a663,2,SPDR ETF historical distributions sheet: SJNK on 2025-04-01,0.158725,0.9,2026-09-25 18:51:15.310215
ev_evt_US_SPDR_SJNK_CLASS_2025-05-01_income_final_v1_doc_51a16a450298a663,evt_US_SPDR_SJNK_CLASS_2025-05-01_income_final_v1,doc_51a16a450298a663,2,SPDR ETF historical distributions sheet: SJNK on 2025-05-01,0.15483,0.9,2026-09-25 18:51:20.470235
ev_evt_US_SPDR_SJNK_CLASS_2025-06-02_income_final_v1_doc_51a16a450298a663,evt_US_SPDR_SJNK_CLASS_2025-06-02_income_final_v1,doc_51a16a450298a663,2,SPDR ETF historical distributions sheet: SJNK on 2025-06-02,0.15536,0.9,2026-09-25 18:51:25.781828
ev_evt_US_SPDR_SJNK_CLASS_2025-07-01_income_final_v1_doc_51a16a450298a663,evt_US_SPDR_SJNK_CLASS_2025-07-01_income_final_v1,doc_51a16a450298a663,2,SPDR ETF historical distributions sheet: SJNK on 2025-07-01,0.1484,0.9,2026-09-25 18:51:28.068855
ev_evt_US_SPDR_SJNK_CLASS_2025-08-01_income_final_v1_doc_51a16a450298a663,evt_US_SPDR_SJNK_CLASS_2025-08-01_income_final_v1,doc_51a16a450298a663,2,SPDR ETF historical distributions sheet: SJNK on 2025-08-01,0.152607,0.9,2026-09-25 18:51:30.838498
ev_evt_US_SPDR_SJNK_CLASS_2025-09-02_income_final_v1_doc_51a16a450298a663,evt_US_SPDR_SJNK_CLASS_2025-09-02_income_final_v1,doc_51a16a450298a663,2,SPDR ETF historical distributions sheet: SJNK on 2025-09-02,0.152376,0.9,2026-09-25 18:51:47.187229
ev_evt_US_SPDR_SJNK_CLASS_2025-10-01_income_final_v1_doc_51a16a450298a663,evt_US_SPDR_SJNK_CLASS_2025-10-01_income_final_v1,doc_51a16a450298a663,2,SPDR ETF historical distributions sheet: SJNK on 2025-10-01,0.145961,0.9,2026-09-25 18:51:51.751209
ev_evt_US_SPDR_SJNK_CLASS_2025-11-03_income_final_v1_doc_51a16a450298a663,evt_US_SPDR_SJNK_CLASS_2025-11-03_income_final_v1,doc_51a16a450298a663,2,SPDR ETF historical distributions sheet: SJNK on 2025-11-03,0.142305,0.9,2026-09-25 18:52:01.678031
ev_evt_US_SPDR_SJNK_CLASS_2025-12-18_income_final_v1_doc_51a16a450298a663,evt_US_SPDR_SJNK_CLASS_2025-12-18_income_final_v1,doc_51a16a450298a663,2,SPDR ETF historical distributions sheet: SJNK on 2025-12-18,0.144482,0.9,2026-09-25 18:52:03.983467
ev_evt_US_SPDR_SJNK_CLASS_2025-12-01_income_final_v1_doc_51a16a450298a663,evt_US_SPDR_SJNK_CLASS_2025-12-01_income_final_v1,doc_51a16a450298a663,2,SPDR ETF historical distributions sheet: SJNK on 2025-12-01,0.14377,0.9,2026-09-25 18:52:03.986146
ev_evt_US_SPDR_SJNK_CLASS_2026-02-02_income_final_v1_doc_51a16a450298a663,evt_US_SPDR_SJNK_CLASS_2026-02-02_income_final_v1,doc_51a16a450298a663,2,SPDR ETF historical distributions sheet: SJNK on 2026-02-02,0.13968,0.9,2026-09-25 18:52:11.542346
ev_evt_US_SPDR_SJNK_CLASS_2026-03-02_income_final_v1_doc_51a16a450298a663,evt_US_SPDR_SJNK_CLASS_2026-03-02_income_final_v1,doc_51a16a450298a663,2,SPDR ETF historical distributions sheet: SJNK on 2026-03-02,0.144011,0.9,2026-09-25 18:52:13.404009
ev_evt_US_SPDR_SJNK_CLASS_2026-04-01_income_final_v1_doc_51a16a450298a663,evt_US_SPDR_SJNK_CLASS_2026-04-01_income_final_v1,doc_51a16a450298a663,2,SPDR ETF historical distributions sheet: SJNK on 2026-04-01,0.151206,0.9,2026-09-25 18:52:15.933562
ev_evt_US_SPDR_SJNK_CLASS_2026-05-01_income_final_v1_doc_51a16a450298a663,evt_US_SPDR_SJNK_CLASS_2026-05-01_income_final_v1,doc_51a16a450298a663,2,SPDR ETF historical distributions sheet: SJNK on 2026-05-01,0.143382,0.9,2026-09-25 18:52:18.017552
ev_evt_US_SPDR_SJNK_CLASS_2026-06-01_income_final_v1_doc_51a16a450298a663,evt_US_SPDR_SJNK_CLASS_2026-06-01_income_final_v1,doc_51a16a450298a663,2,SPDR ETF historical distributions sheet: SJNK on 2026-06-01,0.142838,0.9,2026-09-25 18:52:20.334684
ev_evt_US_SPDR_SJNK_CLASS_2026-07-01_income_final_v1_doc_51a16a450298a663,evt_US_SPDR_SJNK_CLASS_2026-07-01_income_final_v1,doc_51a16a450298a663,2,SPDR ETF historical distributions sheet: SJNK on 2026-07-01,0.147179,0.9,2026-09-25 18:52:22.246654
ev_evt_US_SPDR_SJNK_CLASS_2026-08-03_income_final_v1_doc_51a16a450298a663,evt_US_SPDR_SJNK_CLASS_2026-08-03_income_final_v1,doc_51a16a450298a663,2,SPDR ETF historical distributions sheet: SJNK on 2026-08-03,0.142085,0.9,2026-09-25 18:52:24.734911
ev_evt_US_SPDR_SJNK_CLASS_2026-09-01_income_final_v1_doc_51a16a450298a663,evt_US_SPDR_SJNK_CLASS_2026-09-01_income_final_v1,doc_51a16a450298a663,2,SPDR ETF historical distributions sheet: SJNK on 2026-09-01,0.141949,0.9,2026-09-25 18:52:27.520112
ev_evt_US_SPDR_XLF_CLASS_2024-12-23_income_final_v1_doc_51a16a450298a663,evt_US_SPDR_XLF_CLASS_2024-12-23_income_final_v1,doc_51a16a450298a663,2,SPDR ETF historical distributions sheet: XLF on 2024-12-23,0.206245,0.9,2026-09-25 18:52:47.444990
ev_evt_US_SPDR_XLF_CLASS_2025-03-24_income_final_v1_doc_51a16a450298a663,evt_US_SPDR_XLF_CLASS_2025-03-24_income_final_v1,doc_51a16a450298a663,2,SPDR ETF historical distributions sheet: XLF on 2025-03-24,0.178776,0.9,2026-09-25 18:53:09.343283
ev_evt_US_SPDR_XLF_CLASS_2025-06-23_income_final_v1_doc_51a16a450298a663,evt_US_SPDR_XLF_CLASS_2025-06-23_income_final_v1,doc_51a16a450298a663,2,SPDR ETF historical distributions sheet: XLF on 2025-06-23,0.172105,0.9,2026-09-25 18:53:28.763236
ev_evt_US_SPDR_XLF_CLASS_2025-09-22_income_final_v1_doc_51a16a450298a663,evt_US_SPDR_XLF_CLASS_2025-09-22_income_final_v1,doc_51a16a450298a663,2,SPDR ETF historical distributions sheet: XLF on 2025-09-22,0.177993,0.9,2026-09-25 18:54:48.390183
ev_evt_US_SPDR_XLF_CLASS_2025-12-22_income_final_v1_doc_51a16a450298a663,evt_US_SPDR_XLF_CLASS_2025-12-22_income_final_v1,doc_51a16a450298a663,2,SPDR ETF historical distributions sheet: XLF on 2025-12-22,0.190771,0.9,2026-09-25 18:55:25.191415
ev_evt_US_SPDR_XLF_CLASS_2026-03-23_income_final_v1_doc_51a16a450298a663,evt_US_SPDR_XLF_CLASS_2026-03-23_income_final_v1,doc_51a16a450298a663,2,SPDR ETF historical distributions sheet: XLF on 2026-03-23,0.251492,0.9,2026-09-25 18:55:33.240542
ev_evt_US_SPDR_XLF_CLASS_2026-06-22_income_final_v1_doc_51a16a450298a663,evt_US_SPDR_XLF_CLASS_2026-06-22_income_final_v1,doc_51a16a450298a663,2,SPDR ETF historical distributions sheet: XLF on 2026-06-22,0.187083,0.9,2026-09-25 18:55:49.749083
ev_evt_US_SPDR_XLF_CLASS_2026-09-21_income_final_v1_doc_51a16a450298a663,evt_US_SPDR_XLF_CLASS_2026-09-21_income_final_v1,doc_51a16a450298a663,2,SPDR ETF historical distributions sheet: XLF on 2026-09-21,0.196537,0.9,2026-09-25 18:55:55.280946
ev_evt_US_SPDR_XLE_CLASS_2024-12-23_income_final_v1_doc_51a16a450298a663,evt_US_SPDR_XLE_CLASS_2024-12-23_income_final_v1,doc_51a16a450298a663,2,SPDR ETF historical distributions sheet: XLE on 2024-12-23,0.699989,0.9,2026-09-25 18:56:15.375605
ev_evt_US_SPDR_XLE_CLASS_2025-03-24_income_final_v1_doc_51a16a450298a663,evt_US_SPDR_XLE_CLASS_2025-03-24_income_final_v1,doc_51a16a450298a663,2,SPDR ETF historical distributions sheet: XLE on 2025-03-24,0.71633,0.9,2026-09-25 18:56:22.653625
ev_evt_US_SPDR_XLE_CLASS_2025-06-23_income_final_v1_doc_51a16a450298a663,evt_US_SPDR_XLE_CLASS_2025-06-23_income_final_v1,doc_51a16a450298a663,2,SPDR ETF historical distributions sheet: XLE on 2025-06-23,0.718258,0.9,2026-09-25 18:56:32.357860
ev_evt_US_SPDR_XLE_CLASS_2025-09-22_income_final_v1_doc_51a16a450298a663,evt_US_SPDR_XLE_CLASS_2025-09-22_income_final_v1,doc_51a16a450298a663,2,SPDR ETF historical distributions sheet: XLE on 2025-09-22,0.748731,0.9,2026-09-25 18:56:42.301204
ev_evt_US_SPDR_XLE_CLASS_2025-12-22_income_final_v1_doc_51a16a450298a663,evt_US_SPDR_XLE_CLASS_2025-12-22_income_final_v1,doc_51a16a450298a663,2,SPDR ETF historical distributions sheet: XLE on 2025-12-22,0.373015,0.9,2026-09-25 18:57:48.553508
ev_evt_US_SPDR_XLE_CLASS_2026-03-23_income_final_v1_doc_51a16a450298a663,evt_US_SPDR_XLE_CLASS_2026-03-23_income_final_v1,doc_51a16a450298a663,2,SPDR ETF historical distributions sheet: XLE on 2026-03-23,0.385178,0.9,2026-09-25 18:57:55.670973
ev_evt_US_SPDR_XLE_CLASS_2026-06-22_income_final_v1_doc_51a16a450298a663,evt_US_SPDR_XLE_CLASS_2026-06-22_income_final_v1,doc_51a16a450298a663,2,SPDR ETF historical distributions sheet: XLE on 2026-06-22,0.384876,0.9,2026-09-25 18:58:02.254558
ev_evt_US_SPDR_XLE_CLASS_2026-09-21_income_final_v1_doc_51a16a450298a663,evt_US_SPDR_XLE_CLASS_2026-09-21_income_final_v1,doc_51a16a450298a663,2,SPDR ETF historical distributions sheet: XLE on 2026-09-21,0.380277,0.9,2026-09-25 18:58:07.947239
ev_evt_US_VANGUARD_VTI_CLASS_2025-03-27_income_final_v1_doc_9da7d9605b060538,evt_US_VANGUARD_VTI_CLASS_2025-03-27_income_final_v1,doc_9da7d9605b060538,2,"Vanguard Profile JSON: {""reInvestPrice"": ""$279.05"", ""recordDate"": ""03/27/2025"", ""reInvestDate"": ""03/27/2025"", ""share"": ""$0.9854000000"", ""payableDate"": ""03/31/2025"", ""type"": ""Dividend""}",0.9854,0.9,2026-09-25 18:59:32.425519
ev_evt_US_VANGUARD_VTI_CLASS_2025-06-30_income_final_v1_doc_9da7d9605b060538,evt_US_VANGUARD_VTI_CLASS_2025-06-30_income_final_v1,doc_9da7d9605b060538,2,"Vanguard Profile JSON: {""reInvestPrice"": ""$304.05"", ""recordDate"": ""06/30/2025"", ""reInvestDate"": ""06/30/2025"", ""share"": ""$0.9132000000"", ""payableDate"": ""07/02/2025"", ""type"": ""Dividend""}",0.9132,0.9,2026-09-25 19:00:20.737299
ev_evt_US_VANGUARD_VTI_CLASS_2025-09-29_income_final_v1_doc_9da7d9605b060538,evt_US_VANGUARD_VTI_CLASS_2025-09-29_income_final_v1,doc_9da7d9605b060538,2,"Vanguard Profile JSON: {""reInvestPrice"": ""$327.06"", ""recordDate"": ""09/29/2025"", ""reInvestDate"": ""09/29/2025"", ""share"": ""$0.9072000000"", ""payableDate"": ""10/01/2025"", ""type"": ""Dividend""}",0.9072,0.9,2026-09-25 19:00:28.220906
ev_evt_US_VANGUARD_VTI_CLASS_2025-12-22_income_final_v1_doc_9da7d9605b060538,evt_US_VANGUARD_VTI_CLASS_2025-12-22_income_final_v1,doc_9da7d9605b060538,2,"Vanguard Profile JSON: {""reInvestPrice"": ""$337.66"", ""recordDate"": ""12/22/2025"", ""reInvestDate"": ""12/22/2025"", ""share"": ""$0.9508000000"", ""payableDate"": ""12/24/2025"", ""type"": ""Dividend""}",0.9508,0.9,2026-09-25 19:00:32.214759
ev_evt_US_VANGUARD_VTI_CLASS_2026-03-27_income_final_v1_doc_9da7d9605b060538,evt_US_VANGUARD_VTI_CLASS_2026-03-27_income_final_v1,doc_9da7d9605b060538,2,"Vanguard Profile JSON: {""reInvestPrice"": ""$313.12"", ""recordDate"": ""03/27/2026"", ""reInvestDate"": ""03/27/2026"", ""share"": ""$0.9982000000"", ""payableDate"": ""03/31/2026"", ""type"": ""Dividend""}",0.9982,0.9,2026-09-25 19:00:46.941741
ev_evt_US_VANGUARD_VTI_CLASS_2026-06-26_income_final_v1_doc_9da7d9605b060538,evt_US_VANGUARD_VTI_CLASS_2026-06-26_income_final_v1,doc_9da7d9605b060538,2,"Vanguard Profile JSON: {""reInvestPrice"": ""$363.02"", ""recordDate"": ""06/26/2026"", ""reInvestDate"": ""06/26/2026"", ""share"": ""$1.0437000000"", ""payableDate"": ""06/30/2026"", ""type"": ""Dividend""}",1.0437,0.9,2026-09-25 19:00:54.067243
ev_evt_US_VANGUARD_VOO_CLASS_2025-03-27_income_final_v1_doc_d726fe80aad98285,evt_US_VANGUARD_VOO_CLASS_2025-03-27_income_final_v1,doc_d726fe80aad98285,2,"Vanguard Profile JSON: {""reInvestPrice"": ""$521.16"", ""recordDate"": ""03/27/2025"", ""reInvestDate"": ""03/27/2025"", ""share"": ""$1.8121000000"", ""payableDate"": ""03/31/2025"", ""type"": ""Dividend""}",1.8121,0.9,2026-09-25 19:01:28.361725
ev_evt_US_VANGUARD_VOO_CLASS_2025-06-30_income_final_v1_doc_d726fe80aad98285,evt_US_VANGUARD_VOO_CLASS_2025-06-30_income_final_v1,doc_d726fe80aad98285,2,"Vanguard Profile JSON: {""reInvestPrice"": ""$568.21"", ""recordDate"": ""06/30/2025"", ""reInvestDate"": ""06/30/2025"", ""share"": ""$1.7447000000"", ""payableDate"": ""07/02/2025"", ""type"": ""Dividend""}",1.7447,0.9,2026-09-25 19:02:12.028579
ev_evt_US_VANGUARD_VOO_CLASS_2025-09-29_income_final_v1_doc_d726fe80aad98285,evt_US_VANGUARD_VOO_CLASS_2025-09-29_income_final_v1,doc_d726fe80aad98285,2,"Vanguard Profile JSON: {""reInvestPrice"": ""$610.01"", ""recordDate"": ""09/29/2025"", ""reInvestDate"": ""09/29/2025"", ""share"": ""$1.7400000000"", ""payableDate"": ""10/01/2025"", ""type"": ""Dividend""}",1.74,0.9,2026-09-25 19:02:19.003649
ev_evt_US_VANGUARD_VOO_CLASS_2025-12-22_income_final_v1_doc_d726fe80aad98285,evt_US_VANGUARD_VOO_CLASS_2025-12-22_income_final_v1,doc_d726fe80aad98285,2,"Vanguard Profile JSON: {""reInvestPrice"": ""$629.91"", ""recordDate"": ""12/22/2025"", ""reInvestDate"": ""12/22/2025"", ""share"": ""$1.7710000000"", ""payableDate"": ""12/24/2025"", ""type"": ""Dividend""}",1.771,0.9,2026-09-25 19:02:23.107054
ev_evt_US_VANGUARD_VOO_CLASS_2026-03-27_income_final_v1_doc_d726fe80aad98285,evt_US_VANGUARD_VOO_CLASS_2026-03-27_income_final_v1,doc_d726fe80aad98285,2,"Vanguard Profile JSON: {""reInvestPrice"": ""$583.19"", ""recordDate"": ""03/27/2026"", ""reInvestDate"": ""03/27/2026"", ""share"": ""$1.8724000000"", ""payableDate"": ""03/31/2026"", ""type"": ""Dividend""}",1.8724,0.9,2026-09-25 19:02:37.963131
ev_evt_US_VANGUARD_VOO_CLASS_2026-06-26_income_final_v1_doc_d726fe80aad98285,evt_US_VANGUARD_VOO_CLASS_2026-06-26_income_final_v1,doc_d726fe80aad98285,2,"Vanguard Profile JSON: {""reInvestPrice"": ""$673.33"", ""recordDate"": ""06/26/2026"", ""reInvestDate"": ""06/26/2026"", ""share"": ""$1.9622000000"", ""payableDate"": ""06/30/2026"", ""type"": ""Dividend""}",1.9622,0.9,2026-09-25 19:02:45.103633
ev_evt_US_VANGUARD_BND_CLASS_2025-04-01_income_final_v1_doc_3336418ff0916853,evt_US_VANGUARD_BND_CLASS_2025-04-01_income_final_v1,doc_3336418ff0916853,2,"Vanguard Profile JSON: {""reInvestPrice"": ""$73.38"", ""distributionYields"": ""4.14%"", ""recordDate"": ""04/01/2025"", ""reInvestDate"": ""04/01/2025"", ""share"": ""$0.2403740000"", ""payableDate"": ""04/03/2025"", ""type"": ""Dividend""}",0.240374,0.9,2026-09-25 19:03:56.785015
ev_evt_US_VANGUARD_BND_CLASS_2025-05-01_income_final_v1_doc_3336418ff0916853,evt_US_VANGUARD_BND_CLASS_2025-05-01_income_final_v1,doc_3336418ff0916853,2,"Vanguard Profile JSON: {""reInvestPrice"": ""$72.99"", ""distributionYields"": ""3.95%"", ""recordDate"": ""05/01/2025"", ""reInvestDate"": ""05/01/2025"", ""share"": ""$0.2363710000"", ""payableDate"": ""05/05/2025"", ""type"": ""Dividend""}",0.236371,0.9,2026-09-25 19:03:57.552792
ev_evt_US_VANGUARD_BND_CLASS_2025-06-02_income_final_v1_doc_3336418ff0916853,evt_US_VANGUARD_BND_CLASS_2025-06-02_income_final_v1,doc_3336418ff0916853,2,"Vanguard Profile JSON: {""reInvestPrice"": ""$72.30"", ""distributionYields"": ""3.79%"", ""recordDate"": ""06/02/2025"", ""reInvestDate"": ""06/02/2025"", ""share"": ""$0.2403150000"", ""payableDate"": ""06/04/2025"", ""type"": ""Dividend""}",0.240315,0.9,2026-09-25 19:03:58.317132
ev_evt_US_VANGUARD_BND_CLASS_2025-07-01_income_final_v1_doc_3336418ff0916853,evt_US_VANGUARD_BND_CLASS_2025-07-01_income_final_v1,doc_3336418ff0916853,2,"Vanguard Profile JSON: {""reInvestPrice"": ""$73.32"", ""distributionYields"": ""4.07%"", ""recordDate"": ""07/01/2025"", ""reInvestDate"": ""07/01/2025"", ""share"": ""$0.2353470000"", ""payableDate"": ""07/03/2025"", ""type"": ""Dividend""}",0.235347,0.9,2026-09-25 19:04:32.538982
ev_evt_US_VANGUARD_BND_CLASS_2025-08-01_income_final_v1_doc_3336418ff0916853,evt_US_VANGUARD_BND_CLASS_2025-08-01_income_final_v1,doc_3336418ff0916853,2,"Vanguard Profile JSON: {""reInvestPrice"": ""$73.53"", ""distributionYields"": ""3.90%"", ""recordDate"": ""08/01/2025"", ""reInvestDate"": ""08/01/2025"", ""share"": ""$0.2418660000"", ""payableDate"": ""08/05/2025"", ""type"": ""Dividend""}",0.241866,0.9,2026-09-25 19:04:34.618390
ev_evt_US_VANGUARD_BND_CLASS_2025-09-02_income_final_v1_doc_3336418ff0916853,evt_US_VANGUARD_BND_CLASS_2025-09-02_income_final_v1,doc_3336418ff0916853,2,"Vanguard Profile JSON: {""reInvestPrice"": ""$73.38"", ""distributionYields"": ""3.76%"", ""recordDate"": ""09/02/2025"", ""reInvestDate"": ""09/02/2025"", ""share"": ""$0.2427590000"", ""payableDate"": ""09/04/2025"", ""type"": ""Dividend""}",0.242759,0.9,2026-09-25 19:05:18.533596
ev_evt_US_VANGUARD_BND_CLASS_2025-10-01_income_final_v1_doc_3336418ff0916853,evt_US_VANGUARD_BND_CLASS_2025-10-01_income_final_v1,doc_3336418ff0916853,2,"Vanguard Profile JSON: {""reInvestPrice"": ""$74.28"", ""distributionYields"": ""4.02%"", ""recordDate"": ""10/01/2025"", ""reInvestDate"": ""10/01/2025"", ""share"": ""$0.2373280000"", ""payableDate"": ""10/03/2025"", ""type"": ""Dividend""}",0.237328,0.9,2026-09-25 19:05:19.303508
ev_evt_US_VANGUARD_BND_CLASS_2025-11-03_income_final_v1_doc_3336418ff0916853,evt_US_VANGUARD_BND_CLASS_2025-11-03_income_final_v1,doc_3336418ff0916853,2,"Vanguard Profile JSON: {""reInvestPrice"": ""$74.24"", ""distributionYields"": ""3.61%"", ""recordDate"": ""11/03/2025"", ""reInvestDate"": ""11/03/2025"", ""share"": ""$0.2436310000"", ""payableDate"": ""11/05/2025"", ""type"": ""Dividend""}",0.243631,0.9,2026-09-25 19:05:20.124175
ev_evt_US_VANGUARD_BND_CLASS_2025-12-18_income_final_v1_doc_3336418ff0916853,evt_US_VANGUARD_BND_CLASS_2025-12-18_income_final_v1,doc_3336418ff0916853,2,"Vanguard Profile JSON: {""reInvestPrice"": ""$74.13"", ""distributionYields"": ""5.66%"", ""recordDate"": ""12/18/2025"", ""reInvestDate"": ""12/18/2025"", ""share"": ""$0.2466380000"", ""payableDate"": ""12/22/2025"", ""type"": ""Dividend""}",0.246638,0.9,2026-09-25 19:05:20.869213
ev_evt_US_VANGUARD_BND_CLASS_2025-12-01_income_final_v1_doc_3336418ff0916853,evt_US_VANGUARD_BND_CLASS_2025-12-01_income_final_v1,doc_3336418ff0916853,2,"Vanguard Profile JSON: {""reInvestPrice"": ""$74.23"", ""distributionYields"": ""3.61%"", ""recordDate"": ""12/01/2025"", ""reInvestDate"": ""12/01/2025"", ""share"": ""$0.2385720000"", ""payableDate"": ""12/03/2025"", ""type"": ""Dividend""}",0.238572,0.9,2026-09-25 19:05:20.872410
ev_evt_US_VANGUARD_BND_CLASS_2026-02-02_income_final_v1_doc_3336418ff0916853,evt_US_VANGUARD_BND_CLASS_2026-02-02_income_final_v1,doc_3336418ff0916853,2,"Vanguard Profile JSON: {""reInvestPrice"": ""$73.89"", ""distributionYields"": ""2.63%"", ""recordDate"": ""02/02/2026"", ""reInvestDate"": ""02/02/2026"", ""share"": ""$0.2454700000"", ""payableDate"": ""02/04/2026"", ""type"": ""Dividend""}",0.24547,0.9,2026-09-25 19:06:01.722729
ev_evt_US_VANGUARD_BND_CLASS_2026-03-02_income_final_v1_doc_3336418ff0916853,evt_US_VANGUARD_BND_CLASS_2026-03-02_income_final_v1,doc_3336418ff0916853,2,"Vanguard Profile JSON: {""reInvestPrice"": ""$74.60"", ""distributionYields"": ""3.98%"", ""recordDate"": ""03/02/2026"", ""reInvestDate"": ""03/02/2026"", ""share"": ""$0.2278240000"", ""payableDate"": ""03/04/2026"", ""type"": ""Dividend""}",0.227824,0.9,2026-09-25 19:06:02.523577
ev_evt_US_VANGUARD_BND_CLASS_2026-04-01_income_final_v1_doc_3336418ff0916853,evt_US_VANGUARD_BND_CLASS_2026-04-01_income_final_v1,doc_3336418ff0916853,2,"Vanguard Profile JSON: {""reInvestPrice"": ""$73.38"", ""distributionYields"": ""4.12%"", ""recordDate"": ""04/01/2026"", ""reInvestDate"": ""04/01/2026"", ""share"": ""$0.2500160000"", ""payableDate"": ""04/06/2026"", ""type"": ""Dividend""}",0.250016,0.9,2026-09-25 19:06:04.314781
ev_evt_US_VANGUARD_BND_CLASS_2026-05-01_income_final_v1_doc_3336418ff0916853,evt_US_VANGUARD_BND_CLASS_2026-05-01_income_final_v1,doc_3336418ff0916853,2,"Vanguard Profile JSON: {""reInvestPrice"": ""$73.30"", ""distributionYields"": ""3.99%"", ""recordDate"": ""05/01/2026"", ""reInvestDate"": ""05/01/2026"", ""share"": ""$0.2417130000"", ""payableDate"": ""05/05/2026"", ""type"": ""Dividend""}",0.241713,0.9,2026-09-25 19:06:09.521942
ev_evt_US_VANGUARD_BND_CLASS_2026-06-01_income_final_v1_doc_3336418ff0916853,evt_US_VANGUARD_BND_CLASS_2026-06-01_income_final_v1,doc_3336418ff0916853,2,"Vanguard Profile JSON: {""reInvestPrice"": ""$73.15"", ""distributionYields"": ""3.98%"", ""recordDate"": ""06/01/2026"", ""reInvestDate"": ""06/01/2026"", ""share"": ""$0.2472590000"", ""payableDate"": ""06/03/2026"", ""type"": ""Dividend""}",0.247259,0.9,2026-09-25 19:06:12.023302
ev_evt_US_VANGUARD_BND_CLASS_2026-07-01_income_final_v1_doc_3336418ff0916853,evt_US_VANGUARD_BND_CLASS_2026-07-01_income_final_v1,doc_3336418ff0916853,2,"Vanguard Profile JSON: {""reInvestPrice"": ""$73.00"", ""distributionYields"": ""4.06%"", ""recordDate"": ""07/01/2026"", ""reInvestDate"": ""07/01/2026"", ""share"": ""$0.2444700000"", ""payableDate"": ""07/06/2026"", ""type"": ""Dividend""}",0.24447,0.9,2026-09-25 19:06:12.770984
ev_evt_US_VANGUARD_BND_CLASS_2026-08-03_income_final_v1_doc_3336418ff0916853,evt_US_VANGUARD_BND_CLASS_2026-08-03_income_final_v1,doc_3336418ff0916853,2,"Vanguard Profile JSON: {""reInvestPrice"": ""$72.12"", ""distributionYields"": ""3.83%"", ""recordDate"": ""08/03/2026"", ""reInvestDate"": ""08/03/2026"", ""share"": ""$0.2515500000"", ""payableDate"": ""08/05/2026"", ""type"": ""Dividend""}",0.25155,0.9,2026-09-25 19:06:14.581505
ev_evt_US_VANGUARD_BND_CLASS_2026-09-01_income_final_v1_doc_3336418ff0916853,evt_US_VANGUARD_BND_CLASS_2026-09-01_income_final_v1,doc_3336418ff0916853,2,"Vanguard Profile JSON: {""reInvestPrice"": ""$71.79"", ""distributionYields"": ""4.40%"", ""recordDate"": ""09/01/2026"", ""reInvestDate"": ""09/01/2026"", ""share"": ""$0.2528860000"", ""payableDate"": ""09/03/2026"", ""type"": ""Dividend""}",0.252886,0.9,2026-09-25 19:06:15.381641
ev_evt_US_VANGUARD_VYM_CLASS_2025-06-20_income_final_v1_doc_7e0516da7c72988a,evt_US_VANGUARD_VYM_CLASS_2025-06-20_income_final_v1,doc_7e0516da7c72988a,2,"Vanguard Profile JSON: {""reInvestPrice"": ""$129.67"", ""recordDate"": ""06/20/2025"", ""reInvestDate"": ""06/20/2025"", ""share"": ""$0.8617000000"", ""payableDate"": ""06/24/2025"", ""type"": ""Dividend""}",0.8617,0.9,2026-09-25 19:15:28.188432
ev_evt_US_VANGUARD_VYM_CLASS_2025-09-19_income_final_v1_doc_7e0516da7c72988a,evt_US_VANGUARD_VYM_CLASS_2025-09-19_income_final_v1,doc_7e0516da7c72988a,2,"Vanguard Profile JSON: {""reInvestPrice"": ""$140.43"", ""recordDate"": ""09/19/2025"", ""reInvestDate"": ""09/19/2025"", ""share"": ""$0.8417000000"", ""payableDate"": ""09/23/2025"", ""type"": ""Dividend""}",0.8417,0.9,2026-09-25 19:17:06.411139
ev_evt_US_VANGUARD_VYM_CLASS_2025-12-19_income_final_v1_doc_7e0516da7c72988a,evt_US_VANGUARD_VYM_CLASS_2025-12-19_income_final_v1,doc_7e0516da7c72988a,2,"Vanguard Profile JSON: {""reInvestPrice"": ""$143.33"", ""recordDate"": ""12/19/2025"", ""reInvestDate"": ""12/19/2025"", ""share"": ""$0.9474000000"", ""payableDate"": ""12/23/2025"", ""type"": ""Dividend""}",0.9474,0.9,2026-09-25 19:18:08.416751
ev_evt_US_VANGUARD_VYM_CLASS_2026-03-20_income_final_v1_doc_7e0516da7c72988a,evt_US_VANGUARD_VYM_CLASS_2026-03-20_income_final_v1,doc_7e0516da7c72988a,2,"Vanguard Profile JSON: {""reInvestPrice"": ""$145.07"", ""recordDate"": ""03/20/2026"", ""reInvestDate"": ""03/20/2026"", ""share"": ""$0.8617000000"", ""payableDate"": ""03/24/2026"", ""type"": ""Dividend""}",0.8617,0.9,2026-09-25 19:20:49.093715
ev_evt_US_VANGUARD_VYM_CLASS_2026-06-18_income_final_v1_doc_7e0516da7c72988a,evt_US_VANGUARD_VYM_CLASS_2026-06-18_income_final_v1,doc_7e0516da7c72988a,2,"Vanguard Profile JSON: {""reInvestPrice"": ""$158.22"", ""recordDate"": ""06/18/2026"", ""reInvestDate"": ""06/18/2026"", ""share"": ""$0.9795000000"", ""payableDate"": ""06/23/2026"", ""type"": ""Dividend""}",0.9795,0.9,2026-09-25 19:21:44.622272
ev_evt_US_VANGUARD_VYM_CLASS_2026-09-18_income_final_v1_doc_7e0516da7c72988a,evt_US_VANGUARD_VYM_CLASS_2026-09-18_income_final_v1,doc_7e0516da7c72988a,2,"Vanguard Profile JSON: {""reInvestPrice"": ""$159.35"", ""recordDate"": ""09/18/2026"", ""reInvestDate"": ""09/18/2026"", ""share"": ""$0.8869000000"", ""payableDate"": ""09/22/2026"", ""type"": ""Dividend""}",0.8869,0.9,2026-09-25 19:22:43.530101
ev_evt_US_VANGUARD_VNQ_CLASS_2025-03-25_income_final_v1_doc_27467171d38c273f,evt_US_VANGUARD_VNQ_CLASS_2025-03-25_income_final_v1,doc_27467171d38c273f,2,"Vanguard Profile JSON: {""reInvestPrice"": ""$89.70"", ""recordDate"": ""03/25/2025"", ""reInvestDate"": ""03/25/2025"", ""share"": ""$0.7032120000"", ""payableDate"": ""03/27/2025"", ""type"": ""Dividend""}",0.703212,0.9,2026-09-25 19:25:29.520076
ev_evt_US_VANGUARD_VNQ_CLASS_2025-03-25_return_of_capital_final_v1_doc_27467171d38c273f,evt_US_VANGUARD_VNQ_CLASS_2025-03-25_return_of_capital_final_v1,doc_27467171d38c273f,2,"Vanguard Profile JSON: {""reInvestPrice"": ""$89.70"", ""recordDate"": ""03/25/2025"", ""reInvestDate"": ""03/25/2025"", ""share"": ""$0.2286880000"", ""payableDate"": ""03/27/2025"", ""type"": ""ROC""}",0.228688,0.9,2026-09-25 19:25:29.525339
ev_evt_US_VANGUARD_VNQ_CLASS_2025-06-26_income_final_v1_doc_27467171d38c273f,evt_US_VANGUARD_VNQ_CLASS_2025-06-26_income_final_v1,doc_27467171d38c273f,2,"Vanguard Profile JSON: {""reInvestPrice"": ""$88.24"", ""recordDate"": ""06/26/2025"", ""reInvestDate"": ""06/26/2025"", ""share"": ""$0.6548420000"", ""payableDate"": ""06/30/2025"", ""type"": ""Dividend""}",0.654842,0.9,2026-09-25 19:26:54.939467
ev_evt_US_VANGUARD_VNQ_CLASS_2025-06-26_return_of_capital_final_v1_doc_27467171d38c273f,evt_US_VANGUARD_VNQ_CLASS_2025-06-26_return_of_capital_final_v1,doc_27467171d38c273f,2,"Vanguard Profile JSON: {""reInvestPrice"": ""$88.24"", ""recordDate"": ""06/26/2025"", ""reInvestDate"": ""06/26/2025"", ""share"": ""$0.2129580000"", ""payableDate"": ""06/30/2025"", ""type"": ""ROC""}",0.212958,0.9,2026-09-25 19:26:54.943377
ev_evt_US_VANGUARD_VNQ_CLASS_2025-09-24_income_final_v1_doc_27467171d38c273f,evt_US_VANGUARD_VNQ_CLASS_2025-09-24_income_final_v1,doc_27467171d38c273f,2,"Vanguard Profile JSON: {""reInvestPrice"": ""$90.38"", ""recordDate"": ""09/24/2025"", ""reInvestDate"": ""09/24/2025"", ""share"": ""$0.6577090000"", ""payableDate"": ""09/26/2025"", ""type"": ""Dividend""}",0.657709,0.9,2026-09-25 19:28:54.586545
ev_evt_US_VANGUARD_VNQ_CLASS_2025-09-24_return_of_capital_final_v1_doc_27467171d38c273f,evt_US_VANGUARD_VNQ_CLASS_2025-09-24_return_of_capital_final_v1,doc_27467171d38c273f,2,"Vanguard Profile JSON: {""reInvestPrice"": ""$90.38"", ""recordDate"": ""09/24/2025"", ""reInvestDate"": ""09/24/2025"", ""share"": ""$0.2138910000"", ""payableDate"": ""09/26/2025"", ""type"": ""ROC""}",0.213891,0.9,2026-09-25 19:28:54.591127
ev_evt_US_VANGUARD_VNQ_CLASS_2025-12-22_income_final_v1_doc_27467171d38c273f,evt_US_VANGUARD_VNQ_CLASS_2025-12-22_income_final_v1,doc_27467171d38c273f,2,"Vanguard Profile JSON: {""reInvestPrice"": ""$88.27"", ""recordDate"": ""12/22/2025"", ""reInvestDate"": ""12/22/2025"", ""share"": ""$0.6040570000"", ""payableDate"": ""12/24/2025"", ""type"": ""Dividend""}",0.604057,0.9,2026-09-25 19:29:42.218142
ev_evt_US_VANGUARD_VNQ_CLASS_2025-12-22_return_of_capital_final_v1_doc_27467171d38c273f,evt_US_VANGUARD_VNQ_CLASS_2025-12-22_return_of_capital_final_v1,doc_27467171d38c273f,2,"Vanguard Profile JSON: {""reInvestPrice"": ""$88.27"", ""recordDate"": ""12/22/2025"", ""reInvestDate"": ""12/22/2025"", ""share"": ""$0.1964430000"", ""payableDate"": ""12/24/2025"", ""type"": ""ROC""}",0.196443,0.9,2026-09-25 19:29:42.223940
ev_evt_US_VANGUARD_VNQ_CLASS_2026-03-24_income_final_v1_doc_27467171d38c273f,evt_US_VANGUARD_VNQ_CLASS_2026-03-24_income_final_v1,doc_27467171d38c273f,2,"Vanguard Profile JSON: {""reInvestPrice"": ""$87.87"", ""recordDate"": ""03/24/2026"", ""reInvestDate"": ""03/24/2026"", ""share"": ""$0.9457000000"", ""payableDate"": ""03/26/2026"", ""type"": ""Dividend""}",0.9457,0.9,2026-09-25 19:31:28.537980
ev_evt_US_VANGUARD_VNQ_CLASS_2026-06-24_income_final_v1_doc_27467171d38c273f,evt_US_VANGUARD_VNQ_CLASS_2026-06-24_income_final_v1,doc_27467171d38c273f,2,"Vanguard Profile JSON: {""reInvestPrice"": ""$96.97"", ""recordDate"": ""06/24/2026"", ""reInvestDate"": ""06/24/2026"", ""share"": ""$0.8554000000"", ""payableDate"": ""06/26/2026"", ""type"": ""Dividend""}",0.8554,0.9,2026-09-25 19:33:18.463759
ev_evt_US_VANGUARD_VNQ_CLASS_2026-09-23_income_final_v1_doc_27467171d38c273f,evt_US_VANGUARD_VNQ_CLASS_2026-09-23_income_final_v1,doc_27467171d38c273f,2,"Vanguard Profile JSON: {""reInvestPrice"": ""$91.42"", ""recordDate"": ""09/23/2026"", ""reInvestDate"": ""09/23/2026"", ""share"": ""$0.8046000000"", ""payableDate"": ""09/25/2026"", ""type"": ""Dividend""}",0.8046,0.9,2026-09-25 19:33:40.543934
ev_evt_US_VANGUARD_VB_CLASS_2025-03-27_income_final_v1_doc_bbfbd93f4de56433,evt_US_VANGUARD_VB_CLASS_2025-03-27_income_final_v1,doc_bbfbd93f4de56433,2,"Vanguard Profile JSON: {""reInvestPrice"": ""$226.07"", ""recordDate"": ""03/27/2025"", ""reInvestDate"": ""03/27/2025"", ""share"": ""$0.9188000000"", ""payableDate"": ""03/31/2025"", ""type"": ""Dividend""}",0.9188,0.9,2026-09-25 19:34:55.384652
ev_evt_US_VANGUARD_VB_CLASS_2025-06-30_income_final_v1_doc_bbfbd93f4de56433,evt_US_VANGUARD_VB_CLASS_2025-06-30_income_final_v1,doc_bbfbd93f4de56433,2,"Vanguard Profile JSON: {""reInvestPrice"": ""$237.08"", ""recordDate"": ""06/30/2025"", ""reInvestDate"": ""06/30/2025"", ""share"": ""$0.7878000000"", ""payableDate"": ""07/02/2025"", ""type"": ""Dividend""}",0.7878,0.9,2026-09-25 19:35:44.700957
ev_evt_US_VANGUARD_VB_CLASS_2025-09-29_income_final_v1_doc_bbfbd93f4de56433,evt_US_VANGUARD_VB_CLASS_2025-09-29_income_final_v1,doc_bbfbd93f4de56433,2,"Vanguard Profile JSON: {""reInvestPrice"": ""$254.10"", ""recordDate"": ""09/29/2025"", ""reInvestDate"": ""09/29/2025"", ""share"": ""$0.8052000000"", ""payableDate"": ""10/01/2025"", ""type"": ""Dividend""}",0.8052,0.9,2026-09-25 19:35:52.182736
ev_evt_US_VANGUARD_VB_CLASS_2025-12-22_income_final_v1_doc_bbfbd93f4de56433,evt_US_VANGUARD_VB_CLASS_2025-12-22_income_final_v1,doc_bbfbd93f4de56433,2,"Vanguard Profile JSON: {""reInvestPrice"": ""$264.15"", ""recordDate"": ""12/22/2025"", ""reInvestDate"": ""12/22/2025"", ""share"": ""$0.9268000000"", ""payableDate"": ""12/24/2025"", ""type"": ""Dividend""}",0.9268,0.9,2026-09-25 19:35:57.544205
ev_evt_US_VANGUARD_VB_CLASS_2026-03-27_income_final_v1_doc_bbfbd93f4de56433,evt_US_VANGUARD_VB_CLASS_2026-03-27_income_final_v1,doc_bbfbd93f4de56433,2,"Vanguard Profile JSON: {""reInvestPrice"": ""$256.33"", ""recordDate"": ""03/27/2026"", ""reInvestDate"": ""03/27/2026"", ""share"": ""$0.9812000000"", ""payableDate"": ""03/31/2026"", ""type"": ""Dividend""}",0.9812,0.9,2026-09-25 19:36:16.793108
ev_evt_US_VANGUARD_VB_CLASS_2026-06-26_income_final_v1_doc_bbfbd93f4de56433,evt_US_VANGUARD_VB_CLASS_2026-06-26_income_final_v1,doc_bbfbd93f4de56433,2,"Vanguard Profile JSON: {""reInvestPrice"": ""$300.11"", ""recordDate"": ""06/26/2026"", ""reInvestDate"": ""06/26/2026"", ""share"": ""$0.8920000000"", ""payableDate"": ""06/30/2026"", ""type"": ""Dividend""}",0.892,0.9,2026-09-25 19:36:37.074903
ev_evt_US_VANGUARD_VO_CLASS_2025-03-27_income_final_v1_doc_fd57829cb7cd4dc3,evt_US_VANGUARD_VO_CLASS_2025-03-27_income_final_v1,doc_fd57829cb7cd4dc3,2,"Vanguard Profile JSON: {""reInvestPrice"": ""$260.93"", ""recordDate"": ""03/27/2025"", ""reInvestDate"": ""03/27/2025"", ""share"": ""$1.1671000000"", ""payableDate"": ""03/31/2025"", ""type"": ""Dividend""}",1.1671,0.9,2026-09-25 19:37:53.685332
ev_evt_US_VANGUARD_VO_CLASS_2025-06-30_income_final_v1_doc_fd57829cb7cd4dc3,evt_US_VANGUARD_VO_CLASS_2025-06-30_income_final_v1,doc_fd57829cb7cd4dc3,2,"Vanguard Profile JSON: {""reInvestPrice"": ""$280.00"", ""recordDate"": ""06/30/2025"", ""reInvestDate"": ""06/30/2025"", ""share"": ""$1.0714000000"", ""payableDate"": ""07/02/2025"", ""type"": ""Dividend""}",1.0714,0.9,2026-09-25 19:38:02.444793
ev_evt_US_VANGUARD_VO_CLASS_2025-09-29_income_final_v1_doc_fd57829cb7cd4dc3,evt_US_VANGUARD_VO_CLASS_2025-09-29_income_final_v1,doc_fd57829cb7cd4dc3,2,"Vanguard Profile JSON: {""reInvestPrice"": ""$293.16"", ""recordDate"": ""09/29/2025"", ""reInvestDate"": ""09/29/2025"", ""share"": ""$1.0341000000"", ""payableDate"": ""10/01/2025"", ""type"": ""Dividend""}",1.0341,0.9,2026-09-25 19:38:10.072038
ev_evt_US_VANGUARD_VO_CLASS_2025-12-22_income_final_v1_doc_fd57829cb7cd4dc3,evt_US_VANGUARD_VO_CLASS_2025-12-22_income_final_v1,doc_fd57829cb7cd4dc3,2,"Vanguard Profile JSON: {""reInvestPrice"": ""$294.31"", ""recordDate"": ""12/22/2025"", ""reInvestDate"": ""12/22/2025"", ""share"": ""$1.1480000000"", ""payableDate"": ""12/24/2025"", ""type"": ""Dividend""}",1.148,0.9,2026-09-25 19:38:15.333127
ev_evt_US_VANGUARD_VO_CLASS_2026-03-27_income_final_v1_doc_fd57829cb7cd4dc3,evt_US_VANGUARD_VO_CLASS_2026-03-27_income_final_v1,doc_fd57829cb7cd4dc3,2,"Vanguard Profile JSON: {""reInvestPrice"": ""$282.85"", ""recordDate"": ""03/27/2026"", ""reInvestDate"": ""03/27/2026"", ""share"": ""$1.0767000000"", ""payableDate"": ""03/31/2026"", ""type"": ""Dividend""}",1.0767,0.9,2026-09-25 19:38:31.467788
ev_evt_US_VANGUARD_VO_CLASS_2026-06-26_income_final_v1_doc_fd57829cb7cd4dc3,evt_US_VANGUARD_VO_CLASS_2026-06-26_income_final_v1,doc_fd57829cb7cd4dc3,2,"Vanguard Profile JSON: {""reInvestPrice"": ""$80.02"", ""recordDate"": ""06/26/2026"", ""reInvestDate"": ""06/26/2026"", ""share"": ""$0.2554000000"", ""payableDate"": ""06/30/2026"", ""type"": ""Dividend""}",0.2554,0.9,2026-09-25 19:38:40.511798
ev_evt_US_VANGUARD_VEA_CLASS_2025-06-20_income_final_v1_doc_c42cf03ef219b584,evt_US_VANGUARD_VEA_CLASS_2025-06-20_income_final_v1,doc_c42cf03ef219b584,2,"Vanguard Profile JSON: {""reInvestPrice"": ""$54.98"", ""recordDate"": ""06/20/2025"", ""reInvestDate"": ""06/20/2025"", ""share"": ""$0.4407000000"", ""payableDate"": ""06/24/2025"", ""type"": ""Dividend""}",0.4407,0.9,2026-09-25 19:42:28.032854
ev_evt_US_VANGUARD_VEA_CLASS_2025-09-19_income_final_v1_doc_c42cf03ef219b584,evt_US_VANGUARD_VEA_CLASS_2025-09-19_income_final_v1,doc_c42cf03ef219b584,2,"Vanguard Profile JSON: {""reInvestPrice"": ""$59.67"", ""recordDate"": ""09/19/2025"", ""reInvestDate"": ""09/19/2025"", ""share"": ""$0.2865000000"", ""payableDate"": ""09/23/2025"", ""type"": ""Dividend""}",0.2865,0.9,2026-09-25 19:44:29.218870
ev_evt_US_VANGUARD_VEA_CLASS_2025-12-19_income_final_v1_doc_c42cf03ef219b584,evt_US_VANGUARD_VEA_CLASS_2025-12-19_income_final_v1,doc_c42cf03ef219b584,2,"Vanguard Profile JSON: {""reInvestPrice"": ""$61.71"", ""recordDate"": ""12/19/2025"", ""reInvestDate"": ""12/19/2025"", ""share"": ""$1.0400000000"", ""payableDate"": ""12/23/2025"", ""type"": ""Dividend""}",1.04,0.9,2026-09-25 19:45:01.874350
ev_evt_US_VANGUARD_VEA_CLASS_2026-03-20_income_final_v1_doc_c42cf03ef219b584,evt_US_VANGUARD_VEA_CLASS_2026-03-20_income_final_v1,doc_c42cf03ef219b584,2,"Vanguard Profile JSON: {""reInvestPrice"": ""$62.13"", ""recordDate"": ""03/20/2026"", ""reInvestDate"": ""03/20/2026"", ""share"": ""$0.1090000000"", ""payableDate"": ""03/24/2026"", ""type"": ""Dividend""}",0.109,0.9,2026-09-25 19:48:16.048670
ev_evt_US_VANGUARD_VEA_CLASS_2026-06-18_income_final_v1_doc_c42cf03ef219b584,evt_US_VANGUARD_VEA_CLASS_2026-06-18_income_final_v1,doc_c42cf03ef219b584,2,"Vanguard Profile JSON: {""reInvestPrice"": ""$72.23"", ""recordDate"": ""06/18/2026"", ""reInvestDate"": ""06/18/2026"", ""share"": ""$0.3772000000"", ""payableDate"": ""06/23/2026"", ""type"": ""Dividend""}",0.3772,0.9,2026-09-25 19:49:11.620693
ev_evt_US_VANGUARD_VEA_CLASS_2026-09-18_income_final_v1_doc_c42cf03ef219b584,evt_US_VANGUARD_VEA_CLASS_2026-09-18_income_final_v1,doc_c42cf03ef219b584,2,"Vanguard Profile JSON: {""reInvestPrice"": ""$71.50"", ""recordDate"": ""09/18/2026"", ""reInvestDate"": ""09/18/2026"", ""share"": ""$0.1775000000"", ""payableDate"": ""09/22/2026"", ""type"": ""Dividend""}",0.1775,0.9,2026-09-25 19:49:53.282053
ev_evt_US_VANGUARD_VWO_CLASS_2025-06-20_income_final_v1_doc_0b4cfbe95b2e2376,evt_US_VANGUARD_VWO_CLASS_2025-06-20_income_final_v1,doc_0b4cfbe95b2e2376,2,"Vanguard Profile JSON: {""reInvestPrice"": ""$47.49"", ""recordDate"": ""06/20/2025"", ""reInvestDate"": ""06/20/2025"", ""share"": ""$0.1385000000"", ""payableDate"": ""06/24/2025"", ""type"": ""Dividend""}",0.1385,0.9,2026-09-25 19:52:40.504244
ev_evt_US_VANGUARD_VWO_CLASS_2025-09-19_income_final_v1_doc_0b4cfbe95b2e2376,evt_US_VANGUARD_VWO_CLASS_2025-09-19_income_final_v1,doc_0b4cfbe95b2e2376,2,"Vanguard Profile JSON: {""reInvestPrice"": ""$53.76"", ""recordDate"": ""09/19/2025"", ""reInvestDate"": ""09/19/2025"", ""share"": ""$0.2795000000"", ""payableDate"": ""09/23/2025"", ""type"": ""Dividend""}",0.2795,0.9,2026-09-25 19:54:31.066343
ev_evt_US_VANGUARD_VWO_CLASS_2025-12-19_income_final_v1_doc_0b4cfbe95b2e2376,evt_US_VANGUARD_VWO_CLASS_2025-12-19_income_final_v1,doc_0b4cfbe95b2e2376,2,"Vanguard Profile JSON: {""reInvestPrice"": ""$52.90"", ""recordDate"": ""12/19/2025"", ""reInvestDate"": ""12/19/2025"", ""share"": ""$1.0325000000"", ""payableDate"": ""12/23/2025"", ""type"": ""Dividend""}",1.0325,0.9,2026-09-25 19:54:33.327748
ev_evt_US_VANGUARD_VWO_CLASS_2026-06-18_income_final_v1_doc_0b4cfbe95b2e2376,evt_US_VANGUARD_VWO_CLASS_2026-06-18_income_final_v1,doc_0b4cfbe95b2e2376,2,"Vanguard Profile JSON: {""reInvestPrice"": ""$60.64"", ""recordDate"": ""06/18/2026"", ""reInvestDate"": ""06/18/2026"", ""share"": ""$0.0710000000"", ""payableDate"": ""06/23/2026"", ""type"": ""Dividend""}",0.071,0.9,2026-09-25 19:56:54.430101
ev_evt_US_VANGUARD_VWO_CLASS_2026-09-18_income_final_v1_doc_0b4cfbe95b2e2376,evt_US_VANGUARD_VWO_CLASS_2026-09-18_income_final_v1,doc_0b4cfbe95b2e2376,2,"Vanguard Profile JSON: {""reInvestPrice"": ""$60.10"", ""recordDate"": ""09/18/2026"", ""reInvestDate"": ""09/18/2026"", ""share"": ""$0.1137000000"", ""payableDate"": ""09/22/2026"", ""type"": ""Dividend""}",0.1137,0.9,2026-09-25 19:57:02.544827
ev_evt_US_VANGUARD_VT_CLASS_2025-06-20_income_final_v1_doc_0ba1b18281a33cc3,evt_US_VANGUARD_VT_CLASS_2025-06-20_income_final_v1,doc_0ba1b18281a33cc3,2,"Vanguard Profile JSON: {""reInvestPrice"": ""$123.71"", ""recordDate"": ""06/20/2025"", ""reInvestDate"": ""06/20/2025"", ""share"": ""$0.5947000000"", ""payableDate"": ""06/24/2025"", ""type"": ""Dividend""}",0.5947,0.9,2026-09-25 19:57:42.613012
ev_evt_US_VANGUARD_VT_CLASS_2025-09-19_income_final_v1_doc_0ba1b18281a33cc3,evt_US_VANGUARD_VT_CLASS_2025-09-19_income_final_v1,doc_0ba1b18281a33cc3,2,"Vanguard Profile JSON: {""reInvestPrice"": ""$137.40"", ""recordDate"": ""09/19/2025"", ""reInvestDate"": ""09/19/2025"", ""share"": ""$0.4781000000"", ""payableDate"": ""09/23/2025"", ""type"": ""Dividend""}",0.4781,0.9,2026-09-25 19:58:31.510893
ev_evt_US_VANGUARD_VT_CLASS_2025-12-19_income_final_v1_doc_0ba1b18281a33cc3,evt_US_VANGUARD_VT_CLASS_2025-12-19_income_final_v1,doc_0ba1b18281a33cc3,2,"Vanguard Profile JSON: {""reInvestPrice"": ""$140.33"", ""recordDate"": ""12/19/2025"", ""reInvestDate"": ""12/19/2025"", ""share"": ""$1.1152000000"", ""payableDate"": ""12/23/2025"", ""type"": ""Dividend""}",1.1152,0.9,2026-09-25 19:58:33.788484
ev_evt_US_VANGUARD_VT_CLASS_2026-03-20_income_final_v1_doc_0ba1b18281a33cc3,evt_US_VANGUARD_VT_CLASS_2026-03-20_income_final_v1,doc_0ba1b18281a33cc3,2,"Vanguard Profile JSON: {""reInvestPrice"": ""$136.29"", ""recordDate"": ""03/20/2026"", ""reInvestDate"": ""03/20/2026"", ""share"": ""$0.3272000000"", ""payableDate"": ""03/24/2026"", ""type"": ""Dividend""}",0.3272,0.9,2026-09-25 19:58:45.932227
ev_evt_US_VANGUARD_VT_CLASS_2026-06-18_income_final_v1_doc_0ba1b18281a33cc3,evt_US_VANGUARD_VT_CLASS_2026-06-18_income_final_v1,doc_0ba1b18281a33cc3,2,"Vanguard Profile JSON: {""reInvestPrice"": ""$157.59"", ""recordDate"": ""06/18/2026"", ""reInvestDate"": ""06/18/2026"", ""share"": ""$0.5627000000"", ""payableDate"": ""06/23/2026"", ""type"": ""Dividend""}",0.5627,0.9,2026-09-25 19:59:34.805944
ev_evt_US_VANGUARD_VT_CLASS_2026-09-18_income_final_v1_doc_0ba1b18281a33cc3,evt_US_VANGUARD_VT_CLASS_2026-09-18_income_final_v1,doc_0ba1b18281a33cc3,2,"Vanguard Profile JSON: {""reInvestPrice"": ""$158.55"", ""recordDate"": ""09/18/2026"", ""reInvestDate"": ""09/18/2026"", ""share"": ""$0.4084000000"", ""payableDate"": ""09/22/2026"", ""type"": ""Dividend""}",0.4084,0.9,2026-09-25 19:59:38.573215
ev_evt_US_VANGUARD_VIG_CLASS_2025-03-27_income_final_v1_doc_a1884e73a62968e0,evt_US_VANGUARD_VIG_CLASS_2025-03-27_income_final_v1,doc_a1884e73a62968e0,2,"Vanguard Profile JSON: {""reInvestPrice"": ""$194.56"", ""recordDate"": ""03/27/2025"", ""reInvestDate"": ""03/27/2025"", ""share"": ""$0.9377000000"", ""payableDate"": ""03/31/2025"", ""type"": ""Dividend""}",0.9377,0.9,2026-09-25 20:10:06.795862
ev_evt_US_VANGUARD_VIG_CLASS_2025-06-30_income_final_v1_doc_a1884e73a62968e0,evt_US_VANGUARD_VIG_CLASS_2025-06-30_income_final_v1,doc_a1884e73a62968e0,2,"Vanguard Profile JSON: {""reInvestPrice"": ""$204.70"", ""recordDate"": ""06/30/2025"", ""reInvestDate"": ""06/30/2025"", ""share"": ""$0.8712000000"", ""payableDate"": ""07/02/2025"", ""type"": ""Dividend""}",0.8712,0.9,2026-09-25 20:11:40.921117
ev_evt_US_VANGUARD_VIG_CLASS_2025-09-29_income_final_v1_doc_a1884e73a62968e0,evt_US_VANGUARD_VIG_CLASS_2025-09-29_income_final_v1,doc_a1884e73a62968e0,2,"Vanguard Profile JSON: {""reInvestPrice"": ""$214.56"", ""recordDate"": ""09/29/2025"", ""reInvestDate"": ""09/29/2025"", ""share"": ""$0.8647000000"", ""payableDate"": ""10/01/2025"", ""type"": ""Dividend""}",0.8647,0.9,2026-09-25 20:12:46.475552
ev_evt_US_VANGUARD_VIG_CLASS_2025-12-22_income_final_v1_doc_a1884e73a62968e0,evt_US_VANGUARD_VIG_CLASS_2025-12-22_income_final_v1,doc_a1884e73a62968e0,2,"Vanguard Profile JSON: {""reInvestPrice"": ""$220.95"", ""recordDate"": ""12/22/2025"", ""reInvestDate"": ""12/22/2025"", ""share"": ""$0.8844000000"", ""payableDate"": ""12/24/2025"", ""type"": ""Dividend""}",0.8844,0.9,2026-09-25 20:12:57.748128
ev_evt_US_VANGUARD_VIG_CLASS_2026-03-27_income_final_v1_doc_a1884e73a62968e0,evt_US_VANGUARD_VIG_CLASS_2026-03-27_income_final_v1,doc_a1884e73a62968e0,2,"Vanguard Profile JSON: {""reInvestPrice"": ""$210.70"", ""recordDate"": ""03/27/2026"", ""reInvestDate"": ""03/27/2026"", ""share"": ""$0.8334000000"", ""payableDate"": ""03/31/2026"", ""type"": ""Dividend""}",0.8334,0.9,2026-09-25 20:13:12.429304
ev_evt_US_VANGUARD_VIG_CLASS_2026-06-26_income_final_v1_doc_a1884e73a62968e0,evt_US_VANGUARD_VIG_CLASS_2026-06-26_income_final_v1,doc_a1884e73a62968e0,2,"Vanguard Profile JSON: {""reInvestPrice"": ""$234.78"", ""recordDate"": ""06/26/2026"", ""reInvestDate"": ""06/26/2026"", ""share"": ""$0.9988000000"", ""payableDate"": ""06/30/2026"", ""type"": ""Dividend""}",0.9988,0.9,2026-09-25 20:14:14.246083
ev_evt_US_VANGUARD_VTEB_CLASS_2025-04-01_income_final_v1_doc_3a3a4c0ea6cacb80,evt_US_VANGUARD_VTEB_CLASS_2025-04-01_income_final_v1,doc_3a3a4c0ea6cacb80,2,"Vanguard Profile JSON: {""reInvestPrice"": ""$49.56"", ""distributionYields"": ""3.41%"", ""recordDate"": ""04/01/2025"", ""reInvestDate"": ""04/01/2025"", ""share"": ""$0.1350000000"", ""payableDate"": ""04/03/2025"", ""type"": ""Dividend""}",0.135,0.9,2026-09-25 20:16:39.549245
ev_evt_US_VANGUARD_VTEB_CLASS_2025-05-01_income_final_v1_doc_3a3a4c0ea6cacb80,evt_US_VANGUARD_VTEB_CLASS_2025-05-01_income_final_v1,doc_3a3a4c0ea6cacb80,2,"Vanguard Profile JSON: {""reInvestPrice"": ""$48.99"", ""distributionYields"": ""3.41%"", ""recordDate"": ""05/01/2025"", ""reInvestDate"": ""05/01/2025"", ""share"": ""$0.1367000000"", ""payableDate"": ""05/05/2025"", ""type"": ""Dividend""}",0.1367,0.9,2026-09-25 20:16:40.386514
ev_evt_US_VANGUARD_VTEB_CLASS_2025-06-02_income_final_v1_doc_3a3a4c0ea6cacb80,evt_US_VANGUARD_VTEB_CLASS_2025-06-02_income_final_v1,doc_3a3a4c0ea6cacb80,2,"Vanguard Profile JSON: {""reInvestPrice"": ""$48.59"", ""distributionYields"": ""3.19%"", ""recordDate"": ""06/02/2025"", ""reInvestDate"": ""06/02/2025"", ""share"": ""$0.1367000000"", ""payableDate"": ""06/04/2025"", ""type"": ""Dividend""}",0.1367,0.9,2026-09-25 20:16:41.205319
ev_evt_US_VANGUARD_VTEB_CLASS_2025-07-01_income_final_v1_doc_3a3a4c0ea6cacb80,evt_US_VANGUARD_VTEB_CLASS_2025-07-01_income_final_v1,doc_3a3a4c0ea6cacb80,2,"Vanguard Profile JSON: {""reInvestPrice"": ""$48.91"", ""distributionYields"": ""3.50%"", ""recordDate"": ""07/01/2025"", ""reInvestDate"": ""07/01/2025"", ""share"": ""$0.1358000000"", ""payableDate"": ""07/03/2025"", ""type"": ""Dividend""}",0.1358,0.9,2026-09-25 20:16:55.540497
ev_evt_US_VANGUARD_VTEB_CLASS_2025-08-01_income_final_v1_doc_3a3a4c0ea6cacb80,evt_US_VANGUARD_VTEB_CLASS_2025-08-01_income_final_v1,doc_3a3a4c0ea6cacb80,2,"Vanguard Profile JSON: {""reInvestPrice"": ""$48.76"", ""distributionYields"": ""3.32%"", ""recordDate"": ""08/01/2025"", ""reInvestDate"": ""08/01/2025"", ""share"": ""$0.1374000000"", ""payableDate"": ""08/05/2025"", ""type"": ""Dividend""}",0.1374,0.9,2026-09-25 20:16:57.935048
ev_evt_US_VANGUARD_VTEB_CLASS_2025-09-02_income_final_v1_doc_3a3a4c0ea6cacb80,evt_US_VANGUARD_VTEB_CLASS_2025-09-02_income_final_v1,doc_3a3a4c0ea6cacb80,2,"Vanguard Profile JSON: {""reInvestPrice"": ""$48.81"", ""distributionYields"": ""3.24%"", ""recordDate"": ""09/02/2025"", ""reInvestDate"": ""09/02/2025"", ""share"": ""$0.1387000000"", ""payableDate"": ""09/04/2025"", ""type"": ""Dividend""}",0.1387,0.9,2026-09-25 20:17:36.593376
ev_evt_US_VANGUARD_VTEB_CLASS_2025-10-01_income_final_v1_doc_3a3a4c0ea6cacb80,evt_US_VANGUARD_VTEB_CLASS_2025-10-01_income_final_v1,doc_3a3a4c0ea6cacb80,2,"Vanguard Profile JSON: {""reInvestPrice"": ""$49.96"", ""distributionYields"": ""3.59%"", ""recordDate"": ""10/01/2025"", ""reInvestDate"": ""10/01/2025"", ""share"": ""$0.1421000000"", ""payableDate"": ""10/03/2025"", ""type"": ""Dividend""}",0.1421,0.9,2026-09-25 20:17:37.400226
ev_evt_US_VANGUARD_VTEB_CLASS_2025-11-03_income_final_v1_doc_3a3a4c0ea6cacb80,evt_US_VANGUARD_VTEB_CLASS_2025-11-03_income_final_v1,doc_3a3a4c0ea6cacb80,2,"Vanguard Profile JSON: {""reInvestPrice"": ""$50.32"", ""distributionYields"": ""3.07%"", ""recordDate"": ""11/03/2025"", ""reInvestDate"": ""11/03/2025"", ""share"": ""$0.1398000000"", ""payableDate"": ""11/05/2025"", ""type"": ""Dividend""}",0.1398,0.9,2026-09-25 20:17:38.195668
ev_evt_US_VANGUARD_VTEB_CLASS_2025-12-18_income_final_v1_doc_3a3a4c0ea6cacb80,evt_US_VANGUARD_VTEB_CLASS_2025-12-18_income_final_v1,doc_3a3a4c0ea6cacb80,2,"Vanguard Profile JSON: {""reInvestPrice"": ""$50.14"", ""distributionYields"": ""4.87%"", ""recordDate"": ""12/18/2025"", ""reInvestDate"": ""12/18/2025"", ""share"": ""$0.1417000000"", ""payableDate"": ""12/22/2025"", ""type"": ""Dividend""}",0.1417,0.9,2026-09-25 20:17:39.034799
ev_evt_US_VANGUARD_VTEB_CLASS_2025-12-01_income_final_v1_doc_3a3a4c0ea6cacb80,evt_US_VANGUARD_VTEB_CLASS_2025-12-01_income_final_v1,doc_3a3a4c0ea6cacb80,2,"Vanguard Profile JSON: {""reInvestPrice"": ""$50.23"", ""distributionYields"": ""3.07%"", ""recordDate"": ""12/01/2025"", ""reInvestDate"": ""12/01/2025"", ""share"": ""$0.1419000000"", ""payableDate"": ""12/03/2025"", ""type"": ""Dividend""}",0.1419,0.9,2026-09-25 20:17:39.038424
ev_evt_US_VANGUARD_VTEB_CLASS_2026-02-02_income_final_v1_doc_3a3a4c0ea6cacb80,evt_US_VANGUARD_VTEB_CLASS_2026-02-02_income_final_v1,doc_3a3a4c0ea6cacb80,2,"Vanguard Profile JSON: {""reInvestPrice"": ""$50.51"", ""distributionYields"": ""2.20%"", ""recordDate"": ""02/02/2026"", ""reInvestDate"": ""02/02/2026"", ""share"": ""$0.1398000000"", ""payableDate"": ""02/04/2026"", ""type"": ""Dividend""}",0.1398,0.9,2026-09-25 20:20:06.517773
ev_evt_US_VANGUARD_VTEB_CLASS_2026-03-02_income_final_v1_doc_3a3a4c0ea6cacb80,evt_US_VANGUARD_VTEB_CLASS_2026-03-02_income_final_v1,doc_3a3a4c0ea6cacb80,2,"Vanguard Profile JSON: {""reInvestPrice"": ""$50.86"", ""distributionYields"": ""3.81%"", ""recordDate"": ""03/02/2026"", ""reInvestDate"": ""03/02/2026"", ""share"": ""$0.1487000000"", ""payableDate"": ""03/04/2026"", ""type"": ""Dividend""}",0.1487,0.9,2026-09-25 20:20:07.193252
ev_evt_US_VANGUARD_VTEB_CLASS_2026-04-01_income_final_v1_doc_3a3a4c0ea6cacb80,evt_US_VANGUARD_VTEB_CLASS_2026-04-01_income_final_v1,doc_3a3a4c0ea6cacb80,2,"Vanguard Profile JSON: {""reInvestPrice"": ""$49.85"", ""distributionYields"": ""3.43%"", ""recordDate"": ""04/01/2026"", ""reInvestDate"": ""04/01/2026"", ""share"": ""$0.1415000000"", ""payableDate"": ""04/06/2026"", ""type"": ""Dividend""}",0.1415,0.9,2026-09-25 20:20:07.897593
ev_evt_US_VANGUARD_VTEB_CLASS_2026-05-01_income_final_v1_doc_3a3a4c0ea6cacb80,evt_US_VANGUARD_VTEB_CLASS_2026-05-01_income_final_v1,doc_3a3a4c0ea6cacb80,2,"Vanguard Profile JSON: {""reInvestPrice"": ""$50.13"", ""distributionYields"": ""3.44%"", ""recordDate"": ""05/01/2026"", ""reInvestDate"": ""05/01/2026"", ""share"": ""$0.1423000000"", ""payableDate"": ""05/05/2026"", ""type"": ""Dividend""}",0.1423,0.9,2026-09-25 20:20:45.884758
ev_evt_US_VANGUARD_VTEB_CLASS_2026-06-01_income_final_v1_doc_3a3a4c0ea6cacb80,evt_US_VANGUARD_VTEB_CLASS_2026-06-01_income_final_v1,doc_3a3a4c0ea6cacb80,2,"Vanguard Profile JSON: {""reInvestPrice"": ""$50.19"", ""distributionYields"": ""3.25%"", ""recordDate"": ""06/01/2026"", ""reInvestDate"": ""06/01/2026"", ""share"": ""$0.1381000000"", ""payableDate"": ""06/03/2026"", ""type"": ""Dividend""}",0.1381,0.9,2026-09-25 20:21:23.570005
ev_evt_US_VANGUARD_VTEB_CLASS_2026-07-01_income_final_v1_doc_3a3a4c0ea6cacb80,evt_US_VANGUARD_VTEB_CLASS_2026-07-01_income_final_v1,doc_3a3a4c0ea6cacb80,2,"Vanguard Profile JSON: {""reInvestPrice"": ""$50.43"", ""distributionYields"": ""3.43%"", ""recordDate"": ""07/01/2026"", ""reInvestDate"": ""07/01/2026"", ""share"": ""$0.1420000000"", ""payableDate"": ""07/06/2026"", ""type"": ""Dividend""}",0.142,0.9,2026-09-25 20:21:24.366807
ev_evt_US_VANGUARD_VTEB_CLASS_2026-08-03_income_final_v1_doc_3a3a4c0ea6cacb80,evt_US_VANGUARD_VTEB_CLASS_2026-08-03_income_final_v1,doc_3a3a4c0ea6cacb80,2,"Vanguard Profile JSON: {""reInvestPrice"": ""$49.47"", ""distributionYields"": ""3.13%"", ""recordDate"": ""08/03/2026"", ""reInvestDate"": ""08/03/2026"", ""share"": ""$0.1415000000"", ""payableDate"": ""08/05/2026"", ""type"": ""Dividend""}",0.1415,0.9,2026-09-25 20:22:00.325753
ev_evt_US_VANGUARD_VTEB_CLASS_2026-09-01_income_final_v1_doc_3a3a4c0ea6cacb80,evt_US_VANGUARD_VTEB_CLASS_2026-09-01_income_final_v1,doc_3a3a4c0ea6cacb80,2,"Vanguard Profile JSON: {""reInvestPrice"": ""$48.94"", ""distributionYields"": ""3.64%"", ""recordDate"": ""09/01/2026"", ""reInvestDate"": ""09/01/2026"", ""share"": ""$0.1434000000"", ""payableDate"": ""09/03/2026"", ""type"": ""Dividend""}",0.1434,0.9,2026-09-25 20:22:01.142770
ev_evt_US_VANGUARD_BSV_CLASS_2025-04-01_income_final_v1_doc_80f127a4ee7ae71a,evt_US_VANGUARD_BSV_CLASS_2025-04-01_income_final_v1,doc_80f127a4ee7ae71a,2,"Vanguard Profile JSON: {""reInvestPrice"": ""$78.07"", ""distributionYields"": ""4.03%"", ""recordDate"": ""04/01/2025"", ""reInvestDate"": ""04/01/2025"", ""share"": ""$0.2495890000"", ""payableDate"": ""04/03/2025"", ""type"": ""Dividend""}",0.249589,0.9,2026-09-25 20:23:47.956044
ev_evt_US_VANGUARD_BSV_CLASS_2025-05-01_income_final_v1_doc_80f127a4ee7ae71a,evt_US_VANGUARD_BSV_CLASS_2025-05-01_income_final_v1,doc_80f127a4ee7ae71a,2,"Vanguard Profile JSON: {""reInvestPrice"": ""$78.32"", ""distributionYields"": ""3.67%"", ""recordDate"": ""05/01/2025"", ""reInvestDate"": ""05/01/2025"", ""share"": ""$0.2361020000"", ""payableDate"": ""05/05/2025"", ""type"": ""Dividend""}",0.236102,0.9,2026-09-25 20:23:48.696511
ev_evt_US_VANGUARD_BSV_CLASS_2025-06-02_income_final_v1_doc_80f127a4ee7ae71a,evt_US_VANGUARD_BSV_CLASS_2025-06-02_income_final_v1,doc_80f127a4ee7ae71a,2,"Vanguard Profile JSON: {""reInvestPrice"": ""$77.99"", ""distributionYields"": ""3.77%"", ""recordDate"": ""06/02/2025"", ""reInvestDate"": ""06/02/2025"", ""share"": ""$0.2582450000"", ""payableDate"": ""06/04/2025"", ""type"": ""Dividend""}",0.258245,0.9,2026-09-25 20:23:49.467486
ev_evt_US_VANGUARD_BSV_CLASS_2025-07-01_income_final_v1_doc_80f127a4ee7ae71a,evt_US_VANGUARD_BSV_CLASS_2025-07-01_income_final_v1,doc_80f127a4ee7ae71a,2,"Vanguard Profile JSON: {""reInvestPrice"": ""$78.33"", ""distributionYields"": ""4.03%"", ""recordDate"": ""07/01/2025"", ""reInvestDate"": ""07/01/2025"", ""share"": ""$0.2507510000"", ""payableDate"": ""07/03/2025"", ""type"": ""Dividend""}",0.250751,0.9,2026-09-25 20:24:32.136400
ev_evt_US_VANGUARD_BSV_CLASS_2025-08-01_income_final_v1_doc_80f127a4ee7ae71a,evt_US_VANGUARD_BSV_CLASS_2025-08-01_income_final_v1,doc_80f127a4ee7ae71a,2,"Vanguard Profile JSON: {""reInvestPrice"": ""$78.55"", ""distributionYields"": ""3.90%"", ""recordDate"": ""08/01/2025"", ""reInvestDate"": ""08/01/2025"", ""share"": ""$0.2592100000"", ""payableDate"": ""08/05/2025"", ""type"": ""Dividend""}",0.25921,0.9,2026-09-25 20:25:15.388897
ev_evt_US_VANGUARD_BSV_CLASS_2025-09-02_income_final_v1_doc_80f127a4ee7ae71a,evt_US_VANGUARD_BSV_CLASS_2025-09-02_income_final_v1,doc_80f127a4ee7ae71a,2,"Vanguard Profile JSON: {""reInvestPrice"": ""$78.63"", ""distributionYields"": ""3.77%"", ""recordDate"": ""09/02/2025"", ""reInvestDate"": ""09/02/2025"", ""share"": ""$0.2601480000"", ""payableDate"": ""09/04/2025"", ""type"": ""Dividend""}",0.260148,0.9,2026-09-25 20:25:54.285599
ev_evt_US_VANGUARD_BSV_CLASS_2025-10-01_income_final_v1_doc_80f127a4ee7ae71a,evt_US_VANGUARD_BSV_CLASS_2025-10-01_income_final_v1,doc_80f127a4ee7ae71a,2,"Vanguard Profile JSON: {""reInvestPrice"": ""$78.79"", ""distributionYields"": ""4.04%"", ""recordDate"": ""10/01/2025"", ""reInvestDate"": ""10/01/2025"", ""share"": ""$0.2532690000"", ""payableDate"": ""10/03/2025"", ""type"": ""Dividend""}",0.253269,0.9,2026-09-25 20:25:55.055433
ev_evt_US_VANGUARD_BSV_CLASS_2025-11-03_income_final_v1_doc_80f127a4ee7ae71a,evt_US_VANGUARD_BSV_CLASS_2025-11-03_income_final_v1,doc_80f127a4ee7ae71a,2,"Vanguard Profile JSON: {""reInvestPrice"": ""$78.68"", ""distributionYields"": ""3.72%"", ""recordDate"": ""11/03/2025"", ""reInvestDate"": ""11/03/2025"", ""share"": ""$0.2654970000"", ""payableDate"": ""11/05/2025"", ""type"": ""Dividend""}",0.265497,0.9,2026-09-25 20:25:55.846127
ev_evt_US_VANGUARD_BSV_CLASS_2025-12-18_income_final_v1_doc_80f127a4ee7ae71a,evt_US_VANGUARD_BSV_CLASS_2025-12-18_income_final_v1,doc_80f127a4ee7ae71a,2,"Vanguard Profile JSON: {""reInvestPrice"": ""$78.73"", ""distributionYields"": ""5.70%"", ""recordDate"": ""12/18/2025"", ""reInvestDate"": ""12/18/2025"", ""share"": ""$0.2666240000"", ""payableDate"": ""12/22/2025"", ""type"": ""Dividend""}",0.266624,0.9,2026-09-25 20:25:56.665732
ev_evt_US_VANGUARD_BSV_CLASS_2025-12-01_income_final_v1_doc_80f127a4ee7ae71a,evt_US_VANGUARD_BSV_CLASS_2025-12-01_income_final_v1,doc_80f127a4ee7ae71a,2,"Vanguard Profile JSON: {""reInvestPrice"": ""$78.76"", ""distributionYields"": ""3.72%"", ""recordDate"": ""12/01/2025"", ""reInvestDate"": ""12/01/2025"", ""share"": ""$0.2499760000"", ""payableDate"": ""12/03/2025"", ""type"": ""Dividend""}",0.249976,0.9,2026-09-25 20:25:56.668512
ev_evt_US_VANGUARD_BSV_CLASS_2026-02-02_income_final_v1_doc_80f127a4ee7ae71a,evt_US_VANGUARD_BSV_CLASS_2026-02-02_income_final_v1,doc_80f127a4ee7ae71a,2,"Vanguard Profile JSON: {""reInvestPrice"": ""$78.61"", ""distributionYields"": ""2.68%"", ""recordDate"": ""02/02/2026"", ""reInvestDate"": ""02/02/2026"", ""share"": ""$0.2658340000"", ""payableDate"": ""02/04/2026"", ""type"": ""Dividend""}",0.265834,0.9,2026-09-25 20:27:15.664074
ev_evt_US_VANGUARD_BSV_CLASS_2026-03-02_income_final_v1_doc_80f127a4ee7ae71a,evt_US_VANGUARD_BSV_CLASS_2026-03-02_income_final_v1,doc_80f127a4ee7ae71a,2,"Vanguard Profile JSON: {""reInvestPrice"": ""$78.84"", ""distributionYields"": ""3.99%"", ""recordDate"": ""03/02/2026"", ""reInvestDate"": ""03/02/2026"", ""share"": ""$0.2415160000"", ""payableDate"": ""03/04/2026"", ""type"": ""Dividend""}",0.241516,0.9,2026-09-25 20:27:17.040528
ev_evt_US_VANGUARD_BSV_CLASS_2026-04-01_income_final_v1_doc_80f127a4ee7ae71a,evt_US_VANGUARD_BSV_CLASS_2026-04-01_income_final_v1,doc_80f127a4ee7ae71a,2,"Vanguard Profile JSON: {""reInvestPrice"": ""$78.11"", ""distributionYields"": ""4.14%"", ""recordDate"": ""04/01/2026"", ""reInvestDate"": ""04/01/2026"", ""share"": ""$0.2666260000"", ""payableDate"": ""04/06/2026"", ""type"": ""Dividend""}",0.266626,0.9,2026-09-25 20:27:21.990401
ev_evt_US_VANGUARD_BSV_CLASS_2026-05-01_income_final_v1_doc_80f127a4ee7ae71a,evt_US_VANGUARD_BSV_CLASS_2026-05-01_income_final_v1,doc_80f127a4ee7ae71a,2,"Vanguard Profile JSON: {""reInvestPrice"": ""$78.04"", ""distributionYields"": ""4.03%"", ""recordDate"": ""05/01/2026"", ""reInvestDate"": ""05/01/2026"", ""share"": ""$0.2593000000"", ""payableDate"": ""05/05/2026"", ""type"": ""Dividend""}",0.2593,0.9,2026-09-25 20:27:42.775594
ev_evt_US_VANGUARD_BSV_CLASS_2026-06-01_income_final_v1_doc_80f127a4ee7ae71a,evt_US_VANGUARD_BSV_CLASS_2026-06-01_income_final_v1,doc_80f127a4ee7ae71a,2,"Vanguard Profile JSON: {""reInvestPrice"": ""$77.77"", ""distributionYields"": ""4.04%"", ""recordDate"": ""06/01/2026"", ""reInvestDate"": ""06/01/2026"", ""share"": ""$0.2673240000"", ""payableDate"": ""06/03/2026"", ""type"": ""Dividend""}",0.267324,0.9,2026-09-25 20:28:22.162742
ev_evt_US_VANGUARD_BSV_CLASS_2026-07-01_income_final_v1_doc_80f127a4ee7ae71a,evt_US_VANGUARD_BSV_CLASS_2026-07-01_income_final_v1,doc_80f127a4ee7ae71a,2,"Vanguard Profile JSON: {""reInvestPrice"": ""$77.59"", ""distributionYields"": ""4.09%"", ""recordDate"": ""07/01/2026"", ""reInvestDate"": ""07/01/2026"", ""share"": ""$0.2613490000"", ""payableDate"": ""07/06/2026"", ""type"": ""Dividend""}",0.261349,0.9,2026-09-25 20:28:23.666552
ev_evt_US_VANGUARD_BSV_CLASS_2026-08-03_income_final_v1_doc_80f127a4ee7ae71a,evt_US_VANGUARD_BSV_CLASS_2026-08-03_income_final_v1,doc_80f127a4ee7ae71a,2,"Vanguard Profile JSON: {""reInvestPrice"": ""$77.38"", ""distributionYields"": ""3.80%"", ""recordDate"": ""08/03/2026"", ""reInvestDate"": ""08/03/2026"", ""share"": ""$0.2661460000"", ""payableDate"": ""08/05/2026"", ""type"": ""Dividend""}",0.266146,0.9,2026-09-25 20:29:03.303388
ev_evt_US_VANGUARD_BSV_CLASS_2026-09-01_income_final_v1_doc_80f127a4ee7ae71a,evt_US_VANGUARD_BSV_CLASS_2026-09-01_income_final_v1,doc_80f127a4ee7ae71a,2,"Vanguard Profile JSON: {""reInvestPrice"": ""$77.10"", ""distributionYields"": ""4.36%"", ""recordDate"": ""09/01/2026"", ""reInvestDate"": ""09/01/2026"", ""share"": ""$0.2684450000"", ""payableDate"": ""09/03/2026"", ""type"": ""Dividend""}",0.268445,0.9,2026-09-25 20:29:04.188880
ev_evt_US_VANGUARD_BIV_CLASS_2025-04-01_income_final_v1_doc_f2ab75ce95042147,evt_US_VANGUARD_BIV_CLASS_2025-04-01_income_final_v1,doc_f2ab75ce95042147,2,"Vanguard Profile JSON: {""reInvestPrice"": ""$76.50"", ""distributionYields"": ""4.31%"", ""recordDate"": ""04/01/2025"", ""reInvestDate"": ""04/01/2025"", ""share"": ""$0.2606450000"", ""payableDate"": ""04/03/2025"", ""type"": ""Dividend""}",0.260645,0.9,2026-09-25 20:30:39.429462
ev_evt_US_VANGUARD_BIV_CLASS_2025-05-01_income_final_v1_doc_f2ab75ce95042147,evt_US_VANGUARD_BIV_CLASS_2025-05-01_income_final_v1,doc_f2ab75ce95042147,2,"Vanguard Profile JSON: {""reInvestPrice"": ""$76.45"", ""distributionYields"": ""4.04%"", ""recordDate"": ""05/01/2025"", ""reInvestDate"": ""05/01/2025"", ""share"": ""$0.2529180000"", ""payableDate"": ""05/05/2025"", ""type"": ""Dividend""}",0.252918,0.9,2026-09-25 20:30:40.997751
ev_evt_US_VANGUARD_BIV_CLASS_2025-06-02_income_final_v1_doc_f2ab75ce95042147,evt_US_VANGUARD_BIV_CLASS_2025-06-02_income_final_v1,doc_f2ab75ce95042147,2,"Vanguard Profile JSON: {""reInvestPrice"": ""$75.88"", ""distributionYields"": ""4.00%"", ""recordDate"": ""06/02/2025"", ""reInvestDate"": ""06/02/2025"", ""share"": ""$0.2657010000"", ""payableDate"": ""06/04/2025"", ""type"": ""Dividend""}",0.265701,0.9,2026-09-25 20:30:42.275574
ev_evt_US_VANGUARD_BIV_CLASS_2025-07-01_income_final_v1_doc_f2ab75ce95042147,evt_US_VANGUARD_BIV_CLASS_2025-07-01_income_final_v1,doc_f2ab75ce95042147,2,"Vanguard Profile JSON: {""reInvestPrice"": ""$76.96"", ""distributionYields"": ""4.25%"", ""recordDate"": ""07/01/2025"", ""reInvestDate"": ""07/01/2025"", ""share"": ""$0.2580100000"", ""payableDate"": ""07/03/2025"", ""type"": ""Dividend""}",0.25801,0.9,2026-09-25 20:30:45.698269
ev_evt_US_VANGUARD_BIV_CLASS_2025-08-01_income_final_v1_doc_f2ab75ce95042147,evt_US_VANGUARD_BIV_CLASS_2025-08-01_income_final_v1,doc_f2ab75ce95042147,2,"Vanguard Profile JSON: {""reInvestPrice"": ""$77.34"", ""distributionYields"": ""4.07%"", ""recordDate"": ""08/01/2025"", ""reInvestDate"": ""08/01/2025"", ""share"": ""$0.2650570000"", ""payableDate"": ""08/05/2025"", ""type"": ""Dividend""}",0.265057,0.9,2026-09-25 20:30:48.015186
ev_evt_US_VANGUARD_BIV_CLASS_2025-09-02_income_final_v1_doc_f2ab75ce95042147,evt_US_VANGUARD_BIV_CLASS_2025-09-02_income_final_v1,doc_f2ab75ce95042147,2,"Vanguard Profile JSON: {""reInvestPrice"": ""$77.33"", ""distributionYields"": ""3.92%"", ""recordDate"": ""09/02/2025"", ""reInvestDate"": ""09/02/2025"", ""share"": ""$0.2660430000"", ""payableDate"": ""09/04/2025"", ""type"": ""Dividend""}",0.266043,0.9,2026-09-25 20:30:55.336826
ev_evt_US_VANGUARD_BIV_CLASS_2025-10-01_income_final_v1_doc_f2ab75ce95042147,evt_US_VANGUARD_BIV_CLASS_2025-10-01_income_final_v1,doc_f2ab75ce95042147,2,"Vanguard Profile JSON: {""reInvestPrice"": ""$78.05"", ""distributionYields"": ""4.19%"", ""recordDate"": ""10/01/2025"", ""reInvestDate"": ""10/01/2025"", ""share"": ""$0.2600440000"", ""payableDate"": ""10/03/2025"", ""type"": ""Dividend""}",0.260044,0.9,2026-09-25 20:30:56.752599
ev_evt_US_VANGUARD_BIV_CLASS_2025-11-03_income_final_v1_doc_f2ab75ce95042147,evt_US_VANGUARD_BIV_CLASS_2025-11-03_income_final_v1,doc_f2ab75ce95042147,2,"Vanguard Profile JSON: {""reInvestPrice"": ""$77.91"", ""distributionYields"": ""3.80%"", ""recordDate"": ""11/03/2025"", ""reInvestDate"": ""11/03/2025"", ""share"": ""$0.2692630000"", ""payableDate"": ""11/05/2025"", ""type"": ""Dividend""}",0.269263,0.9,2026-09-25 20:30:58.161268
ev_evt_US_VANGUARD_BIV_CLASS_2025-12-18_income_final_v1_doc_f2ab75ce95042147,evt_US_VANGUARD_BIV_CLASS_2025-12-18_income_final_v1,doc_f2ab75ce95042147,2,"Vanguard Profile JSON: {""reInvestPrice"": ""$77.96"", ""distributionYields"": ""6.01%"", ""recordDate"": ""12/18/2025"", ""reInvestDate"": ""12/18/2025"", ""share"": ""$0.2765790000"", ""payableDate"": ""12/22/2025"", ""type"": ""Dividend""}",0.276579,0.9,2026-09-25 20:30:59.528065
ev_evt_US_VANGUARD_BIV_CLASS_2025-12-01_income_final_v1_doc_f2ab75ce95042147,evt_US_VANGUARD_BIV_CLASS_2025-12-01_income_final_v1,doc_f2ab75ce95042147,2,"Vanguard Profile JSON: {""reInvestPrice"": ""$78.08"", ""distributionYields"": ""3.80%"", ""recordDate"": ""12/01/2025"", ""reInvestDate"": ""12/01/2025"", ""share"": ""$0.2637640000"", ""payableDate"": ""12/03/2025"", ""type"": ""Dividend""}",0.263764,0.9,2026-09-25 20:30:59.533304
ev_evt_US_VANGUARD_BIV_CLASS_2026-02-02_income_final_v1_doc_f2ab75ce95042147,evt_US_VANGUARD_BIV_CLASS_2026-02-02_income_final_v1,doc_f2ab75ce95042147,2,"Vanguard Profile JSON: {""reInvestPrice"": ""$77.48"", ""distributionYields"": ""2.79%"", ""recordDate"": ""02/02/2026"", ""reInvestDate"": ""02/02/2026"", ""share"": ""$0.2738260000"", ""payableDate"": ""02/04/2026"", ""type"": ""Dividend""}",0.273826,0.9,2026-09-25 20:31:12.098865
ev_evt_US_VANGUARD_BIV_CLASS_2026-03-02_income_final_v1_doc_f2ab75ce95042147,evt_US_VANGUARD_BIV_CLASS_2026-03-02_income_final_v1,doc_f2ab75ce95042147,2,"Vanguard Profile JSON: {""reInvestPrice"": ""$78.35"", ""distributionYields"": ""4.19%"", ""recordDate"": ""03/02/2026"", ""reInvestDate"": ""03/02/2026"", ""share"": ""$0.2514080000"", ""payableDate"": ""03/04/2026"", ""type"": ""Dividend""}",0.251408,0.9,2026-09-25 20:31:13.527403
ev_evt_US_VANGUARD_BIV_CLASS_2026-04-01_income_final_v1_doc_f2ab75ce95042147,evt_US_VANGUARD_BIV_CLASS_2026-04-01_income_final_v1,doc_f2ab75ce95042147,2,"Vanguard Profile JSON: {""reInvestPrice"": ""$76.85"", ""distributionYields"": ""4.41%"", ""recordDate"": ""04/01/2026"", ""reInvestDate"": ""04/01/2026"", ""share"": ""$0.2806130000"", ""payableDate"": ""04/06/2026"", ""type"": ""Dividend""}",0.280613,0.9,2026-09-25 20:31:16.142099
ev_evt_US_VANGUARD_BIV_CLASS_2026-05-01_income_final_v1_doc_f2ab75ce95042147,evt_US_VANGUARD_BIV_CLASS_2026-05-01_income_final_v1,doc_f2ab75ce95042147,2,"Vanguard Profile JSON: {""reInvestPrice"": ""$76.77"", ""distributionYields"": ""4.31%"", ""recordDate"": ""05/01/2026"", ""reInvestDate"": ""05/01/2026"", ""share"": ""$0.2735060000"", ""payableDate"": ""05/05/2026"", ""type"": ""Dividend""}",0.273506,0.9,2026-09-25 20:31:21.162855
ev_evt_US_VANGUARD_BIV_CLASS_2026-06-01_income_final_v1_doc_f2ab75ce95042147,evt_US_VANGUARD_BIV_CLASS_2026-06-01_income_final_v1,doc_f2ab75ce95042147,2,"Vanguard Profile JSON: {""reInvestPrice"": ""$76.45"", ""distributionYields"": ""4.34%"", ""recordDate"": ""06/01/2026"", ""reInvestDate"": ""06/01/2026"", ""share"": ""$0.2818000000"", ""payableDate"": ""06/03/2026"", ""type"": ""Dividend""}",0.2818,0.9,2026-09-25 20:31:55.200414
ev_evt_US_VANGUARD_BIV_CLASS_2026-07-01_income_final_v1_doc_f2ab75ce95042147,evt_US_VANGUARD_BIV_CLASS_2026-07-01_income_final_v1,doc_f2ab75ce95042147,2,"Vanguard Profile JSON: {""reInvestPrice"": ""$76.28"", ""distributionYields"": ""4.38%"", ""recordDate"": ""07/01/2026"", ""reInvestDate"": ""07/01/2026"", ""share"": ""$0.2749720000"", ""payableDate"": ""07/06/2026"", ""type"": ""Dividend""}",0.274972,0.9,2026-09-25 20:31:56.576645
ev_evt_US_VANGUARD_BIV_CLASS_2026-08-03_income_final_v1_doc_f2ab75ce95042147,evt_US_VANGUARD_BIV_CLASS_2026-08-03_income_final_v1,doc_f2ab75ce95042147,2,"Vanguard Profile JSON: {""reInvestPrice"": ""$75.40"", ""distributionYields"": ""4.17%"", ""recordDate"": ""08/03/2026"", ""reInvestDate"": ""08/03/2026"", ""share"": ""$0.2862880000"", ""payableDate"": ""08/05/2026"", ""type"": ""Dividend""}",0.286288,0.9,2026-09-25 20:32:36.425360
ev_evt_US_VANGUARD_BIV_CLASS_2026-09-01_income_final_v1_doc_f2ab75ce95042147,evt_US_VANGUARD_BIV_CLASS_2026-09-01_income_final_v1,doc_f2ab75ce95042147,2,"Vanguard Profile JSON: {""reInvestPrice"": ""$74.83"", ""distributionYields"": ""4.75%"", ""recordDate"": ""09/01/2026"", ""reInvestDate"": ""09/01/2026"", ""share"": ""$0.2853750000"", ""payableDate"": ""09/03/2026"", ""type"": ""Dividend""}",0.285375,0.9,2026-09-25 20:32:37.809102
ev_evt_US_VANGUARD_BLV_CLASS_2025-04-01_income_final_v1_doc_a0145febaef6a26b,evt_US_VANGUARD_BLV_CLASS_2025-04-01_income_final_v1,doc_a0145febaef6a26b,2,"Vanguard Profile JSON: {""reInvestPrice"": ""$70.56"", ""distributionYields"": ""4.96%"", ""recordDate"": ""04/01/2025"", ""reInvestDate"": ""04/01/2025"", ""share"": ""$0.2762940000"", ""payableDate"": ""04/03/2025"", ""type"": ""Dividend""}",0.276294,0.9,2026-09-25 20:33:11.516714
ev_evt_US_VANGUARD_BLV_CLASS_2025-05-01_income_final_v1_doc_a0145febaef6a26b,evt_US_VANGUARD_BLV_CLASS_2025-05-01_income_final_v1,doc_a0145febaef6a26b,2,"Vanguard Profile JSON: {""reInvestPrice"": ""$68.69"", ""distributionYields"": ""4.62%"", ""recordDate"": ""05/01/2025"", ""reInvestDate"": ""05/01/2025"", ""share"": ""$0.2604960000"", ""payableDate"": ""05/05/2025"", ""type"": ""Dividend""}",0.260496,0.9,2026-09-25 20:33:13.090648
ev_evt_US_VANGUARD_BLV_CLASS_2025-06-02_income_final_v1_doc_a0145febaef6a26b,evt_US_VANGUARD_BLV_CLASS_2025-06-02_income_final_v1,doc_a0145febaef6a26b,2,"Vanguard Profile JSON: {""reInvestPrice"": ""$67.10"", ""distributionYields"": ""4.67%"", ""recordDate"": ""06/02/2025"", ""reInvestDate"": ""06/02/2025"", ""share"": ""$0.2762670000"", ""payableDate"": ""06/04/2025"", ""type"": ""Dividend""}",0.276267,0.9,2026-09-25 20:33:14.593087
ev_evt_US_VANGUARD_BLV_CLASS_2025-07-01_income_final_v1_doc_a0145febaef6a26b,evt_US_VANGUARD_BLV_CLASS_2025-07-01_income_final_v1,doc_a0145febaef6a26b,2,"Vanguard Profile JSON: {""reInvestPrice"": ""$69.35"", ""distributionYields"": ""5.07%"", ""recordDate"": ""07/01/2025"", ""reInvestDate"": ""07/01/2025"", ""share"": ""$0.2749050000"", ""payableDate"": ""07/03/2025"", ""type"": ""Dividend""}",0.274905,0.9,2026-09-25 20:33:17.322281
ev_evt_US_VANGUARD_BLV_CLASS_2025-08-01_income_final_v1_doc_a0145febaef6a26b,evt_US_VANGUARD_BLV_CLASS_2025-08-01_income_final_v1,doc_a0145febaef6a26b,2,"Vanguard Profile JSON: {""reInvestPrice"": ""$69.33"", ""distributionYields"": ""4.83%"", ""recordDate"": ""08/01/2025"", ""reInvestDate"": ""08/01/2025"", ""share"": ""$0.2802310000"", ""payableDate"": ""08/05/2025"", ""type"": ""Dividend""}",0.280231,0.9,2026-09-25 20:33:19.890251
ev_evt_US_VANGUARD_BLV_CLASS_2025-09-02_income_final_v1_doc_a0145febaef6a26b,evt_US_VANGUARD_BLV_CLASS_2025-09-02_income_final_v1,doc_a0145febaef6a26b,2,"Vanguard Profile JSON: {""reInvestPrice"": ""$68.25"", ""distributionYields"": ""4.52%"", ""recordDate"": ""09/02/2025"", ""reInvestDate"": ""09/02/2025"", ""share"": ""$0.2735900000"", ""payableDate"": ""09/04/2025"", ""type"": ""Dividend""}",0.27359,0.9,2026-09-25 20:33:22.408727
ev_evt_US_VANGUARD_BLV_CLASS_2025-10-01_income_final_v1_doc_a0145febaef6a26b,evt_US_VANGUARD_BLV_CLASS_2025-10-01_income_final_v1,doc_a0145febaef6a26b,2,"Vanguard Profile JSON: {""reInvestPrice"": ""$70.76"", ""distributionYields"": ""4.72%"", ""recordDate"": ""10/01/2025"", ""reInvestDate"": ""10/01/2025"", ""share"": ""$0.2654240000"", ""payableDate"": ""10/03/2025"", ""type"": ""Dividend""}",0.265424,0.9,2026-09-25 20:33:23.943159
ev_evt_US_VANGUARD_BLV_CLASS_2025-11-03_income_final_v1_doc_a0145febaef6a26b,evt_US_VANGUARD_BLV_CLASS_2025-11-03_income_final_v1,doc_a0145febaef6a26b,2,"Vanguard Profile JSON: {""reInvestPrice"": ""$70.69"", ""distributionYields"": ""4.21%"", ""recordDate"": ""11/03/2025"", ""reInvestDate"": ""11/03/2025"", ""share"": ""$0.2724420000"", ""payableDate"": ""11/05/2025"", ""type"": ""Dividend""}",0.272442,0.9,2026-09-25 20:33:25.558636
ev_evt_US_VANGUARD_BLV_CLASS_2025-12-18_income_final_v1_doc_a0145febaef6a26b,evt_US_VANGUARD_BLV_CLASS_2025-12-18_income_final_v1,doc_a0145febaef6a26b,2,"Vanguard Profile JSON: {""reInvestPrice"": ""$69.76"", ""distributionYields"": ""6.75%"", ""recordDate"": ""12/18/2025"", ""reInvestDate"": ""12/18/2025"", ""share"": ""$0.2785580000"", ""payableDate"": ""12/22/2025"", ""type"": ""Dividend""}",0.278558,0.9,2026-09-25 20:33:27.103546
ev_evt_US_VANGUARD_BLV_CLASS_2025-12-01_income_final_v1_doc_a0145febaef6a26b,evt_US_VANGUARD_BLV_CLASS_2025-12-01_income_final_v1,doc_a0145febaef6a26b,2,"Vanguard Profile JSON: {""reInvestPrice"": ""$70.28"", ""distributionYields"": ""4.21%"", ""recordDate"": ""12/01/2025"", ""reInvestDate"": ""12/01/2025"", ""share"": ""$0.2681510000"", ""payableDate"": ""12/03/2025"", ""type"": ""Dividend""}",0.268151,0.9,2026-09-25 20:33:27.108935
ev_evt_US_VANGUARD_BLV_CLASS_2026-02-02_income_final_v1_doc_a0145febaef6a26b,evt_US_VANGUARD_BLV_CLASS_2026-02-02_income_final_v1,doc_a0145febaef6a26b,2,"Vanguard Profile JSON: {""reInvestPrice"": ""$69.19"", ""distributionYields"": ""3.16%"", ""recordDate"": ""02/02/2026"", ""reInvestDate"": ""02/02/2026"", ""share"": ""$0.2774540000"", ""payableDate"": ""02/04/2026"", ""type"": ""Dividend""}",0.277454,0.9,2026-09-25 20:33:39.724532
ev_evt_US_VANGUARD_BLV_CLASS_2026-03-02_income_final_v1_doc_a0145febaef6a26b,evt_US_VANGUARD_BLV_CLASS_2026-03-02_income_final_v1,doc_a0145febaef6a26b,2,"Vanguard Profile JSON: {""reInvestPrice"": ""$70.72"", ""distributionYields"": ""4.64%"", ""recordDate"": ""03/02/2026"", ""reInvestDate"": ""03/02/2026"", ""share"": ""$0.2511370000"", ""payableDate"": ""03/04/2026"", ""type"": ""Dividend""}",0.251137,0.9,2026-09-25 20:33:41.230045
ev_evt_US_VANGUARD_BLV_CLASS_2026-04-01_income_final_v1_doc_a0145febaef6a26b,evt_US_VANGUARD_BLV_CLASS_2026-04-01_income_final_v1,doc_a0145febaef6a26b,2,"Vanguard Profile JSON: {""reInvestPrice"": ""$68.46"", ""distributionYields"": ""5.00%"", ""recordDate"": ""04/01/2026"", ""reInvestDate"": ""04/01/2026"", ""share"": ""$0.2836300000"", ""payableDate"": ""04/06/2026"", ""type"": ""Dividend""}",0.28363,0.9,2026-09-25 20:33:43.772841
ev_evt_US_VANGUARD_BLV_CLASS_2026-05-01_income_final_v1_doc_a0145febaef6a26b,evt_US_VANGUARD_BLV_CLASS_2026-05-01_income_final_v1,doc_a0145febaef6a26b,2,"Vanguard Profile JSON: {""reInvestPrice"": ""$68.26"", ""distributionYields"": ""4.84%"", ""recordDate"": ""05/01/2026"", ""reInvestDate"": ""05/01/2026"", ""share"": ""$0.2741180000"", ""payableDate"": ""05/05/2026"", ""type"": ""Dividend""}",0.274118,0.9,2026-09-25 20:33:48.789743
ev_evt_US_VANGUARD_BLV_CLASS_2026-06-01_income_final_v1_doc_a0145febaef6a26b,evt_US_VANGUARD_BLV_CLASS_2026-06-01_income_final_v1,doc_a0145febaef6a26b,2,"Vanguard Profile JSON: {""reInvestPrice"": ""$68.43"", ""distributionYields"": ""4.88%"", ""recordDate"": ""06/01/2026"", ""reInvestDate"": ""06/01/2026"", ""share"": ""$0.2817100000"", ""payableDate"": ""06/03/2026"", ""type"": ""Dividend""}",0.28171,0.9,2026-09-25 20:33:51.309446
ev_evt_US_VANGUARD_BLV_CLASS_2026-07-01_income_final_v1_doc_a0145febaef6a26b,evt_US_VANGUARD_BLV_CLASS_2026-07-01_income_final_v1,doc_a0145febaef6a26b,2,"Vanguard Profile JSON: {""reInvestPrice"": ""$68.30"", ""distributionYields"": ""4.81%"", ""recordDate"": ""07/01/2026"", ""reInvestDate"": ""07/01/2026"", ""share"": ""$0.2716200000"", ""payableDate"": ""07/06/2026"", ""type"": ""Dividend""}",0.27162,0.9,2026-09-25 20:33:52.813095
ev_evt_US_VANGUARD_BLV_CLASS_2026-08-03_income_final_v1_doc_a0145febaef6a26b,evt_US_VANGUARD_BLV_CLASS_2026-08-03_income_final_v1,doc_a0145febaef6a26b,2,"Vanguard Profile JSON: {""reInvestPrice"": ""$65.93"", ""distributionYields"": ""4.64%"", ""recordDate"": ""08/03/2026"", ""reInvestDate"": ""08/03/2026"", ""share"": ""$0.2812740000"", ""payableDate"": ""08/05/2026"", ""type"": ""Dividend""}",0.281274,0.9,2026-09-25 20:34:32.593545
ev_evt_US_VANGUARD_BLV_CLASS_2026-09-01_income_final_v1_doc_a0145febaef6a26b,evt_US_VANGUARD_BLV_CLASS_2026-09-01_income_final_v1,doc_a0145febaef6a26b,2,"Vanguard Profile JSON: {""reInvestPrice"": ""$65.61"", ""distributionYields"": ""5.34%"", ""recordDate"": ""09/01/2026"", ""reInvestDate"": ""09/01/2026"", ""share"": ""$0.2808120000"", ""payableDate"": ""09/03/2026"", ""type"": ""Dividend""}",0.280812,0.9,2026-09-25 20:34:34.189471
ev_evt_US_VANGUARD_VFIAX_CLASS_2025-03-27_income_final_v1_doc_6cedb718fb3e87e8,evt_US_VANGUARD_VFIAX_CLASS_2025-03-27_income_final_v1,doc_6cedb718fb3e87e8,2,"Vanguard Profile JSON: {""reInvestPrice"": ""$525.17"", ""recordDate"": ""03/26/2025"", ""reInvestDate"": ""03/27/2025"", ""share"": ""$1.8116000000"", ""payableDate"": ""03/28/2025"", ""type"": ""Dividend""}",1.8116,0.9,2026-09-25 20:35:45.273725
ev_evt_US_VANGUARD_VFIAX_CLASS_2025-06-30_income_final_v1_doc_6cedb718fb3e87e8,evt_US_VANGUARD_VFIAX_CLASS_2025-06-30_income_final_v1,doc_6cedb718fb3e87e8,2,"Vanguard Profile JSON: {""reInvestPrice"": ""$572.58"", ""recordDate"": ""06/27/2025"", ""reInvestDate"": ""06/30/2025"", ""share"": ""$1.7444000000"", ""payableDate"": ""07/01/2025"", ""type"": ""Dividend""}",1.7444,0.9,2026-09-25 20:35:56.991511
ev_evt_US_VANGUARD_VFIAX_CLASS_2025-09-29_income_final_v1_doc_6cedb718fb3e87e8,evt_US_VANGUARD_VFIAX_CLASS_2025-09-29_income_final_v1,doc_6cedb718fb3e87e8,2,"Vanguard Profile JSON: {""reInvestPrice"": ""$614.71"", ""recordDate"": ""09/26/2025"", ""reInvestDate"": ""09/29/2025"", ""share"": ""$1.7381000000"", ""payableDate"": ""09/30/2025"", ""type"": ""Dividend""}",1.7381,0.9,2026-09-25 20:36:09.194801
ev_evt_US_VANGUARD_VFIAX_CLASS_2025-12-22_income_final_v1_doc_6cedb718fb3e87e8,evt_US_VANGUARD_VFIAX_CLASS_2025-12-22_income_final_v1,doc_6cedb718fb3e87e8,2,"Vanguard Profile JSON: {""reInvestPrice"": ""$634.76"", ""recordDate"": ""12/19/2025"", ""reInvestDate"": ""12/22/2025"", ""share"": ""$1.7696000000"", ""payableDate"": ""12/23/2025"", ""type"": ""Dividend""}",1.7696,0.9,2026-09-25 20:36:12.807781
ev_evt_US_VANGUARD_VFIAX_CLASS_2025-03-27_income_final_v1_doc_9d0257f22c3fb913,evt_US_VANGUARD_VFIAX_CLASS_2025-03-27_income_final_v1,doc_9d0257f22c3fb913,2,"Vanguard Profile JSON: {""reInvestPrice"": ""$525.17"", ""recordDate"": ""03/26/2025"", ""reInvestDate"": ""03/27/2025"", ""share"": ""$1.8116000000"", ""payableDate"": ""03/28/2025"", ""type"": ""Dividend""}",1.8116,0.9,2026-09-26 11:22:32.036229
ev_evt_US_VANGUARD_VFIAX_CLASS_2025-06-30_income_final_v1_doc_9d0257f22c3fb913,evt_US_VANGUARD_VFIAX_CLASS_2025-06-30_income_final_v1,doc_9d0257f22c3fb913,2,"Vanguard Profile JSON: {""reInvestPrice"": ""$572.58"", ""recordDate"": ""06/27/2025"", ""reInvestDate"": ""06/30/2025"", ""share"": ""$1.7444000000"", ""payableDate"": ""07/01/2025"", ""type"": ""Dividend""}",1.7444,0.9,2026-09-26 11:22:42.867542
ev_evt_US_VANGUARD_VFIAX_CLASS_2025-09-29_income_final_v1_doc_9d0257f22c3fb913,evt_US_VANGUARD_VFIAX_CLASS_2025-09-29_income_final_v1,doc_9d0257f22c3fb913,2,"Vanguard Profile JSON: {""reInvestPrice"": ""$614.71"", ""recordDate"": ""09/26/2025"", ""reInvestDate"": ""09/29/2025"", ""share"": ""$1.7381000000"", ""payableDate"": ""09/30/2025"", ""type"": ""Dividend""}",1.7381,0.9,2026-09-26 11:22:52.910059
ev_evt_US_VANGUARD_VFIAX_CLASS_2025-12-22_income_final_v1_doc_9d0257f22c3fb913,evt_US_VANGUARD_VFIAX_CLASS_2025-12-22_income_final_v1,doc_9d0257f22c3fb913,2,"Vanguard Profile JSON: {""reInvestPrice"": ""$634.76"", ""recordDate"": ""12/19/2025"", ""reInvestDate"": ""12/22/2025"", ""share"": ""$1.7696000000"", ""payableDate"": ""12/23/2025"", ""type"": ""Dividend""}",1.7696,0.9,2026-09-26 11:22:58.828566
ev_evt_US_VANGUARD_VFIAX_CLASS_2026-03-27_income_final_v1_doc_9d0257f22c3fb913,evt_US_VANGUARD_VFIAX_CLASS_2026-03-27_income_final_v1,doc_9d0257f22c3fb913,2,"Vanguard Profile JSON: {""reInvestPrice"": ""$587.68"", ""recordDate"": ""03/26/2026"", ""reInvestDate"": ""03/27/2026"", ""share"": ""$1.8697000000"", ""payableDate"": ""03/30/2026"", ""type"": ""Dividend""}",1.8697,0.9,2026-09-26 11:23:16.492793
ev_evt_US_VANGUARD_VFIAX_CLASS_2026-06-26_income_final_v1_doc_9d0257f22c3fb913,evt_US_VANGUARD_VFIAX_CLASS_2026-06-26_income_final_v1,doc_9d0257f22c3fb913,2,"Vanguard Profile JSON: {""reInvestPrice"": ""$678.51"", ""recordDate"": ""06/25/2026"", ""reInvestDate"": ""06/26/2026"", ""share"": ""$1.9602000000"", ""payableDate"": ""06/29/2026"", ""type"": ""Dividend""}",1.9602,0.9,2026-09-26 11:23:24.972379
ev_evt_US_VANGUARD_VTSAX_CLASS_2025-03-27_income_final_v1_doc_32edbf2ef6a0bcdd,evt_US_VANGUARD_VTSAX_CLASS_2025-03-27_income_final_v1,doc_32edbf2ef6a0bcdd,2,"Vanguard Profile JSON: {""reInvestPrice"": ""$135.84"", ""recordDate"": ""03/26/2025"", ""reInvestDate"": ""03/27/2025"", ""share"": ""$0.4759000000"", ""payableDate"": ""03/28/2025"", ""type"": ""Dividend""}",0.4759,0.9,2026-09-26 11:24:05.516068
ev_evt_US_VANGUARD_VTSAX_CLASS_2025-06-30_income_final_v1_doc_32edbf2ef6a0bcdd,evt_US_VANGUARD_VTSAX_CLASS_2025-06-30_income_final_v1,doc_32edbf2ef6a0bcdd,2,"Vanguard Profile JSON: {""reInvestPrice"": ""$148.01"", ""recordDate"": ""06/27/2025"", ""reInvestDate"": ""06/30/2025"", ""share"": ""$0.4410000000"", ""payableDate"": ""07/01/2025"", ""type"": ""Dividend""}",0.441,0.9,2026-09-26 11:24:13.371615
ev_evt_US_VANGUARD_VTSAX_CLASS_2025-09-29_income_final_v1_doc_32edbf2ef6a0bcdd,evt_US_VANGUARD_VTSAX_CLASS_2025-09-29_income_final_v1,doc_32edbf2ef6a0bcdd,2,"Vanguard Profile JSON: {""reInvestPrice"": ""$159.21"", ""recordDate"": ""09/26/2025"", ""reInvestDate"": ""09/29/2025"", ""share"": ""$0.4377000000"", ""payableDate"": ""09/30/2025"", ""type"": ""Dividend""}",0.4377,0.9,2026-09-26 11:24:22.105432
ev_evt_US_VANGUARD_VTSAX_CLASS_2025-12-22_income_final_v1_doc_32edbf2ef6a0bcdd,evt_US_VANGUARD_VTSAX_CLASS_2025-12-22_income_final_v1,doc_32edbf2ef6a0bcdd,2,"Vanguard Profile JSON: {""reInvestPrice"": ""$164.37"", ""recordDate"": ""12/19/2025"", ""reInvestDate"": ""12/22/2025"", ""share"": ""$0.4590000000"", ""payableDate"": ""12/23/2025"", ""type"": ""Dividend""}",0.459,0.9,2026-09-26 11:24:27.914232
ev_evt_US_VANGUARD_VTSAX_CLASS_2026-03-27_income_final_v1_doc_32edbf2ef6a0bcdd,evt_US_VANGUARD_VTSAX_CLASS_2026-03-27_income_final_v1,doc_32edbf2ef6a0bcdd,2,"Vanguard Profile JSON: {""reInvestPrice"": ""$152.42"", ""recordDate"": ""03/26/2026"", ""reInvestDate"": ""03/27/2026"", ""share"": ""$0.4808000000"", ""payableDate"": ""03/30/2026"", ""type"": ""Dividend""}",0.4808,0.9,2026-09-26 11:24:45.191087
ev_evt_US_VANGUARD_VTSAX_CLASS_2026-06-26_income_final_v1_doc_32edbf2ef6a0bcdd,evt_US_VANGUARD_VTSAX_CLASS_2026-06-26_income_final_v1,doc_32edbf2ef6a0bcdd,2,"Vanguard Profile JSON: {""reInvestPrice"": ""$176.71"", ""recordDate"": ""06/25/2026"", ""reInvestDate"": ""06/26/2026"", ""share"": ""$0.5037000000"", ""payableDate"": ""06/29/2026"", ""type"": ""Dividend""}",0.5037,0.9,2026-09-26 11:24:54.224816
ev_evt_US_VANGUARD_VBTLX_CLASS_2025-03-31_income_final_v1_doc_668fd44dc0e2015c,evt_US_VANGUARD_VBTLX_CLASS_2025-03-31_income_final_v1,doc_668fd44dc0e2015c,2,"Vanguard Profile JSON: {""reInvestPrice"": ""$9.65"", ""distributionYields"": ""3.88%"", ""recordDate"": ""03/31/2025"", ""reInvestDate"": ""03/31/2025"", ""share"": ""$0.0317113100"", ""payableDate"": ""04/01/2025"", ""type"": ""Dividend""}",0.03171131,0.9,2026-09-26 11:25:39.667446
ev_evt_US_VANGUARD_VBTLX_CLASS_2025-04-30_income_final_v1_doc_668fd44dc0e2015c,evt_US_VANGUARD_VBTLX_CLASS_2025-04-30_income_final_v1,doc_668fd44dc0e2015c,2,"Vanguard Profile JSON: {""reInvestPrice"": ""$9.66"", ""distributionYields"": ""3.92%"", ""recordDate"": ""04/30/2025"", ""reInvestDate"": ""04/30/2025"", ""share"": ""$0.0309265610"", ""payableDate"": ""05/01/2025"", ""type"": ""Dividend""}",0.030926561,0.9,2026-09-26 11:25:41.454962
ev_evt_US_VANGUARD_VBTLX_CLASS_2025-05-30_income_final_v1_doc_668fd44dc0e2015c,evt_US_VANGUARD_VBTLX_CLASS_2025-05-30_income_final_v1,doc_668fd44dc0e2015c,2,"Vanguard Profile JSON: {""reInvestPrice"": ""$9.56"", ""distributionYields"": ""3.93%"", ""recordDate"": ""05/30/2025"", ""reInvestDate"": ""05/30/2025"", ""share"": ""$0.0318302520"", ""payableDate"": ""06/02/2025"", ""type"": ""Dividend""}",0.031830252,0.9,2026-09-26 11:25:43.173558
ev_evt_US_VANGUARD_VBTLX_CLASS_2025-06-30_income_final_v1_doc_668fd44dc0e2015c,evt_US_VANGUARD_VBTLX_CLASS_2025-06-30_income_final_v1,doc_668fd44dc0e2015c,2,"Vanguard Profile JSON: {""reInvestPrice"": ""$9.68"", ""distributionYields"": ""3.96%"", ""recordDate"": ""06/30/2025"", ""reInvestDate"": ""06/30/2025"", ""share"": ""$0.0311607930"", ""payableDate"": ""07/01/2025"", ""type"": ""Dividend""}",0.031160793,0.9,2026-09-26 11:25:45.000336
ev_evt_US_VANGUARD_VBTLX_CLASS_2025-07-31_income_final_v1_doc_668fd44dc0e2015c,evt_US_VANGUARD_VBTLX_CLASS_2025-07-31_income_final_v1,doc_668fd44dc0e2015c,2,"Vanguard Profile JSON: {""reInvestPrice"": ""$9.62"", ""distributionYields"": ""3.93%"", ""recordDate"": ""07/31/2025"", ""reInvestDate"": ""07/31/2025"", ""share"": ""$0.0320603530"", ""payableDate"": ""08/01/2025"", ""type"": ""Dividend""}",0.032060353,0.9,2026-09-26 11:25:49.044575
ev_evt_US_VANGUARD_VBTLX_CLASS_2025-08-29_income_final_v1_doc_668fd44dc0e2015c,evt_US_VANGUARD_VBTLX_CLASS_2025-08-29_income_final_v1,doc_668fd44dc0e2015c,2,"Vanguard Profile JSON: {""reInvestPrice"": ""$9.70"", ""distributionYields"": ""3.91%"", ""recordDate"": ""08/29/2025"", ""reInvestDate"": ""08/29/2025"", ""share"": ""$0.0321397230"", ""payableDate"": ""09/02/2025"", ""type"": ""Dividend""}",0.032139723,0.9,2026-09-26 11:25:51.981778
ev_evt_US_VANGUARD_VBTLX_CLASS_2025-09-30_income_final_v1_doc_668fd44dc0e2015c,evt_US_VANGUARD_VBTLX_CLASS_2025-09-30_income_final_v1,doc_668fd44dc0e2015c,2,"Vanguard Profile JSON: {""reInvestPrice"": ""$9.77"", ""distributionYields"": ""3.92%"", ""recordDate"": ""09/30/2025"", ""reInvestDate"": ""09/30/2025"", ""share"": ""$0.0314994250"", ""payableDate"": ""10/01/2025"", ""type"": ""Dividend""}",0.031499425,0.9,2026-09-26 11:25:55.088537
ev_evt_US_VANGUARD_VBTLX_CLASS_2025-10-31_income_final_v1_doc_668fd44dc0e2015c,evt_US_VANGUARD_VBTLX_CLASS_2025-10-31_income_final_v1,doc_668fd44dc0e2015c,2,"Vanguard Profile JSON: {""reInvestPrice"": ""$9.80"", ""distributionYields"": ""3.88%"", ""recordDate"": ""10/31/2025"", ""reInvestDate"": ""10/31/2025"", ""share"": ""$0.0323746200"", ""payableDate"": ""11/03/2025"", ""type"": ""Dividend""}",0.03237462,0.9,2026-09-26 11:25:56.830066
ev_evt_US_VANGUARD_VBTLX_CLASS_2025-11-28_income_final_v1_doc_668fd44dc0e2015c,evt_US_VANGUARD_VBTLX_CLASS_2025-11-28_income_final_v1,doc_668fd44dc0e2015c,2,"Vanguard Profile JSON: {""reInvestPrice"": ""$9.83"", ""distributionYields"": ""3.92%"", ""recordDate"": ""11/28/2025"", ""reInvestDate"": ""11/28/2025"", ""share"": ""$0.0315769930"", ""payableDate"": ""12/01/2025"", ""type"": ""Dividend""}",0.031576993,0.9,2026-09-26 11:25:58.616669
ev_evt_US_VANGUARD_VBTLX_CLASS_2025-12-31_income_final_v1_doc_668fd44dc0e2015c,evt_US_VANGUARD_VBTLX_CLASS_2025-12-31_income_final_v1,doc_668fd44dc0e2015c,2,"Vanguard Profile JSON: {""reInvestPrice"": ""$9.77"", ""distributionYields"": ""3.92%"", ""recordDate"": ""12/31/2025"", ""reInvestDate"": ""12/31/2025"", ""share"": ""$0.0325855240"", ""payableDate"": ""01/02/2026"", ""type"": ""Dividend""}",0.032585524,0.9,2026-09-26 11:26:00.383330
ev_evt_US_VANGUARD_VBTLX_CLASS_2026-01-30_income_final_v1_doc_668fd44dc0e2015c,evt_US_VANGUARD_VBTLX_CLASS_2026-01-30_income_final_v1,doc_668fd44dc0e2015c,2,"Vanguard Profile JSON: {""reInvestPrice"": ""$9.76"", ""distributionYields"": ""3.94%"", ""recordDate"": ""01/30/2026"", ""reInvestDate"": ""01/30/2026"", ""share"": ""$0.0326626010"", ""payableDate"": ""02/02/2026"", ""type"": ""Dividend""}",0.032662601,0.9,2026-09-26 11:26:08.854260
ev_evt_US_VANGUARD_VBTLX_CLASS_2026-02-27_income_final_v1_doc_668fd44dc0e2015c,evt_US_VANGUARD_VBTLX_CLASS_2026-02-27_income_final_v1,doc_668fd44dc0e2015c,2,"Vanguard Profile JSON: {""reInvestPrice"": ""$9.88"", ""distributionYields"": ""4.02%"", ""recordDate"": ""02/27/2026"", ""reInvestDate"": ""02/27/2026"", ""share"": ""$0.0302521940"", ""payableDate"": ""03/02/2026"", ""type"": ""Dividend""}",0.030252194,0.9,2026-09-26 11:26:13.937533
ev_evt_US_VANGUARD_VBTLX_CLASS_2026-03-31_income_final_v1_doc_668fd44dc0e2015c,evt_US_VANGUARD_VBTLX_CLASS_2026-03-31_income_final_v1,doc_668fd44dc0e2015c,2,"Vanguard Profile JSON: {""reInvestPrice"": ""$9.68"", ""distributionYields"": ""3.99%"", ""recordDate"": ""03/31/2026"", ""reInvestDate"": ""03/31/2026"", ""share"": ""$0.0329149150"", ""payableDate"": ""04/01/2026"", ""type"": ""Dividend""}",0.032914915,0.9,2026-09-26 11:26:15.600886
ev_evt_US_VANGUARD_VBTLX_CLASS_2026-04-30_income_final_v1_doc_668fd44dc0e2015c,evt_US_VANGUARD_VBTLX_CLASS_2026-04-30_income_final_v1,doc_668fd44dc0e2015c,2,"Vanguard Profile JSON: {""reInvestPrice"": ""$9.66"", ""distributionYields"": ""4.01%"", ""recordDate"": ""04/30/2026"", ""reInvestDate"": ""04/30/2026"", ""share"": ""$0.0320141100"", ""payableDate"": ""05/01/2026"", ""type"": ""Dividend""}",0.03201411,0.9,2026-09-26 11:26:18.325214
ev_evt_US_VANGUARD_VBTLX_CLASS_2026-05-29_income_final_v1_doc_668fd44dc0e2015c,evt_US_VANGUARD_VBTLX_CLASS_2026-05-29_income_final_v1,doc_668fd44dc0e2015c,2,"Vanguard Profile JSON: {""reInvestPrice"": ""$9.66"", ""distributionYields"": ""4.03%"", ""recordDate"": ""05/29/2026"", ""reInvestDate"": ""05/29/2026"", ""share"": ""$0.0329374500"", ""payableDate"": ""06/01/2026"", ""type"": ""Dividend""}",0.03293745,0.9,2026-09-26 11:26:23.534985
ev_evt_US_VANGUARD_VBTLX_CLASS_2026-06-30_income_final_v1_doc_668fd44dc0e2015c,evt_US_VANGUARD_VBTLX_CLASS_2026-06-30_income_final_v1,doc_668fd44dc0e2015c,2,"Vanguard Profile JSON: {""reInvestPrice"": ""$9.65"", ""distributionYields"": ""4.09%"", ""recordDate"": ""06/30/2026"", ""reInvestDate"": ""06/30/2026"", ""share"": ""$0.0323832870"", ""payableDate"": ""07/01/2026"", ""type"": ""Dividend""}",0.032383287,0.9,2026-09-26 11:26:26.745090
ev_evt_US_VANGUARD_VBTLX_CLASS_2026-07-31_income_final_v1_doc_668fd44dc0e2015c,evt_US_VANGUARD_VBTLX_CLASS_2026-07-31_income_final_v1,doc_668fd44dc0e2015c,2,"Vanguard Profile JSON: {""reInvestPrice"": ""$9.49"", ""distributionYields"": ""4.10%"", ""recordDate"": ""07/31/2026"", ""reInvestDate"": ""07/31/2026"", ""share"": ""$0.0333503730"", ""payableDate"": ""08/03/2026"", ""type"": ""Dividend""}",0.033350373,0.9,2026-09-26 11:26:28.150670
ev_evt_US_VANGUARD_VBTLX_CLASS_2026-08-31_income_final_v1_doc_668fd44dc0e2015c,evt_US_VANGUARD_VBTLX_CLASS_2026-08-31_income_final_v1,doc_668fd44dc0e2015c,2,"Vanguard Profile JSON: {""reInvestPrice"": ""$9.49"", ""distributionYields"": ""4.14%"", ""recordDate"": ""08/31/2026"", ""reInvestDate"": ""08/31/2026"", ""share"": ""$0.0334961370"", ""payableDate"": ""09/01/2026"", ""type"": ""Dividend""}",0.033496137,0.9,2026-09-26 11:26:31.127119
ev_evt_US_VANGUARD_VTIAX_CLASS_2025-06-20_income_final_v1_doc_93d3a9b314e3b327,evt_US_VANGUARD_VTIAX_CLASS_2025-06-20_income_final_v1,doc_93d3a9b314e3b327,2,"Vanguard Profile JSON: {""reInvestPrice"": ""$35.78"", ""recordDate"": ""06/18/2025"", ""reInvestDate"": ""06/20/2025"", ""share"": ""$0.2574000000"", ""payableDate"": ""06/23/2025"", ""type"": ""Dividend""}",0.2574,0.9,2026-09-26 11:27:22.171988
ev_evt_US_VANGUARD_VTIAX_CLASS_2025-09-19_income_final_v1_doc_93d3a9b314e3b327,evt_US_VANGUARD_VTIAX_CLASS_2025-09-19_income_final_v1,doc_93d3a9b314e3b327,2,"Vanguard Profile JSON: {""reInvestPrice"": ""$39.28"", ""recordDate"": ""09/18/2025"", ""reInvestDate"": ""09/19/2025"", ""share"": ""$0.1896000000"", ""payableDate"": ""09/22/2025"", ""type"": ""Dividend""}",0.1896,0.9,2026-09-26 11:27:30.214191
ev_evt_US_VANGUARD_VTIAX_CLASS_2025-12-19_income_final_v1_doc_93d3a9b314e3b327,evt_US_VANGUARD_VTIAX_CLASS_2025-12-19_income_final_v1,doc_93d3a9b314e3b327,2,"Vanguard Profile JSON: {""reInvestPrice"": ""$40.05"", ""recordDate"": ""12/18/2025"", ""reInvestDate"": ""12/19/2025"", ""share"": ""$0.7290000000"", ""payableDate"": ""12/22/2025"", ""type"": ""Dividend""}",0.729,0.9,2026-09-26 11:27:34.643845
ev_evt_US_VANGUARD_VTIAX_CLASS_2026-03-20_income_final_v1_doc_93d3a9b314e3b327,evt_US_VANGUARD_VTIAX_CLASS_2026-03-20_income_final_v1,doc_93d3a9b314e3b327,2,"Vanguard Profile JSON: {""reInvestPrice"": ""$40.24"", ""recordDate"": ""03/19/2026"", ""reInvestDate"": ""03/20/2026"", ""share"": ""$0.0384000000"", ""payableDate"": ""03/23/2026"", ""type"": ""Dividend""}",0.0384,0.9,2026-09-26 11:28:01.638382
ev_evt_US_VANGUARD_VTIAX_CLASS_2026-06-18_income_final_v1_doc_93d3a9b314e3b327,evt_US_VANGUARD_VTIAX_CLASS_2026-06-18_income_final_v1,doc_93d3a9b314e3b327,2,"Vanguard Profile JSON: {""reInvestPrice"": ""$46.61"", ""recordDate"": ""06/17/2026"", ""reInvestDate"": ""06/18/2026"", ""share"": ""$0.2030000000"", ""payableDate"": ""06/22/2026"", ""type"": ""Dividend""}",0.203,0.9,2026-09-26 11:28:10.646628
ev_evt_US_VANGUARD_VTIAX_CLASS_2026-09-18_income_final_v1_doc_93d3a9b314e3b327,evt_US_VANGUARD_VTIAX_CLASS_2026-09-18_income_final_v1,doc_93d3a9b314e3b327,2,"Vanguard Profile JSON: {""reInvestPrice"": ""$46.18"", ""recordDate"": ""09/17/2026"", ""reInvestDate"": ""09/18/2026"", ""share"": ""$0.0794000000"", ""payableDate"": ""09/21/2026"", ""type"": ""Dividend""}",0.0794,0.9,2026-09-26 11:28:14.876528
ev_evt_US_VANGUARD_VWEAX_CLASS_2025-03-31_income_final_v1_doc_0c50e9868f27095e,evt_US_VANGUARD_VWEAX_CLASS_2025-03-31_income_final_v1,doc_0c50e9868f27095e,2,"Vanguard Profile JSON: {""reInvestPrice"": ""$5.42"", ""distributionYields"": ""6.22%"", ""recordDate"": ""03/31/2025"", ""reInvestDate"": ""03/31/2025"", ""share"": ""$0.0287788460"", ""payableDate"": ""04/01/2025"", ""type"": ""Dividend""}",0.028778846,0.9,2026-09-26 11:28:47.876520
ev_evt_US_VANGUARD_VWEAX_CLASS_2025-04-30_income_final_v1_doc_0c50e9868f27095e,evt_US_VANGUARD_VWEAX_CLASS_2025-04-30_income_final_v1,doc_0c50e9868f27095e,2,"Vanguard Profile JSON: {""reInvestPrice"": ""$5.41"", ""distributionYields"": ""6.64%"", ""recordDate"": ""04/30/2025"", ""reInvestDate"": ""04/30/2025"", ""share"": ""$0.0292674170"", ""payableDate"": ""05/01/2025"", ""type"": ""Dividend""}",0.029267417,0.9,2026-09-26 11:28:49.239332
ev_evt_US_VANGUARD_VWEAX_CLASS_2025-05-30_income_final_v1_doc_0c50e9868f27095e,evt_US_VANGUARD_VWEAX_CLASS_2025-05-30_income_final_v1,doc_0c50e9868f27095e,2,"Vanguard Profile JSON: {""reInvestPrice"": ""$5.46"", ""distributionYields"": ""6.40%"", ""recordDate"": ""05/30/2025"", ""reInvestDate"": ""05/30/2025"", ""share"": ""$0.0295390170"", ""payableDate"": ""06/02/2025"", ""type"": ""Dividend""}",0.029539017,0.9,2026-09-26 11:28:51.934755
ev_evt_US_VANGUARD_VWEAX_CLASS_2025-06-30_income_final_v1_doc_0c50e9868f27095e,evt_US_VANGUARD_VWEAX_CLASS_2025-06-30_income_final_v1,doc_0c50e9868f27095e,2,"Vanguard Profile JSON: {""reInvestPrice"": ""$5.52"", ""distributionYields"": ""6.51%"", ""recordDate"": ""06/30/2025"", ""reInvestDate"": ""06/30/2025"", ""share"": ""$0.0293445210"", ""payableDate"": ""07/01/2025"", ""type"": ""Dividend""}",0.029344521,0.9,2026-09-26 11:28:54.582066
ev_evt_US_VANGUARD_VWEAX_CLASS_2025-07-31_income_final_v1_doc_0c50e9868f27095e,evt_US_VANGUARD_VWEAX_CLASS_2025-07-31_income_final_v1,doc_0c50e9868f27095e,2,"Vanguard Profile JSON: {""reInvestPrice"": ""$5.51"", ""distributionYields"": ""6.32%"", ""recordDate"": ""07/31/2025"", ""reInvestDate"": ""07/31/2025"", ""share"": ""$0.0295894520"", ""payableDate"": ""08/01/2025"", ""type"": ""Dividend""}",0.029589452,0.9,2026-09-26 11:29:00.274527
ev_evt_US_VANGUARD_VWEAX_CLASS_2025-08-29_income_final_v1_doc_0c50e9868f27095e,evt_US_VANGUARD_VWEAX_CLASS_2025-08-29_income_final_v1,doc_0c50e9868f27095e,2,"Vanguard Profile JSON: {""reInvestPrice"": ""$5.55"", ""distributionYields"": ""6.31%"", ""recordDate"": ""08/29/2025"", ""reInvestDate"": ""08/29/2025"", ""share"": ""$0.0296269980"", ""payableDate"": ""09/02/2025"", ""type"": ""Dividend""}",0.029626998,0.9,2026-09-26 11:29:03.494825
ev_evt_US_VANGUARD_VWEAX_CLASS_2025-09-30_income_final_v1_doc_0c50e9868f27095e,evt_US_VANGUARD_VWEAX_CLASS_2025-09-30_income_final_v1,doc_0c50e9868f27095e,2,"Vanguard Profile JSON: {""reInvestPrice"": ""$5.56"", ""distributionYields"": ""6.36%"", ""recordDate"": ""09/30/2025"", ""reInvestDate"": ""09/30/2025"", ""share"": ""$0.0290806760"", ""payableDate"": ""10/01/2025"", ""type"": ""Dividend""}",0.029080676,0.9,2026-09-26 11:29:07.535149
ev_evt_US_VANGUARD_VWEAX_CLASS_2025-10-31_income_final_v1_doc_0c50e9868f27095e,evt_US_VANGUARD_VWEAX_CLASS_2025-10-31_income_final_v1,doc_0c50e9868f27095e,2,"Vanguard Profile JSON: {""reInvestPrice"": ""$5.55"", ""distributionYields"": ""6.16%"", ""recordDate"": ""10/31/2025"", ""reInvestDate"": ""10/31/2025"", ""share"": ""$0.0290483500"", ""payableDate"": ""11/03/2025"", ""type"": ""Dividend""}",0.02904835,0.9,2026-09-26 11:29:08.961234
ev_evt_US_VANGUARD_VWEAX_CLASS_2025-11-28_income_final_v1_doc_0c50e9868f27095e,evt_US_VANGUARD_VWEAX_CLASS_2025-11-28_income_final_v1,doc_0c50e9868f27095e,2,"Vanguard Profile JSON: {""reInvestPrice"": ""$5.56"", ""distributionYields"": ""6.32%"", ""recordDate"": ""11/28/2025"", ""reInvestDate"": ""11/28/2025"", ""share"": ""$0.0287443460"", ""payableDate"": ""12/01/2025"", ""type"": ""Dividend""}",0.028744346,0.9,2026-09-26 11:29:10.617471
ev_evt_US_VANGUARD_VWEAX_CLASS_2025-12-31_income_final_v1_doc_0c50e9868f27095e,evt_US_VANGUARD_VWEAX_CLASS_2025-12-31_income_final_v1,doc_0c50e9868f27095e,2,"Vanguard Profile JSON: {""reInvestPrice"": ""$5.57"", ""distributionYields"": ""6.09%"", ""recordDate"": ""12/31/2025"", ""reInvestDate"": ""12/31/2025"", ""share"": ""$0.0287453550"", ""payableDate"": ""01/02/2026"", ""type"": ""Dividend""}",0.028745355,0.9,2026-09-26 11:29:11.365919
ev_evt_US_VANGUARD_VWEAX_CLASS_2026-01-30_income_final_v1_doc_0c50e9868f27095e,evt_US_VANGUARD_VWEAX_CLASS_2026-01-30_income_final_v1,doc_0c50e9868f27095e,2,"Vanguard Profile JSON: {""reInvestPrice"": ""$5.55"", ""distributionYields"": ""6.14%"", ""recordDate"": ""01/30/2026"", ""reInvestDate"": ""01/30/2026"", ""share"": ""$0.0290144090"", ""payableDate"": ""02/02/2026"", ""type"": ""Dividend""}",0.029014409,0.9,2026-09-26 11:29:23.277661
ev_evt_US_VANGUARD_VWEAX_CLASS_2026-02-27_income_final_v1_doc_0c50e9868f27095e,evt_US_VANGUARD_VWEAX_CLASS_2026-02-27_income_final_v1,doc_0c50e9868f27095e,2,"Vanguard Profile JSON: {""reInvestPrice"": ""$5.55"", ""distributionYields"": ""6.62%"", ""recordDate"": ""02/27/2026"", ""reInvestDate"": ""02/27/2026"", ""share"": ""$0.0282129680"", ""payableDate"": ""03/02/2026"", ""type"": ""Dividend""}",0.028212968,0.9,2026-09-26 11:29:25.623756
ev_evt_US_VANGUARD_VWEAX_CLASS_2026-03-31_income_final_v1_doc_0c50e9868f27095e,evt_US_VANGUARD_VWEAX_CLASS_2026-03-31_income_final_v1,doc_0c50e9868f27095e,2,"Vanguard Profile JSON: {""reInvestPrice"": ""$5.45"", ""distributionYields"": ""6.23%"", ""recordDate"": ""03/31/2026"", ""reInvestDate"": ""03/31/2026"", ""share"": ""$0.0289802920"", ""payableDate"": ""04/01/2026"", ""type"": ""Dividend""}",0.028980292,0.9,2026-09-26 11:29:26.344835
ev_evt_US_VANGUARD_VWEAX_CLASS_2026-04-30_income_final_v1_doc_0c50e9868f27095e,evt_US_VANGUARD_VWEAX_CLASS_2026-04-30_income_final_v1,doc_0c50e9868f27095e,2,"Vanguard Profile JSON: {""reInvestPrice"": ""$5.49"", ""distributionYields"": ""6.44%"", ""recordDate"": ""04/30/2026"", ""reInvestDate"": ""04/30/2026"", ""share"": ""$0.0291003470"", ""payableDate"": ""05/01/2026"", ""type"": ""Dividend""}",0.029100347,0.9,2026-09-26 11:29:29.200291
ev_evt_US_VANGUARD_VWEAX_CLASS_2026-05-29_income_final_v1_doc_0c50e9868f27095e,evt_US_VANGUARD_VWEAX_CLASS_2026-05-29_income_final_v1,doc_0c50e9868f27095e,2,"Vanguard Profile JSON: {""reInvestPrice"": ""$5.49"", ""distributionYields"": ""6.33%"", ""recordDate"": ""05/29/2026"", ""reInvestDate"": ""05/29/2026"", ""share"": ""$0.0294752990"", ""payableDate"": ""06/01/2026"", ""type"": ""Dividend""}",0.029475299,0.9,2026-09-26 11:29:39.362127
ev_evt_US_VANGUARD_VWEAX_CLASS_2026-06-30_income_final_v1_doc_0c50e9868f27095e,evt_US_VANGUARD_VWEAX_CLASS_2026-06-30_income_final_v1,doc_0c50e9868f27095e,2,"Vanguard Profile JSON: {""reInvestPrice"": ""$5.48"", ""distributionYields"": ""6.46%"", ""recordDate"": ""06/30/2026"", ""reInvestDate"": ""06/30/2026"", ""share"": ""$0.0290875140"", ""payableDate"": ""07/01/2026"", ""type"": ""Dividend""}",0.029087514,0.9,2026-09-26 11:29:52.298636
ev_evt_US_VANGUARD_VWEAX_CLASS_2026-07-31_income_final_v1_doc_0c50e9868f27095e,evt_US_VANGUARD_VWEAX_CLASS_2026-07-31_income_final_v1,doc_0c50e9868f27095e,2,"Vanguard Profile JSON: {""reInvestPrice"": ""$5.43"", ""distributionYields"": ""6.35%"", ""recordDate"": ""07/31/2026"", ""reInvestDate"": ""07/31/2026"", ""share"": ""$0.0294310960"", ""payableDate"": ""08/03/2026"", ""type"": ""Dividend""}",0.029431096,0.9,2026-09-26 11:29:55.175235
ev_evt_US_VANGUARD_VWEAX_CLASS_2026-08-31_income_final_v1_doc_0c50e9868f27095e,evt_US_VANGUARD_VWEAX_CLASS_2026-08-31_income_final_v1,doc_0c50e9868f27095e,2,"Vanguard Profile JSON: {""reInvestPrice"": ""$5.46"", ""distributionYields"": ""6.39%"", ""recordDate"": ""08/31/2026"", ""reInvestDate"": ""08/31/2026"", ""share"": ""$0.0296433250"", ""payableDate"": ""09/01/2026"", ""type"": ""Dividend""}",0.029643325,0.9,2026-09-26 11:29:56.581887
ev_evt_CA_VANGUARD_VCN_CLASS_2024-12-30_other_final_v1_doc_b8d979352f6c6ddf,evt_CA_VANGUARD_VCN_CLASS_2024-12-30_other_final_v1,doc_b8d979352f6c6ddf,2,CGCA | Dec 30 2024 | Dec 30 2024 | Jan 07 2025 | — | $0.04180 | $0.04180,0.0418,0.9,2026-09-26 11:54:18.221298
ev_evt_CA_VANGUARD_VCN_CLASS_2024-12-30_income_final_v1_doc_b8d979352f6c6ddf,evt_CA_VANGUARD_VCN_CLASS_2024-12-30_income_final_v1,doc_b8d979352f6c6ddf,2,Income | Dec 30 2024 | Dec 30 2024 | Jan 07 2025 | $0.39120 | — | $0.39120,0.3912,0.9,2026-09-26 11:54:18.224035
ev_evt_CA_VANGUARD_VCN_CLASS_2025-03-21_income_final_v1_doc_b8d979352f6c6ddf,evt_CA_VANGUARD_VCN_CLASS_2025-03-21_income_final_v1,doc_b8d979352f6c6ddf,2,Income | Mar 21 2025 | Mar 21 2025 | Mar 28 2025 | $0.37063 | — | $0.37063,0.37063,0.9,2026-09-26 11:54:19.914884
ev_evt_CA_VANGUARD_VCN_CLASS_2025-06-20_income_final_v1_doc_b8d979352f6c6ddf,evt_CA_VANGUARD_VCN_CLASS_2025-06-20_income_final_v1,doc_b8d979352f6c6ddf,2,Income | Jun 20 2025 | Jun 20 2025 | Jun 27 2025 | $0.34785 | — | $0.34785,0.34785,0.9,2026-09-26 11:54:21.648122
ev_evt_CA_VANGUARD_VCN_CLASS_2025-09-19_income_final_v1_doc_b8d979352f6c6ddf,evt_CA_VANGUARD_VCN_CLASS_2025-09-19_income_final_v1,doc_b8d979352f6c6ddf,2,Income | Sep 19 2025 | Sep 19 2025 | Sep 26 2025 | $0.35847 | — | $0.35847,0.35847,0.9,2026-09-26 11:54:23.338233
ev_evt_CA_VANGUARD_VCN_CLASS_2025-12-30_other_final_v1_doc_b8d979352f6c6ddf,evt_CA_VANGUARD_VCN_CLASS_2025-12-30_other_final_v1,doc_b8d979352f6c6ddf,2,CGCA | Dec 30 2025 | Dec 30 2025 | Jan 07 2026 | — | $0.34994 | $0.34994,0.34994,0.9,2026-09-26 11:54:25.221277
ev_evt_CA_VANGUARD_VCN_CLASS_2025-12-30_income_final_v1_doc_b8d979352f6c6ddf,evt_CA_VANGUARD_VCN_CLASS_2025-12-30_income_final_v1,doc_b8d979352f6c6ddf,2,Income | Dec 30 2025 | Dec 30 2025 | Jan 07 2026 | $0.38809 | — | $0.38809,0.38809,0.9,2026-09-26 11:54:25.223937
ev_evt_CA_VANGUARD_VCN_CLASS_2026-03-20_income_final_v1_doc_b8d979352f6c6ddf,evt_CA_VANGUARD_VCN_CLASS_2026-03-20_income_final_v1,doc_b8d979352f6c6ddf,2,Income | Mar 20 2026 | Mar 20 2026 | Mar 27 2026 | $0.32661 | — | $0.32661,0.32661,0.9,2026-09-26 11:54:26.964084
ev_evt_CA_VANGUARD_VCN_CLASS_2026-06-19_income_final_v1_doc_b8d979352f6c6ddf,evt_CA_VANGUARD_VCN_CLASS_2026-06-19_income_final_v1,doc_b8d979352f6c6ddf,2,Income | Jun 19 2026 | Jun 19 2026 | Jun 26 2026 | $0.37647 | — | $0.37647,0.37647,0.9,2026-09-26 11:54:28.608389
ev_evt_CA_VANGUARD_VCN_CLASS_2026-09-18_income_final_v1_doc_b8d979352f6c6ddf,evt_CA_VANGUARD_VCN_CLASS_2026-09-18_income_final_v1,doc_b8d979352f6c6ddf,2,Income | Sep 18 2026 | Sep 18 2026 | Sep 25 2026 | $0.37759 | — | $0.37759,0.37759,0.9,2026-09-26 11:54:30.255841
ev_evt_CA_VANGUARD_VAB_CLASS_2025-12-30_income_final_v1_doc_08b110674e05bc75,evt_CA_VANGUARD_VAB_CLASS_2025-12-30_income_final_v1,doc_08b110674e05bc75,2,Income | Dec 30 2025 | Dec 30 2025 | Jan 07 2026 | $0.04835 | — | $0.04835,0.04835,0.9,2026-09-26 11:54:42.656471
ev_evt_CA_VANGUARD_VAB_CLASS_2026-02-02_income_final_v1_doc_08b110674e05bc75,evt_CA_VANGUARD_VAB_CLASS_2026-02-02_income_final_v1,doc_08b110674e05bc75,2,Income | Feb 02 2026 | Feb 02 2026 | Feb 09 2026 | $0.08214 | — | $0.08214,0.08214,0.9,2026-09-26 11:54:43.802689
ev_evt_CA_VANGUARD_VAB_CLASS_2026-03-02_income_final_v1_doc_08b110674e05bc75,evt_CA_VANGUARD_VAB_CLASS_2026-03-02_income_final_v1,doc_08b110674e05bc75,2,Income | Mar 02 2026 | Mar 02 2026 | Mar 09 2026 | $0.05859 | — | $0.05859,0.05859,0.9,2026-09-26 11:54:44.372656
ev_evt_CA_VANGUARD_VAB_CLASS_2026-04-01_income_final_v1_doc_08b110674e05bc75,evt_CA_VANGUARD_VAB_CLASS_2026-04-01_income_final_v1,doc_08b110674e05bc75,2,Income | Apr 01 2026 | Apr 01 2026 | Apr 09 2026 | $0.06832 | — | $0.06832,0.06832,0.9,2026-09-26 11:54:44.951887
ev_evt_CA_VANGUARD_VAB_CLASS_2026-05-01_income_final_v1_doc_08b110674e05bc75,evt_CA_VANGUARD_VAB_CLASS_2026-05-01_income_final_v1,doc_08b110674e05bc75,2,Income | May 01 2026 | May 01 2026 | May 08 2026 | $0.06433 | — | $0.06433,0.06433,0.9,2026-09-26 11:54:45.546541
ev_evt_CA_VANGUARD_VAB_CLASS_2026-06-01_income_final_v1_doc_08b110674e05bc75,evt_CA_VANGUARD_VAB_CLASS_2026-06-01_income_final_v1,doc_08b110674e05bc75,2,Income | Jun 01 2026 | Jun 01 2026 | Jun 08 2026 | $0.06129 | — | $0.06129,0.06129,0.9,2026-09-26 11:54:46.122148
ev_evt_CA_VANGUARD_VAB_CLASS_2026-07-02_income_final_v1_doc_08b110674e05bc75,evt_CA_VANGUARD_VAB_CLASS_2026-07-02_income_final_v1,doc_08b110674e05bc75,2,Income | Jul 02 2026 | Jul 02 2026 | Jul 09 2026 | $0.06818 | — | $0.06818,0.06818,0.9,2026-09-26 11:54:46.693749
ev_evt_CA_VANGUARD_VAB_CLASS_2026-08-04_income_final_v1_doc_08b110674e05bc75,evt_CA_VANGUARD_VAB_CLASS_2026-08-04_income_final_v1,doc_08b110674e05bc75,2,Income | Aug 04 2026 | Aug 04 2026 | Aug 11 2026 | $0.06651 | — | $0.06651,0.06651,0.9,2026-09-26 11:54:47.319725
ev_evt_CA_VANGUARD_VAB_CLASS_2026-09-01_income_final_v1_doc_08b110674e05bc75,evt_CA_VANGUARD_VAB_CLASS_2026-09-01_income_final_v1,doc_08b110674e05bc75,2,Income | Sep 01 2026 | Sep 01 2026 | Sep 09 2026 | $0.06653 | — | $0.06653,0.06653,0.9,2026-09-26 11:54:47.912404
ev_evt_CA_VANGUARD_VDY_CLASS_2025-12-30_other_final_v1_doc_d46d68966a26de0d,evt_CA_VANGUARD_VDY_CLASS_2025-12-30_other_final_v1,doc_d46d68966a26de0d,2,CGCA | Dec 30 2025 | Dec 30 2025 | Jan 07 2026 | — | $0.76462 | $0.76462,0.76462,0.9,2026-09-26 11:55:00.338481
ev_evt_CA_VANGUARD_VDY_CLASS_2026-01-16_income_final_v1_doc_d46d68966a26de0d,evt_CA_VANGUARD_VDY_CLASS_2026-01-16_income_final_v1,doc_d46d68966a26de0d,2,Income | Jan 16 2026 | Jan 16 2026 | Jan 23 2026 | $0.17058 | — | $0.17058,0.17058,0.9,2026-09-26 11:55:00.881838
ev_evt_CA_VANGUARD_VDY_CLASS_2026-02-20_income_final_v1_doc_d46d68966a26de0d,evt_CA_VANGUARD_VDY_CLASS_2026-02-20_income_final_v1,doc_d46d68966a26de0d,2,Income | Feb 20 2026 | Feb 20 2026 | Feb 27 2026 | $0.19976 | — | $0.19976,0.19976,0.9,2026-09-26 11:55:01.433454
ev_evt_CA_VANGUARD_VDY_CLASS_2026-03-20_income_final_v1_doc_d46d68966a26de0d,evt_CA_VANGUARD_VDY_CLASS_2026-03-20_income_final_v1,doc_d46d68966a26de0d,2,Income | Mar 20 2026 | Mar 20 2026 | Mar 27 2026 | $0.17459 | — | $0.17459,0.17459,0.9,2026-09-26 11:55:01.983158
ev_evt_CA_VANGUARD_VDY_CLASS_2026-04-17_income_final_v1_doc_d46d68966a26de0d,evt_CA_VANGUARD_VDY_CLASS_2026-04-17_income_final_v1,doc_d46d68966a26de0d,2,Income | Apr 17 2026 | Apr 17 2026 | Apr 24 2026 | $0.18968 | — | $0.18968,0.18968,0.9,2026-09-26 11:55:02.518589
ev_evt_CA_VANGUARD_VDY_CLASS_2026-05-15_income_final_v1_doc_d46d68966a26de0d,evt_CA_VANGUARD_VDY_CLASS_2026-05-15_income_final_v1,doc_d46d68966a26de0d,2,Income | May 15 2026 | May 15 2026 | May 25 2026 | $0.20906 | — | $0.20906,0.20906,0.9,2026-09-26 11:55:03.050220
ev_evt_CA_VANGUARD_VDY_CLASS_2026-06-19_income_final_v1_doc_d46d68966a26de0d,evt_CA_VANGUARD_VDY_CLASS_2026-06-19_income_final_v1,doc_d46d68966a26de0d,2,Income | Jun 19 2026 | Jun 19 2026 | Jun 26 2026 | $0.18032 | — | $0.18032,0.18032,0.9,2026-09-26 11:55:03.588744
ev_evt_CA_VANGUARD_VDY_CLASS_2026-07-17_income_final_v1_doc_d46d68966a26de0d,evt_CA_VANGUARD_VDY_CLASS_2026-07-17_income_final_v1,doc_d46d68966a26de0d,2,Income | Jul 17 2026 | Jul 17 2026 | Jul 24 2026 | $0.17681 | — | $0.17681,0.17681,0.9,2026-09-26 11:55:04.132107
ev_evt_CA_VANGUARD_VDY_CLASS_2026-08-21_income_final_v1_doc_d46d68966a26de0d,evt_CA_VANGUARD_VDY_CLASS_2026-08-21_income_final_v1,doc_d46d68966a26de0d,2,Income | Aug 21 2026 | Aug 21 2026 | Aug 28 2026 | $0.21121 | — | $0.21121,0.21121,0.9,2026-09-26 11:55:04.690759
ev_evt_CA_VANGUARD_VDY_CLASS_2026-09-18_income_final_v1_doc_d46d68966a26de0d,evt_CA_VANGUARD_VDY_CLASS_2026-09-18_income_final_v1,doc_d46d68966a26de0d,2,Income | Sep 18 2026 | Sep 18 2026 | Sep 25 2026 | $0.18622 | — | $0.18622,0.18622,0.9,2026-09-26 11:55:05.223243
ev_evt_CA_VANGUARD_VFV_CLASS_2024-12-30_income_final_v1_doc_0ed78636a2289134,evt_CA_VANGUARD_VFV_CLASS_2024-12-30_income_final_v1,doc_0ed78636a2289134,2,Income | Dec 30 2024 | Dec 30 2024 | Jan 07 2025 | $0.40024 | — | $0.40024,0.40024,0.9,2026-09-26 11:55:10.523458
ev_evt_CA_VANGUARD_VFV_CLASS_2025-03-27_income_final_v1_doc_0ed78636a2289134,evt_CA_VANGUARD_VFV_CLASS_2025-03-27_income_final_v1,doc_0ed78636a2289134,2,Income | Mar 27 2025 | Mar 27 2025 | Apr 03 2025 | $0.39813 | — | $0.39813,0.39813,0.9,2026-09-26 11:55:12.181212
ev_evt_CA_VANGUARD_VFV_CLASS_2025-06-30_income_final_v1_doc_0ed78636a2289134,evt_CA_VANGUARD_VFV_CLASS_2025-06-30_income_final_v1,doc_0ed78636a2289134,2,Income | Jun 30 2025 | Jun 30 2025 | Jul 08 2025 | $0.36918 | — | $0.36918,0.36918,0.9,2026-09-26 11:55:13.799472
ev_evt_CA_VANGUARD_VFV_CLASS_2025-09-29_income_final_v1_doc_0ed78636a2289134,evt_CA_VANGUARD_VFV_CLASS_2025-09-29_income_final_v1,doc_0ed78636a2289134,2,Income | Sep 29 2025 | Sep 29 2025 | Oct 07 2025 | $0.36743 | — | $0.36743,0.36743,0.9,2026-09-26 11:55:15.408688
ev_evt_CA_VANGUARD_VFV_CLASS_2025-12-30_income_final_v1_doc_0ed78636a2289134,evt_CA_VANGUARD_VFV_CLASS_2025-12-30_income_final_v1,doc_0ed78636a2289134,2,Income | Dec 30 2025 | Dec 30 2025 | Jan 07 2026 | $0.39293 | — | $0.39293,0.39293,0.9,2026-09-26 11:55:17.041182
ev_evt_CA_VANGUARD_VFV_CLASS_2026-03-27_income_final_v1_doc_0ed78636a2289134,evt_CA_VANGUARD_VFV_CLASS_2026-03-27_income_final_v1,doc_0ed78636a2289134,2,Income | Mar 27 2026 | Mar 27 2026 | Apr 06 2026 | $0.42389 | — | $0.42389,0.42389,0.9,2026-09-26 11:55:18.655438
ev_evt_CA_VANGUARD_VFV_CLASS_2026-06-26_income_final_v1_doc_0ed78636a2289134,evt_CA_VANGUARD_VFV_CLASS_2026-06-26_income_final_v1,doc_0ed78636a2289134,2,Income | Jun 26 2026 | Jun 26 2026 | Jul 06 2026 | $0.39537 | — | $0.39537,0.39537,0.9,2026-09-26 11:55:20.339975
ev_evt_CA_VANGUARD_VSB_CLASS_2025-12-30_income_final_v1_doc_1ef9845482dfa446,evt_CA_VANGUARD_VSB_CLASS_2025-12-30_income_final_v1,doc_1ef9845482dfa446,2,Income | Dec 30 2025 | Dec 30 2025 | Jan 07 2026 | $0.04515 | — | $0.04515,0.04515,0.9,2026-09-26 11:55:35.674522
ev_evt_CA_VANGUARD_VSB_CLASS_2026-02-02_income_final_v1_doc_1ef9845482dfa446,evt_CA_VANGUARD_VSB_CLASS_2026-02-02_income_final_v1,doc_1ef9845482dfa446,2,Income | Feb 02 2026 | Feb 02 2026 | Feb 09 2026 | $0.07697 | — | $0.07697,0.07697,0.9,2026-09-26 11:55:36.810485
ev_evt_CA_VANGUARD_VSB_CLASS_2026-03-02_income_final_v1_doc_1ef9845482dfa446,evt_CA_VANGUARD_VSB_CLASS_2026-03-02_income_final_v1,doc_1ef9845482dfa446,2,Income | Mar 02 2026 | Mar 02 2026 | Mar 09 2026 | $0.05432 | — | $0.05432,0.05432,0.9,2026-09-26 11:55:37.384710
ev_evt_CA_VANGUARD_VSB_CLASS_2026-04-01_income_final_v1_doc_1ef9845482dfa446,evt_CA_VANGUARD_VSB_CLASS_2026-04-01_income_final_v1,doc_1ef9845482dfa446,2,Income | Apr 01 2026 | Apr 01 2026 | Apr 09 2026 | $0.06039 | — | $0.06039,0.06039,0.9,2026-09-26 11:55:37.956164
ev_evt_CA_VANGUARD_VSB_CLASS_2026-05-01_income_final_v1_doc_1ef9845482dfa446,evt_CA_VANGUARD_VSB_CLASS_2026-05-01_income_final_v1,doc_1ef9845482dfa446,2,Income | May 01 2026 | May 01 2026 | May 08 2026 | $0.06178 | — | $0.06178,0.06178,0.9,2026-09-26 11:55:38.536279
ev_evt_CA_VANGUARD_VSB_CLASS_2026-06-01_income_final_v1_doc_1ef9845482dfa446,evt_CA_VANGUARD_VSB_CLASS_2026-06-01_income_final_v1,doc_1ef9845482dfa446,2,Income | Jun 01 2026 | Jun 01 2026 | Jun 08 2026 | $0.05258 | — | $0.05258,0.05258,0.9,2026-09-26 11:55:39.111511
ev_evt_CA_VANGUARD_VSB_CLASS_2026-07-02_income_final_v1_doc_1ef9845482dfa446,evt_CA_VANGUARD_VSB_CLASS_2026-07-02_income_final_v1,doc_1ef9845482dfa446,2,Income | Jul 02 2026 | Jul 02 2026 | Jul 09 2026 | $0.06227 | — | $0.06227,0.06227,0.9,2026-09-26 11:55:39.685670
ev_evt_CA_VANGUARD_VSB_CLASS_2026-08-04_income_final_v1_doc_1ef9845482dfa446,evt_CA_VANGUARD_VSB_CLASS_2026-08-04_income_final_v1,doc_1ef9845482dfa446,2,Income | Aug 04 2026 | Aug 04 2026 | Aug 11 2026 | $0.05515 | — | $0.05515,0.05515,0.9,2026-09-26 11:55:40.263276
ev_evt_CA_VANGUARD_VSB_CLASS_2026-09-01_income_final_v1_doc_1ef9845482dfa446,evt_CA_VANGUARD_VSB_CLASS_2026-09-01_income_final_v1,doc_1ef9845482dfa446,2,Income | Sep 01 2026 | Sep 01 2026 | Sep 09 2026 | $0.05871 | — | $0.05871,0.05871,0.9,2026-09-26 11:55:40.826082
ev_evt_CA_VANGUARD_VBAL_CLASS_2024-10-01_income_final_v1_doc_6755c472ca9847d7,evt_CA_VANGUARD_VBAL_CLASS_2024-10-01_income_final_v1,doc_6755c472ca9847d7,2,Income | Oct 01 2024 | Oct 01 2024 | Oct 08 2024 | $0.12923 | — | $0.12923,0.12923,0.9,2026-09-26 11:55:47.049137
ev_evt_CA_VANGUARD_VBAL_CLASS_2024-12-30_other_final_v1_doc_6755c472ca9847d7,evt_CA_VANGUARD_VBAL_CLASS_2024-12-30_other_final_v1,doc_6755c472ca9847d7,2,CGCA | Dec 30 2024 | Dec 30 2024 | Jan 07 2025 | — | $0.33707 | $0.33707,0.33707,0.9,2026-09-26 11:55:48.246139
ev_evt_CA_VANGUARD_VBAL_CLASS_2024-12-30_income_final_v1_doc_6755c472ca9847d7,evt_CA_VANGUARD_VBAL_CLASS_2024-12-30_income_final_v1,doc_6755c472ca9847d7,2,Income | Dec 30 2024 | Dec 30 2024 | Jan 07 2025 | $0.18573 | — | $0.18573,0.18573,0.9,2026-09-26 11:55:48.247874
ev_evt_CA_VANGUARD_VBAL_CLASS_2025-04-01_income_final_v1_doc_6755c472ca9847d7,evt_CA_VANGUARD_VBAL_CLASS_2025-04-01_income_final_v1,doc_6755c472ca9847d7,2,Income | Apr 01 2025 | Apr 01 2025 | Apr 08 2025 | $0.18885 | — | $0.18885,0.18885,0.9,2026-09-26 11:55:50.652581
ev_evt_CA_VANGUARD_VBAL_CLASS_2025-07-02_income_final_v1_doc_6755c472ca9847d7,evt_CA_VANGUARD_VBAL_CLASS_2025-07-02_income_final_v1,doc_6755c472ca9847d7,2,Income | Jul 02 2025 | Jul 02 2025 | Jul 09 2025 | $0.19960 | — | $0.19960,0.1996,0.9,2026-09-26 11:55:52.425056
ev_evt_CA_VANGUARD_VBAL_CLASS_2025-10-01_income_final_v1_doc_6755c472ca9847d7,evt_CA_VANGUARD_VBAL_CLASS_2025-10-01_income_final_v1,doc_6755c472ca9847d7,2,Income | Oct 01 2025 | Oct 01 2025 | Oct 08 2025 | $0.18118 | — | $0.18118,0.18118,0.9,2026-09-26 11:55:54.189902
ev_evt_CA_VANGUARD_VBAL_CLASS_2025-12-30_income_final_v1_doc_6755c472ca9847d7,evt_CA_VANGUARD_VBAL_CLASS_2025-12-30_income_final_v1,doc_6755c472ca9847d7,2,Income | Dec 30 2025 | Dec 30 2025 | Jan 07 2026 | $0.24319 | — | $0.24319,0.24319,0.9,2026-09-26 11:55:55.353853
ev_evt_CA_VANGUARD_VBAL_CLASS_2025-12-30_other_final_v1_doc_6755c472ca9847d7,evt_CA_VANGUARD_VBAL_CLASS_2025-12-30_other_final_v1,doc_6755c472ca9847d7,2,CGCA | Dec 30 2025 | Dec 30 2025 | Jan 07 2026 | — | $0.43024 | $0.43024,0.43024,0.9,2026-09-26 11:55:55.355199
ev_evt_CA_VANGUARD_VBAL_CLASS_2026-04-01_income_final_v1_doc_6755c472ca9847d7,evt_CA_VANGUARD_VBAL_CLASS_2026-04-01_income_final_v1,doc_6755c472ca9847d7,2,Income | Apr 01 2026 | Apr 01 2026 | Apr 09 2026 | $0.18982 | — | $0.18982,0.18982,0.9,2026-09-26 11:55:57.706270
ev_evt_CA_VANGUARD_VBAL_CLASS_2026-07-02_income_final_v1_doc_6755c472ca9847d7,evt_CA_VANGUARD_VBAL_CLASS_2026-07-02_income_final_v1,doc_6755c472ca9847d7,2,Income | Jul 02 2026 | Jul 02 2026 | Jul 09 2026 | $0.21997 | — | $0.21997,0.21997,0.9,2026-09-26 11:55:59.455043
ev_evt_CA_VANGUARD_VGRO_CLASS_2024-10-01_income_final_v1_doc_c7118ac945a68739,evt_CA_VANGUARD_VGRO_CLASS_2024-10-01_income_final_v1,doc_c7118ac945a68739,2,Income | Oct 01 2024 | Oct 01 2024 | Oct 08 2024 | $0.10816 | — | $0.10816,0.10816,0.9,2026-09-26 11:56:06.994392
ev_evt_CA_VANGUARD_VGRO_CLASS_2024-12-30_other_final_v1_doc_c7118ac945a68739,evt_CA_VANGUARD_VGRO_CLASS_2024-12-30_other_final_v1,doc_c7118ac945a68739,2,CGCA | Dec 30 2024 | Dec 30 2024 | Jan 07 2025 | — | $0.25573 | $0.25573,0.25573,0.9,2026-09-26 11:56:08.201151
ev_evt_CA_VANGUARD_VGRO_CLASS_2024-12-30_income_final_v1_doc_c7118ac945a68739,evt_CA_VANGUARD_VGRO_CLASS_2024-12-30_income_final_v1,doc_c7118ac945a68739,2,Income | Dec 30 2024 | Dec 30 2024 | Jan 07 2025 | $0.15561 | — | $0.15561,0.15561,0.9,2026-09-26 11:56:08.202543
ev_evt_CA_VANGUARD_VGRO_CLASS_2025-04-01_income_final_v1_doc_c7118ac945a68739,evt_CA_VANGUARD_VGRO_CLASS_2025-04-01_income_final_v1,doc_c7118ac945a68739,2,Income | Apr 01 2025 | Apr 01 2025 | Apr 08 2025 | $0.17496 | — | $0.17496,0.17496,0.9,2026-09-26 11:56:10.531208
ev_evt_CA_VANGUARD_VGRO_CLASS_2025-07-02_income_final_v1_doc_c7118ac945a68739,evt_CA_VANGUARD_VGRO_CLASS_2025-07-02_income_final_v1,doc_c7118ac945a68739,2,Income | Jul 02 2025 | Jul 02 2025 | Jul 09 2025 | $0.21234 | — | $0.21234,0.21234,0.9,2026-09-26 11:56:12.305062
ev_evt_CA_VANGUARD_VGRO_CLASS_2025-10-01_income_final_v1_doc_c7118ac945a68739,evt_CA_VANGUARD_VGRO_CLASS_2025-10-01_income_final_v1,doc_c7118ac945a68739,2,Income | Oct 01 2025 | Oct 01 2025 | Oct 08 2025 | $0.18118 | — | $0.18118,0.18118,0.9,2026-09-26 11:56:14.134507
ev_evt_CA_VANGUARD_VGRO_CLASS_2025-12-30_other_final_v1_doc_c7118ac945a68739,evt_CA_VANGUARD_VGRO_CLASS_2025-12-30_other_final_v1,doc_c7118ac945a68739,2,CGCA | Dec 30 2025 | Dec 30 2025 | Jan 07 2026 | — | $0.28237 | $0.28237,0.28237,0.9,2026-09-26 11:56:15.303473
ev_evt_CA_VANGUARD_VGRO_CLASS_2025-12-30_income_final_v1_doc_c7118ac945a68739,evt_CA_VANGUARD_VGRO_CLASS_2025-12-30_income_final_v1,doc_c7118ac945a68739,2,Income | Dec 30 2025 | Dec 30 2025 | Jan 07 2026 | $0.24030 | — | $0.24030,0.2403,0.9,2026-09-26 11:56:15.306769
ev_evt_CA_VANGUARD_VGRO_CLASS_2026-04-01_income_final_v1_doc_c7118ac945a68739,evt_CA_VANGUARD_VGRO_CLASS_2026-04-01_income_final_v1,doc_c7118ac945a68739,2,Income | Apr 01 2026 | Apr 01 2026 | Apr 09 2026 | $0.17230 | — | $0.17230,0.1723,0.9,2026-09-26 11:56:17.644519
ev_evt_CA_VANGUARD_VGRO_CLASS_2026-07-02_income_final_v1_doc_c7118ac945a68739,evt_CA_VANGUARD_VGRO_CLASS_2026-07-02_income_final_v1,doc_c7118ac945a68739,2,Income | Jul 02 2026 | Jul 02 2026 | Jul 09 2026 | $0.23492 | — | $0.23492,0.23492,0.9,2026-09-26 11:56:19.376370
ev_evt_CA_RBC_RCD_CLASS_2024-10-24_income_final_v1_doc_082ebce2350314b3,evt_CA_RBC_RCD_CLASS_2024-10-24_income_final_v1,doc_082ebce2350314b3,2,"RBC fundData: exDivDate=2024-10-24, totalDistr=0.09, reInvDistr=None",0.09,0.9,2026-09-26 12:02:51.418409
ev_evt_CA_RBC_RCD_CLASS_2024-11-22_income_final_v1_doc_082ebce2350314b3,evt_CA_RBC_RCD_CLASS_2024-11-22_income_final_v1,doc_082ebce2350314b3,2,"RBC fundData: exDivDate=2024-11-22, totalDistr=0.09, reInvDistr=None",0.09,0.9,2026-09-26 12:02:56.422367
ev_evt_CA_RBC_RCD_CLASS_2024-12-30_income_final_v1_doc_082ebce2350314b3,evt_CA_RBC_RCD_CLASS_2024-12-30_income_final_v1,doc_082ebce2350314b3,2,"RBC fundData: exDivDate=2024-12-30, totalDistr=2.462, reInvDistr=2.372",2.462,0.9,2026-09-26 12:03:01.213786
ev_evt_CA_RBC_RCD_CLASS_2025-01-24_income_final_v1_doc_082ebce2350314b3,evt_CA_RBC_RCD_CLASS_2025-01-24_income_final_v1,doc_082ebce2350314b3,2,"RBC fundData: exDivDate=2025-01-24, totalDistr=0.081, reInvDistr=None",0.081,0.9,2026-09-26 12:03:04.563040
ev_evt_CA_RBC_RCD_CLASS_2025-02-21_income_final_v1_doc_082ebce2350314b3,evt_CA_RBC_RCD_CLASS_2025-02-21_income_final_v1,doc_082ebce2350314b3,2,"RBC fundData: exDivDate=2025-02-21, totalDistr=0.081, reInvDistr=None",0.081,0.9,2026-09-26 12:03:09.584577
ev_evt_CA_RBC_RCD_CLASS_2025-03-24_income_final_v1_doc_082ebce2350314b3,evt_CA_RBC_RCD_CLASS_2025-03-24_income_final_v1,doc_082ebce2350314b3,2,"RBC fundData: exDivDate=2025-03-24, totalDistr=0.081, reInvDistr=None",0.081,0.9,2026-09-26 12:03:14.671471
ev_evt_CA_RBC_RCD_CLASS_2025-04-23_income_final_v1_doc_082ebce2350314b3,evt_CA_RBC_RCD_CLASS_2025-04-23_income_final_v1,doc_082ebce2350314b3,2,"RBC fundData: exDivDate=2025-04-23, totalDistr=0.09, reInvDistr=None",0.09,0.9,2026-09-26 12:03:16.845673
ev_evt_CA_RBC_RCD_CLASS_2025-05-23_income_final_v1_doc_082ebce2350314b3,evt_CA_RBC_RCD_CLASS_2025-05-23_income_final_v1,doc_082ebce2350314b3,2,"RBC fundData: exDivDate=2025-05-23, totalDistr=0.1, reInvDistr=None",0.1,0.9,2026-09-26 12:03:21.534970
ev_evt_CA_RBC_RCD_CLASS_2025-06-23_income_final_v1_doc_082ebce2350314b3,evt_CA_RBC_RCD_CLASS_2025-06-23_income_final_v1,doc_082ebce2350314b3,2,"RBC fundData: exDivDate=2025-06-23, totalDistr=0.1, reInvDistr=None",0.1,0.9,2026-09-26 12:03:26.647733
ev_evt_CA_RBC_RCD_CLASS_2025-07-24_income_final_v1_doc_082ebce2350314b3,evt_CA_RBC_RCD_CLASS_2025-07-24_income_final_v1,doc_082ebce2350314b3,2,"RBC fundData: exDivDate=2025-07-24, totalDistr=0.105, reInvDistr=None",0.105,0.9,2026-09-26 12:03:28.490500
ev_evt_CA_RBC_RCD_CLASS_2025-08-22_income_final_v1_doc_082ebce2350314b3,evt_CA_RBC_RCD_CLASS_2025-08-22_income_final_v1,doc_082ebce2350314b3,2,"RBC fundData: exDivDate=2025-08-22, totalDistr=0.115, reInvDistr=None",0.115,0.9,2026-09-26 12:03:30.316902
ev_evt_CA_RBC_RCD_CLASS_2025-09-22_income_final_v1_doc_082ebce2350314b3,evt_CA_RBC_RCD_CLASS_2025-09-22_income_final_v1,doc_082ebce2350314b3,2,"RBC fundData: exDivDate=2025-09-22, totalDistr=0.105, reInvDistr=None",0.105,0.9,2026-09-26 12:03:32.879122
ev_evt_CA_RBC_RCD_CLASS_2025-10-24_income_final_v1_doc_082ebce2350314b3,evt_CA_RBC_RCD_CLASS_2025-10-24_income_final_v1,doc_082ebce2350314b3,2,"RBC fundData: exDivDate=2025-10-24, totalDistr=0.1, reInvDistr=None",0.1,0.9,2026-09-26 12:03:34.764645
ev_evt_CA_RBC_RCD_CLASS_2025-11-21_income_final_v1_doc_082ebce2350314b3,evt_CA_RBC_RCD_CLASS_2025-11-21_income_final_v1,doc_082ebce2350314b3,2,"RBC fundData: exDivDate=2025-11-21, totalDistr=0.095, reInvDistr=None",0.095,0.9,2026-09-26 12:03:36.533477
ev_evt_CA_RBC_RCD_CLASS_2025-12-30_income_final_v1_doc_082ebce2350314b3,evt_CA_RBC_RCD_CLASS_2025-12-30_income_final_v1,doc_082ebce2350314b3,2,"RBC fundData: exDivDate=2025-12-30, totalDistr=3.488, reInvDistr=3.393",3.488,0.9,2026-09-26 12:03:38.306167
ev_evt_CA_RBC_RCD_CLASS_2026-01-23_income_final_v1_doc_082ebce2350314b3,evt_CA_RBC_RCD_CLASS_2026-01-23_income_final_v1,doc_082ebce2350314b3,2,"RBC fundData: exDivDate=2026-01-23, totalDistr=0.09, reInvDistr=None",0.09,0.9,2026-09-26 12:03:40.116530
ev_evt_CA_RBC_RCD_CLASS_2026-02-20_income_final_v1_doc_082ebce2350314b3,evt_CA_RBC_RCD_CLASS_2026-02-20_income_final_v1,doc_082ebce2350314b3,2,"RBC fundData: exDivDate=2026-02-20, totalDistr=0.1, reInvDistr=None",0.1,0.9,2026-09-26 12:03:43.073076
ev_evt_CA_RBC_RCD_CLASS_2026-03-24_income_final_v1_doc_082ebce2350314b3,evt_CA_RBC_RCD_CLASS_2026-03-24_income_final_v1,doc_082ebce2350314b3,2,"RBC fundData: exDivDate=2026-03-24, totalDistr=0.1, reInvDistr=None",0.1,0.9,2026-09-26 12:03:44.916428
ev_evt_CA_RBC_RCD_CLASS_2026-04-23_income_final_v1_doc_082ebce2350314b3,evt_CA_RBC_RCD_CLASS_2026-04-23_income_final_v1,doc_082ebce2350314b3,2,"RBC fundData: exDivDate=2026-04-23, totalDistr=0.095, reInvDistr=None",0.095,0.9,2026-09-26 12:03:48.334962
ev_evt_CA_RBC_RCD_CLASS_2026-05-22_income_final_v1_doc_082ebce2350314b3,evt_CA_RBC_RCD_CLASS_2026-05-22_income_final_v1,doc_082ebce2350314b3,2,"RBC fundData: exDivDate=2026-05-22, totalDistr=0.095, reInvDistr=None",0.095,0.9,2026-09-26 12:03:53.157850
ev_evt_CA_RBC_RCD_CLASS_2026-06-23_income_final_v1_doc_082ebce2350314b3,evt_CA_RBC_RCD_CLASS_2026-06-23_income_final_v1,doc_082ebce2350314b3,2,"RBC fundData: exDivDate=2026-06-23, totalDistr=0.095, reInvDistr=None",0.095,0.9,2026-09-26 12:03:57.278533
ev_evt_CA_RBC_RCD_CLASS_2026-07-24_income_final_v1_doc_082ebce2350314b3,evt_CA_RBC_RCD_CLASS_2026-07-24_income_final_v1,doc_082ebce2350314b3,2,"RBC fundData: exDivDate=2026-07-24, totalDistr=0.095, reInvDistr=None",0.095,0.9,2026-09-26 12:04:01.151706
ev_evt_CA_RBC_RCD_CLASS_2026-08-24_income_final_v1_doc_082ebce2350314b3,evt_CA_RBC_RCD_CLASS_2026-08-24_income_final_v1,doc_082ebce2350314b3,2,"RBC fundData: exDivDate=2026-08-24, totalDistr=0.11, reInvDistr=None",0.11,0.9,2026-09-26 12:04:05.139470
ev_evt_CA_RBC_RCD_CLASS_2026-09-22_income_final_v1_doc_082ebce2350314b3,evt_CA_RBC_RCD_CLASS_2026-09-22_income_final_v1,doc_082ebce2350314b3,2,"RBC fundData: exDivDate=2026-09-22, totalDistr=0.095, reInvDistr=None",0.095,0.9,2026-09-26 12:04:09.485604
ev_evt_CA_RBC_RUSB_CLASS_2024-10-24_income_final_v1_doc_b2ea90479f867ed9,evt_CA_RBC_RUSB_CLASS_2024-10-24_income_final_v1,doc_b2ea90479f867ed9,2,"RBC fundData: exDivDate=2024-10-24, totalDistr=0.072, reInvDistr=None",0.072,0.9,2026-09-26 12:04:26.943728
ev_evt_CA_RBC_RUSB_CLASS_2024-11-22_income_final_v1_doc_b2ea90479f867ed9,evt_CA_RBC_RUSB_CLASS_2024-11-22_income_final_v1,doc_b2ea90479f867ed9,2,"RBC fundData: exDivDate=2024-11-22, totalDistr=0.07, reInvDistr=None",0.07,0.9,2026-09-26 12:04:31.171464
ev_evt_CA_RBC_RUSB_CLASS_2024-12-30_income_final_v1_doc_b2ea90479f867ed9,evt_CA_RBC_RUSB_CLASS_2024-12-30_income_final_v1,doc_b2ea90479f867ed9,2,"RBC fundData: exDivDate=2024-12-30, totalDistr=0.085, reInvDistr=0.0",0.085,0.9,2026-09-26 12:04:35.470697
ev_evt_CA_RBC_RUSB_CLASS_2025-01-24_income_final_v1_doc_b2ea90479f867ed9,evt_CA_RBC_RUSB_CLASS_2025-01-24_income_final_v1,doc_b2ea90479f867ed9,2,"RBC fundData: exDivDate=2025-01-24, totalDistr=0.067, reInvDistr=None",0.067,0.9,2026-09-26 12:04:37.681561
ev_evt_CA_RBC_RUSB_CLASS_2025-02-21_income_final_v1_doc_b2ea90479f867ed9,evt_CA_RBC_RUSB_CLASS_2025-02-21_income_final_v1,doc_b2ea90479f867ed9,2,"RBC fundData: exDivDate=2025-02-21, totalDistr=0.067, reInvDistr=None",0.067,0.9,2026-09-26 12:04:42.056612
ev_evt_CA_RBC_RUSB_CLASS_2025-03-24_income_final_v1_doc_b2ea90479f867ed9,evt_CA_RBC_RUSB_CLASS_2025-03-24_income_final_v1,doc_b2ea90479f867ed9,2,"RBC fundData: exDivDate=2025-03-24, totalDistr=0.07, reInvDistr=None",0.07,0.9,2026-09-26 12:04:45.981506
ev_evt_CA_RBC_RUSB_CLASS_2025-04-23_income_final_v1_doc_b2ea90479f867ed9,evt_CA_RBC_RUSB_CLASS_2025-04-23_income_final_v1,doc_b2ea90479f867ed9,2,"RBC fundData: exDivDate=2025-04-23, totalDistr=0.07, reInvDistr=None",0.07,0.9,2026-09-26 12:04:50.150944
ev_evt_CA_RBC_RUSB_CLASS_2025-05-23_income_final_v1_doc_b2ea90479f867ed9,evt_CA_RBC_RUSB_CLASS_2025-05-23_income_final_v1,doc_b2ea90479f867ed9,2,"RBC fundData: exDivDate=2025-05-23, totalDistr=0.07, reInvDistr=None",0.07,0.9,2026-09-26 12:04:54.461723
ev_evt_CA_RBC_RUSB_CLASS_2025-06-23_income_final_v1_doc_b2ea90479f867ed9,evt_CA_RBC_RUSB_CLASS_2025-06-23_income_final_v1,doc_b2ea90479f867ed9,2,"RBC fundData: exDivDate=2025-06-23, totalDistr=0.07, reInvDistr=None",0.07,0.9,2026-09-26 12:04:57.562570
ev_evt_CA_RBC_RUSB_CLASS_2025-07-24_income_final_v1_doc_b2ea90479f867ed9,evt_CA_RBC_RUSB_CLASS_2025-07-24_income_final_v1,doc_b2ea90479f867ed9,2,"RBC fundData: exDivDate=2025-07-24, totalDistr=0.07, reInvDistr=None",0.07,0.9,2026-09-26 12:04:59.144249
ev_evt_CA_RBC_RUSB_CLASS_2025-08-22_income_final_v1_doc_b2ea90479f867ed9,evt_CA_RBC_RUSB_CLASS_2025-08-22_income_final_v1,doc_b2ea90479f867ed9,2,"RBC fundData: exDivDate=2025-08-22, totalDistr=0.07, reInvDistr=None",0.07,0.9,2026-09-26 12:05:00.698004
ev_evt_CA_RBC_RUSB_CLASS_2025-09-22_income_final_v1_doc_b2ea90479f867ed9,evt_CA_RBC_RUSB_CLASS_2025-09-22_income_final_v1,doc_b2ea90479f867ed9,2,"RBC fundData: exDivDate=2025-09-22, totalDistr=0.07, reInvDistr=None",0.07,0.9,2026-09-26 12:05:04.091376
ev_evt_CA_RBC_RUSB_CLASS_2025-10-24_income_final_v1_doc_b2ea90479f867ed9,evt_CA_RBC_RUSB_CLASS_2025-10-24_income_final_v1,doc_b2ea90479f867ed9,2,"RBC fundData: exDivDate=2025-10-24, totalDistr=0.08, reInvDistr=None",0.08,0.9,2026-09-26 12:05:07.495124
ev_evt_CA_RBC_RUSB_CLASS_2025-11-21_income_final_v1_doc_b2ea90479f867ed9,evt_CA_RBC_RUSB_CLASS_2025-11-21_income_final_v1,doc_b2ea90479f867ed9,2,"RBC fundData: exDivDate=2025-11-21, totalDistr=0.075, reInvDistr=None",0.075,0.9,2026-09-26 12:05:09.072348
ev_evt_CA_RBC_RUSB_CLASS_2025-12-30_income_final_v1_doc_b2ea90479f867ed9,evt_CA_RBC_RUSB_CLASS_2025-12-30_income_final_v1,doc_b2ea90479f867ed9,2,"RBC fundData: exDivDate=2025-12-30, totalDistr=0.075, reInvDistr=0.0",0.075,0.9,2026-09-26 12:05:10.600783
ev_evt_CA_RBC_RUSB_CLASS_2026-01-23_income_final_v1_doc_b2ea90479f867ed9,evt_CA_RBC_RUSB_CLASS_2026-01-23_income_final_v1,doc_b2ea90479f867ed9,2,"RBC fundData: exDivDate=2026-01-23, totalDistr=0.077, reInvDistr=None",0.077,0.9,2026-09-26 12:05:13.687603
ev_evt_CA_RBC_RUSB_CLASS_2026-02-20_income_final_v1_doc_b2ea90479f867ed9,evt_CA_RBC_RUSB_CLASS_2026-02-20_income_final_v1,doc_b2ea90479f867ed9,2,"RBC fundData: exDivDate=2026-02-20, totalDistr=0.077, reInvDistr=None",0.077,0.9,2026-09-26 12:05:17.924802
ev_evt_CA_RBC_RUSB_CLASS_2026-03-24_income_final_v1_doc_b2ea90479f867ed9,evt_CA_RBC_RUSB_CLASS_2026-03-24_income_final_v1,doc_b2ea90479f867ed9,2,"RBC fundData: exDivDate=2026-03-24, totalDistr=0.075, reInvDistr=None",0.075,0.9,2026-09-26 12:05:21.987752
ev_evt_CA_RBC_RUSB_CLASS_2026-04-23_income_final_v1_doc_b2ea90479f867ed9,evt_CA_RBC_RUSB_CLASS_2026-04-23_income_final_v1,doc_b2ea90479f867ed9,2,"RBC fundData: exDivDate=2026-04-23, totalDistr=0.075, reInvDistr=None",0.075,0.9,2026-09-26 12:05:26.426892
ev_evt_CA_RBC_RUSB_CLASS_2026-05-22_income_final_v1_doc_b2ea90479f867ed9,evt_CA_RBC_RUSB_CLASS_2026-05-22_income_final_v1,doc_b2ea90479f867ed9,2,"RBC fundData: exDivDate=2026-05-22, totalDistr=0.075, reInvDistr=None",0.075,0.9,2026-09-26 12:05:30.452175
ev_evt_CA_RBC_RUSB_CLASS_2026-06-23_income_final_v1_doc_b2ea90479f867ed9,evt_CA_RBC_RUSB_CLASS_2026-06-23_income_final_v1,doc_b2ea90479f867ed9,2,"RBC fundData: exDivDate=2026-06-23, totalDistr=0.08, reInvDistr=None",0.08,0.9,2026-09-26 12:05:34.885242
ev_evt_CA_RBC_RUSB_CLASS_2026-07-24_income_final_v1_doc_b2ea90479f867ed9,evt_CA_RBC_RUSB_CLASS_2026-07-24_income_final_v1,doc_b2ea90479f867ed9,2,"RBC fundData: exDivDate=2026-07-24, totalDistr=0.085, reInvDistr=None",0.085,0.9,2026-09-26 12:05:38.091081
ev_evt_CA_RBC_RUSB_CLASS_2026-08-24_income_final_v1_doc_b2ea90479f867ed9,evt_CA_RBC_RUSB_CLASS_2026-08-24_income_final_v1,doc_b2ea90479f867ed9,2,"RBC fundData: exDivDate=2026-08-24, totalDistr=0.08, reInvDistr=None",0.08,0.9,2026-09-26 12:05:42.023331
ev_evt_CA_RBC_RUSB_CLASS_2026-09-22_income_final_v1_doc_b2ea90479f867ed9,evt_CA_RBC_RUSB_CLASS_2026-09-22_income_final_v1,doc_b2ea90479f867ed9,2,"RBC fundData: exDivDate=2026-09-22, totalDistr=0.075, reInvDistr=None",0.075,0.9,2026-09-26 12:05:46.162912
