doc_id,sha256,source_id,source_url,retrieved_at,content_type,byte_size,storage_path
doc_a66646cc0b6aa1bc,a66646cc0b6aa1bcb01912849b4ae7ec04325016928db455be4f4097cf486b17,sec_edgar_submissions_api,https://data.sec.gov/submissions/CIK0001064642.json,2026-09-25 18:43:28.874289,application/json,185339,C:\Users\chait\Desktop\DPA_Project2\data\raw\a66646cc0b6aa1bcb01912849b4ae7ec04325016928db455be4f4097cf486b17.bin
doc_7471bc4a39be10e2,7471bc4a39be10e25357f38bd3759b32be453180653f6625a1202f7a21b31a94,sec_edgar_submissions_api,https://data.sec.gov/submissions/CIK0001064642-submissions-001.json,2026-09-25 18:43:31.374478,application/json,362487,C:\Users\chait\Desktop\DPA_Project2\data\raw\7471bc4a39be10e25357f38bd3759b32be453180653f6625a1202f7a21b31a94.bin
doc_51a16a450298a663,51a16a450298a663b3fa088883a17c75f4464e87c911b0e83902a0ad46877c54,official_fund_sponsor_page,https://www.ssga.com/library-content/products/fund-data/etfs/us/spdr-etf-historical-distributions.xlsx,2026-09-25 18:43:35.445266,application/vnd.openxmlformats-officedocument.spreadsheetml.sheet,577780,C:\Users\chait\Desktop\DPA_Project2\data\raw\51a16a450298a663b3fa088883a17c75f4464e87c911b0e83902a0ad46877c54.bin
doc_33557fc7e85f762d,33557fc7e85f762d90c8e974c5ba0ee5a0fa5e052b507df57d2cf76d64597d54,sec_edgar_filings,https://www.sec.gov/Archives/edgar/data/1064642/000119312524248849/d865666d497.htm,2026-09-25 18:43:45.042706,text/html,14984217,C:\Users\chait\Desktop\DPA_Project2\data\raw\33557fc7e85f762d90c8e974c5ba0ee5a0fa5e052b507df57d2cf76d64597d54.bin
doc_063b4abb5e383015,063b4abb5e383015af4f16f84bf0d00c94ede618adeaf386a5b04bbb79ea38e2,sec_edgar_filings,https://www.sec.gov/Archives/edgar/data/1064642/000119312525013236/d906200d497.htm,2026-09-25 18:44:18.257146,text/html,12587,C:\Users\chait\Desktop\DPA_Project2\data\raw\063b4abb5e383015af4f16f84bf0d00c94ede618adeaf386a5b04bbb79ea38e2.bin
doc_b0b313ef25f1805c,b0b313ef25f1805cf5cdf66385991666d1c2bdc267332eab8675e8d698da3451,sec_edgar_filings,https://www.sec.gov/Archives/edgar/data/1064642/000119312525018505/d891991d497.htm,2026-09-25 18:44:22.003602,text/html,12154,C:\Users\chait\Desktop\DPA_Project2\data\raw\b0b313ef25f1805cf5cdf66385991666d1c2bdc267332eab8675e8d698da3451.bin
doc_837b17077175a001,837b17077175a0012f7cab3241266b784761617419e5226120f540ce81dd614b,sec_edgar_filings,https://www.sec.gov/Archives/edgar/data/1064642/000119312525072451/d915472d497.htm,2026-09-25 18:44:26.812335,text/html,59443,C:\Users\chait\Desktop\DPA_Project2\data\raw\837b17077175a0012f7cab3241266b784761617419e5226120f540ce81dd614b.bin
doc_80b6beea94c3c03c,80b6beea94c3c03c6746bc9f592fb61931257f479c23576c7b9ec0fa9b6bd2d8,sec_edgar_filings,https://www.sec.gov/Archives/edgar/data/1064642/000119312525120699/d929946d497.htm,2026-09-25 18:44:29.739657,text/html,20633,C:\Users\chait\Desktop\DPA_Project2\data\raw\80b6beea94c3c03c6746bc9f592fb61931257f479c23576c7b9ec0fa9b6bd2d8.bin
doc_7864eeea5e4fc766,7864eeea5e4fc766d7c2e5c44f10a4776106d57a6456c346f27ea8637862a922,sec_edgar_filings,https://www.sec.gov/Archives/edgar/data/1064642/000119312525116992/d921392d497.htm,2026-09-25 18:44:32.239958,text/html,39108,C:\Users\chait\Desktop\DPA_Project2\data\raw\7864eeea5e4fc766d7c2e5c44f10a4776106d57a6456c346f27ea8637862a922.bin
doc_1281efcfc2aef1c6,1281efcfc2aef1c63da847a2a1f42edc88dafdbc284b327371f1cbd4a8a7bd94,sec_edgar_filings,https://www.sec.gov/Archives/edgar/data/1064642/000119312525152570/d80136d497.htm,2026-09-25 18:44:35.815652,text/html,2252,C:\Users\chait\Desktop\DPA_Project2\data\raw\1281efcfc2aef1c63da847a2a1f42edc88dafdbc284b327371f1cbd4a8a7bd94.bin
doc_ef7cba7d4b153faa,ef7cba7d4b153faa17056017ad9ab71b5ed5e7272674023ee0f51d9a5ca020a3,sec_edgar_filings,https://www.sec.gov/Archives/edgar/data/1064642/000119312525138363/d938952d497.htm,2026-09-25 18:44:51.223087,text/html,21921,C:\Users\chait\Desktop\DPA_Project2\data\raw\ef7cba7d4b153faa17056017ad9ab71b5ed5e7272674023ee0f51d9a5ca020a3.bin
doc_0046d6be6e790908,0046d6be6e7909084ce52271461f1d915b7dab8367c58f7cc28f6a56030f4941,sec_edgar_filings,https://www.sec.gov/Archives/edgar/data/1064642/000119312525207035/d55381d497.htm,2026-09-25 18:44:58.480172,text/html,4427,C:\Users\chait\Desktop\DPA_Project2\data\raw\0046d6be6e7909084ce52271461f1d915b7dab8367c58f7cc28f6a56030f4941.bin
doc_67b994c8d123da98,67b994c8d123da984e9b762bf98c3f6c6e087baef141a58785fdb24bc7a73ea3,sec_edgar_filings,https://www.sec.gov/Archives/edgar/data/1064642/000119312525245123/d272135d497.htm,2026-09-25 18:45:44.483762,text/html,195579,C:\Users\chait\Desktop\DPA_Project2\data\raw\67b994c8d123da984e9b762bf98c3f6c6e087baef141a58785fdb24bc7a73ea3.bin
doc_ac41f848bd66d37c,ac41f848bd66d37ca89e2cf3689f58210937e9ef5ed43e2136f28646abfa09c0,sec_edgar_filings,https://www.sec.gov/Archives/edgar/data/1064642/000119312525280458/d50177d497.htm,2026-09-25 18:45:47.490473,text/html,5331,C:\Users\chait\Desktop\DPA_Project2\data\raw\ac41f848bd66d37ca89e2cf3689f58210937e9ef5ed43e2136f28646abfa09c0.bin
doc_74a574a54b077b53,74a574a54b077b53accbbccc5810bdf43b0101160872561d1e879f89b3f9b32d,sec_edgar_filings,https://www.sec.gov/Archives/edgar/data/1064642/000119312526057233/d279285d497.htm,2026-09-25 18:45:54.655611,text/html,11994,C:\Users\chait\Desktop\DPA_Project2\data\raw\74a574a54b077b53accbbccc5810bdf43b0101160872561d1e879f89b3f9b32d.bin
doc_d09210a8b9fd2f1b,d09210a8b9fd2f1b8505568fcddfdcb20ed04541a8a500b927be98993e585c38,sec_edgar_filings,https://www.sec.gov/Archives/edgar/data/1064642/000119312526034610/d72019d497.htm,2026-09-25 18:45:57.155954,text/html,24155,C:\Users\chait\Desktop\DPA_Project2\data\raw\d09210a8b9fd2f1b8505568fcddfdcb20ed04541a8a500b927be98993e585c38.bin
doc_249867901c9bc1a3,249867901c9bc1a317d4284c1446eddfcf687b0770f1fe082580c24c36ffe077,sec_edgar_filings,https://www.sec.gov/Archives/edgar/data/1064642/000119312526158837/d134330d497.htm,2026-09-25 18:46:01.653851,text/html,5987,C:\Users\chait\Desktop\DPA_Project2\data\raw\249867901c9bc1a317d4284c1446eddfcf687b0770f1fe082580c24c36ffe077.bin
doc_2259355d69f1e420,2259355d69f1e42033da02031c6614b80a02233989b658bfd5bda5d88e41cbe8,sec_edgar_filings,https://www.sec.gov/Archives/edgar/data/1064642/000119312526269181/d102120d497.htm,2026-09-25 18:46:12.663487,text/html,3174,C:\Users\chait\Desktop\DPA_Project2\data\raw\2259355d69f1e42033da02031c6614b80a02233989b658bfd5bda5d88e41cbe8.bin
doc_91251568f4428cb5,91251568f4428cb5df4975a24016b84652a78f5b851a84ea5500bc83c675737b,sec_edgar_filings,https://www.sec.gov/Archives/edgar/data/1064642/000119312526359291/d122641d497.htm,2026-09-25 18:46:17.881484,text/html,5027,C:\Users\chait\Desktop\DPA_Project2\data\raw\91251568f4428cb5df4975a24016b84652a78f5b851a84ea5500bc83c675737b.bin
doc_372934a1d4c9247b,372934a1d4c9247b8a01f5bf81c2792707d4785e6a99329b9df5d9eb183d9390,sec_edgar_filings,https://www.sec.gov/Archives/edgar/data/1064642/000119312526379918/d147592d497.htm,2026-09-25 18:46:20.841359,text/html,2030438,C:\Users\chait\Desktop\DPA_Project2\data\raw\372934a1d4c9247b8a01f5bf81c2792707d4785e6a99329b9df5d9eb183d9390.bin
doc_bf6bc046a19df8d2,bf6bc046a19df8d281e96e36ce63bb6155d7642a0c77dc2e9aad225a6cdda61a,sec_edgar_filings,https://www.sec.gov/Archives/edgar/data/1064642/000119312525200121/d918846d497.htm,2026-09-25 18:47:15.539753,text/html,28729,C:\Users\chait\Desktop\DPA_Project2\data\raw\bf6bc046a19df8d281e96e36ce63bb6155d7642a0c77dc2e9aad225a6cdda61a.bin
doc_92280c3e1a2cd7fa,92280c3e1a2cd7faf312d5e67295bab9d9470d2a037b09bc32a3e36e7ee9c4a7,sec_edgar_submissions_api,https://data.sec.gov/submissions/CIK0001064641.json,2026-09-25 18:52:31.987790,application/json,180890,C:\Users\chait\Desktop\DPA_Project2\data\raw\92280c3e1a2cd7faf312d5e67295bab9d9470d2a037b09bc32a3e36e7ee9c4a7.bin
doc_21c585f71adc4bc1,21c585f71adc4bc1f510406b2b15f35cbcb9e1b374bffa525a5b40a059fadbd5,sec_edgar_filings,https://www.sec.gov/Archives/edgar/data/1064641/000119312524232956/d835962d497.htm,2026-09-25 18:52:41.026018,text/html,9990,C:\Users\chait\Desktop\DPA_Project2\data\raw\21c585f71adc4bc1f510406b2b15f35cbcb9e1b374bffa525a5b40a059fadbd5.bin
doc_669575ca6b0cb83e,669575ca6b0cb83eaf2df01278676846dc50f6156ade36978129636f7238a9e5,sec_edgar_filings,https://www.sec.gov/Archives/edgar/data/1064641/000119312525009617/d890516d497.htm,2026-09-25 18:53:00.359703,text/html,8752,C:\Users\chait\Desktop\DPA_Project2\data\raw\669575ca6b0cb83eaf2df01278676846dc50f6156ade36978129636f7238a9e5.bin
doc_7c296ffb15d552c2,7c296ffb15d552c2b17b068bfcb7cc44fba66e773deac78ae5f81c8f2e305829,sec_edgar_filings,https://www.sec.gov/Archives/edgar/data/1064641/000119312525020032/d842242d497.htm,2026-09-25 18:53:04.708978,text/html,2525708,C:\Users\chait\Desktop\DPA_Project2\data\raw\7c296ffb15d552c2b17b068bfcb7cc44fba66e773deac78ae5f81c8f2e305829.bin
doc_c1866715c48d6ce3,c1866715c48d6ce3139bc232e34fbbd8483ac599dd325e945fb345d5e8003721,sec_edgar_filings,https://www.sec.gov/Archives/edgar/data/1064641/000119312525124864/d899853d497.htm,2026-09-25 18:53:11.275956,text/html,2525964,C:\Users\chait\Desktop\DPA_Project2\data\raw\c1866715c48d6ce3139bc232e34fbbd8483ac599dd325e945fb345d5e8003721.bin
doc_2cfb1fc1fcce52c6,2cfb1fc1fcce52c6935b71c6aab0fcf6e5ba19a581c1a9007c73b6cae9279f59,sec_edgar_filings,https://www.sec.gov/Archives/edgar/data/1064641/000119312525109865/d38790d497.htm,2026-09-25 18:53:13.776919,text/html,1883,C:\Users\chait\Desktop\DPA_Project2\data\raw\2cfb1fc1fcce52c6935b71c6aab0fcf6e5ba19a581c1a9007c73b6cae9279f59.bin
doc_bbd62c3fd9ed466b,bbd62c3fd9ed466b1516a8c67f734dd561a9742f3364648450f2b5133f7a0cab,sec_edgar_filings,https://www.sec.gov/Archives/edgar/data/1064641/000119312525152588/d51996d497.htm,2026-09-25 18:53:25.381452,text/html,1953,C:\Users\chait\Desktop\DPA_Project2\data\raw\bbd62c3fd9ed466b1516a8c67f734dd561a9742f3364648450f2b5133f7a0cab.bin
doc_aa4fcf011b8ac4ff,aa4fcf011b8ac4ff15f14f6d964bca313ab5c0690e9eddd7301007d462f9b639,sec_edgar_filings,https://www.sec.gov/Archives/edgar/data/1064641/000119312525172681/d28579d497.htm,2026-09-25 18:53:57.123950,text/html,3442452,C:\Users\chait\Desktop\DPA_Project2\data\raw\aa4fcf011b8ac4ff15f14f6d964bca313ab5c0690e9eddd7301007d462f9b639.bin
doc_fa609d71b1517498,fa609d71b1517498a26843773beaebf98615ced7c0235e1a67b31dcb09a00c34,sec_edgar_filings,https://www.sec.gov/Archives/edgar/data/1064641/000119312525288197/d23270d497.htm,2026-09-25 18:55:03.245255,text/html,40295,C:\Users\chait\Desktop\DPA_Project2\data\raw\fa609d71b1517498a26843773beaebf98615ced7c0235e1a67b31dcb09a00c34.bin
doc_88184b52a3646db3,88184b52a3646db39d846848b12051fbb3b38544a607f7cef1dddb6c3291d222,sec_edgar_filings,https://www.sec.gov/Archives/edgar/data/1064641/000119312525283267/d50949d497.htm,2026-09-25 18:55:05.886674,text/html,23077,C:\Users\chait\Desktop\DPA_Project2\data\raw\88184b52a3646db39d846848b12051fbb3b38544a607f7cef1dddb6c3291d222.bin
doc_2ae494d5e7c90b4a,2ae494d5e7c90b4ab2ba9f4c5ff3f0eff2b57139838fdc6f7ef3d1318249c55d,sec_edgar_filings,https://www.sec.gov/Archives/edgar/data/1064641/000119312525283258/d70104d497.htm,2026-09-25 18:55:08.387013,text/html,41090,C:\Users\chait\Desktop\DPA_Project2\data\raw\2ae494d5e7c90b4ab2ba9f4c5ff3f0eff2b57139838fdc6f7ef3d1318249c55d.bin
doc_afa37ec683972086,afa37ec6839720860917a4296ba79d4f0d11040c5748ed2bb4d9e19dee254013,sec_edgar_filings,https://www.sec.gov/Archives/edgar/data/1064641/000119312525283249/d76746d497.htm,2026-09-25 18:55:19.402931,text/html,44086,C:\Users\chait\Desktop\DPA_Project2\data\raw\afa37ec6839720860917a4296ba79d4f0d11040c5748ed2bb4d9e19dee254013.bin
doc_082699c347177c08,082699c347177c08df984cbf031b48d16c9c11d90331feba93435278012816af,sec_edgar_filings,https://www.sec.gov/Archives/edgar/data/1064641/000119312526031948/d85739d497.htm,2026-09-25 18:55:25.204249,text/html,2388449,C:\Users\chait\Desktop\DPA_Project2\data\raw\082699c347177c08df984cbf031b48d16c9c11d90331feba93435278012816af.bin
doc_3b8a0caac772bc51,3b8a0caac772bc51755a3dee130e83c4c60229234705b4003ccb2fd7afe69efd,sec_edgar_filings,https://www.sec.gov/Archives/edgar/data/1064641/000119312526269239/d145722d497.htm,2026-09-25 18:55:36.923352,text/html,5324,C:\Users\chait\Desktop\DPA_Project2\data\raw\3b8a0caac772bc51755a3dee130e83c4c60229234705b4003ccb2fd7afe69efd.bin
doc_d4dd740e24f358ac,d4dd740e24f358ac02892098c91c6ed22320ecf548f22e8c981d87c31e528fce,sec_edgar_submissions_api,https://data.sec.gov/submissions/CIK0000036405.json,2026-09-25 18:59:08.056640,application/json,180672,C:\Users\chait\Desktop\DPA_Project2\data\raw\d4dd740e24f358ac02892098c91c6ed22320ecf548f22e8c981d87c31e528fce.bin
doc_9da7d9605b060538,9da7d9605b060538b3e9451928f15340357a05597ce3baab91a8a137617e4095,official_fund_sponsor_page,https://investor.vanguard.com/investment-products/etfs/profile/vti,2026-09-25 18:59:11.592545,text/html,264337,C:\Users\chait\Desktop\DPA_Project2\data\raw\9da7d9605b060538b3e9451928f15340357a05597ce3baab91a8a137617e4095.bin
doc_09c37a4d1c469a52,09c37a4d1c469a52ca1f6e8382044b2a75b05c7be393068e50007f70c148baf8,sec_edgar_filings,https://www.sec.gov/Archives/edgar/data/36405/000168386324006090/f39702d0.htm,2026-09-25 18:59:16.583422,text/html,22557,C:\Users\chait\Desktop\DPA_Project2\data\raw\09c37a4d1c469a52ca1f6e8382044b2a75b05c7be393068e50007f70c148baf8.bin
doc_9c6368b82beecef6,9c6368b82beecef6ed8497a7fce70a785b88539a1a709a54957ba94481aca478,sec_edgar_filings,https://www.sec.gov/Archives/edgar/data/36405/000168386324006004/f39685d1.htm,2026-09-25 18:59:19.083623,text/html,18144,C:\Users\chait\Desktop\DPA_Project2\data\raw\9c6368b82beecef6ed8497a7fce70a785b88539a1a709a54957ba94481aca478.bin
doc_ba2bfee539c0e04d,ba2bfee539c0e04d37892507c9d5fc78c27c3fcfcdf13eabce9dc0149b21efa7,sec_edgar_filings,https://www.sec.gov/Archives/edgar/data/36405/000168386325001366/f40901d1.htm,2026-09-25 18:59:22.807990,text/html,258525,C:\Users\chait\Desktop\DPA_Project2\data\raw\ba2bfee539c0e04d37892507c9d5fc78c27c3fcfcdf13eabce9dc0149b21efa7.bin
doc_54daa59fbb5a350d,54daa59fbb5a350d65dc0395200323f01a8e4215234b6dfa61fb74dc7a0e38ab,sec_edgar_filings,https://www.sec.gov/Archives/edgar/data/36405/000168386325000986/f40794d1.htm,2026-09-25 18:59:25.309762,text/html,18182,C:\Users\chait\Desktop\DPA_Project2\data\raw\54daa59fbb5a350d65dc0395200323f01a8e4215234b6dfa61fb74dc7a0e38ab.bin
doc_b101cc6df16a9ecd,b101cc6df16a9ecd5051fdd421825b7a0b0cbdbc3ccb85c775ae28c5c67b1040,sec_edgar_filings,https://www.sec.gov/Archives/edgar/data/36405/000168386325000822/f40650d1.htm,2026-09-25 18:59:27.809509,text/html,481641,C:\Users\chait\Desktop\DPA_Project2\data\raw\b101cc6df16a9ecd5051fdd421825b7a0b0cbdbc3ccb85c775ae28c5c67b1040.bin
doc_a762d90bb9364d8a,a762d90bb9364d8a714eab36ca56e39c178f6fea3a408932d17ed1f3ad1a5d2f,sec_edgar_filings,https://www.sec.gov/Archives/edgar/data/36405/000168386325000571/f40517d0.htm,2026-09-25 18:59:30.309719,text/html,51637,C:\Users\chait\Desktop\DPA_Project2\data\raw\a762d90bb9364d8a714eab36ca56e39c178f6fea3a408932d17ed1f3ad1a5d2f.bin
doc_97bac02cbc19d3cf,97bac02cbc19d3cf9c7058067fc4bf899c59825ae3546111aabe4c84d224b8c9,sec_edgar_filings,https://www.sec.gov/Archives/edgar/data/36405/000168386325004878/f42106d1.htm,2026-09-25 18:59:33.186855,text/html,1493839,C:\Users\chait\Desktop\DPA_Project2\data\raw\97bac02cbc19d3cf9c7058067fc4bf899c59825ae3546111aabe4c84d224b8c9.bin
doc_46d1ea5c3f8d4eaa,46d1ea5c3f8d4eaa03ef4c75a3a89ab062ba252eaee599334eb39a829a03aa41,sec_edgar_filings,https://www.sec.gov/Archives/edgar/data/36405/000168386325005211/f42299d1.htm,2026-09-25 19:00:19.305181,text/html,117901,C:\Users\chait\Desktop\DPA_Project2\data\raw\46d1ea5c3f8d4eaa03ef4c75a3a89ab062ba252eaee599334eb39a829a03aa41.bin
doc_5db49a9a9c590e95,5db49a9a9c590e9511f872322ae0590740594d40763abf54a345a98008d316b7,sec_edgar_filings,https://www.sec.gov/Archives/edgar/data/36405/000168386325005558/f42371d1.htm,2026-09-25 19:00:21.805777,text/html,23910,C:\Users\chait\Desktop\DPA_Project2\data\raw\5db49a9a9c590e9511f872322ae0590740594d40763abf54a345a98008d316b7.bin
doc_ddcdf2b814d8d39c,ddcdf2b814d8d39c1a43070a6c05c64ca1a9740570abe92bc59901795eae6121,sec_edgar_filings,https://www.sec.gov/Archives/edgar/data/36405/000168386325007112/f42753d1.htm,2026-09-25 19:00:24.305935,text/html,5550,C:\Users\chait\Desktop\DPA_Project2\data\raw\ddcdf2b814d8d39c1a43070a6c05c64ca1a9740570abe92bc59901795eae6121.bin
doc_dc1f2ccccbc011ff,dc1f2ccccbc011ff4049cd401927f32a5b14ff2c0a0742595bc4dc54fe9cc446,sec_edgar_filings,https://www.sec.gov/Archives/edgar/data/36405/000119312525224194/f43052d1.htm,2026-09-25 19:00:26.806511,text/html,25640,C:\Users\chait\Desktop\DPA_Project2\data\raw\dc1f2ccccbc011ff4049cd401927f32a5b14ff2c0a0742595bc4dc54fe9cc446.bin
doc_68a9a26a3d7ed8de,68a9a26a3d7ed8deaf258e63f60257397d437c7fe6ea58f1e8ef29e62ca7a62e,sec_edgar_filings,https://www.sec.gov/Archives/edgar/data/36405/000119312525244346/f43105d1.htm,2026-09-25 19:00:29.306760,text/html,6440,C:\Users\chait\Desktop\DPA_Project2\data\raw\68a9a26a3d7ed8deaf258e63f60257397d437c7fe6ea58f1e8ef29e62ca7a62e.bin
doc_c6e28ca0259f1b61,c6e28ca0259f1b613585b2ec9dd8535123e140d18b00c4130328b5992e0472f1,sec_edgar_filings,https://www.sec.gov/Archives/edgar/data/36405/000119312526012319/f43764d1.htm,2026-09-25 19:00:32.225775,text/html,5125452,C:\Users\chait\Desktop\DPA_Project2\data\raw\c6e28ca0259f1b613585b2ec9dd8535123e140d18b00c4130328b5992e0472f1.bin
doc_108930a6eb1d5f39,108930a6eb1d5f3935ff35eba3614ac81b73ed6d3f7f7a943c2eb892d899d4bb,sec_edgar_filings,https://www.sec.gov/Archives/edgar/data/36405/000119312526009903/f43758d1.htm,2026-09-25 19:00:34.726222,text/html,70108,C:\Users\chait\Desktop\DPA_Project2\data\raw\108930a6eb1d5f3935ff35eba3614ac81b73ed6d3f7f7a943c2eb892d899d4bb.bin
doc_a29bddef6ac8f16e,a29bddef6ac8f16ee18aa963db4fb4e348409d1936063d685821b207f096b8c7,sec_edgar_filings,https://www.sec.gov/Archives/edgar/data/36405/000119312526009900/f43755d1.htm,2026-09-25 19:00:37.226422,text/html,31174,C:\Users\chait\Desktop\DPA_Project2\data\raw\a29bddef6ac8f16ee18aa963db4fb4e348409d1936063d685821b207f096b8c7.bin
doc_ba2791338923753c,ba2791338923753c9ebc0347fb88c33af1088edb03ddf72fbad96e0a189b960d,sec_edgar_filings,https://www.sec.gov/Archives/edgar/data/36405/000119312526009897/f43759d1.htm,2026-09-25 19:00:39.726651,text/html,78712,C:\Users\chait\Desktop\DPA_Project2\data\raw\ba2791338923753c9ebc0347fb88c33af1088edb03ddf72fbad96e0a189b960d.bin
doc_991b8ec6f0f0908a,991b8ec6f0f0908a005f3f3c81f871604a6297eab688d4553e382439e44b4452,sec_edgar_filings,https://www.sec.gov/Archives/edgar/data/36405/000119312526045639/f44014d1.htm,2026-09-25 19:00:42.227086,text/html,49420,C:\Users\chait\Desktop\DPA_Project2\data\raw\991b8ec6f0f0908a005f3f3c81f871604a6297eab688d4553e382439e44b4452.bin
doc_9f892d17ae59c741,9f892d17ae59c741c940fd9a16e5557940ce7c255d54e214f8fb8e15ef6239e1,sec_edgar_filings,https://www.sec.gov/Archives/edgar/data/36405/000119312526032833/f43896d1.htm,2026-09-25 19:00:44.727761,text/html,353865,C:\Users\chait\Desktop\DPA_Project2\data\raw\9f892d17ae59c741c940fd9a16e5557940ce7c255d54e214f8fb8e15ef6239e1.bin
doc_714019e768c6b543,714019e768c6b543392f6747553d4f7fd6fc1c467056af3e2c15d81c10af680a,sec_edgar_filings,https://www.sec.gov/Archives/edgar/data/36405/000089119026000154/f45282d1.htm,2026-09-25 19:00:47.692461,text/html,9892,C:\Users\chait\Desktop\DPA_Project2\data\raw\714019e768c6b543392f6747553d4f7fd6fc1c467056af3e2c15d81c10af680a.bin
doc_b70535903e7fdf51,b70535903e7fdf5108dd0d43273ba10523a3e69054ac49e2d1b9fa17cee14798,sec_edgar_filings,https://www.sec.gov/Archives/edgar/data/36405/000089119026000239/f45593d1.htm,2026-09-25 19:00:50.192567,text/html,14011,C:\Users\chait\Desktop\DPA_Project2\data\raw\b70535903e7fdf5108dd0d43273ba10523a3e69054ac49e2d1b9fa17cee14798.bin
doc_d7df86e0990cc602,d7df86e0990cc602f73fd5190c11fb0573556575837de1ef59c238190b687ebc,sec_edgar_filings,https://www.sec.gov/Archives/edgar/data/36405/000005284826000478/f45539d1.htm,2026-09-25 19:00:52.693172,text/html,33974,C:\Users\chait\Desktop\DPA_Project2\data\raw\d7df86e0990cc602f73fd5190c11fb0573556575837de1ef59c238190b687ebc.bin
doc_84cecdc4ed642a59,84cecdc4ed642a59d0941c9ef88244d0d0df91721e90929c3467465725548dae,sec_edgar_filings,https://www.sec.gov/Archives/edgar/data/36405/000003640526000386/f45788d1.htm,2026-09-25 19:00:55.193816,text/html,95862,C:\Users\chait\Desktop\DPA_Project2\data\raw\84cecdc4ed642a59d0941c9ef88244d0d0df91721e90929c3467465725548dae.bin
doc_9eb23150e09f0b41,9eb23150e09f0b41b78a237f8e6f893ef5813b75631d243c8b14bfb4f5d7362b,sec_edgar_filings,https://www.sec.gov/Archives/edgar/data/36405/000119312526392561/f46182d1.htm,2026-09-25 19:00:57.697256,text/html,187803,C:\Users\chait\Desktop\DPA_Project2\data\raw\9eb23150e09f0b41b78a237f8e6f893ef5813b75631d243c8b14bfb4f5d7362b.bin
doc_d726fe80aad98285,d726fe80aad9828502107566759f9e4a0c13138400ac03fba736e054492795f7,official_fund_sponsor_page,https://investor.vanguard.com/investment-products/etfs/profile/voo,2026-09-25 19:01:07.337827,text/html,263974,C:\Users\chait\Desktop\DPA_Project2\data\raw\d726fe80aad9828502107566759f9e4a0c13138400ac03fba736e054492795f7.bin
doc_642aea3facbfa335,642aea3facbfa3354284a4f47be38020c5f8f2f5ffb1b50bfce52ea61189710b,sec_edgar_submissions_api,https://data.sec.gov/submissions/CIK0000794105.json,2026-09-25 19:02:54.622863,application/json,181794,C:\Users\chait\Desktop\DPA_Project2\data\raw\642aea3facbfa3354284a4f47be38020c5f8f2f5ffb1b50bfce52ea61189710b.bin
doc_3336418ff0916853,3336418ff0916853e172473d6e43e25480ada1ce90744609d5793c25722b4fff,official_fund_sponsor_page,https://investor.vanguard.com/investment-products/etfs/profile/bnd,2026-09-25 19:02:58.454562,text/html,270678,C:\Users\chait\Desktop\DPA_Project2\data\raw\3336418ff0916853e172473d6e43e25480ada1ce90744609d5793c25722b4fff.bin
doc_a1486557e9811c38,a1486557e9811c386157ac1759df6bfd0ef1b12efbb66079d07ad2ce7e62ee22,sec_edgar_filings,https://www.sec.gov/Archives/edgar/data/794105/000168386325000142/f40425d1.htm,2026-09-25 19:03:06.524742,text/html,37752,C:\Users\chait\Desktop\DPA_Project2\data\raw\a1486557e9811c386157ac1759df6bfd0ef1b12efbb66079d07ad2ce7e62ee22.bin
doc_0013fd34c3f04c48,0013fd34c3f04c486555fcdca191ef4ffc98a4135959381933e3c9f528d81c90,sec_edgar_filings,https://www.sec.gov/Archives/edgar/data/794105/000168386325000573/f40515d0.htm,2026-09-25 19:03:53.763380,text/html,308007,C:\Users\chait\Desktop\DPA_Project2\data\raw\0013fd34c3f04c486555fcdca191ef4ffc98a4135959381933e3c9f528d81c90.bin
doc_83cf1e5d685e2158,83cf1e5d685e21584da012c3731ba6c877498f575fb2ae81267ffebd07e2df61,sec_edgar_filings,https://www.sec.gov/Archives/edgar/data/794105/000119312526032819/f43887d1.htm,2026-09-25 19:06:00.316936,text/html,85182,C:\Users\chait\Desktop\DPA_Project2\data\raw\83cf1e5d685e21584da012c3731ba6c877498f575fb2ae81267ffebd07e2df61.bin
doc_e04d7c73032f963e,e04d7c73032f963ebe4aba5dc5b6d54ac13c7b9012def701d993891ec5e3c472,sec_edgar_filings,https://www.sec.gov/Archives/edgar/data/794105/000079410526000099/f44750d1.htm,2026-09-25 19:06:02.818266,text/html,40722,C:\Users\chait\Desktop\DPA_Project2\data\raw\e04d7c73032f963ebe4aba5dc5b6d54ac13c7b9012def701d993891ec5e3c472.bin
doc_153fcc7fe1293fb3,153fcc7fe1293fb3b640195818ce9bd1fda5ac31c11c03597fd05e13f972560c,sec_edgar_filings,https://www.sec.gov/Archives/edgar/data/794105/000079410526000130/f45263d1.htm,2026-09-25 19:06:08.103162,text/html,7661,C:\Users\chait\Desktop\DPA_Project2\data\raw\153fcc7fe1293fb3b640195818ce9bd1fda5ac31c11c03597fd05e13f972560c.bin
doc_a945c8eda165ac2f,a945c8eda165ac2f019071acf14cb93c1fd81b82fc34065a5a757e51ab8ef30d,sec_edgar_filings,https://www.sec.gov/Archives/edgar/data/794105/000102188226000648/f45888d1.htm,2026-09-25 19:06:13.103533,text/html,19069,C:\Users\chait\Desktop\DPA_Project2\data\raw\a945c8eda165ac2f019071acf14cb93c1fd81b82fc34065a5a757e51ab8ef30d.bin
doc_9ad3c5f7616bc3fb,9ad3c5f7616bc3fbf9f1b46cafb824d37938d04fe8c69b2ee2612e665b6f24a4,sec_edgar_submissions_api,https://data.sec.gov/submissions/CIK0001004655.json,2026-09-25 19:06:19.868807,application/json,181666,C:\Users\chait\Desktop\DPA_Project2\data\raw\9ad3c5f7616bc3fbf9f1b46cafb824d37938d04fe8c69b2ee2612e665b6f24a4.bin
doc_7e0516da7c72988a,7e0516da7c72988a75886cb8f803e210e1e22c5a464f65b145bcde4ac4995a3d,official_fund_sponsor_page,https://investor.vanguard.com/investment-products/etfs/profile/vym,2026-09-25 19:06:24.113570,text/html,263008,C:\Users\chait\Desktop\DPA_Project2\data\raw\7e0516da7c72988a75886cb8f803e210e1e22c5a464f65b145bcde4ac4995a3d.bin
doc_575a3af62fe9db79,575a3af62fe9db790f22ee0c692c58a86e8c981fb23184879e0a6acee6c82c14,sec_edgar_filings,https://www.sec.gov/Archives/edgar/data/1004655/000168386324008346/f39887d1.htm,2026-09-25 19:06:59.363964,text/html,645983,C:\Users\chait\Desktop\DPA_Project2\data\raw\575a3af62fe9db790f22ee0c692c58a86e8c981fb23184879e0a6acee6c82c14.bin
doc_82346b9249c167f9,82346b9249c167f9ab8b2ba2a025c2f8268b1da20f1b42c0d6a3456114c61cf0,sec_edgar_filings,https://www.sec.gov/Archives/edgar/data/1004655/000168386325001457/f40699d1.htm,2026-09-25 19:09:04.955904,text/html,119740,C:\Users\chait\Desktop\DPA_Project2\data\raw\82346b9249c167f9ab8b2ba2a025c2f8268b1da20f1b42c0d6a3456114c61cf0.bin
doc_cea6375d1ff86c4d,cea6375d1ff86c4dffbafc0828263b6cd2833926196d080b53b8f19b6e03062b,sec_edgar_filings,https://www.sec.gov/Archives/edgar/data/1004655/000168386325001456/f40698d1.htm,2026-09-25 19:09:07.456097,text/html,122068,C:\Users\chait\Desktop\DPA_Project2\data\raw\cea6375d1ff86c4dffbafc0828263b6cd2833926196d080b53b8f19b6e03062b.bin
doc_fc08ec1db3de2938,fc08ec1db3de2938c5360be5d1dcb0ed7a01cbf83a0629a48767e1d06ed7ca3f,sec_edgar_filings,https://www.sec.gov/Archives/edgar/data/1004655/000168386325001454/f40696d1.htm,2026-09-25 19:09:59.702237,text/html,102667,C:\Users\chait\Desktop\DPA_Project2\data\raw\fc08ec1db3de2938c5360be5d1dcb0ed7a01cbf83a0629a48767e1d06ed7ca3f.bin
doc_c44168bc10d5a479,c44168bc10d5a479a9f362eb5460846cdbe81ec095f53aff88bc1a91d56a48f8,sec_edgar_filings,https://www.sec.gov/Archives/edgar/data/1004655/000168386325001446/f40873d1.htm,2026-09-25 19:10:44.291541,text/html,84000,C:\Users\chait\Desktop\DPA_Project2\data\raw\c44168bc10d5a479a9f362eb5460846cdbe81ec095f53aff88bc1a91d56a48f8.bin
doc_c76a310c3f46a55f,c76a310c3f46a55f58b5e3c10c25e19d804fd3c2dd0884b010b7b4f168deb73e,sec_edgar_filings,https://www.sec.gov/Archives/edgar/data/1004655/000168386325001445/f40872d1.htm,2026-09-25 19:11:55.331901,text/html,88014,C:\Users\chait\Desktop\DPA_Project2\data\raw\c76a310c3f46a55f58b5e3c10c25e19d804fd3c2dd0884b010b7b4f168deb73e.bin
doc_d98e085a52430bdf,d98e085a52430bdf9f3e4d04f9421b9fb11fdbff2eb1d557bf9d9412bb5b0dfc,sec_edgar_filings,https://www.sec.gov/Archives/edgar/data/1004655/000168386325000563/f40076d0.htm,2026-09-25 19:13:49.288879,text/html,135002,C:\Users\chait\Desktop\DPA_Project2\data\raw\d98e085a52430bdf9f3e4d04f9421b9fb11fdbff2eb1d557bf9d9412bb5b0dfc.bin
doc_b5dad7e1aa634b99,b5dad7e1aa634b9958f888485c3a4cdf610a7d0494eeb23d546f0cadba8161ab,sec_edgar_filings,https://www.sec.gov/Archives/edgar/data/1004655/000168386325004234/f41996d1.htm,2026-09-25 19:14:32.262028,text/html,14115,C:\Users\chait\Desktop\DPA_Project2\data\raw\b5dad7e1aa634b9958f888485c3a4cdf610a7d0494eeb23d546f0cadba8161ab.bin
doc_a781c6207cd51c7b,a781c6207cd51c7b8dee8e503c21d7a2a06047864390ddb60ba78a6dc23bc4c5,sec_edgar_filings,https://www.sec.gov/Archives/edgar/data/1004655/000168386325007420/f42806d1.htm,2026-09-25 19:17:01.537170,text/html,28630,C:\Users\chait\Desktop\DPA_Project2\data\raw\a781c6207cd51c7b8dee8e503c21d7a2a06047864390ddb60ba78a6dc23bc4c5.bin
doc_eff0753a1ade6c75,eff0753a1ade6c758cbbc7ec6b70b82d6673187567a99a243fb3739dd188d78b,sec_edgar_filings,https://www.sec.gov/Archives/edgar/data/1004655/000119312525283315/f43394d1.htm,2026-09-25 19:17:22.397766,text/html,1015300,C:\Users\chait\Desktop\DPA_Project2\data\raw\eff0753a1ade6c758cbbc7ec6b70b82d6673187567a99a243fb3739dd188d78b.bin
doc_5a98ae3e0a5aefe6,5a98ae3e0a5aefe6f4a0a8e75a6578bbe697a8106707837397226e3863dd3315,sec_edgar_filings,https://www.sec.gov/Archives/edgar/data/1004655/000119312525325874/f43676d1.htm,2026-09-25 19:18:05.145483,text/html,6961,C:\Users\chait\Desktop\DPA_Project2\data\raw\5a98ae3e0a5aefe6f4a0a8e75a6578bbe697a8106707837397226e3863dd3315.bin
doc_47bd6acca1df6dac,47bd6acca1df6dac8229d8ec722f30b75ff30dc418ffda1219fb4c1456a1543b,sec_edgar_filings,https://www.sec.gov/Archives/edgar/data/1004655/000119312526026199/f43888d1.htm,2026-09-25 19:18:08.438074,text/html,11008,C:\Users\chait\Desktop\DPA_Project2\data\raw\47bd6acca1df6dac8229d8ec722f30b75ff30dc418ffda1219fb4c1456a1543b.bin
doc_5b5a8b3469f112f5,5b5a8b3469f112f570463c5ce4d5928b789f8aa4add70e4ed9bdfac86f7c546c,sec_edgar_filings,https://www.sec.gov/Archives/edgar/data/1004655/000119312526077558/f44082d1.htm,2026-09-25 19:19:27.296266,text/html,131726,C:\Users\chait\Desktop\DPA_Project2\data\raw\5b5a8b3469f112f570463c5ce4d5928b789f8aa4add70e4ed9bdfac86f7c546c.bin
doc_ad716cfd1d0ae105,ad716cfd1d0ae1050c839740b0d710b669fbaeb9b9e59fa64fc2ba7e75890a8c,sec_edgar_filings,https://www.sec.gov/Archives/edgar/data/1004655/000119312526077542/f44081d1.htm,2026-09-25 19:19:29.796386,text/html,124718,C:\Users\chait\Desktop\DPA_Project2\data\raw\ad716cfd1d0ae1050c839740b0d710b669fbaeb9b9e59fa64fc2ba7e75890a8c.bin
doc_c938ea8b70a396ad,c938ea8b70a396ada01cdfd8b52e5593411bf83b613c73a1e3e2f8a9fbb0f575,sec_edgar_filings,https://www.sec.gov/Archives/edgar/data/1004655/000119312526077532/f44059d1.htm,2026-09-25 19:19:32.296859,text/html,111768,C:\Users\chait\Desktop\DPA_Project2\data\raw\c938ea8b70a396ada01cdfd8b52e5593411bf83b613c73a1e3e2f8a9fbb0f575.bin
doc_6acd1303cbb0bc43,6acd1303cbb0bc43da546a9b5bb133e84f2e46b168f7dcdc40cadcf466aa6a63,sec_edgar_filings,https://www.sec.gov/Archives/edgar/data/1004655/000119312526077528/f44061d1.htm,2026-09-25 19:19:34.797334,text/html,137995,C:\Users\chait\Desktop\DPA_Project2\data\raw\6acd1303cbb0bc43da546a9b5bb133e84f2e46b168f7dcdc40cadcf466aa6a63.bin
doc_44655d0761f78cb9,44655d0761f78cb99cbe27c1b8e1fe9ae470e33682b28d943e5fdace7740128a,sec_edgar_filings,https://www.sec.gov/Archives/edgar/data/1004655/000119312526077527/f44060d1.htm,2026-09-25 19:19:37.297700,text/html,128104,C:\Users\chait\Desktop\DPA_Project2\data\raw\44655d0761f78cb99cbe27c1b8e1fe9ae470e33682b28d943e5fdace7740128a.bin
doc_6242c26ff1712c5d,6242c26ff1712c5d582b3b502cea315c8de982bab7cdf0fb3ba858e7f5a22a11,sec_edgar_filings,https://www.sec.gov/Archives/edgar/data/1004655/000119312526077524/f44058d1.htm,2026-09-25 19:19:39.797905,text/html,103665,C:\Users\chait\Desktop\DPA_Project2\data\raw\6242c26ff1712c5d582b3b502cea315c8de982bab7cdf0fb3ba858e7f5a22a11.bin
doc_bf5f89e99db49e92,bf5f89e99db49e928abfa0df89edb083586fb5e8355c52f479b29d7c15371575,sec_edgar_filings,https://www.sec.gov/Archives/edgar/data/1004655/000119312526077515/f44025d1.htm,2026-09-25 19:19:42.298029,text/html,87687,C:\Users\chait\Desktop\DPA_Project2\data\raw\bf5f89e99db49e928abfa0df89edb083586fb5e8355c52f479b29d7c15371575.bin
doc_9101be34661cecc6,9101be34661cecc6a1a9820e88ee3969da98c1d02eb8feed957cb796ffd52782,sec_edgar_filings,https://www.sec.gov/Archives/edgar/data/1004655/000119312526077514/f44029d1.htm,2026-09-25 19:19:48.304006,text/html,90487,C:\Users\chait\Desktop\DPA_Project2\data\raw\9101be34661cecc6a1a9820e88ee3969da98c1d02eb8feed957cb796ffd52782.bin
doc_2bac772439af83e6,2bac772439af83e63279389e8157f1199990c07327eb361ff928c6b7f67c9063,sec_edgar_filings,https://www.sec.gov/Archives/edgar/data/1004655/000119312526032818/f43785d1.htm,2026-09-25 19:20:33.724906,text/html,109748,C:\Users\chait\Desktop\DPA_Project2\data\raw\2bac772439af83e63279389e8157f1199990c07327eb361ff928c6b7f67c9063.bin
doc_a52c6f48e73123fa,a52c6f48e73123fac1ae0d0387ee818cf9aaa64e358e93e39d6db6e6ec354064,sec_edgar_filings,https://www.sec.gov/Archives/edgar/data/1004655/000100465526000212/f45557d1.htm,2026-09-25 19:21:01.917655,text/html,66809,C:\Users\chait\Desktop\DPA_Project2\data\raw\a52c6f48e73123fac1ae0d0387ee818cf9aaa64e358e93e39d6db6e6ec354064.bin
doc_83de70f52858ed4f,83de70f52858ed4fe2b0230ca4e1729a95155c5f710523a58892910594d1b869,sec_edgar_filings,https://www.sec.gov/Archives/edgar/data/1004655/000100465526000310/f45737d1.htm,2026-09-25 19:21:58.600722,text/html,49573,C:\Users\chait\Desktop\DPA_Project2\data\raw\83de70f52858ed4fe2b0230ca4e1729a95155c5f710523a58892910594d1b869.bin
doc_bf74418e6f8060c2,bf74418e6f8060c208aec9c109ef895b4c44d9e5afe2512ab6ad97a73b3aa9c8,sec_edgar_submissions_api,https://data.sec.gov/submissions/CIK0000734383.json,2026-09-25 19:22:48.004532,application/json,184632,C:\Users\chait\Desktop\DPA_Project2\data\raw\bf74418e6f8060c208aec9c109ef895b4c44d9e5afe2512ab6ad97a73b3aa9c8.bin
doc_27467171d38c273f,27467171d38c273f00cedb0650b038aac3a3a651e3ef08ec8cbc3cdb3721bacf,official_fund_sponsor_page,https://investor.vanguard.com/investment-products/etfs/profile/vnq,2026-09-25 19:22:53.633192,text/html,266502,C:\Users\chait\Desktop\DPA_Project2\data\raw\27467171d38c273f00cedb0650b038aac3a3a651e3ef08ec8cbc3cdb3721bacf.bin
doc_8170e8425f2fe8c1,8170e8425f2fe8c1648e17cefc476af670cedd1cf022320dcf8ffd9fc64c3068,sec_edgar_filings,https://www.sec.gov/Archives/edgar/data/734383/000168386325001509/f40933d1.htm,2026-09-25 19:23:48.936319,text/html,1488995,C:\Users\chait\Desktop\DPA_Project2\data\raw\8170e8425f2fe8c1648e17cefc476af670cedd1cf022320dcf8ffd9fc64c3068.bin
doc_1a6633272c38fbda,1a6633272c38fbda18745137801fac81bcbbecc04d64eef9c80adbebfaea9bfa,sec_edgar_filings,https://www.sec.gov/Archives/edgar/data/734383/000168386325000562/f40493d0.htm,2026-09-25 19:25:21.985931,text/html,51492,C:\Users\chait\Desktop\DPA_Project2\data\raw\1a6633272c38fbda18745137801fac81bcbbecc04d64eef9c80adbebfaea9bfa.bin
doc_972ceba253e718ed,972ceba253e718ed77aaca74266ecd2579d6f92b4babd7b3fc01a00cce0c8c20,sec_edgar_filings,https://www.sec.gov/Archives/edgar/data/734383/000168386325004233/f41992d1.htm,2026-09-25 19:25:56.858722,text/html,14615,C:\Users\chait\Desktop\DPA_Project2\data\raw\972ceba253e718ed77aaca74266ecd2579d6f92b4babd7b3fc01a00cce0c8c20.bin
doc_0344174cbf68f685,0344174cbf68f6857f572110b44a025976003943f940ec2c895f920d38a64264,sec_edgar_filings,https://www.sec.gov/Archives/edgar/data/734383/000168386325004875/f42158d1.htm,2026-09-25 19:26:06.054291,text/html,105076,C:\Users\chait\Desktop\DPA_Project2\data\raw\0344174cbf68f6857f572110b44a025976003943f940ec2c895f920d38a64264.bin
doc_b9b01b253285e30b,b9b01b253285e30b78d28a1ceedc428f47c15cee571a602d26aa142e54670f2b,sec_edgar_filings,https://www.sec.gov/Archives/edgar/data/734383/000168386325004869/f42157d1.htm,2026-09-25 19:26:08.554956,text/html,114994,C:\Users\chait\Desktop\DPA_Project2\data\raw\b9b01b253285e30b78d28a1ceedc428f47c15cee571a602d26aa142e54670f2b.bin
doc_d8a9c2eaddf8e6a8,d8a9c2eaddf8e6a8091a3e56fdbd2c263f28c780e17e0b33cbcffee975ad48cc,sec_edgar_filings,https://www.sec.gov/Archives/edgar/data/734383/000168386325004861/f42123d1.htm,2026-09-25 19:26:11.055366,text/html,85550,C:\Users\chait\Desktop\DPA_Project2\data\raw\d8a9c2eaddf8e6a8091a3e56fdbd2c263f28c780e17e0b33cbcffee975ad48cc.bin
doc_3b8e455015f7dfa3,3b8e455015f7dfa30639fb52dadc13dea737ac2b5daa8ccef8bb5e224d59053c,sec_edgar_filings,https://www.sec.gov/Archives/edgar/data/734383/000119312526079501/f44203d1.htm,2026-09-25 19:31:01.349482,text/html,10472,C:\Users\chait\Desktop\DPA_Project2\data\raw\3b8e455015f7dfa30639fb52dadc13dea737ac2b5daa8ccef8bb5e224d59053c.bin
doc_139067521c521002,139067521c5210023570fb1b0d7c2b1f9591dccee6f1a29fef665297754f95df,sec_edgar_filings,https://www.sec.gov/Archives/edgar/data/734383/000119312526032832/f43920d1.htm,2026-09-25 19:31:22.866613,text/html,23070,C:\Users\chait\Desktop\DPA_Project2\data\raw\139067521c5210023570fb1b0d7c2b1f9591dccee6f1a29fef665297754f95df.bin
doc_038b93a49cbe820f,038b93a49cbe820fea36b2795dec85185c505b4456712c8d657ea607dafb5e3a,sec_edgar_filings,https://www.sec.gov/Archives/edgar/data/734383/000119312526243185/f45380d1.htm,2026-09-25 19:31:41.988477,text/html,5441,C:\Users\chait\Desktop\DPA_Project2\data\raw\038b93a49cbe820fea36b2795dec85185c505b4456712c8d657ea607dafb5e3a.bin
doc_b7a02b58af7dae79,b7a02b58af7dae794835fcef543bde3c53adb8ae2446f8be8a6db87ff5a7f5a6,sec_edgar_filings,https://www.sec.gov/Archives/edgar/data/734383/000073438326000133/f45293d1.htm,2026-09-25 19:31:57.228778,text/html,111211,C:\Users\chait\Desktop\DPA_Project2\data\raw\b7a02b58af7dae794835fcef543bde3c53adb8ae2446f8be8a6db87ff5a7f5a6.bin
doc_61656153ba08f9bc,61656153ba08f9bcc8c216a03ccd2f39192ad62bf575a8694e1e20a22ad007f0,sec_edgar_filings,https://www.sec.gov/Archives/edgar/data/734383/000073438326000132/f45298d1.htm,2026-09-25 19:32:12.288929,text/html,89517,C:\Users\chait\Desktop\DPA_Project2\data\raw\61656153ba08f9bcc8c216a03ccd2f39192ad62bf575a8694e1e20a22ad007f0.bin
doc_51a6ab8360402ed6,51a6ab8360402ed67439f0cbec07bda8a9349b38b6c1380861dcfcbfe307ea5d,sec_edgar_filings,https://www.sec.gov/Archives/edgar/data/734383/000073438326000130/f45292d1.htm,2026-09-25 19:32:14.789158,text/html,123692,C:\Users\chait\Desktop\DPA_Project2\data\raw\51a6ab8360402ed67439f0cbec07bda8a9349b38b6c1380861dcfcbfe307ea5d.bin
doc_3263046305a1f605,3263046305a1f605105475325dfe4a455d0dbe59ff5c34d82e35680fe82a8b82,sec_edgar_filings,https://www.sec.gov/Archives/edgar/data/734383/000073438326000099/f45200d1.htm,2026-09-25 19:32:20.620648,text/html,8232,C:\Users\chait\Desktop\DPA_Project2\data\raw\3263046305a1f605105475325dfe4a455d0dbe59ff5c34d82e35680fe82a8b82.bin
doc_cb71ed8736c23085,cb71ed8736c23085f9ab55b3d49bc08a64d232f62c3400f43bf5c1f3e06fb3f8,sec_edgar_filings,https://www.sec.gov/Archives/edgar/data/734383/000073438326000158/f45561d1.htm,2026-09-25 19:33:02.521385,text/html,12180,C:\Users\chait\Desktop\DPA_Project2\data\raw\cb71ed8736c23085f9ab55b3d49bc08a64d232f62c3400f43bf5c1f3e06fb3f8.bin
doc_7e5912073ed3123d,7e5912073ed3123dacc4c3b679251d2ffebcb74a32352e726294593a3f399bdb,sec_edgar_filings,https://www.sec.gov/Archives/edgar/data/734383/000073438326000217/f45735d1.htm,2026-09-25 19:33:19.104710,text/html,37761,C:\Users\chait\Desktop\DPA_Project2\data\raw\7e5912073ed3123dacc4c3b679251d2ffebcb74a32352e726294593a3f399bdb.bin
doc_bbfbd93f4de56433,bbfbd93f4de56433d75d5a10cb114f628d53e702ca42918b7373c37290bad20f,official_fund_sponsor_page,https://investor.vanguard.com/investment-products/etfs/profile/vb,2026-09-25 19:33:49.242552,text/html,262076,C:\Users\chait\Desktop\DPA_Project2\data\raw\bbfbd93f4de56433d75d5a10cb114f628d53e702ca42918b7373c37290bad20f.bin
doc_60c86bb5f1d5fa56,60c86bb5f1d5fa56b02e5b96db2c158dfe38bd1332abf6ace31ab8462e46eb99,sec_edgar_filings,https://www.sec.gov/Archives/edgar/data/36405/000168386325004688/f42062d1.htm,2026-09-25 19:35:12.675280,text/html,6608,C:\Users\chait\Desktop\DPA_Project2\data\raw\60c86bb5f1d5fa56b02e5b96db2c158dfe38bd1332abf6ace31ab8462e46eb99.bin
doc_fd57829cb7cd4dc3,fd57829cb7cd4dc34b44d5aa681693875ff5a62ca57b7635cda8e51e7770210c,official_fund_sponsor_page,https://investor.vanguard.com/investment-products/etfs/profile/vo,2026-09-25 19:37:00.325765,text/html,262374,C:\Users\chait\Desktop\DPA_Project2\data\raw\fd57829cb7cd4dc34b44d5aa681693875ff5a62ca57b7635cda8e51e7770210c.bin
doc_25dea52b42257981,25dea52b4225798128748eb855c872f96c49c46effb9b5fe0d6c9c9318f1b5df,sec_edgar_submissions_api,https://data.sec.gov/submissions/CIK0000923202.json,2026-09-25 19:38:52.243854,application/json,182268,C:\Users\chait\Desktop\DPA_Project2\data\raw\25dea52b4225798128748eb855c872f96c49c46effb9b5fe0d6c9c9318f1b5df.bin
doc_c42cf03ef219b584,c42cf03ef219b584bf4468f17c62e43e870a8132431cd0a8a62982a5027cde32,official_fund_sponsor_page,https://investor.vanguard.com/investment-products/etfs/profile/vea,2026-09-25 19:38:56.349076,text/html,263752,C:\Users\chait\Desktop\DPA_Project2\data\raw\c42cf03ef219b584bf4468f17c62e43e870a8132431cd0a8a62982a5027cde32.bin
doc_c82fcea45c8ac870,c82fcea45c8ac870faea071f93d8e8706fe1cf93e976e9b1b29bbd2faaa365c8,sec_edgar_filings,https://www.sec.gov/Archives/edgar/data/923202/000168386325000558/f40453d0.htm,2026-09-25 19:41:30.770660,text/html,86855,C:\Users\chait\Desktop\DPA_Project2\data\raw\c82fcea45c8ac870faea071f93d8e8706fe1cf93e976e9b1b29bbd2faaa365c8.bin
doc_7a6722094d3e0887,7a6722094d3e0887671da1c6a10b2c9faa0ff0defaf8d1f52791fc981599f572,sec_edgar_filings,https://www.sec.gov/Archives/edgar/data/923202/000168386325004231/f41991d1.htm,2026-09-25 19:41:34.639364,text/html,14805,C:\Users\chait\Desktop\DPA_Project2\data\raw\7a6722094d3e0887671da1c6a10b2c9faa0ff0defaf8d1f52791fc981599f572.bin
doc_056b1b37f06f0a02,056b1b37f06f0a02c90dbc6394ed4d1fbd0b216d14b65265d7b9276e7bd5377e,sec_edgar_filings,https://www.sec.gov/Archives/edgar/data/923202/000168386325004184/f41935d1.htm,2026-09-25 19:41:37.140037,text/html,1488995,C:\Users\chait\Desktop\DPA_Project2\data\raw\056b1b37f06f0a02c90dbc6394ed4d1fbd0b216d14b65265d7b9276e7bd5377e.bin
doc_a43b3b794648fdf4,a43b3b794648fdf416f16cd330870360853afd19bd04ca8a06d8637af6592ff6,sec_edgar_submissions_api,https://data.sec.gov/submissions/CIK0000857489.json,2026-09-25 19:49:57.453973,application/json,185717,C:\Users\chait\Desktop\DPA_Project2\data\raw\a43b3b794648fdf416f16cd330870360853afd19bd04ca8a06d8637af6592ff6.bin
doc_0b4cfbe95b2e2376,0b4cfbe95b2e23766e8b38327a335b38f79db60314a8237c542d32cf30696c6d,official_fund_sponsor_page,https://investor.vanguard.com/investment-products/etfs/profile/vwo,2026-09-25 19:50:05.124489,text/html,266832,C:\Users\chait\Desktop\DPA_Project2\data\raw\0b4cfbe95b2e23766e8b38327a335b38f79db60314a8237c542d32cf30696c6d.bin
doc_9abb2f6a968d427b,9abb2f6a968d427b68412414243de01d16983c70d5c57e7f9b4a0af18eefd778,sec_edgar_filings,https://www.sec.gov/Archives/edgar/data/857489/000168386324006092/f39706d0.htm,2026-09-25 19:50:10.387243,text/html,24228,C:\Users\chait\Desktop\DPA_Project2\data\raw\9abb2f6a968d427b68412414243de01d16983c70d5c57e7f9b4a0af18eefd778.bin
doc_85eb66713f8df65d,85eb66713f8df65d6c7ea405e20d23f4d4628ecb2f60fa2c5a4992f5af0f389e,sec_edgar_filings,https://www.sec.gov/Archives/edgar/data/857489/000168386325000572/f40460d0.htm,2026-09-25 19:51:58.313660,text/html,395642,C:\Users\chait\Desktop\DPA_Project2\data\raw\85eb66713f8df65d6c7ea405e20d23f4d4628ecb2f60fa2c5a4992f5af0f389e.bin
doc_caaaa39c76dd5bbd,caaaa39c76dd5bbda1600270552bd40c653d81be6e03088f36d2a2c9349ac55b,sec_edgar_filings,https://www.sec.gov/Archives/edgar/data/857489/000168386325004624/f42001d1.htm,2026-09-25 19:52:36.624338,text/html,120139,C:\Users\chait\Desktop\DPA_Project2\data\raw\caaaa39c76dd5bbda1600270552bd40c653d81be6e03088f36d2a2c9349ac55b.bin
doc_c7971e2298baddd3,c7971e2298baddd3d800efe49ee855b329fa1635096d6d5e1e388d253a69476e,sec_edgar_filings,https://www.sec.gov/Archives/edgar/data/857489/000119312526032824/f43901d1.htm,2026-09-25 19:55:22.317415,text/html,92540,C:\Users\chait\Desktop\DPA_Project2\data\raw\c7971e2298baddd3d800efe49ee855b329fa1635096d6d5e1e388d253a69476e.bin
doc_0ba1b18281a33cc3,0ba1b18281a33cc36df08814174bc7def08d2056d785f10d2d704409c9bc58e6,official_fund_sponsor_page,https://investor.vanguard.com/investment-products/etfs/profile/vt,2026-09-25 19:57:10.617954,text/html,266460,C:\Users\chait\Desktop\DPA_Project2\data\raw\0ba1b18281a33cc36df08814174bc7def08d2056d785f10d2d704409c9bc58e6.bin
doc_8e62c3aa45fd8693,8e62c3aa45fd8693428e1f2ed7640c59a7a325c8c04633f33c5a62b69a104787,sec_edgar_filings,https://www.sec.gov/Archives/edgar/data/857489/000085748926000104/f44753d1.htm,2026-09-25 19:58:46.301963,text/html,1253852,C:\Users\chait\Desktop\DPA_Project2\data\raw\8e62c3aa45fd8693428e1f2ed7640c59a7a325c8c04633f33c5a62b69a104787.bin
doc_a1884e73a62968e0,a1884e73a62968e0a720650d885f1928a10f98d5d07af930d73c506c19f8dc31,official_fund_sponsor_page,https://investor.vanguard.com/investment-products/etfs/profile/vig,2026-09-25 19:59:47.771470,text/html,260113,C:\Users\chait\Desktop\DPA_Project2\data\raw\a1884e73a62968e0a720650d885f1928a10f98d5d07af930d73c506c19f8dc31.bin
doc_e7b3a981296f0bdd,e7b3a981296f0bddf29d978184495256b85e1150bb9689b3fc32f380abd5a14d,sec_edgar_submissions_api,https://data.sec.gov/submissions/CIK0000225997.json,2026-09-25 20:14:23.776841,application/json,180106,C:\Users\chait\Desktop\DPA_Project2\data\raw\e7b3a981296f0bddf29d978184495256b85e1150bb9689b3fc32f380abd5a14d.bin
doc_3a3a4c0ea6cacb80,3a3a4c0ea6cacb80511e421aa928df47c58bdc785e5e25b3956f5dd76203c653,official_fund_sponsor_page,https://investor.vanguard.com/investment-products/etfs/profile/vteb,2026-09-25 20:14:27.732259,text/html,273838,C:\Users\chait\Desktop\DPA_Project2\data\raw\3a3a4c0ea6cacb80511e421aa928df47c58bdc785e5e25b3956f5dd76203c653.bin
doc_682066462ceb40c6,682066462ceb40c691452730dd1de6dc0bc4b60540fb3714d7f4ce1b44479380,sec_edgar_filings,https://www.sec.gov/Archives/edgar/data/225997/000168386324006089/f39705d0.htm,2026-09-25 20:14:59.744755,text/html,19741,C:\Users\chait\Desktop\DPA_Project2\data\raw\682066462ceb40c691452730dd1de6dc0bc4b60540fb3714d7f4ce1b44479380.bin
doc_07c230d98a20cebc,07c230d98a20cebca64ee6615500438544f3c50e6760bcc9d685b4930ff25f09,sec_edgar_filings,https://www.sec.gov/Archives/edgar/data/225997/000168386325001296/f40907d1.htm,2026-09-25 20:15:49.372078,text/html,7364,C:\Users\chait\Desktop\DPA_Project2\data\raw\07c230d98a20cebca64ee6615500438544f3c50e6760bcc9d685b4930ff25f09.bin
doc_aa5f6da325b20a78,aa5f6da325b20a78000d21f5b418af39b55e1f68b3e89d442f33f2afb6ea769c,sec_edgar_filings,https://www.sec.gov/Archives/edgar/data/225997/000168386325000559/f40490d0.htm,2026-09-25 20:16:07.941308,text/html,75639,C:\Users\chait\Desktop\DPA_Project2\data\raw\aa5f6da325b20a78000d21f5b418af39b55e1f68b3e89d442f33f2afb6ea769c.bin
doc_b5e641f32eda23d0,b5e641f32eda23d04ca6907103b0ff959f66bcb1b17e060e596eb9ec3f4c3767,sec_edgar_filings,https://www.sec.gov/Archives/edgar/data/225997/000168386325002405/f41203d1.htm,2026-09-25 20:16:23.205690,text/html,38155,C:\Users\chait\Desktop\DPA_Project2\data\raw\b5e641f32eda23d04ca6907103b0ff959f66bcb1b17e060e596eb9ec3f4c3767.bin
doc_c9aff1aee3de2cd6,c9aff1aee3de2cd69405a82d19e514abcf9dfe8fd1bb3b5d07afab9bfaf58d67,sec_edgar_filings,https://www.sec.gov/Archives/edgar/data/225997/000022599726000271/f45892d1.htm,2026-09-25 20:21:51.184064,text/html,78884,C:\Users\chait\Desktop\DPA_Project2\data\raw\c9aff1aee3de2cd69405a82d19e514abcf9dfe8fd1bb3b5d07afab9bfaf58d67.bin
doc_80f127a4ee7ae71a,80f127a4ee7ae71a30d57fe745097f1efc01ebd600d78949f9a1b03bb39fc22d,official_fund_sponsor_page,https://investor.vanguard.com/investment-products/etfs/profile/bsv,2026-09-25 20:22:09.558724,text/html,269998,C:\Users\chait\Desktop\DPA_Project2\data\raw\80f127a4ee7ae71a30d57fe745097f1efc01ebd600d78949f9a1b03bb39fc22d.bin
doc_f2ab75ce95042147,f2ab75ce9504214720e3aff3b9c92ec0f2f409cd4c9aedf643f3db0d3c7754f7,official_fund_sponsor_page,https://investor.vanguard.com/investment-products/etfs/profile/biv,2026-09-25 20:29:12.484154,text/html,269899,C:\Users\chait\Desktop\DPA_Project2\data\raw\f2ab75ce9504214720e3aff3b9c92ec0f2f409cd4c9aedf643f3db0d3c7754f7.bin
doc_a0145febaef6a26b,a0145febaef6a26b0fa24dc5d91339c60d3a54ef0890d32f345a70e33c4ae975,official_fund_sponsor_page,https://investor.vanguard.com/investment-products/etfs/profile/blv,2026-09-25 20:32:45.987188,text/html,269909,C:\Users\chait\Desktop\DPA_Project2\data\raw\a0145febaef6a26b0fa24dc5d91339c60d3a54ef0890d32f345a70e33c4ae975.bin
doc_6cedb718fb3e87e8,6cedb718fb3e87e8e540832eb51bd1675f4b109ddda55d10aca90444f6d0728f,official_fund_sponsor_page,https://investor.vanguard.com/investment-products/mutual-funds/profile/vfiax,2026-09-25 20:34:42.419422,text/html,254713,C:\Users\chait\Desktop\DPA_Project2\data\raw\6cedb718fb3e87e8e540832eb51bd1675f4b109ddda55d10aca90444f6d0728f.bin
doc_9d0257f22c3fb913,9d0257f22c3fb913ccfa1ab6e9cff0016af1f1f30ff5fdfca12e3bd744641a19,official_fund_sponsor_page,https://investor.vanguard.com/investment-products/mutual-funds/profile/vfiax,2026-09-26 11:22:04.499626,text/html,252576,C:\Users\chait\Desktop\DPA_Project2\data\raw\9d0257f22c3fb913ccfa1ab6e9cff0016af1f1f30ff5fdfca12e3bd744641a19.bin
doc_6da5fbfa9d0ced20,6da5fbfa9d0ced200034bfc4189ecb3bf88b3e3177ae282c69f4826b407e6279,sec_edgar_filings,https://www.sec.gov/Archives/edgar/data/36405/000168386324006090/f39702d0.htm,2026-09-26 11:22:11.087789,text/html,22549,C:\Users\chait\Desktop\DPA_Project2\data\raw\6da5fbfa9d0ced200034bfc4189ecb3bf88b3e3177ae282c69f4826b407e6279.bin
doc_4d5b8c6bf8704f9d,4d5b8c6bf8704f9df5993be8ec305df888c67c09ac789a2416b927ad034730f7,sec_edgar_filings,https://www.sec.gov/Archives/edgar/data/36405/000168386324006004/f39685d1.htm,2026-09-26 11:22:13.590257,text/html,18136,C:\Users\chait\Desktop\DPA_Project2\data\raw\4d5b8c6bf8704f9df5993be8ec305df888c67c09ac789a2416b927ad034730f7.bin
doc_5cd2193b4b8c8e39,5cd2193b4b8c8e39accef7a62b0e67c8cab74bc0bc3feacc9307c85357336259,sec_edgar_filings,https://www.sec.gov/Archives/edgar/data/36405/000168386325001366/f40901d1.htm,2026-09-26 11:22:18.464956,text/html,258517,C:\Users\chait\Desktop\DPA_Project2\data\raw\5cd2193b4b8c8e39accef7a62b0e67c8cab74bc0bc3feacc9307c85357336259.bin
doc_73a8e2553b04e5b4,73a8e2553b04e5b4ebccf9c142e55f0dbc86ec92790ff186e2bf2895cdfc6260,sec_edgar_filings,https://www.sec.gov/Archives/edgar/data/36405/000168386325000986/f40794d1.htm,2026-09-26 11:22:21.012262,text/html,18174,C:\Users\chait\Desktop\DPA_Project2\data\raw\73a8e2553b04e5b4ebccf9c142e55f0dbc86ec92790ff186e2bf2895cdfc6260.bin
doc_fc567ff795a8f691,fc567ff795a8f691f5bc79653a357f39c50fdbc9df9e155d20dc30e89db13050,sec_edgar_filings,https://www.sec.gov/Archives/edgar/data/36405/000168386325000822/f40650d1.htm,2026-09-26 11:22:23.512654,text/html,481633,C:\Users\chait\Desktop\DPA_Project2\data\raw\fc567ff795a8f691f5bc79653a357f39c50fdbc9df9e155d20dc30e89db13050.bin
doc_f53923993adf5405,f53923993adf5405dd4f014f378f17369e6b21aa3db18b118758216e8a92d45d,sec_edgar_filings,https://www.sec.gov/Archives/edgar/data/36405/000168386325000571/f40517d0.htm,2026-09-26 11:22:26.015513,text/html,51629,C:\Users\chait\Desktop\DPA_Project2\data\raw\f53923993adf5405dd4f014f378f17369e6b21aa3db18b118758216e8a92d45d.bin
doc_3a507290b48c7c46,3a507290b48c7c46b1a743e90369cafe1ad0ae24729c016e88e7dbfead56d662,sec_edgar_filings,https://www.sec.gov/Archives/edgar/data/36405/000168386325004878/f42106d1.htm,2026-09-26 11:22:33.674220,text/html,1493831,C:\Users\chait\Desktop\DPA_Project2\data\raw\3a507290b48c7c46b1a743e90369cafe1ad0ae24729c016e88e7dbfead56d662.bin
doc_ac8cda0edd949529,ac8cda0edd949529a38976cc2dc652b2b407009da7de2d5ea478c9587a0e417b,sec_edgar_filings,https://www.sec.gov/Archives/edgar/data/36405/000168386325004688/f42062d1.htm,2026-09-26 11:22:36.392498,text/html,6600,C:\Users\chait\Desktop\DPA_Project2\data\raw\ac8cda0edd949529a38976cc2dc652b2b407009da7de2d5ea478c9587a0e417b.bin
doc_8304682f7da8a1be,8304682f7da8a1be2ed2537f07f40851295e4fcc23c037f468612884a8f395dd,sec_edgar_filings,https://www.sec.gov/Archives/edgar/data/36405/000168386325005211/f42299d1.htm,2026-09-26 11:22:40.189749,text/html,117893,C:\Users\chait\Desktop\DPA_Project2\data\raw\8304682f7da8a1be2ed2537f07f40851295e4fcc23c037f468612884a8f395dd.bin
doc_e69232994a2aca31,e69232994a2aca31c59ccd4ecb0000d5602bd4a84e9afe21deb03c11d18a56f7,sec_edgar_filings,https://www.sec.gov/Archives/edgar/data/36405/000168386325005558/f42371d1.htm,2026-09-26 11:22:42.902867,text/html,23902,C:\Users\chait\Desktop\DPA_Project2\data\raw\e69232994a2aca31c59ccd4ecb0000d5602bd4a84e9afe21deb03c11d18a56f7.bin
doc_46024696d6187cce,46024696d6187cce8b13370dda8350ef46500ec0331f6d20c1b71dfb6a261f32,sec_edgar_filings,https://www.sec.gov/Archives/edgar/data/36405/000168386325007112/f42753d1.htm,2026-09-26 11:22:46.150959,text/html,5542,C:\Users\chait\Desktop\DPA_Project2\data\raw\46024696d6187cce8b13370dda8350ef46500ec0331f6d20c1b71dfb6a261f32.bin
doc_64869d9f00457d61,64869d9f00457d6146fac801f501621090ea714e5d6c96f0b01241b8452aba3e,sec_edgar_filings,https://www.sec.gov/Archives/edgar/data/36405/000119312525224194/f43052d1.htm,2026-09-26 11:22:49.806655,text/html,25632,C:\Users\chait\Desktop\DPA_Project2\data\raw\64869d9f00457d6146fac801f501621090ea714e5d6c96f0b01241b8452aba3e.bin
doc_5f1f4237c7cb653d,5f1f4237c7cb653d9b309168acbf447d5970232cb0dc6596f7d3698f579f0b44,sec_edgar_filings,https://www.sec.gov/Archives/edgar/data/36405/000119312525244346/f43105d1.htm,2026-09-26 11:22:52.939361,text/html,6432,C:\Users\chait\Desktop\DPA_Project2\data\raw\5f1f4237c7cb653d9b309168acbf447d5970232cb0dc6596f7d3698f579f0b44.bin
doc_b874410402d976a1,b874410402d976a1b6169125749acb7c0b83f9845b5d7425cb46f7ece86eaa57,sec_edgar_filings,https://www.sec.gov/Archives/edgar/data/36405/000119312526012319/f43764d1.htm,2026-09-26 11:22:58.860584,text/html,5125444,C:\Users\chait\Desktop\DPA_Project2\data\raw\b874410402d976a1b6169125749acb7c0b83f9845b5d7425cb46f7ece86eaa57.bin
doc_2be3be4eb184cee2,2be3be4eb184cee2e8e2ecf4b729fd1c8b398d6c0a44f66a03d20149159bc3f8,sec_edgar_filings,https://www.sec.gov/Archives/edgar/data/36405/000119312526009903/f43758d1.htm,2026-09-26 11:23:01.360967,text/html,70100,C:\Users\chait\Desktop\DPA_Project2\data\raw\2be3be4eb184cee2e8e2ecf4b729fd1c8b398d6c0a44f66a03d20149159bc3f8.bin
doc_b2dcf6295e3c7e1b,b2dcf6295e3c7e1b8fdd45dd1244c2e62e122726f44d2c952a069174bf0fbcc3,sec_edgar_filings,https://www.sec.gov/Archives/edgar/data/36405/000119312526009900/f43755d1.htm,2026-09-26 11:23:03.861421,text/html,31166,C:\Users\chait\Desktop\DPA_Project2\data\raw\b2dcf6295e3c7e1b8fdd45dd1244c2e62e122726f44d2c952a069174bf0fbcc3.bin
doc_fa8cf35c2cdf12d7,fa8cf35c2cdf12d7e6e15e4f113ca8455c5bc09ef2a610dca3792261c535ffef,sec_edgar_filings,https://www.sec.gov/Archives/edgar/data/36405/000119312526009897/f43759d1.htm,2026-09-26 11:23:06.361735,text/html,78704,C:\Users\chait\Desktop\DPA_Project2\data\raw\fa8cf35c2cdf12d7e6e15e4f113ca8455c5bc09ef2a610dca3792261c535ffef.bin
doc_7ad1cbf5314cd88f,7ad1cbf5314cd88fa17719e31ea68d0fed6e697930c383abd57306b27aa9babd,sec_edgar_filings,https://www.sec.gov/Archives/edgar/data/36405/000119312526045639/f44014d1.htm,2026-09-26 11:23:09.933779,text/html,49412,C:\Users\chait\Desktop\DPA_Project2\data\raw\7ad1cbf5314cd88fa17719e31ea68d0fed6e697930c383abd57306b27aa9babd.bin
doc_1d6f906f5d3d4eff,1d6f906f5d3d4eff116dcd9e82f12811ff246f6336ff509dc4d9c96534fea562,sec_edgar_filings,https://www.sec.gov/Archives/edgar/data/36405/000119312526032833/f43896d1.htm,2026-09-26 11:23:12.434297,text/html,353857,C:\Users\chait\Desktop\DPA_Project2\data\raw\1d6f906f5d3d4eff116dcd9e82f12811ff246f6336ff509dc4d9c96534fea562.bin
doc_5fa77712affc15a5,5fa77712affc15a5b0bf5de959cc642c17ffd66916d13e74bbcd752528ae05e1,sec_edgar_filings,https://www.sec.gov/Archives/edgar/data/36405/000089119026000154/f45282d1.htm,2026-09-26 11:23:17.200345,text/html,9884,C:\Users\chait\Desktop\DPA_Project2\data\raw\5fa77712affc15a5b0bf5de959cc642c17ffd66916d13e74bbcd752528ae05e1.bin
doc_33787b4a19c19b0e,33787b4a19c19b0e1a171ac011df56444c5763f242a5e99a3001219fb3fa46ca,sec_edgar_filings,https://www.sec.gov/Archives/edgar/data/36405/000089119026000239/f45593d1.htm,2026-09-26 11:23:19.700502,text/html,14003,C:\Users\chait\Desktop\DPA_Project2\data\raw\33787b4a19c19b0e1a171ac011df56444c5763f242a5e99a3001219fb3fa46ca.bin
doc_4866e1f90197e027,4866e1f90197e0275941dca93e8924265d5b2741fae03ec35a20124f6be96c70,sec_edgar_filings,https://www.sec.gov/Archives/edgar/data/36405/000005284826000478/f45539d1.htm,2026-09-26 11:23:22.200835,text/html,33966,C:\Users\chait\Desktop\DPA_Project2\data\raw\4866e1f90197e0275941dca93e8924265d5b2741fae03ec35a20124f6be96c70.bin
doc_f6d8bbf268eb8f18,f6d8bbf268eb8f1882e44e8da0e29e2a13a7058cc81f34d6cc6d8052a6345446,sec_edgar_filings,https://www.sec.gov/Archives/edgar/data/36405/000003640526000386/f45788d1.htm,2026-09-26 11:23:24.992410,text/html,95854,C:\Users\chait\Desktop\DPA_Project2\data\raw\f6d8bbf268eb8f1882e44e8da0e29e2a13a7058cc81f34d6cc6d8052a6345446.bin
doc_a57efe241f07454b,a57efe241f07454bed5c0714b6908b45511ed5180e862ab4be74008856f78f18,sec_edgar_filings,https://www.sec.gov/Archives/edgar/data/36405/000119312526392561/f46182d1.htm,2026-09-26 11:23:29.426408,text/html,187795,C:\Users\chait\Desktop\DPA_Project2\data\raw\a57efe241f07454bed5c0714b6908b45511ed5180e862ab4be74008856f78f18.bin
doc_32edbf2ef6a0bcdd,32edbf2ef6a0bcddf9492aa70d803a9bec07f5ac619f0f08652932482b6b4a94,official_fund_sponsor_page,https://investor.vanguard.com/investment-products/mutual-funds/profile/vtsax,2026-09-26 11:23:40.634530,text/html,253125,C:\Users\chait\Desktop\DPA_Project2\data\raw\32edbf2ef6a0bcddf9492aa70d803a9bec07f5ac619f0f08652932482b6b4a94.bin
doc_668fd44dc0e2015c,668fd44dc0e2015c7eb634f4fd187e96540f658bfa960e2236b46ceeb5f9ffb0,official_fund_sponsor_page,https://investor.vanguard.com/investment-products/mutual-funds/profile/vbtlx,2026-09-26 11:25:14.322770,text/html,260370,C:\Users\chait\Desktop\DPA_Project2\data\raw\668fd44dc0e2015c7eb634f4fd187e96540f658bfa960e2236b46ceeb5f9ffb0.bin
doc_b28cafe4ce7be84c,b28cafe4ce7be84cfe37c4fffdf368c4b55e784fc04ab2f7d6e7b6a26e461ff0,sec_edgar_filings,https://www.sec.gov/Archives/edgar/data/794105/000168386325000142/f40425d1.htm,2026-09-26 11:25:25.618708,text/html,37744,C:\Users\chait\Desktop\DPA_Project2\data\raw\b28cafe4ce7be84cfe37c4fffdf368c4b55e784fc04ab2f7d6e7b6a26e461ff0.bin
doc_fcbada4e104ee950,fcbada4e104ee9506c986f0daf37e26322ec26342f9ef5c49163920879bcf159,sec_edgar_filings,https://www.sec.gov/Archives/edgar/data/794105/000168386325000573/f40515d0.htm,2026-09-26 11:25:33.209431,text/html,307999,C:\Users\chait\Desktop\DPA_Project2\data\raw\fcbada4e104ee9506c986f0daf37e26322ec26342f9ef5c49163920879bcf159.bin
doc_9e82cfe50c33fd8a,9e82cfe50c33fd8a80d1e1bb1ec1ff76519cc440bc1d94ab980d8b809f9f7bfa,sec_edgar_filings,https://www.sec.gov/Archives/edgar/data/794105/000119312526032819/f43887d1.htm,2026-09-26 11:26:11.369553,text/html,85174,C:\Users\chait\Desktop\DPA_Project2\data\raw\9e82cfe50c33fd8a80d1e1bb1ec1ff76519cc440bc1d94ab980d8b809f9f7bfa.bin
doc_9aa5cdbce6c4dd5c,9aa5cdbce6c4dd5ceaacb90eeaf5eb792b95ccbe957608900ac499c6c8c6f7d3,sec_edgar_filings,https://www.sec.gov/Archives/edgar/data/794105/000079410526000099/f44750d1.htm,2026-09-26 11:26:15.621936,text/html,40714,C:\Users\chait\Desktop\DPA_Project2\data\raw\9aa5cdbce6c4dd5ceaacb90eeaf5eb792b95ccbe957608900ac499c6c8c6f7d3.bin
doc_a5d277c94ddac336,a5d277c94ddac336174bad1f26be09826f49a12a2159cf207815e96b31069cf9,sec_edgar_filings,https://www.sec.gov/Archives/edgar/data/794105/000079410526000130/f45263d1.htm,2026-09-26 11:26:20.848443,text/html,7653,C:\Users\chait\Desktop\DPA_Project2\data\raw\a5d277c94ddac336174bad1f26be09826f49a12a2159cf207815e96b31069cf9.bin
doc_1b99addd732104ed,1b99addd732104edf37d5621fad149c43d16731e3a3332ddda24a4bbcb6d457e,sec_edgar_filings,https://www.sec.gov/Archives/edgar/data/794105/000102188226000648/f45888d1.htm,2026-09-26 11:26:28.176962,text/html,19061,C:\Users\chait\Desktop\DPA_Project2\data\raw\1b99addd732104edf37d5621fad149c43d16731e3a3332ddda24a4bbcb6d457e.bin
doc_a78e2d3fd0a3c6f3,a78e2d3fd0a3c6f360ba45169728fdfca04c47e6bbf25c61681e2666d61da38a,sec_edgar_submissions_api,https://data.sec.gov/submissions/CIK0000736054.json,2026-09-26 11:26:37.631606,application/json,179539,C:\Users\chait\Desktop\DPA_Project2\data\raw\a78e2d3fd0a3c6f360ba45169728fdfca04c47e6bbf25c61681e2666d61da38a.bin
doc_93d3a9b314e3b327,93d3a9b314e3b327554715674b20cd1e2088ae77f397d45d2095652cbae62b64,official_fund_sponsor_page,https://investor.vanguard.com/investment-products/mutual-funds/profile/vtiax,2026-09-26 11:26:41.990998,text/html,256962,C:\Users\chait\Desktop\DPA_Project2\data\raw\93d3a9b314e3b327554715674b20cd1e2088ae77f397d45d2095652cbae62b64.bin
doc_04b602071bd25768,04b602071bd25768980276f73b7d0dcd1af8414b0ad3e32c12cb51d61be98c16,sec_edgar_filings,https://www.sec.gov/Archives/edgar/data/736054/000168386325001501/f40723d1.htm,2026-09-26 11:26:55.063645,text/html,96630,C:\Users\chait\Desktop\DPA_Project2\data\raw\04b602071bd25768980276f73b7d0dcd1af8414b0ad3e32c12cb51d61be98c16.bin
doc_53bbcc8520a23a55,53bbcc8520a23a55bdb11edeefa5d935f3ed0bfce52dcef65799368569c3975e,sec_edgar_filings,https://www.sec.gov/Archives/edgar/data/736054/000168386325001500/f40726d1.htm,2026-09-26 11:26:57.563820,text/html,106715,C:\Users\chait\Desktop\DPA_Project2\data\raw\53bbcc8520a23a55bdb11edeefa5d935f3ed0bfce52dcef65799368569c3975e.bin
doc_66ef88e577d5b2b6,66ef88e577d5b2b67735c14f3f6d5ce6d056f82983d365869ad39daebead0d76,sec_edgar_filings,https://www.sec.gov/Archives/edgar/data/736054/000168386325001498/f40721d1.htm,2026-09-26 11:27:00.064018,text/html,106498,C:\Users\chait\Desktop\DPA_Project2\data\raw\66ef88e577d5b2b67735c14f3f6d5ce6d056f82983d365869ad39daebead0d76.bin
doc_2fed787e61c6f142,2fed787e61c6f1423d0e49c1baf0cd93dee84edcc92b294e0f9df583901b962c,sec_edgar_filings,https://www.sec.gov/Archives/edgar/data/736054/000168386325001497/f40725d1.htm,2026-09-26 11:27:02.564451,text/html,100962,C:\Users\chait\Desktop\DPA_Project2\data\raw\2fed787e61c6f1423d0e49c1baf0cd93dee84edcc92b294e0f9df583901b962c.bin
doc_ca122c1280191969,ca122c12801919691f88cb85b3e2027d450a01a60bdb7e72b0c6b537dcc371fb,sec_edgar_filings,https://www.sec.gov/Archives/edgar/data/736054/000168386325000985/f40727d1.htm,2026-09-26 11:27:07.565244,text/html,8662,C:\Users\chait\Desktop\DPA_Project2\data\raw\ca122c12801919691f88cb85b3e2027d450a01a60bdb7e72b0c6b537dcc371fb.bin
doc_1291bc79e99a4b87,1291bc79e99a4b87737e08c97310064bf6a365a893b66b29fb5f41cc5d9e6e64,sec_edgar_filings,https://www.sec.gov/Archives/edgar/data/736054/000168386325000569/f40516d0.htm,2026-09-26 11:27:12.565508,text/html,88415,C:\Users\chait\Desktop\DPA_Project2\data\raw\1291bc79e99a4b87737e08c97310064bf6a365a893b66b29fb5f41cc5d9e6e64.bin
doc_f786bd2735905019,f786bd273590501934dc21e7cb680fb723deb03786ff4f8635dfc35d22afae94,sec_edgar_filings,https://www.sec.gov/Archives/edgar/data/736054/000119312526079503/f44202d1.htm,2026-09-26 11:27:42.405490,text/html,26256,C:\Users\chait\Desktop\DPA_Project2\data\raw\f786bd273590501934dc21e7cb680fb723deb03786ff4f8635dfc35d22afae94.bin
doc_d1744c2ed9b149cf,d1744c2ed9b149cf5ef89826f5dcea42a2c66e2b7c6cd9dbc077bb4f1949f3a5,sec_edgar_filings,https://www.sec.gov/Archives/edgar/data/736054/000119312526077512/f44042d1.htm,2026-09-26 11:27:44.905925,text/html,121311,C:\Users\chait\Desktop\DPA_Project2\data\raw\d1744c2ed9b149cf5ef89826f5dcea42a2c66e2b7c6cd9dbc077bb4f1949f3a5.bin
doc_df621bbe157f3be1,df621bbe157f3be1c6637b81d896767ef7970b4834485e3f965f66a89424eb41,sec_edgar_filings,https://www.sec.gov/Archives/edgar/data/736054/000119312526077507/f44043d1.htm,2026-09-26 11:27:47.406213,text/html,115382,C:\Users\chait\Desktop\DPA_Project2\data\raw\df621bbe157f3be1c6637b81d896767ef7970b4834485e3f965f66a89424eb41.bin
doc_b980e6653efd2ecd,b980e6653efd2ecd3da8a508126018044de062eb752245786b62cea4aba4cab3,sec_edgar_filings,https://www.sec.gov/Archives/edgar/data/736054/000119312526077506/f44041d1.htm,2026-09-26 11:27:49.906467,text/html,125481,C:\Users\chait\Desktop\DPA_Project2\data\raw\b980e6653efd2ecd3da8a508126018044de062eb752245786b62cea4aba4cab3.bin
doc_940b0f704072d8c4,940b0f704072d8c4e8bd01007d8b258ddb56adb94469bc6574494c8083cd05e4,sec_edgar_filings,https://www.sec.gov/Archives/edgar/data/736054/000119312526077505/f44044d1.htm,2026-09-26 11:27:52.406718,text/html,125116,C:\Users\chait\Desktop\DPA_Project2\data\raw\940b0f704072d8c4e8bd01007d8b258ddb56adb94469bc6574494c8083cd05e4.bin
doc_2fae8489e4016271,2fae8489e40162719a2c24cca149388682420b79d8f0147ac4a3df0ed0ca8f0d,sec_edgar_filings,https://www.sec.gov/Archives/edgar/data/736054/000119312526032823/f43899d1.htm,2026-09-26 11:27:57.407245,text/html,82039,C:\Users\chait\Desktop\DPA_Project2\data\raw\2fae8489e40162719a2c24cca149388682420b79d8f0147ac4a3df0ed0ca8f0d.bin
doc_a8efbf07f4cd3d08,a8efbf07f4cd3d08d1388d736d021c72932216b1919500ad39a2e37756ef5f05,sec_edgar_filings,https://www.sec.gov/Archives/edgar/data/736054/000073605426000102/f45201d1.htm,2026-09-26 11:28:04.870057,text/html,22310,C:\Users\chait\Desktop\DPA_Project2\data\raw\a8efbf07f4cd3d08d1388d736d021c72932216b1919500ad39a2e37756ef5f05.bin
doc_026a1e307476ee48,026a1e307476ee485dfcc947de62d3b44c78370a15da611fb525bac44c21c066,sec_edgar_submissions_api,https://data.sec.gov/submissions/CIK0000106444.json,2026-09-26 11:28:19.422311,application/json,182443,C:\Users\chait\Desktop\DPA_Project2\data\raw\026a1e307476ee485dfcc947de62d3b44c78370a15da611fb525bac44c21c066.bin
doc_0c50e9868f27095e,0c50e9868f27095e1a71dbeea723e96126e342517afe7dfce62c74536ad45441,official_fund_sponsor_page,https://investor.vanguard.com/investment-products/mutual-funds/profile/vweax,2026-09-26 11:28:23.613957,text/html,261127,C:\Users\chait\Desktop\DPA_Project2\data\raw\0c50e9868f27095e1a71dbeea723e96126e342517afe7dfce62c74536ad45441.bin
doc_ba72165244ec7ec4,ba72165244ec7ec44e2e148d4310767c35573ff07aac8da253ee5dbed516b302,sec_edgar_filings,https://www.sec.gov/Archives/edgar/data/106444/000168386325000141/f40442d1.htm,2026-09-26 11:28:33.711569,text/html,36031,C:\Users\chait\Desktop\DPA_Project2\data\raw\ba72165244ec7ec44e2e148d4310767c35573ff07aac8da253ee5dbed516b302.bin
doc_9813247e66a5f265,9813247e66a5f265ad78b99cf1f1470d64edadebca4b9d4477bd77cc164f68b1,sec_edgar_filings,https://www.sec.gov/Archives/edgar/data/106444/000168386325000567/f40519d0.htm,2026-09-26 11:28:43.717479,text/html,137803,C:\Users\chait\Desktop\DPA_Project2\data\raw\9813247e66a5f265ad78b99cf1f1470d64edadebca4b9d4477bd77cc164f68b1.bin
doc_04d27c615cfdc2d7,04d27c615cfdc2d7e9b312f4631b37911cc7b81cb3befd2f2123b66934edb401,sec_edgar_filings,https://www.sec.gov/Archives/edgar/data/106444/000168386325004877/f42131d1.htm,2026-09-26 11:28:49.256806,text/html,117049,C:\Users\chait\Desktop\DPA_Project2\data\raw\04d27c615cfdc2d7e9b312f4631b37911cc7b81cb3befd2f2123b66934edb401.bin
doc_43f383ec1c97d638,43f383ec1c97d6385a5a3237a7598c2b1c51ec28e9f88a022dafe60ac22541bf,sec_edgar_filings,https://www.sec.gov/Archives/edgar/data/106444/000168386325005674/f42476d0.htm,2026-09-26 11:28:54.599822,text/html,14569,C:\Users\chait\Desktop\DPA_Project2\data\raw\43f383ec1c97d6385a5a3237a7598c2b1c51ec28e9f88a022dafe60ac22541bf.bin
doc_fc340485410bc232,fc340485410bc232a5893aef083ed2e9d2cdb3a2573c3cb6695054b0b57b17b6,sec_edgar_filings,https://www.sec.gov/Archives/edgar/data/106444/000010644426000167/f44745d1.htm,2026-09-26 11:29:26.358512,text/html,72457,C:\Users\chait\Desktop\DPA_Project2\data\raw\fc340485410bc232a5893aef083ed2e9d2cdb3a2573c3cb6695054b0b57b17b6.bin
doc_a9c9fd964ee070e2,a9c9fd964ee070e2399368ea0eb95003f56c7cb0821af523c80906fd64729508,sec_edgar_filings,https://www.sec.gov/Archives/edgar/data/106444/000119312526243185/f45380d1.htm,2026-09-26 11:29:29.222887,text/html,5433,C:\Users\chait\Desktop\DPA_Project2\data\raw\a9c9fd964ee070e2399368ea0eb95003f56c7cb0821af523c80906fd64729508.bin
doc_89a83ea2034f9bce,89a83ea2034f9bce736d38cffb5ad600a0a77527b00bf5e93af4f20c442343b5,sec_edgar_filings,https://www.sec.gov/Archives/edgar/data/106444/000010644426000221/f45313d1.htm,2026-09-26 11:29:31.723164,text/html,134122,C:\Users\chait\Desktop\DPA_Project2\data\raw\89a83ea2034f9bce736d38cffb5ad600a0a77527b00bf5e93af4f20c442343b5.bin
doc_6d9d12d83f6a9998,6d9d12d83f6a999829612b0a1319f823448166745116b881fa3868367bae8aad,sec_edgar_filings,https://www.sec.gov/Archives/edgar/data/106444/000010644426000169/f45264d1.htm,2026-09-26 11:29:36.724263,text/html,29608,C:\Users\chait\Desktop\DPA_Project2\data\raw\6d9d12d83f6a999829612b0a1319f823448166745116b881fa3868367bae8aad.bin
doc_ef07a2116429abe8,ef07a2116429abe8b8706d4e617527ce4f9190d9383cd78fd26723990b34b843,sec_edgar_filings,https://www.sec.gov/Archives/edgar/data/106444/000010644426000357/f45628d1.htm,2026-09-26 11:29:39.381861,text/html,34819,C:\Users\chait\Desktop\DPA_Project2\data\raw\ef07a2116429abe8b8706d4e617527ce4f9190d9383cd78fd26723990b34b843.bin
doc_c05cfb9d96a26e27,c05cfb9d96a26e279f95bc5fb663e9c588e204085759049d1810fbecb7798bff,sec_edgar_filings,https://www.sec.gov/Archives/edgar/data/106444/000010644426000259/f45560d1.htm,2026-09-26 11:29:44.398134,text/html,15117,C:\Users\chait\Desktop\DPA_Project2\data\raw\c05cfb9d96a26e279f95bc5fb663e9c588e204085759049d1810fbecb7798bff.bin
doc_6f0cccab7be8275b,6f0cccab7be8275bf09816c9d9cbfd8ab6123dbdbcfa469736e632c8068167b7,sec_edgar_filings,https://www.sec.gov/Archives/edgar/data/106444/000010644426000231/f45398d1.htm,2026-09-26 11:29:49.399301,text/html,8244,C:\Users\chait\Desktop\DPA_Project2\data\raw\6f0cccab7be8275bf09816c9d9cbfd8ab6123dbdbcfa469736e632c8068167b7.bin
doc_a7e5afa333da00d9,a7e5afa333da00d9e81693745db16e44792fd5bb76b24a88e41a88ba2cd4357c,sec_edgar_filings,https://www.sec.gov/Archives/edgar/data/106444/000010644426000397/f45985d1.htm,2026-09-26 11:29:59.102715,text/html,6887,C:\Users\chait\Desktop\DPA_Project2\data\raw\a7e5afa333da00d9e81693745db16e44792fd5bb76b24a88e41a88ba2cd4357c.bin
doc_b8d979352f6c6ddf,b8d979352f6c6ddfc59b2ea26efe63670f12b435f2325f45d73505aa88b82090,official_fund_sponsor_page,https://www.vanguard.ca/en/investor/products/products-group/etfs/VCN,2026-09-26 11:54:13.778793,text/html,359640,C:\Users\chait\Desktop\DPA_Project2\data\raw\b8d979352f6c6ddfc59b2ea26efe63670f12b435f2325f45d73505aa88b82090.bin
doc_08b110674e05bc75,08b110674e05bc750b268c6cd04027b10c0a7b72c24e06d7650e63f2d7854a83,official_fund_sponsor_page,https://www.vanguard.ca/en/investor/products/products-group/etfs/VAB,2026-09-26 11:54:31.402740,text/html,397409,C:\Users\chait\Desktop\DPA_Project2\data\raw\08b110674e05bc750b268c6cd04027b10c0a7b72c24e06d7650e63f2d7854a83.bin
doc_d46d68966a26de0d,d46d68966a26de0ddcbe595ba7ea4080c132d06c284b41f0fed6a49f28e6e66d,official_fund_sponsor_page,https://www.vanguard.ca/en/investor/products/products-group/etfs/VDY,2026-09-26 11:54:49.063995,text/html,360249,C:\Users\chait\Desktop\DPA_Project2\data\raw\d46d68966a26de0ddcbe595ba7ea4080c132d06c284b41f0fed6a49f28e6e66d.bin
doc_0ed78636a2289134,0ed78636a22891341c20816ed597de4855676b7dba0f3fc922e82db688157552,official_fund_sponsor_page,https://www.vanguard.ca/en/investor/products/products-group/etfs/VFV,2026-09-26 11:55:06.657288,text/html,359779,C:\Users\chait\Desktop\DPA_Project2\data\raw\0ed78636a22891341c20816ed597de4855676b7dba0f3fc922e82db688157552.bin
doc_1ef9845482dfa446,1ef9845482dfa4464413b8219e48db71481d7cd95e99d228b227f7ae5f2caea5,official_fund_sponsor_page,https://www.vanguard.ca/en/investor/products/products-group/etfs/VSB,2026-09-26 11:55:24.271569,text/html,396917,C:\Users\chait\Desktop\DPA_Project2\data\raw\1ef9845482dfa4464413b8219e48db71481d7cd95e99d228b227f7ae5f2caea5.bin
doc_6755c472ca9847d7,6755c472ca9847d729af8c75fec4b34d3ae9dc348f88ffb329eb0477f80296ab,official_fund_sponsor_page,https://www.vanguard.ca/en/investor/products/products-group/etfs/VBAL,2026-09-26 11:55:42.070555,text/html,388369,C:\Users\chait\Desktop\DPA_Project2\data\raw\6755c472ca9847d729af8c75fec4b34d3ae9dc348f88ffb329eb0477f80296ab.bin
doc_c7118ac945a68739,c7118ac945a6873909455f230a6dd972e472af9519583bea630198f35d7dde44,official_fund_sponsor_page,https://www.vanguard.ca/en/investor/products/products-group/etfs/VGRO,2026-09-26 11:56:01.806748,text/html,388174,C:\Users\chait\Desktop\DPA_Project2\data\raw\c7118ac945a6873909455f230a6dd972e472af9519583bea630198f35d7dde44.bin
doc_082ebce2350314b3,082ebce2350314b3794b73427d48fa14ba26e240de46dd746d45774dcd1da8ad,official_fund_sponsor_page,https://www.rbcgam.com/en/ca/products/etfs/RCD/detail,2026-09-26 12:02:34.942823,text/html,3458382,C:\Users\chait\Desktop\DPA_Project2\data\raw\082ebce2350314b3794b73427d48fa14ba26e240de46dd746d45774dcd1da8ad.bin
doc_b2ea90479f867ed9,b2ea90479f867ed9b3a6f32206047d3f279a3947ea639c459827528cde019026,official_fund_sponsor_page,https://www.rbcgam.com/en/ca/products/etfs/RUSB/detail,2026-09-26 12:04:11.784133,text/html,2882782,C:\Users\chait\Desktop\DPA_Project2\data\raw\b2ea90479f867ed9b3a6f32206047d3f279a3947ea639c459827528cde019026.bin
doc_b6a730581942bb23,b6a730581942bb23e89c2766f97e36e1d58a94b049e275d200faddb17944133c,official_fund_sponsor_page,https://www.rbcgam.com/en/ca/products/mutual-funds/RBF556/detail,2026-09-26 13:07:23.324719,text/html,1337953,C:\Users\chait\Desktop\DPA_Project2\data\raw\b6a730581942bb23e89c2766f97e36e1d58a94b049e275d200faddb17944133c.bin
doc_46795d93c7024f77,46795d93c7024f77e6c064872d4e48fe88c96226d10d0fcf8f33a968a22c13eb,official_fund_sponsor_page,https://www.rbcgam.com/en/ca/products/mutual-funds/RBF266/detail,2026-09-26 13:08:37.727226,text/html,1022423,C:\Users\chait\Desktop\DPA_Project2\data\raw\46795d93c7024f77e6c064872d4e48fe88c96226d10d0fcf8f33a968a22c13eb.bin
doc_82d5022f239beec4,82d5022f239beec46aec62203ce486fd1ff82dd694041c1c737ee3f55d3d713e,official_fund_sponsor_page,https://www.td.com/ca/en/asset-management/funds/solutions/etfs/FundCard/TD%20Canadian%20Equity%20Index%20ETF/?fundId=6831,2026-09-26 13:09:52.017104,text/html,203656,C:\Users\chait\Desktop\DPA_Project2\data\raw\82d5022f239beec46aec62203ce486fd1ff82dd694041c1c737ee3f55d3d713e.bin
doc_cfb1c7bbf34eced2,cfb1c7bbf34eced2d59fa87a59e624561e47caaa68836930edfb34cd1f9edd0f,official_fund_sponsor_page,https://www.td.com/ca/en/asset-management/funds/solutions/mutual-funds/FundCard/TD%20Canadian%20Index%20Fund%20-%20e/?fundId=3261,2026-09-26 13:10:19.492118,text/html,201271,C:\Users\chait\Desktop\DPA_Project2\data\raw\cfb1c7bbf34eced2d59fa87a59e624561e47caaa68836930edfb34cd1f9edd0f.bin
doc_3206e8eef860f065,3206e8eef860f065c904a53bdbf1f44f82a9d5c7a4c9b845006c0e1d1bcb0b4d,official_fund_sponsor_page,https://www.td.com/ca/en/asset-management/funds/solutions/mutual-funds/FundCard/TD%20U.S.%20Index%20Fund%20-%20e/?fundId=3270,2026-09-26 13:10:34.213675,text/html,202712,C:\Users\chait\Desktop\DPA_Project2\data\raw\3206e8eef860f065c904a53bdbf1f44f82a9d5c7a4c9b845006c0e1d1bcb0b4d.bin
doc_f7d42b3f4ad1d5fd,f7d42b3f4ad1d5fdc7e46df60bfccf7e85b1586582e3bbdf4f74aa6e0bd0d734,official_fund_sponsor_page,https://www.td.com/ca/en/asset-management/funds/solutions/mutual-funds/FundCard/TD%20Canadian%20Bond%20Index%20Fund%20-%20e/?fundId=4817,2026-09-26 13:10:48.920793,text/html,199069,C:\Users\chait\Desktop\DPA_Project2\data\raw\f7d42b3f4ad1d5fdc7e46df60bfccf7e85b1586582e3bbdf4f74aa6e0bd0d734.bin
doc_3c64d43795269a2d,3c64d43795269a2d718b68f2b88b1f78f4548ff09ba20eb93a08243c587015b6,official_fund_sponsor_page,https://funds.cifinancial.com/en/funds/etfs/CIInvestmentGradeBondETF.html,2026-09-26 13:11:55.110122,text/html,147085,C:\Users\chait\Desktop\DPA_Project2\data\raw\3c64d43795269a2d718b68f2b88b1f78f4548ff09ba20eb93a08243c587015b6.bin
doc_bb6aec42416c270a,bb6aec42416c270a7fb00e6ea1740fc7c718e3847f412ae57f09dc867c5e1fc0,sec_edgar_submissions_api,https://data.sec.gov/submissions/CIK0001100663.json,2026-09-26 13:16:35.992977,application/json,451173,C:\Users\chait\Desktop\DPA_Project2\data\raw\bb6aec42416c270a7fb00e6ea1740fc7c718e3847f412ae57f09dc867c5e1fc0.bin
doc_ad220ef41a624867,ad220ef41a624867cdf87d37d40a407f1f177df021b340bd29797de6991a987d,sec_edgar_submissions_api,https://data.sec.gov/submissions/CIK0001100663-submissions-002.json,2026-09-26 13:16:38.493187,application/json,352247,C:\Users\chait\Desktop\DPA_Project2\data\raw\ad220ef41a624867cdf87d37d40a407f1f177df021b340bd29797de6991a987d.bin
doc_73cd78c59440c22b,73cd78c59440c22b4db721a87e2892f80d4c4f45a394ece6826d7125bf1fd801,sec_edgar_filings,https://www.sec.gov/Archives/edgar/data/1100663/000119312524245748/d843984d497.htm,2026-09-26 13:16:47.136130,text/html,1759188,C:\Users\chait\Desktop\DPA_Project2\data\raw\73cd78c59440c22b4db721a87e2892f80d4c4f45a394ece6826d7125bf1fd801.bin
doc_1f5a90ec402fe09b,1f5a90ec402fe09bb4b06e8f3a31c4621f53c31a38502ae46b196363a104a8b5,sec_edgar_filings,https://www.sec.gov/Archives/edgar/data/1100663/000119312524242848/d866922d497.htm,2026-09-26 13:16:49.636437,text/html,17956,C:\Users\chait\Desktop\DPA_Project2\data\raw\1f5a90ec402fe09bb4b06e8f3a31c4621f53c31a38502ae46b196363a104a8b5.bin
doc_ea0d28b5f47a0154,ea0d28b5f47a015457e4aded5c16e673c9ce9f5c9c8fd071c3541ec3d4ebd2fe,sec_edgar_filings,https://www.sec.gov/Archives/edgar/data/1100663/000119312524239640/d895738d497.htm,2026-09-26 13:16:52.137090,text/html,2904,C:\Users\chait\Desktop\DPA_Project2\data\raw\ea0d28b5f47a015457e4aded5c16e673c9ce9f5c9c8fd071c3541ec3d4ebd2fe.bin
doc_58691ce5e5a1ebc3,58691ce5e5a1ebc3bedc51cc98d5cf7c67e6fd7e6d6a4bf1ddc14aec0332f2a0,sec_edgar_filings,https://www.sec.gov/Archives/edgar/data/1100663/000119312524238913/d894453d497.htm,2026-09-26 13:16:54.637686,text/html,6459,C:\Users\chait\Desktop\DPA_Project2\data\raw\58691ce5e5a1ebc3bedc51cc98d5cf7c67e6fd7e6d6a4bf1ddc14aec0332f2a0.bin
doc_5a971737e3d25608,5a971737e3d25608d6874bb6ff5ede8c0e0f392b86a86297d45b641472fc86cf,sec_edgar_filings,https://www.sec.gov/Archives/edgar/data/1100663/000119312524238908/d894041d497.htm,2026-09-26 13:16:58.670844,text/html,6458,C:\Users\chait\Desktop\DPA_Project2\data\raw\5a971737e3d25608d6874bb6ff5ede8c0e0f392b86a86297d45b641472fc86cf.bin
doc_e8f91d733b89b073,e8f91d733b89b0732f87820bb0ceb5ef936e75cb702bb1a26cd77603b9d2006e,sec_edgar_filings,https://www.sec.gov/Archives/edgar/data/1100663/000119312524238902/d890449d497.htm,2026-09-26 13:17:01.171267,text/html,6485,C:\Users\chait\Desktop\DPA_Project2\data\raw\e8f91d733b89b0732f87820bb0ceb5ef936e75cb702bb1a26cd77603b9d2006e.bin
doc_3b8598f26180a246,3b8598f26180a24673c2565d9bc505ec40d04445a8a0dbf3b84ca346ef55d512,sec_edgar_filings,https://www.sec.gov/Archives/edgar/data/1100663/000119312524238835/d860426d497.htm,2026-09-26 13:17:03.671465,text/html,6604,C:\Users\chait\Desktop\DPA_Project2\data\raw\3b8598f26180a24673c2565d9bc505ec40d04445a8a0dbf3b84ca346ef55d512.bin
doc_578972467512d796,578972467512d796af102d2558b629a84edab1a26e1e8a20c02f308698da48e0,sec_edgar_filings,https://www.sec.gov/Archives/edgar/data/1100663/000119312524236754/d131931d497.htm,2026-09-26 13:17:06.172354,text/html,5530702,C:\Users\chait\Desktop\DPA_Project2\data\raw\578972467512d796af102d2558b629a84edab1a26e1e8a20c02f308698da48e0.bin
doc_deb9d0231aa987b3,deb9d0231aa987b37c95f7f01e5eeaaf234f61414fd81712237ca3d26070801d,sec_edgar_filings,https://www.sec.gov/Archives/edgar/data/1100663/000119312524233837/d788518d497.htm,2026-09-26 13:17:10.468567,text/html,6331,C:\Users\chait\Desktop\DPA_Project2\data\raw\deb9d0231aa987b37c95f7f01e5eeaaf234f61414fd81712237ca3d26070801d.bin
doc_8d28d6076b70d64c,8d28d6076b70d64c34e1b22e274410cda81084450db5baaebcca312b985f86d5,sec_edgar_filings,https://www.sec.gov/Archives/edgar/data/1100663/000119312524229262/d814275d497.htm,2026-09-26 13:17:12.968990,text/html,2747670,C:\Users\chait\Desktop\DPA_Project2\data\raw\8d28d6076b70d64c34e1b22e274410cda81084450db5baaebcca312b985f86d5.bin
doc_994014a2e0c0c803,994014a2e0c0c803bb01c525eeb5f5d10730c70dfd1dea3243be587b097bbe34,sec_edgar_filings,https://www.sec.gov/Archives/edgar/data/1100663/000119312524267301/d875052d497.htm,2026-09-26 13:17:19.026107,text/html,12424272,C:\Users\chait\Desktop\DPA_Project2\data\raw\994014a2e0c0c803bb01c525eeb5f5d10730c70dfd1dea3243be587b097bbe34.bin
doc_cda2e2e9ec0d7871,cda2e2e9ec0d7871884db0a66c3f2253f75e092f5810545551f3359c99e7a94a,sec_edgar_filings,https://www.sec.gov/Archives/edgar/data/1100663/000119312524261914/d911527d497.htm,2026-09-26 13:17:24.598101,text/html,3293,C:\Users\chait\Desktop\DPA_Project2\data\raw\cda2e2e9ec0d7871884db0a66c3f2253f75e092f5810545551f3359c99e7a94a.bin
doc_2c5f89057381013b,2c5f89057381013b3ca8bb9e1d1f3c4d684651933a3aeec48a8f89cb33b45cfe,sec_edgar_filings,https://www.sec.gov/Archives/edgar/data/1100663/000119312524287196/d848374d497.htm,2026-09-26 13:17:27.098555,text/html,87794,C:\Users\chait\Desktop\DPA_Project2\data\raw\2c5f89057381013b3ca8bb9e1d1f3c4d684651933a3aeec48a8f89cb33b45cfe.bin
doc_c84055937d160d9c,c84055937d160d9cce60f79b7ab9735d86377ff76c5e315b0fa05a342e0bfb64,sec_edgar_filings,https://www.sec.gov/Archives/edgar/data/1100663/000119312524287179/d842136d497.htm,2026-09-26 13:17:29.599380,text/html,982828,C:\Users\chait\Desktop\DPA_Project2\data\raw\c84055937d160d9cce60f79b7ab9735d86377ff76c5e315b0fa05a342e0bfb64.bin
doc_9925703ee2adb913,9925703ee2adb913becaafb685335ea082fadad4bacf8975e90abf5a4bcbb54a,sec_edgar_filings,https://www.sec.gov/Archives/edgar/data/1100663/000119312524286941/d916258d497.htm,2026-09-26 13:17:32.099601,text/html,75463,C:\Users\chait\Desktop\DPA_Project2\data\raw\9925703ee2adb913becaafb685335ea082fadad4bacf8975e90abf5a4bcbb54a.bin
doc_58672fb3187fd7cd,58672fb3187fd7cd6a35cab35a21e65a2910a998d9784c569b2474972c9b723d,sec_edgar_filings,https://www.sec.gov/Archives/edgar/data/1100663/000119312524286938/d915949d497.htm,2026-09-26 13:17:34.611762,text/html,70957,C:\Users\chait\Desktop\DPA_Project2\data\raw\58672fb3187fd7cd6a35cab35a21e65a2910a998d9784c569b2474972c9b723d.bin
doc_0e1b3775a196226c,0e1b3775a196226c6b5ed01264e821a75e16949946f26cbad676252063283e77,sec_edgar_filings,https://www.sec.gov/Archives/edgar/data/1100663/000119312524283370/d901579d497.htm,2026-09-26 13:17:37.112177,text/html,3890590,C:\Users\chait\Desktop\DPA_Project2\data\raw\0e1b3775a196226c6b5ed01264e821a75e16949946f26cbad676252063283e77.bin
doc_d0ef04e6c4c83dd9,d0ef04e6c4c83dd9668a89307f67f2404251b555e865099b25ba5ea662a4d3d7,sec_edgar_filings,https://www.sec.gov/Archives/edgar/data/1100663/000119312524283367/d869601d497.htm,2026-09-26 13:17:39.899443,text/html,966641,C:\Users\chait\Desktop\DPA_Project2\data\raw\d0ef04e6c4c83dd9668a89307f67f2404251b555e865099b25ba5ea662a4d3d7.bin
doc_318477ac4529a7b0,318477ac4529a7b02621ccb18838b87e5e38ffffcb2b29f0f8d7b2f468cbef26,sec_edgar_filings,https://www.sec.gov/Archives/edgar/data/1100663/000119312524282143/d901522d497.htm,2026-09-26 13:17:42.399760,text/html,4204,C:\Users\chait\Desktop\DPA_Project2\data\raw\318477ac4529a7b02621ccb18838b87e5e38ffffcb2b29f0f8d7b2f468cbef26.bin
doc_ca66868c7cba898d,ca66868c7cba898da6922427eb27d81a405894a6eebfbb3474ff130df5cf999c,sec_edgar_filings,https://www.sec.gov/Archives/edgar/data/1100663/000119312524282139/d901516d497.htm,2026-09-26 13:17:44.900007,text/html,43506,C:\Users\chait\Desktop\DPA_Project2\data\raw\ca66868c7cba898da6922427eb27d81a405894a6eebfbb3474ff130df5cf999c.bin
doc_800d5cf486e2fb95,800d5cf486e2fb95e45173b99dd4120efe0e90ad9a51b0fdcdd479bf8e32183a,sec_edgar_filings,https://www.sec.gov/Archives/edgar/data/1100663/000119312524281940/d826977d497.htm,2026-09-26 13:17:47.400474,text/html,4177,C:\Users\chait\Desktop\DPA_Project2\data\raw\800d5cf486e2fb95e45173b99dd4120efe0e90ad9a51b0fdcdd479bf8e32183a.bin
doc_0ee77de6ba3db7ad,0ee77de6ba3db7adbc70affe8919d2663fdec24e83bcbd247571ae1518849360,sec_edgar_filings,https://www.sec.gov/Archives/edgar/data/1100663/000119312524271487/d904601d497.htm,2026-09-26 13:17:49.900758,text/html,5326629,C:\Users\chait\Desktop\DPA_Project2\data\raw\0ee77de6ba3db7adbc70affe8919d2663fdec24e83bcbd247571ae1518849360.bin
doc_f18fb9460288f770,f18fb9460288f770219675492a623770ad545701783d5a971c3fb6db8e3effa0,sec_edgar_filings,https://www.sec.gov/Archives/edgar/data/1100663/000119312524271371/d876550d497.htm,2026-09-26 13:17:52.401505,text/html,3033,C:\Users\chait\Desktop\DPA_Project2\data\raw\f18fb9460288f770219675492a623770ad545701783d5a971c3fb6db8e3effa0.bin
doc_4b0840de53146277,4b0840de53146277b9c65f543745bdc767e1b1fe714103072c3a78695ac3aa0e,sec_edgar_submissions_api,https://data.sec.gov/submissions/CIK0001100663-submissions-001.json,2026-09-26 13:17:55.201398,application/json,355131,C:\Users\chait\Desktop\DPA_Project2\data\raw\4b0840de53146277b9c65f543745bdc767e1b1fe714103072c3a78695ac3aa0e.bin
doc_f3664cc090ef0083,f3664cc090ef0083395e6c1d676e0ec279501c929ef184749cbafa72846fd637,sec_edgar_filings,https://www.sec.gov/Archives/edgar/data/1100663/000119312525011478/d925726d497.htm,2026-09-26 13:17:59.009673,text/html,14157,C:\Users\chait\Desktop\DPA_Project2\data\raw\f3664cc090ef0083395e6c1d676e0ec279501c929ef184749cbafa72846fd637.bin
doc_1ff29213a01028ad,1ff29213a01028ad45429b0b9d6b52dcaa727548883a2c547733afa0ba2750ff,sec_edgar_filings,https://www.sec.gov/Archives/edgar/data/1100663/000119312525008535/d136256d497.htm,2026-09-26 13:18:01.510238,text/html,85464,C:\Users\chait\Desktop\DPA_Project2\data\raw\1ff29213a01028ad45429b0b9d6b52dcaa727548883a2c547733afa0ba2750ff.bin
doc_3028657a53eda3bf,3028657a53eda3bf72c5a54a0004b6a982e4cd55ed9bebf07cdc07014eca799c,sec_edgar_filings,https://www.sec.gov/Archives/edgar/data/1100663/000119312525007202/d921290d497.htm,2026-09-26 13:18:04.736026,text/html,2123098,C:\Users\chait\Desktop\DPA_Project2\data\raw\3028657a53eda3bf72c5a54a0004b6a982e4cd55ed9bebf07cdc07014eca799c.bin
doc_f774954618d57419,f774954618d5741901ac4565eeb2a7a11825afca65900f54e59493db7e251d4c,sec_edgar_filings,https://www.sec.gov/Archives/edgar/data/1100663/000119312524287209/d886745d497.htm,2026-09-26 13:18:07.481685,text/html,16157,C:\Users\chait\Desktop\DPA_Project2\data\raw\f774954618d5741901ac4565eeb2a7a11825afca65900f54e59493db7e251d4c.bin
doc_a40b5b7c77c7bed5,a40b5b7c77c7bed584c0e3c41a61ce151a3e8c4a3e85184c073c04abf40060a0,sec_edgar_filings,https://www.sec.gov/Archives/edgar/data/1100663/000119312525042406/d905405d497.htm,2026-09-26 13:18:09.982109,text/html,10850,C:\Users\chait\Desktop\DPA_Project2\data\raw\a40b5b7c77c7bed584c0e3c41a61ce151a3e8c4a3e85184c073c04abf40060a0.bin
doc_cce4b67c1cca8afb,cce4b67c1cca8afb08f9639d26ba1de588a8546f33ec461622e02bbed74af122,sec_edgar_filings,https://www.sec.gov/Archives/edgar/data/1100663/000119312525030937/d895008d497.htm,2026-09-26 13:18:12.483438,text/html,42967,C:\Users\chait\Desktop\DPA_Project2\data\raw\cce4b67c1cca8afb08f9639d26ba1de588a8546f33ec461622e02bbed74af122.bin
doc_03ebc8cf5cc2b985,03ebc8cf5cc2b9853c8e5193e6b68c1b2b71b726ce03ae486da082457a9bbf0c,sec_edgar_filings,https://www.sec.gov/Archives/edgar/data/1100663/000119312525029722/d925698d497.htm,2026-09-26 13:18:14.987363,text/html,45501,C:\Users\chait\Desktop\DPA_Project2\data\raw\03ebc8cf5cc2b9853c8e5193e6b68c1b2b71b726ce03ae486da082457a9bbf0c.bin
doc_5f69625987e6b328,5f69625987e6b328c3167c7c0fac7b80890ab63ba5f57d870fd46a0204661c54,sec_edgar_filings,https://www.sec.gov/Archives/edgar/data/1100663/000119312525029678/d932649d497.htm,2026-09-26 13:18:17.487976,text/html,11616,C:\Users\chait\Desktop\DPA_Project2\data\raw\5f69625987e6b328c3167c7c0fac7b80890ab63ba5f57d870fd46a0204661c54.bin
doc_02cc3d884d85c2d9,02cc3d884d85c2d9ef427144b4c983ba4769bf5d459cf6aa56d1020f8f6f0c5f,sec_edgar_filings,https://www.sec.gov/Archives/edgar/data/1100663/000119312525028799/d892616d497.htm,2026-09-26 13:18:19.988331,text/html,45143,C:\Users\chait\Desktop\DPA_Project2\data\raw\02cc3d884d85c2d9ef427144b4c983ba4769bf5d459cf6aa56d1020f8f6f0c5f.bin
doc_56a66b99815118f9,56a66b99815118f99a046fb15a38a9d3862dc2c2d9fa9b6541c8c024e3710029,sec_edgar_filings,https://www.sec.gov/Archives/edgar/data/1100663/000119312525021017/d906687d497.htm,2026-09-26 13:18:22.488875,text/html,5621,C:\Users\chait\Desktop\DPA_Project2\data\raw\56a66b99815118f99a046fb15a38a9d3862dc2c2d9fa9b6541c8c024e3710029.bin
doc_d53dcc1164a6cbd0,d53dcc1164a6cbd06effdf058a8eeb0bd607fbd470e80c2f9a88a64871f13e8a,sec_edgar_filings,https://www.sec.gov/Archives/edgar/data/1100663/000119312525062530/d905260d497.htm,2026-09-26 13:18:24.989106,text/html,13019,C:\Users\chait\Desktop\DPA_Project2\data\raw\d53dcc1164a6cbd06effdf058a8eeb0bd607fbd470e80c2f9a88a64871f13e8a.bin
doc_01b4962adcb1e3c5,01b4962adcb1e3c59fe864aabac99adca02b1515d2b2acea9c2b2c9c8692bdce,sec_edgar_filings,https://www.sec.gov/Archives/edgar/data/1100663/000119312525061395/d905254d497.htm,2026-09-26 13:18:27.489236,text/html,9222,C:\Users\chait\Desktop\DPA_Project2\data\raw\01b4962adcb1e3c59fe864aabac99adca02b1515d2b2acea9c2b2c9c8692bdce.bin
doc_0c2fc85960f736c9,0c2fc85960f736c95a96e3055b59fabb1f1d8e3c2cc62a540c567c882e63c872,sec_edgar_filings,https://www.sec.gov/Archives/edgar/data/1100663/000119312525060393/d927851d497.htm,2026-09-26 13:18:29.989970,text/html,8555,C:\Users\chait\Desktop\DPA_Project2\data\raw\0c2fc85960f736c95a96e3055b59fabb1f1d8e3c2cc62a540c567c882e63c872.bin
doc_9de8e5b1a19a3cb5,9de8e5b1a19a3cb51d50d0e2a5ed98306a03cbc40358ec14c3f07a4e6c6b4075,sec_edgar_filings,https://www.sec.gov/Archives/edgar/data/1100663/000119312525057907/d735691d497.htm,2026-09-26 13:18:32.490323,text/html,476201,C:\Users\chait\Desktop\DPA_Project2\data\raw\9de8e5b1a19a3cb51d50d0e2a5ed98306a03cbc40358ec14c3f07a4e6c6b4075.bin
doc_1811c75c01a16c8e,1811c75c01a16c8e6dfdde84fdc20a7250d5630af06c4683c08c2b8f2bc76435,sec_edgar_filings,https://www.sec.gov/Archives/edgar/data/1100663/000119312525083044/d766022d497.htm,2026-09-26 13:18:34.990509,text/html,2169698,C:\Users\chait\Desktop\DPA_Project2\data\raw\1811c75c01a16c8e6dfdde84fdc20a7250d5630af06c4683c08c2b8f2bc76435.bin
doc_bd61602ea1a25b0c,bd61602ea1a25b0c6aff2ed976674be824a5f6de3990710e4476c1c577638b7a,sec_edgar_filings,https://www.sec.gov/Archives/edgar/data/1100663/000119312525080178/d883981d497.htm,2026-09-26 13:18:37.541363,text/html,14777,C:\Users\chait\Desktop\DPA_Project2\data\raw\bd61602ea1a25b0c6aff2ed976674be824a5f6de3990710e4476c1c577638b7a.bin
doc_57743c011c824292,57743c011c824292d57e2b132a6d929f2ba050e2b381438049ed3ea487c87f0b,sec_edgar_filings,https://www.sec.gov/Archives/edgar/data/1100663/000119312525080167/d945860d497.htm,2026-09-26 13:18:40.041611,text/html,18636,C:\Users\chait\Desktop\DPA_Project2\data\raw\57743c011c824292d57e2b132a6d929f2ba050e2b381438049ed3ea487c87f0b.bin
doc_f38944bd289fef91,f38944bd289fef91d0e3f29f4733b2d9b075b27d3038656379ac3f314451af66,sec_edgar_filings,https://www.sec.gov/Archives/edgar/data/1100663/000119312525073419/d941411d497.htm,2026-09-26 13:18:42.541995,text/html,38207,C:\Users\chait\Desktop\DPA_Project2\data\raw\f38944bd289fef91d0e3f29f4733b2d9b075b27d3038656379ac3f314451af66.bin
doc_44fa50fecf601612,44fa50fecf601612aa223e1c6278fc06779ef1ceb060246ad51942e4b49729ef,sec_edgar_filings,https://www.sec.gov/Archives/edgar/data/1100663/000119312525073416/d940735d497.htm,2026-09-26 13:18:45.042666,text/html,23992,C:\Users\chait\Desktop\DPA_Project2\data\raw\44fa50fecf601612aa223e1c6278fc06779ef1ceb060246ad51942e4b49729ef.bin
doc_cd66eb18ab212490,cd66eb18ab2124907da3cb9929d864a1dfc1211d43ed39ec8d640ca5b45e656b,sec_edgar_filings,https://www.sec.gov/Archives/edgar/data/1100663/000119312525072394/d896448d497.htm,2026-09-26 13:18:47.543320,text/html,12096,C:\Users\chait\Desktop\DPA_Project2\data\raw\cd66eb18ab2124907da3cb9929d864a1dfc1211d43ed39ec8d640ca5b45e656b.bin
doc_bd631bfadae77be2,bd631bfadae77be216c92b72654dfd4504e6e2a746c481c9023e2837da1fc9a1,sec_edgar_filings,https://www.sec.gov/Archives/edgar/data/1100663/000119312525069353/d735233d497.htm,2026-09-26 13:18:50.048094,text/html,18130,C:\Users\chait\Desktop\DPA_Project2\data\raw\bd631bfadae77be216c92b72654dfd4504e6e2a746c481c9023e2837da1fc9a1.bin
doc_4681f150652580c7,4681f150652580c721432b2c6bc1aba6a2b73381b164b559e6768b376076469a,sec_edgar_filings,https://www.sec.gov/Archives/edgar/data/1100663/000119312525068983/d917197d497.htm,2026-09-26 13:18:52.548690,text/html,129569,C:\Users\chait\Desktop\DPA_Project2\data\raw\4681f150652580c721432b2c6bc1aba6a2b73381b164b559e6768b376076469a.bin
doc_07097d37d41b28b0,07097d37d41b28b001e461b999b8e03d0acf90aa0b97c6d92e39b5387157079c,sec_edgar_filings,https://www.sec.gov/Archives/edgar/data/1100663/000119312525130716/d892250d497.htm,2026-09-26 13:18:56.499253,text/html,6784386,C:\Users\chait\Desktop\DPA_Project2\data\raw\07097d37d41b28b001e461b999b8e03d0acf90aa0b97c6d92e39b5387157079c.bin
doc_5293c75e44da6168,5293c75e44da6168a77d4016250a479abfa0047f1baf52210cb46fa79dd15a10,sec_edgar_filings,https://www.sec.gov/Archives/edgar/data/1100663/000119312525121682/d15263d497.htm,2026-09-26 13:19:03.685913,text/html,48635,C:\Users\chait\Desktop\DPA_Project2\data\raw\5293c75e44da6168a77d4016250a479abfa0047f1baf52210cb46fa79dd15a10.bin
doc_a0f7d16dba80cd48,a0f7d16dba80cd489ec03d4ba26e79aac85fbe741494e7bb442064056aa3f986,sec_edgar_filings,https://www.sec.gov/Archives/edgar/data/1100663/000119312525152756/d20784d497.htm,2026-09-26 13:19:06.186367,text/html,33525,C:\Users\chait\Desktop\DPA_Project2\data\raw\a0f7d16dba80cd489ec03d4ba26e79aac85fbe741494e7bb442064056aa3f986.bin
doc_97e2ee0c713fcb5d,97e2ee0c713fcb5de4514cbdc2e4bb7c23da21e109d95ab31a9df7878b25c2c9,sec_edgar_filings,https://www.sec.gov/Archives/edgar/data/1100663/000119312525152664/d892910d497.htm,2026-09-26 13:19:08.686812,text/html,12575,C:\Users\chait\Desktop\DPA_Project2\data\raw\97e2ee0c713fcb5de4514cbdc2e4bb7c23da21e109d95ab31a9df7878b25c2c9.bin
doc_dd9998f610aa00a9,dd9998f610aa00a9f785a7ad8373d9261cb8a4ce31cc451303a5c00d2430f900,sec_edgar_filings,https://www.sec.gov/Archives/edgar/data/1100663/000119312525152656/d62694d497.htm,2026-09-26 13:19:11.187782,text/html,6150,C:\Users\chait\Desktop\DPA_Project2\data\raw\dd9998f610aa00a9f785a7ad8373d9261cb8a4ce31cc451303a5c00d2430f900.bin
doc_800c8beabe6173b3,800c8beabe6173b381bd2ad13c7e7f26ba6ffe3bce326f1551ac5b4f78f1ae9d,sec_edgar_filings,https://www.sec.gov/Archives/edgar/data/1100663/000119312525151483/d858154d497.htm,2026-09-26 13:19:13.688603,text/html,6279,C:\Users\chait\Desktop\DPA_Project2\data\raw\800c8beabe6173b381bd2ad13c7e7f26ba6ffe3bce326f1551ac5b4f78f1ae9d.bin
doc_195666b0e83bd51a,195666b0e83bd51ac0216adecf97dfeb363f47ffd8ff0e906bd8a698c26bd2dd,sec_edgar_filings,https://www.sec.gov/Archives/edgar/data/1100663/000119312525151481/d937804d497.htm,2026-09-26 13:19:16.188700,text/html,11944,C:\Users\chait\Desktop\DPA_Project2\data\raw\195666b0e83bd51ac0216adecf97dfeb363f47ffd8ff0e906bd8a698c26bd2dd.bin
doc_6ea7212d37d29bfd,6ea7212d37d29bfd65daa13de43da08de17d24d6903c214bc9131f83f36dbff1,sec_edgar_filings,https://www.sec.gov/Archives/edgar/data/1100663/000119312525151480/d926596d497.htm,2026-09-26 13:19:18.689383,text/html,80325,C:\Users\chait\Desktop\DPA_Project2\data\raw\6ea7212d37d29bfd65daa13de43da08de17d24d6903c214bc9131f83f36dbff1.bin
doc_c74ad6fda7f693fc,c74ad6fda7f693fcbe610943818f3322a26b4ed9c0c869d964591bba02bdedcf,sec_edgar_filings,https://www.sec.gov/Archives/edgar/data/1100663/000119312525151477/d933980d497.htm,2026-09-26 13:19:21.189561,text/html,68066,C:\Users\chait\Desktop\DPA_Project2\data\raw\c74ad6fda7f693fcbe610943818f3322a26b4ed9c0c869d964591bba02bdedcf.bin
doc_da59631fa4508681,da59631fa4508681409796536742272a66bd26b791668d067a57311090715cbf,sec_edgar_filings,https://www.sec.gov/Archives/edgar/data/1100663/000119312525151475/d935891d497.htm,2026-09-26 13:19:23.689775,text/html,5680,C:\Users\chait\Desktop\DPA_Project2\data\raw\da59631fa4508681409796536742272a66bd26b791668d067a57311090715cbf.bin
doc_6102ca7a81826d94,6102ca7a81826d94c443591375f16c32e26d26670fc6e60fc7246b25f072689a,sec_edgar_filings,https://www.sec.gov/Archives/edgar/data/1100663/000119312525151413/d80969d497.htm,2026-09-26 13:19:26.190463,text/html,6162784,C:\Users\chait\Desktop\DPA_Project2\data\raw\6102ca7a81826d94c443591375f16c32e26d26670fc6e60fc7246b25f072689a.bin
doc_9f7afa070a3212af,9f7afa070a3212af18e457a0c6d61420a835a25bb174ea6ee92718fef8a73baf,sec_edgar_filings,https://www.sec.gov/Archives/edgar/data/1100663/000119312525149660/d858192d497.htm,2026-09-26 13:19:29.293152,text/html,5544,C:\Users\chait\Desktop\DPA_Project2\data\raw\9f7afa070a3212af18e457a0c6d61420a835a25bb174ea6ee92718fef8a73baf.bin
doc_2b206ff3b8e50360,2b206ff3b8e5036039bde3ece4dcaddc210a3ddd15cfe20e1d4343277e303650,sec_edgar_filings,https://www.sec.gov/Archives/edgar/data/1100663/000119312525149296/d833515d497.htm,2026-09-26 13:19:31.793439,text/html,3826910,C:\Users\chait\Desktop\DPA_Project2\data\raw\2b206ff3b8e5036039bde3ece4dcaddc210a3ddd15cfe20e1d4343277e303650.bin
doc_3351a3d69c49a2e9,3351a3d69c49a2e9cf07f93969c88618483a4ea2c80f07a230e90a57fb46c66f,sec_edgar_filings,https://www.sec.gov/Archives/edgar/data/1100663/000119312525144688/d910466d497.htm,2026-09-26 13:19:34.294186,text/html,5307,C:\Users\chait\Desktop\DPA_Project2\data\raw\3351a3d69c49a2e9cf07f93969c88618483a4ea2c80f07a230e90a57fb46c66f.bin
doc_b6594468bd3fda66,b6594468bd3fda66ec0d2191496c71c17466739dcb62bc71de7ebaf4fd89f71d,sec_edgar_filings,https://www.sec.gov/Archives/edgar/data/1100663/000119312525144683/d923637d497.htm,2026-09-26 13:19:36.808566,text/html,6778,C:\Users\chait\Desktop\DPA_Project2\data\raw\b6594468bd3fda66ec0d2191496c71c17466739dcb62bc71de7ebaf4fd89f71d.bin
doc_b8b1b011297fa348,b8b1b011297fa3486bca11c99dc447d387100b5b691454f43c4f894731745b12,sec_edgar_filings,https://www.sec.gov/Archives/edgar/data/1100663/000119312525143780/d945286d497.htm,2026-09-26 13:19:39.308789,text/html,8717,C:\Users\chait\Desktop\DPA_Project2\data\raw\b8b1b011297fa3486bca11c99dc447d387100b5b691454f43c4f894731745b12.bin
doc_344eabd3caf3b12a,344eabd3caf3b12a3bca39e08c7c2bfaa4ad3512bce029cf65eac850d3fca7be,sec_edgar_filings,https://www.sec.gov/Archives/edgar/data/1100663/000119312525140815/d92035d497.htm,2026-09-26 13:19:41.809638,text/html,5905,C:\Users\chait\Desktop\DPA_Project2\data\raw\344eabd3caf3b12a3bca39e08c7c2bfaa4ad3512bce029cf65eac850d3fca7be.bin
doc_0c3214405434124e,0c3214405434124e69c1edb277d1dda32e17fb42945053f19de08c499bd6962a,sec_edgar_filings,https://www.sec.gov/Archives/edgar/data/1100663/000119312525132329/d925393d497.htm,2026-09-26 13:19:44.310412,text/html,12988,C:\Users\chait\Desktop\DPA_Project2\data\raw\0c3214405434124e69c1edb277d1dda32e17fb42945053f19de08c499bd6962a.bin
doc_5a6b2e8df13cdfbe,5a6b2e8df13cdfbe74a52ccc50f7c244a911c4f44716de5206e107f6058653d5,sec_edgar_filings,https://www.sec.gov/Archives/edgar/data/1100663/000119312525132328/d944327d497.htm,2026-09-26 13:19:46.811045,text/html,25496,C:\Users\chait\Desktop\DPA_Project2\data\raw\5a6b2e8df13cdfbe74a52ccc50f7c244a911c4f44716de5206e107f6058653d5.bin
doc_5976ca2bccd9cb3b,5976ca2bccd9cb3ba9ea478782537a52ee1716cfd78078aa6265345769615ff4,sec_edgar_filings,https://www.sec.gov/Archives/edgar/data/1100663/000119312525166407/d80334d497.htm,2026-09-26 13:19:49.311461,text/html,17338,C:\Users\chait\Desktop\DPA_Project2\data\raw\5976ca2bccd9cb3ba9ea478782537a52ee1716cfd78078aa6265345769615ff4.bin
doc_18b745b6a77097bd,18b745b6a77097bdbe7dd40937ad6c1f2283ff0da4a6a4cd3712ed4efc690074,sec_edgar_filings,https://www.sec.gov/Archives/edgar/data/1100663/000119312525166411/d16437d497.htm,2026-09-26 13:19:51.812198,text/html,16741,C:\Users\chait\Desktop\DPA_Project2\data\raw\18b745b6a77097bdbe7dd40937ad6c1f2283ff0da4a6a4cd3712ed4efc690074.bin
doc_32ec927d59fabaae,32ec927d59fabaae7067046a32ae851a11f13a81c7b21d8984b618c0367653fc,sec_edgar_filings,https://www.sec.gov/Archives/edgar/data/1100663/000119312525164409/d45758d497.htm,2026-09-26 13:19:54.312476,text/html,40908,C:\Users\chait\Desktop\DPA_Project2\data\raw\32ec927d59fabaae7067046a32ae851a11f13a81c7b21d8984b618c0367653fc.bin
doc_fcf8f9a72c67062f,fcf8f9a72c67062f989b98521403754a87a82d794fe22eafea09ceda5297284f,sec_edgar_filings,https://www.sec.gov/Archives/edgar/data/1100663/000119312525162592/d940331d497.htm,2026-09-26 13:19:56.812803,text/html,77483,C:\Users\chait\Desktop\DPA_Project2\data\raw\fcf8f9a72c67062f989b98521403754a87a82d794fe22eafea09ceda5297284f.bin
doc_8aaf5dd09282553b,8aaf5dd09282553b931c85ced5cb7a9cb3a563adab734542dc17a0b4e5e449c9,sec_edgar_filings,https://www.sec.gov/Archives/edgar/data/1100663/000119312525162588/d936063d497.htm,2026-09-26 13:19:59.312960,text/html,25661,C:\Users\chait\Desktop\DPA_Project2\data\raw\8aaf5dd09282553b931c85ced5cb7a9cb3a563adab734542dc17a0b4e5e449c9.bin
doc_5b9fc2fe52399e6e,5b9fc2fe52399e6e0802341de8b83c6254a0b52a42a9bdbf3d5ae9d9dd13074a,sec_edgar_filings,https://www.sec.gov/Archives/edgar/data/1100663/000119312525160527/d100349d497.htm,2026-09-26 13:20:01.816470,text/html,14521,C:\Users\chait\Desktop\DPA_Project2\data\raw\5b9fc2fe52399e6e0802341de8b83c6254a0b52a42a9bdbf3d5ae9d9dd13074a.bin
doc_36f45b7e9bce7564,36f45b7e9bce75647c3ab6c4430f93ee147ec51161a6e776526b1781c52b21d5,sec_edgar_filings,https://www.sec.gov/Archives/edgar/data/1100663/000119312525158223/d938286d497.htm,2026-09-26 13:20:04.317148,text/html,41110,C:\Users\chait\Desktop\DPA_Project2\data\raw\36f45b7e9bce75647c3ab6c4430f93ee147ec51161a6e776526b1781c52b21d5.bin
doc_d901b7aa57166638,d901b7aa571666382f34663604e27babbd701f9abfef16520dcf6d610c33a1a7,sec_edgar_filings,https://www.sec.gov/Archives/edgar/data/1100663/000119312525153117/d12766d497.htm,2026-09-26 13:20:06.817424,text/html,17934,C:\Users\chait\Desktop\DPA_Project2\data\raw\d901b7aa571666382f34663604e27babbd701f9abfef16520dcf6d610c33a1a7.bin
doc_b5bad58aae955eb2,b5bad58aae955eb2685b7cefb977e0530f025607ad57268c2deeb5d9a670a17b,sec_edgar_filings,https://www.sec.gov/Archives/edgar/data/1100663/000119312525152941/d59861d497.htm,2026-09-26 13:20:09.317658,text/html,10547,C:\Users\chait\Desktop\DPA_Project2\data\raw\b5bad58aae955eb2685b7cefb977e0530f025607ad57268c2deeb5d9a670a17b.bin
doc_aba18f15b38413c0,aba18f15b38413c0fe4ebe678c157cd3dbf77704081446bdebec37d32a971350,sec_edgar_filings,https://www.sec.gov/Archives/edgar/data/1100663/000119312525192573/d81584d497.htm,2026-09-26 13:20:11.818260,text/html,24102,C:\Users\chait\Desktop\DPA_Project2\data\raw\aba18f15b38413c0fe4ebe678c157cd3dbf77704081446bdebec37d32a971350.bin
doc_89f2e1a17120261d,89f2e1a17120261d47d14c73bb53989ff12eebdb73a0f1048a442bfd81e36231,sec_edgar_filings,https://www.sec.gov/Archives/edgar/data/1100663/000119312525185435/d797607d497.htm,2026-09-26 13:20:14.318545,text/html,10612,C:\Users\chait\Desktop\DPA_Project2\data\raw\89f2e1a17120261d47d14c73bb53989ff12eebdb73a0f1048a442bfd81e36231.bin
doc_9f9ccbe56f8673cb,9f9ccbe56f8673cb4e0b5881038ca6e8b817f816b0447acff0f2620b4fb69767,sec_edgar_filings,https://www.sec.gov/Archives/edgar/data/1100663/000119312525185274/d946888d497.htm,2026-09-26 13:20:17.239284,text/html,4093,C:\Users\chait\Desktop\DPA_Project2\data\raw\9f9ccbe56f8673cb4e0b5881038ca6e8b817f816b0447acff0f2620b4fb69767.bin
doc_0d914b3094a3b114,0d914b3094a3b114902160e3a8106f0efd06256e370e959ca30f3d7ee0b21752,sec_edgar_filings,https://www.sec.gov/Archives/edgar/data/1100663/000119312525181867/d32380d497.htm,2026-09-26 13:20:19.739420,text/html,6250,C:\Users\chait\Desktop\DPA_Project2\data\raw\0d914b3094a3b114902160e3a8106f0efd06256e370e959ca30f3d7ee0b21752.bin
doc_666bc471b3e9b7a4,666bc471b3e9b7a40976f1d298e5f516eea91fb1e94b82dfb38d492d1e64be4d,sec_edgar_filings,https://www.sec.gov/Archives/edgar/data/1100663/000119312525178119/d945380d497.htm,2026-09-26 13:20:22.239674,text/html,2793,C:\Users\chait\Desktop\DPA_Project2\data\raw\666bc471b3e9b7a40976f1d298e5f516eea91fb1e94b82dfb38d492d1e64be4d.bin
doc_4f59848c0f238e85,4f59848c0f238e853d2904736316d15848706000baa0d7d5612382769706bd7c,sec_edgar_filings,https://www.sec.gov/Archives/edgar/data/1100663/000119312525176991/d68767d497.htm,2026-09-26 13:20:24.740232,text/html,39687,C:\Users\chait\Desktop\DPA_Project2\data\raw\4f59848c0f238e853d2904736316d15848706000baa0d7d5612382769706bd7c.bin
doc_1a4bbfd46cb9059f,1a4bbfd46cb9059f052dbb47e10a440a1b0c8091f4d8cc1b83a471c34888d7d2,sec_edgar_filings,https://www.sec.gov/Archives/edgar/data/1100663/000119312525171727/d35987d497.htm,2026-09-26 13:20:27.240704,text/html,39100,C:\Users\chait\Desktop\DPA_Project2\data\raw\1a4bbfd46cb9059f052dbb47e10a440a1b0c8091f4d8cc1b83a471c34888d7d2.bin
doc_cda92a5b1a1cfd8e,cda92a5b1a1cfd8eb6925718811d5d52405ba30246ea0c60026cef3552c14aae,sec_edgar_filings,https://www.sec.gov/Archives/edgar/data/1100663/000119312525171725/d946231d497.htm,2026-09-26 13:20:29.740857,text/html,10799,C:\Users\chait\Desktop\DPA_Project2\data\raw\cda92a5b1a1cfd8eb6925718811d5d52405ba30246ea0c60026cef3552c14aae.bin
doc_da540bc116c7bfbf,da540bc116c7bfbf3e795771eb0b2089dcb58711dcb108968bb822a0416d2c01,sec_edgar_filings,https://www.sec.gov/Archives/edgar/data/1100663/000119312525171382/d91144d497.htm,2026-09-26 13:20:32.241227,text/html,21246,C:\Users\chait\Desktop\DPA_Project2\data\raw\da540bc116c7bfbf3e795771eb0b2089dcb58711dcb108968bb822a0416d2c01.bin
doc_aeb3943d726dee22,aeb3943d726dee222a163f7d5edee46cd246849471737bc9b0d55d982e1361db,sec_edgar_filings,https://www.sec.gov/Archives/edgar/data/1100663/000119312525171077/d12817d497.htm,2026-09-26 13:20:34.741518,text/html,18241,C:\Users\chait\Desktop\DPA_Project2\data\raw\aeb3943d726dee222a163f7d5edee46cd246849471737bc9b0d55d982e1361db.bin
doc_05add7aa9e4678e3,05add7aa9e4678e3b23c5ac6fdfb1d2ccbfc7652c5fe637702e61ef49610f4bc,sec_edgar_filings,https://www.sec.gov/Archives/edgar/data/1100663/000119312525170646/d72295d497.htm,2026-09-26 13:20:37.241777,text/html,5980787,C:\Users\chait\Desktop\DPA_Project2\data\raw\05add7aa9e4678e3b23c5ac6fdfb1d2ccbfc7652c5fe637702e61ef49610f4bc.bin
doc_dd39f981b8d1bf7e,dd39f981b8d1bf7e93226c4c0c8ca7a7d8e11abeedf32daaa2c8f5bdd84d7283,sec_edgar_filings,https://www.sec.gov/Archives/edgar/data/1100663/000119312525220684/d14216d497.htm,2026-09-26 13:20:39.742059,text/html,27537,C:\Users\chait\Desktop\DPA_Project2\data\raw\dd39f981b8d1bf7e93226c4c0c8ca7a7d8e11abeedf32daaa2c8f5bdd84d7283.bin
doc_7163e9ded3e0f70f,7163e9ded3e0f70f000e219c9b1026484accdbc7cb7e680f2e372b5d965dd612,sec_edgar_filings,https://www.sec.gov/Archives/edgar/data/1100663/000119312525220667/d74315d497.htm,2026-09-26 13:20:42.242390,text/html,15297,C:\Users\chait\Desktop\DPA_Project2\data\raw\7163e9ded3e0f70f000e219c9b1026484accdbc7cb7e680f2e372b5d965dd612.bin
doc_5253c549329b0a54,5253c549329b0a54a81a8eb5c632c99bfe740f6ac9f855fbbfa40f7817c1bb50,sec_edgar_filings,https://www.sec.gov/Archives/edgar/data/1100663/000119312525220646/d922321d497.htm,2026-09-26 13:20:44.742672,text/html,15575,C:\Users\chait\Desktop\DPA_Project2\data\raw\5253c549329b0a54a81a8eb5c632c99bfe740f6ac9f855fbbfa40f7817c1bb50.bin
doc_588606b57f9afd85,588606b57f9afd851d14cc848989ed3d0ace8f6878ec6d72bf36f15cceb8d75d,sec_edgar_filings,https://www.sec.gov/Archives/edgar/data/1100663/000119312525213586/d76986d497.htm,2026-09-26 13:20:47.242932,text/html,11097,C:\Users\chait\Desktop\DPA_Project2\data\raw\588606b57f9afd851d14cc848989ed3d0ace8f6878ec6d72bf36f15cceb8d75d.bin
doc_72f2199f76abaf86,72f2199f76abaf86856631907d6823ebd91a780f1820f87e791975313ff4d5a1,sec_edgar_filings,https://www.sec.gov/Archives/edgar/data/1100663/000119312525213416/d12724d497.htm,2026-09-26 13:20:49.743368,text/html,18958,C:\Users\chait\Desktop\DPA_Project2\data\raw\72f2199f76abaf86856631907d6823ebd91a780f1820f87e791975313ff4d5a1.bin
doc_9d26d441ed06fde5,9d26d441ed06fde53b948a57cd213370c2a5f564bbfd78de3502b7c6925dcf7a,sec_edgar_filings,https://www.sec.gov/Archives/edgar/data/1100663/000119312525202143/d85575d497.htm,2026-09-26 13:20:52.244388,text/html,10603,C:\Users\chait\Desktop\DPA_Project2\data\raw\9d26d441ed06fde53b948a57cd213370c2a5f564bbfd78de3502b7c6925dcf7a.bin
doc_c7c946da7c4f7d94,c7c946da7c4f7d94b20cb3c7107299f7828d5b953c9f24c850a4fa24a6467a4c,sec_edgar_filings,https://www.sec.gov/Archives/edgar/data/1100663/000119312525194258/d45302d497.htm,2026-09-26 13:20:54.745734,text/html,51428,C:\Users\chait\Desktop\DPA_Project2\data\raw\c7c946da7c4f7d94b20cb3c7107299f7828d5b953c9f24c850a4fa24a6467a4c.bin
doc_b853b800d62eb943,b853b800d62eb943bc95a96a31fdf69627ff4ef7da8b62b41b8d4733d3cc6272,sec_edgar_filings,https://www.sec.gov/Archives/edgar/data/1100663/000119312525193994/d36297d497.htm,2026-09-26 13:20:57.246015,text/html,3677983,C:\Users\chait\Desktop\DPA_Project2\data\raw\b853b800d62eb943bc95a96a31fdf69627ff4ef7da8b62b41b8d4733d3cc6272.bin
doc_32f501b96f6b8a73,32f501b96f6b8a7322800867cb758f9421767ad82ece941937821b4ecc8274f9,sec_edgar_filings,https://www.sec.gov/Archives/edgar/data/1100663/000119312525258900/d850740d497.htm,2026-09-26 13:20:59.746447,text/html,20504,C:\Users\chait\Desktop\DPA_Project2\data\raw\32f501b96f6b8a7322800867cb758f9421767ad82ece941937821b4ecc8274f9.bin
doc_4d4be3c4ea087ea2,4d4be3c4ea087ea29229ced99d7b2978587e5cfc455dc8f94fe58643a9caf7ba,sec_edgar_filings,https://www.sec.gov/Archives/edgar/data/1100663/000119312525258622/d853081d497.htm,2026-09-26 13:21:02.246799,text/html,17692,C:\Users\chait\Desktop\DPA_Project2\data\raw\4d4be3c4ea087ea29229ced99d7b2978587e5cfc455dc8f94fe58643a9caf7ba.bin
doc_8963fad299cba9c9,8963fad299cba9c92ab74fbd0b0a3701942f048949d54ad07e5c323f66ae6316,sec_edgar_filings,https://www.sec.gov/Archives/edgar/data/1100663/000119312525245584/d47996d497.htm,2026-09-26 13:21:04.747479,text/html,13034,C:\Users\chait\Desktop\DPA_Project2\data\raw\8963fad299cba9c92ab74fbd0b0a3701942f048949d54ad07e5c323f66ae6316.bin
doc_fa278f57fde07d67,fa278f57fde07d67459e17cc5864b008da5199aa69b9762dd534334b2a37b32d,sec_edgar_filings,https://www.sec.gov/Archives/edgar/data/1100663/000119312525245533/d53643d497.htm,2026-09-26 13:21:07.248223,text/html,12998,C:\Users\chait\Desktop\DPA_Project2\data\raw\fa278f57fde07d67459e17cc5864b008da5199aa69b9762dd534334b2a37b32d.bin
doc_7f6cb699be8e40be,7f6cb699be8e40bee78944c7bd041bfb26c63cd90f924532fb6f5a8d7651cf69,sec_edgar_filings,https://www.sec.gov/Archives/edgar/data/1100663/000119312525243500/d847683d497.htm,2026-09-26 13:21:09.748819,text/html,2839,C:\Users\chait\Desktop\DPA_Project2\data\raw\7f6cb699be8e40bee78944c7bd041bfb26c63cd90f924532fb6f5a8d7651cf69.bin
doc_1df50d0b3c4ff13b,1df50d0b3c4ff13b8f77edfd93e5d1d63a6c218d97c0bd5a0986e82787b264b1,sec_edgar_filings,https://www.sec.gov/Archives/edgar/data/1100663/000119312525241455/d21541d497.htm,2026-09-26 13:21:12.248957,text/html,14424,C:\Users\chait\Desktop\DPA_Project2\data\raw\1df50d0b3c4ff13b8f77edfd93e5d1d63a6c218d97c0bd5a0986e82787b264b1.bin
doc_d1d6dc8e52563267,d1d6dc8e525632673411aba7a1a39c4a3f7c3a887167b46c22ee1b029975831a,sec_edgar_filings,https://www.sec.gov/Archives/edgar/data/1100663/000119312525241445/d17098d497.htm,2026-09-26 13:21:14.750357,text/html,13939,C:\Users\chait\Desktop\DPA_Project2\data\raw\d1d6dc8e525632673411aba7a1a39c4a3f7c3a887167b46c22ee1b029975831a.bin
doc_7c9b915ca21c70a7,7c9b915ca21c70a7469c2388530b511343b7b813f1057b9f639120b5be24f1fc,sec_edgar_filings,https://www.sec.gov/Archives/edgar/data/1100663/000119312525240445/d13496d497.htm,2026-09-26 13:21:17.250605,text/html,9293,C:\Users\chait\Desktop\DPA_Project2\data\raw\7c9b915ca21c70a7469c2388530b511343b7b813f1057b9f639120b5be24f1fc.bin
doc_083af31cf339ba43,083af31cf339ba43b7ff354c9c4f18ec77318dd812e83c9f61ff0702198b340a,sec_edgar_filings,https://www.sec.gov/Archives/edgar/data/1100663/000119312525240193/d46937d497.htm,2026-09-26 13:21:19.751675,text/html,11767,C:\Users\chait\Desktop\DPA_Project2\data\raw\083af31cf339ba43b7ff354c9c4f18ec77318dd812e83c9f61ff0702198b340a.bin
doc_aab6a39bd1af51aa,aab6a39bd1af51aa3f72858dabcbce792bcb8384e45787c182da56ec75c1359a,sec_edgar_filings,https://www.sec.gov/Archives/edgar/data/1100663/000119312525237066/d838386d497.htm,2026-09-26 13:21:22.251868,text/html,106018,C:\Users\chait\Desktop\DPA_Project2\data\raw\aab6a39bd1af51aa3f72858dabcbce792bcb8384e45787c182da56ec75c1359a.bin
doc_fe9b0227a29f114c,fe9b0227a29f114c16819e84ca4eff0745cc92822823d24ca797cc4fc9229233,sec_edgar_filings,https://www.sec.gov/Archives/edgar/data/1100663/000119312525233824/d14518d497.htm,2026-09-26 13:21:24.752245,text/html,13219,C:\Users\chait\Desktop\DPA_Project2\data\raw\fe9b0227a29f114c16819e84ca4eff0745cc92822823d24ca797cc4fc9229233.bin
doc_8faccea853cc4ef5,8faccea853cc4ef5aef1acc9032222749fccb4d53dd7d2530414585580ed4328,sec_edgar_filings,https://www.sec.gov/Archives/edgar/data/1100663/000119312525230367/d863213d497.htm,2026-09-26 13:21:27.252545,text/html,13295,C:\Users\chait\Desktop\DPA_Project2\data\raw\8faccea853cc4ef5aef1acc9032222749fccb4d53dd7d2530414585580ed4328.bin
doc_86b1dc2d05ebcfd1,86b1dc2d05ebcfd117767c2158e886c96e2cb5045834940bf25c71c32f35c5d0,sec_edgar_filings,https://www.sec.gov/Archives/edgar/data/1100663/000119312525226832/d140482d497.htm,2026-09-26 13:21:29.752987,text/html,6233,C:\Users\chait\Desktop\DPA_Project2\data\raw\86b1dc2d05ebcfd117767c2158e886c96e2cb5045834940bf25c71c32f35c5d0.bin
doc_9e5da6c2f2e15011,9e5da6c2f2e15011702321b35531eb6e230385886c1acce719b3b378fe015b55,sec_edgar_filings,https://www.sec.gov/Archives/edgar/data/1100663/000119312525225574/d77896d497.htm,2026-09-26 13:21:32.854073,text/html,23423,C:\Users\chait\Desktop\DPA_Project2\data\raw\9e5da6c2f2e15011702321b35531eb6e230385886c1acce719b3b378fe015b55.bin
doc_014a10b21d4a8687,014a10b21d4a8687ed6eb12c37ccb0f372f94b7dbab55639b8d9b09411dcf6b4,sec_edgar_filings,https://www.sec.gov/Archives/edgar/data/1100663/000119312525297711/d938912d497.htm,2026-09-26 13:21:35.354297,text/html,12353,C:\Users\chait\Desktop\DPA_Project2\data\raw\014a10b21d4a8687ed6eb12c37ccb0f372f94b7dbab55639b8d9b09411dcf6b4.bin
doc_6146fc79bb79b050,6146fc79bb79b050e0ed9ed08acdb5ff7bca5b8b3acab77ca56fbaf32207a9e4,sec_edgar_filings,https://www.sec.gov/Archives/edgar/data/1100663/000119312525291668/d87125d497.htm,2026-09-26 13:21:37.857003,text/html,34316,C:\Users\chait\Desktop\DPA_Project2\data\raw\6146fc79bb79b050e0ed9ed08acdb5ff7bca5b8b3acab77ca56fbaf32207a9e4.bin
doc_8ce91b3b112647d4,8ce91b3b112647d42edce41a7d15bc0229ac0bb21bcc7a3cf2ef934c1f7ba959,sec_edgar_filings,https://www.sec.gov/Archives/edgar/data/1100663/000119312525287109/d82955d497.htm,2026-09-26 13:21:40.357300,text/html,13570,C:\Users\chait\Desktop\DPA_Project2\data\raw\8ce91b3b112647d42edce41a7d15bc0229ac0bb21bcc7a3cf2ef934c1f7ba959.bin
doc_d15976a5418d3b28,d15976a5418d3b283973221ac1a5190850f4896912b73f695ef16e4a23d1d481,sec_edgar_filings,https://www.sec.gov/Archives/edgar/data/1100663/000119312525283231/d67648d497.htm,2026-09-26 13:21:42.857589,text/html,6830046,C:\Users\chait\Desktop\DPA_Project2\data\raw\d15976a5418d3b283973221ac1a5190850f4896912b73f695ef16e4a23d1d481.bin
doc_ddcd7dfc2f263e62,ddcd7dfc2f263e62cc4fb38373ceafe9f7ce480ed2924b0b54df62998780015c,sec_edgar_filings,https://www.sec.gov/Archives/edgar/data/1100663/000119312525331050/d922635d497.htm,2026-09-26 13:21:46.018125,text/html,21564,C:\Users\chait\Desktop\DPA_Project2\data\raw\ddcd7dfc2f263e62cc4fb38373ceafe9f7ce480ed2924b0b54df62998780015c.bin
doc_1a5d89bafba00026,1a5d89bafba00026b2d4c2846bfe463eb02310698afecdb7dc3eb5cff4a8c13d,sec_edgar_filings,https://www.sec.gov/Archives/edgar/data/1100663/000119312525328765/d86147d497.htm,2026-09-26 13:21:48.518492,text/html,10402,C:\Users\chait\Desktop\DPA_Project2\data\raw\1a5d89bafba00026b2d4c2846bfe463eb02310698afecdb7dc3eb5cff4a8c13d.bin
doc_1db040fee1d07b3c,1db040fee1d07b3c6a8a5580cacdf2a2b59546a2e6204315a58de6939c48c652,sec_edgar_filings,https://www.sec.gov/Archives/edgar/data/1100663/000119312525324952/d938265d497.htm,2026-09-26 13:21:51.019244,text/html,3910,C:\Users\chait\Desktop\DPA_Project2\data\raw\1db040fee1d07b3c6a8a5580cacdf2a2b59546a2e6204315a58de6939c48c652.bin
doc_43b1d307691b158f,43b1d307691b158f0a8e8d83e8bcf68b2c72f37cb3b64b19155f2fc03b29a285,sec_edgar_filings,https://www.sec.gov/Archives/edgar/data/1100663/000119312525316017/d58282d497.htm,2026-09-26 13:21:53.519593,text/html,23122,C:\Users\chait\Desktop\DPA_Project2\data\raw\43b1d307691b158f0a8e8d83e8bcf68b2c72f37cb3b64b19155f2fc03b29a285.bin
doc_0b5b3712b8575efa,0b5b3712b8575efa22704d689646817d34ad633e1750ea64c7c550e08f0f0723,sec_edgar_filings,https://www.sec.gov/Archives/edgar/data/1100663/000119312525309780/d79527d497.htm,2026-09-26 13:21:56.020566,text/html,20794,C:\Users\chait\Desktop\DPA_Project2\data\raw\0b5b3712b8575efa22704d689646817d34ad633e1750ea64c7c550e08f0f0723.bin
doc_dec7649fe650e460,dec7649fe650e46097ea1f9159f68533ed28e09bb1cabc0d7ecfd0ab79a12e7a,sec_edgar_filings,https://www.sec.gov/Archives/edgar/data/1100663/000119312525308207/d90938d497.htm,2026-09-26 13:21:58.521198,text/html,3166,C:\Users\chait\Desktop\DPA_Project2\data\raw\dec7649fe650e46097ea1f9159f68533ed28e09bb1cabc0d7ecfd0ab79a12e7a.bin
doc_dbe724f097a785ca,dbe724f097a785cad1dce26a486b7574954c6a55907bc08837568fbadf2fd4e4,sec_edgar_filings,https://www.sec.gov/Archives/edgar/data/1100663/000119312525308009/d88695d497.htm,2026-09-26 13:22:01.021416,text/html,10662,C:\Users\chait\Desktop\DPA_Project2\data\raw\dbe724f097a785cad1dce26a486b7574954c6a55907bc08837568fbadf2fd4e4.bin
doc_79f71ed6aaeca360,79f71ed6aaeca36030a19fb4a9b54be5b62769f1c9a0bb47f916ad43ea71bd68,sec_edgar_filings,https://www.sec.gov/Archives/edgar/data/1100663/000119312526015356/d35944d497.htm,2026-09-26 13:22:03.521749,text/html,3745,C:\Users\chait\Desktop\DPA_Project2\data\raw\79f71ed6aaeca36030a19fb4a9b54be5b62769f1c9a0bb47f916ad43ea71bd68.bin
doc_acd54a975e88f98b,acd54a975e88f98bde579d172fd408fa271f88ee59fc8a418ac14948a40b1c91,sec_edgar_filings,https://www.sec.gov/Archives/edgar/data/1100663/000119312526006456/d816607d497.htm,2026-09-26 13:22:06.022003,text/html,441710,C:\Users\chait\Desktop\DPA_Project2\data\raw\acd54a975e88f98bde579d172fd408fa271f88ee59fc8a418ac14948a40b1c91.bin
doc_174cbc0f9f9e9574,174cbc0f9f9e957466ee19b8f629b4b089554841fa6bfc0108e314380ae311c4,sec_edgar_filings,https://www.sec.gov/Archives/edgar/data/1100663/000119312525338493/d36519d497.htm,2026-09-26 13:22:08.522364,text/html,21090,C:\Users\chait\Desktop\DPA_Project2\data\raw\174cbc0f9f9e957466ee19b8f629b4b089554841fa6bfc0108e314380ae311c4.bin
doc_358467b1d1cda828,358467b1d1cda828ab60b904b89d15ba9db8db0e34f30f124dd656afdf8d5af0,sec_edgar_filings,https://www.sec.gov/Archives/edgar/data/1100663/000119312526064485/d29673d497.htm,2026-09-26 13:22:11.022765,text/html,47740,C:\Users\chait\Desktop\DPA_Project2\data\raw\358467b1d1cda828ab60b904b89d15ba9db8db0e34f30f124dd656afdf8d5af0.bin
doc_8836ae41550d3782,8836ae41550d37826386f892c93bedab2d44980905829085d6382a1f7e40f6e6,sec_edgar_filings,https://www.sec.gov/Archives/edgar/data/1100663/000119312526056745/d51363d497.htm,2026-09-26 13:22:13.522813,text/html,10731,C:\Users\chait\Desktop\DPA_Project2\data\raw\8836ae41550d37826386f892c93bedab2d44980905829085d6382a1f7e40f6e6.bin
doc_f5d8afd79b11205e,f5d8afd79b11205ea23703358fddcbc7ae0fa3c646ad136e532fdee78ef887e3,sec_edgar_filings,https://www.sec.gov/Archives/edgar/data/1100663/000119312526051617/d88238d497.htm,2026-09-26 13:22:16.023182,text/html,81692,C:\Users\chait\Desktop\DPA_Project2\data\raw\f5d8afd79b11205ea23703358fddcbc7ae0fa3c646ad136e532fdee78ef887e3.bin
doc_86ae91b01315c6ab,86ae91b01315c6abfae9b331e8b024218968c0b245b9b775f400fc8ec78c245b,sec_edgar_filings,https://www.sec.gov/Archives/edgar/data/1100663/000119312526051604/d38921d497.htm,2026-09-26 13:22:18.523850,text/html,28607,C:\Users\chait\Desktop\DPA_Project2\data\raw\86ae91b01315c6abfae9b331e8b024218968c0b245b9b775f400fc8ec78c245b.bin
doc_774898db3076c024,774898db3076c024639916885fb4a04bf8a40401803bc9676bd722c39b4adbfb,sec_edgar_filings,https://www.sec.gov/Archives/edgar/data/1100663/000119312526051590/d25478d497.htm,2026-09-26 13:22:21.024746,text/html,119196,C:\Users\chait\Desktop\DPA_Project2\data\raw\774898db3076c024639916885fb4a04bf8a40401803bc9676bd722c39b4adbfb.bin
doc_55acaa1112fa4262,55acaa1112fa42626026576f5f29a8044415f933b3fdebcdf59bbea1bc3bc357,sec_edgar_filings,https://www.sec.gov/Archives/edgar/data/1100663/000119312526129300/d765912d497.htm,2026-09-26 13:22:23.525461,text/html,10735,C:\Users\chait\Desktop\DPA_Project2\data\raw\55acaa1112fa42626026576f5f29a8044415f933b3fdebcdf59bbea1bc3bc357.bin
doc_0f65ad011a6ffe9b,0f65ad011a6ffe9b0fc676ca42a6ef0402d529b9e93c1d7e0a3324c01222bf85,sec_edgar_filings,https://www.sec.gov/Archives/edgar/data/1100663/000119312526121940/d117046d497.htm,2026-09-26 13:22:26.025687,text/html,20022,C:\Users\chait\Desktop\DPA_Project2\data\raw\0f65ad011a6ffe9b0fc676ca42a6ef0402d529b9e93c1d7e0a3324c01222bf85.bin
doc_b830b7f3c2295aec,b830b7f3c2295aecdd5adfc2b30f7ce78ffcf3860c3b267591b1f28ae5504e3c,sec_edgar_filings,https://www.sec.gov/Archives/edgar/data/1100663/000119312526117990/d36768d497.htm,2026-09-26 13:22:28.525936,text/html,14270,C:\Users\chait\Desktop\DPA_Project2\data\raw\b830b7f3c2295aecdd5adfc2b30f7ce78ffcf3860c3b267591b1f28ae5504e3c.bin
doc_f8bac38858835400,f8bac38858835400b2b1f7af0c41445954bd31f9de091a866fa51d1a99aa6a81,sec_edgar_filings,https://www.sec.gov/Archives/edgar/data/1100663/000119312526114192/d45638d497.htm,2026-09-26 13:22:31.026069,text/html,5827307,C:\Users\chait\Desktop\DPA_Project2\data\raw\f8bac38858835400b2b1f7af0c41445954bd31f9de091a866fa51d1a99aa6a81.bin
doc_d0bab012bec0a655,d0bab012bec0a65529ea9c60350e454406eb8bf56209d0da1c5f2b04d8039b95,sec_edgar_filings,https://www.sec.gov/Archives/edgar/data/1100663/000119312526114010/d864601d497.htm,2026-09-26 13:22:33.526656,text/html,18796,C:\Users\chait\Desktop\DPA_Project2\data\raw\d0bab012bec0a65529ea9c60350e454406eb8bf56209d0da1c5f2b04d8039b95.bin
doc_d31656f8006feaa6,d31656f8006feaa6fe94db3df8a97a8a179f992425f265e4f71601732824f9da,sec_edgar_filings,https://www.sec.gov/Archives/edgar/data/1100663/000119312526102313/d13062d497.htm,2026-09-26 13:22:36.027073,text/html,10747,C:\Users\chait\Desktop\DPA_Project2\data\raw\d31656f8006feaa6fe94db3df8a97a8a179f992425f265e4f71601732824f9da.bin
doc_5fdf1972fbe924e4,5fdf1972fbe924e4227f9280986015ab772139b8e63fbd40929dfd65629c9be0,sec_edgar_filings,https://www.sec.gov/Archives/edgar/data/1100663/000119312526097152/d29298d497.htm,2026-09-26 13:22:38.527534,text/html,6704,C:\Users\chait\Desktop\DPA_Project2\data\raw\5fdf1972fbe924e4227f9280986015ab772139b8e63fbd40929dfd65629c9be0.bin
doc_b1a783a5b59d9307,b1a783a5b59d9307d78e2b0b17a901e9c3607f647ea07e938467be1fd93324b8,sec_edgar_filings,https://www.sec.gov/Archives/edgar/data/1100663/000119312526083306/d116517d497.htm,2026-09-26 13:22:41.030422,text/html,12365,C:\Users\chait\Desktop\DPA_Project2\data\raw\b1a783a5b59d9307d78e2b0b17a901e9c3607f647ea07e938467be1fd93324b8.bin
doc_9eed563de402618d,9eed563de402618d22fa5c9e7a4c7e6b1baba74c7cf15f590f79ea3eba758a48,sec_edgar_filings,https://www.sec.gov/Archives/edgar/data/1100663/000119312526196607/d112890d497.htm,2026-09-26 13:22:43.530067,text/html,7365,C:\Users\chait\Desktop\DPA_Project2\data\raw\9eed563de402618d22fa5c9e7a4c7e6b1baba74c7cf15f590f79ea3eba758a48.bin
doc_b9a0745cf7961915,b9a0745cf7961915f13ff6090bbec9ed7e4c3d0c17db47a44dc430f3ed11ccfe,sec_edgar_filings,https://www.sec.gov/Archives/edgar/data/1100663/000119312526188422/d17882d497.htm,2026-09-26 13:22:46.030485,text/html,7363,C:\Users\chait\Desktop\DPA_Project2\data\raw\b9a0745cf7961915f13ff6090bbec9ed7e4c3d0c17db47a44dc430f3ed11ccfe.bin
doc_2e6720a7265726e6,2e6720a7265726e643da19293d7bf63009c73cb5322a3c00dd47b297e92ba504,sec_edgar_filings,https://www.sec.gov/Archives/edgar/data/1100663/000119312526164165/d88796d497.htm,2026-09-26 13:22:48.530633,text/html,16683,C:\Users\chait\Desktop\DPA_Project2\data\raw\2e6720a7265726e643da19293d7bf63009c73cb5322a3c00dd47b297e92ba504.bin
doc_222cd8f805c81305,222cd8f805c81305a65dbde504e71a28f0da7f9edd9cfbf214c6648ed3e7c5e6,sec_edgar_filings,https://www.sec.gov/Archives/edgar/data/1100663/000119312526140146/d105386d497.htm,2026-09-26 13:22:51.031149,text/html,37306,C:\Users\chait\Desktop\DPA_Project2\data\raw\222cd8f805c81305a65dbde504e71a28f0da7f9edd9cfbf214c6648ed3e7c5e6.bin
doc_c5dce8b7c2800f2e,c5dce8b7c2800f2e49356a0b1cf40acc3fb4947a0af23ba630881fa06b81107a,sec_edgar_filings,https://www.sec.gov/Archives/edgar/data/1100663/000119312526140080/d106622d497.htm,2026-09-26 13:22:53.534404,text/html,33103,C:\Users\chait\Desktop\DPA_Project2\data\raw\c5dce8b7c2800f2e49356a0b1cf40acc3fb4947a0af23ba630881fa06b81107a.bin
doc_50aec65e6ca60613,50aec65e6ca60613675b43059d6a4f6d7165013def7bce388de9e77c99ee1eff,sec_edgar_filings,https://www.sec.gov/Archives/edgar/data/1100663/000119312526135209/d129347d497.htm,2026-09-26 13:22:56.036264,text/html,23081,C:\Users\chait\Desktop\DPA_Project2\data\raw\50aec65e6ca60613675b43059d6a4f6d7165013def7bce388de9e77c99ee1eff.bin
doc_00dfc510d2afa237,00dfc510d2afa23776628877b7d2da00d9bb68846a34d3f4093a3dc82989f240,sec_edgar_filings,https://www.sec.gov/Archives/edgar/data/1100663/000119312526239677/d24890d497.htm,2026-09-26 13:22:58.536482,text/html,25628,C:\Users\chait\Desktop\DPA_Project2\data\raw\00dfc510d2afa23776628877b7d2da00d9bb68846a34d3f4093a3dc82989f240.bin
doc_34ce8d4a4765d9d6,34ce8d4a4765d9d6f85c92409e69eb11d96cbb0aa6009d22ac6d5c4acb16e6af,sec_edgar_filings,https://www.sec.gov/Archives/edgar/data/1100663/000119312526237040/d105379d497.htm,2026-09-26 13:23:01.037273,text/html,16977,C:\Users\chait\Desktop\DPA_Project2\data\raw\34ce8d4a4765d9d6f85c92409e69eb11d96cbb0aa6009d22ac6d5c4acb16e6af.bin
doc_e062db17e91eb6d2,e062db17e91eb6d274a408b722deb2922c343f47c2a952ea53b30bd0c8f73d1b,sec_edgar_filings,https://www.sec.gov/Archives/edgar/data/1100663/000119312526237012/d108481d497.htm,2026-09-26 13:23:03.537621,text/html,21477,C:\Users\chait\Desktop\DPA_Project2\data\raw\e062db17e91eb6d274a408b722deb2922c343f47c2a952ea53b30bd0c8f73d1b.bin
doc_7c7ea35c15c0f1c6,7c7ea35c15c0f1c619211835bc9ab1c27b581c05452715229b395f3a09f05548,sec_edgar_filings,https://www.sec.gov/Archives/edgar/data/1100663/000119312526232632/d112764d497.htm,2026-09-26 13:23:06.038178,text/html,10888,C:\Users\chait\Desktop\DPA_Project2\data\raw\7c7ea35c15c0f1c619211835bc9ab1c27b581c05452715229b395f3a09f05548.bin
doc_9458041f9c688c4f,9458041f9c688c4fb667e5bcd94149e648043fee27b4cedb1807a84a102b677b,sec_edgar_filings,https://www.sec.gov/Archives/edgar/data/1100663/000119312526204769/d121690d497.htm,2026-09-26 13:23:08.538575,text/html,6271,C:\Users\chait\Desktop\DPA_Project2\data\raw\9458041f9c688c4fb667e5bcd94149e648043fee27b4cedb1807a84a102b677b.bin
doc_773a3e1d979da580,773a3e1d979da58058029ea9050369a87e4f8c1c017a7900d3774deb7698ed00,sec_edgar_filings,https://www.sec.gov/Archives/edgar/data/1100663/000119312526288507/d144232d497.htm,2026-09-26 13:23:11.039468,text/html,35490,C:\Users\chait\Desktop\DPA_Project2\data\raw\773a3e1d979da58058029ea9050369a87e4f8c1c017a7900d3774deb7698ed00.bin
doc_986d7bb132a2a1e8,986d7bb132a2a1e8e07022dd290e936730cba6d368b2ef285524041c7927f645,sec_edgar_filings,https://www.sec.gov/Archives/edgar/data/1100663/000119312526279612/d74881d497.htm,2026-09-26 13:23:13.540070,text/html,20678,C:\Users\chait\Desktop\DPA_Project2\data\raw\986d7bb132a2a1e8e07022dd290e936730cba6d368b2ef285524041c7927f645.bin
doc_c2e89a5a595852ec,c2e89a5a595852ec3ea74ffbd9b8aead89b827907db3e3f825c839653137d541,sec_edgar_filings,https://www.sec.gov/Archives/edgar/data/1100663/000119312526279474/d143191d497.htm,2026-09-26 13:23:16.041761,text/html,62182,C:\Users\chait\Desktop\DPA_Project2\data\raw\c2e89a5a595852ec3ea74ffbd9b8aead89b827907db3e3f825c839653137d541.bin
doc_d4753ee9f18867fe,d4753ee9f18867febc13cfc93b240606a9fbda656f189e03583543df3b4876e8,sec_edgar_filings,https://www.sec.gov/Archives/edgar/data/1100663/000119312526269593/d74967d497.htm,2026-09-26 13:23:18.543184,text/html,5969,C:\Users\chait\Desktop\DPA_Project2\data\raw\d4753ee9f18867febc13cfc93b240606a9fbda656f189e03583543df3b4876e8.bin
doc_75746f0add85ebd7,75746f0add85ebd7724d05ad887fbf580a1445da20a3c4ea2c4667f5876817e7,sec_edgar_filings,https://www.sec.gov/Archives/edgar/data/1100663/000119312526269590/d168658d497.htm,2026-09-26 13:23:21.043557,text/html,6441,C:\Users\chait\Desktop\DPA_Project2\data\raw\75746f0add85ebd7724d05ad887fbf580a1445da20a3c4ea2c4667f5876817e7.bin
doc_caf4b1428f5efd37,caf4b1428f5efd3798756d9815425203d0cdf51d458688629441438d39e971f3,sec_edgar_filings,https://www.sec.gov/Archives/edgar/data/1100663/000119312526267888/d121420d497.htm,2026-09-26 13:23:23.543780,text/html,28040,C:\Users\chait\Desktop\DPA_Project2\data\raw\caf4b1428f5efd3798756d9815425203d0cdf51d458688629441438d39e971f3.bin
doc_4a92334408598170,4a92334408598170baca70379751806d09fe308a82895775a2eb7ca7cc6a103a,sec_edgar_filings,https://www.sec.gov/Archives/edgar/data/1100663/000119312526267877/d143945d497.htm,2026-09-26 13:23:26.044521,text/html,13911,C:\Users\chait\Desktop\DPA_Project2\data\raw\4a92334408598170baca70379751806d09fe308a82895775a2eb7ca7cc6a103a.bin
doc_b5e4771bb7559c9a,b5e4771bb7559c9a634293e8e25652843e18172a3a94373c05a68e218348b01b,sec_edgar_filings,https://www.sec.gov/Archives/edgar/data/1100663/000119312526267872/d74088d497.htm,2026-09-26 13:23:28.545479,text/html,13368,C:\Users\chait\Desktop\DPA_Project2\data\raw\b5e4771bb7559c9a634293e8e25652843e18172a3a94373c05a68e218348b01b.bin
doc_be5ad514db0fd1cf,be5ad514db0fd1cf813e62e133885811797f770cb8142592179335cc06d1cf97,sec_edgar_filings,https://www.sec.gov/Archives/edgar/data/1100663/000119312526267869/d46038d497.htm,2026-09-26 13:23:31.046587,text/html,31243,C:\Users\chait\Desktop\DPA_Project2\data\raw\be5ad514db0fd1cf813e62e133885811797f770cb8142592179335cc06d1cf97.bin
doc_250a1267e11495bb,250a1267e11495bba825a62f3629f7ca68600f8128bfaec4589d5bc5b7046e09,sec_edgar_filings,https://www.sec.gov/Archives/edgar/data/1100663/000119312526267864/d20417d497.htm,2026-09-26 13:23:33.546926,text/html,19271,C:\Users\chait\Desktop\DPA_Project2\data\raw\250a1267e11495bba825a62f3629f7ca68600f8128bfaec4589d5bc5b7046e09.bin
doc_ad55ffb9bb1173f1,ad55ffb9bb1173f124b5aa4d14412b17a90a1afc6012f9da964797c237168b21,sec_edgar_filings,https://www.sec.gov/Archives/edgar/data/1100663/000119312526267858/d162061d497.htm,2026-09-26 13:23:36.047507,text/html,11627,C:\Users\chait\Desktop\DPA_Project2\data\raw\ad55ffb9bb1173f124b5aa4d14412b17a90a1afc6012f9da964797c237168b21.bin
doc_844ba76a20789258,844ba76a2078925801265f3b074f5f7968763d1aae83c4aea0358307062c8663,sec_edgar_filings,https://www.sec.gov/Archives/edgar/data/1100663/000119312526267852/d154427d497.htm,2026-09-26 13:23:42.169005,text/html,10299,C:\Users\chait\Desktop\DPA_Project2\data\raw\844ba76a2078925801265f3b074f5f7968763d1aae83c4aea0358307062c8663.bin
doc_383c995df14c85e2,383c995df14c85e21826b8f6e567b3f2f5115addd7a5179ffd892aad5d1df59a,sec_edgar_filings,https://www.sec.gov/Archives/edgar/data/1100663/000119312526249172/d126264d497.htm,2026-09-26 13:23:44.670804,text/html,51790,C:\Users\chait\Desktop\DPA_Project2\data\raw\383c995df14c85e21826b8f6e567b3f2f5115addd7a5179ffd892aad5d1df59a.bin
doc_43768bc03c1fb710,43768bc03c1fb71017ba076ff5b15c2ec3fb28211326160b8e4168eb94ce5fb4,sec_edgar_filings,https://www.sec.gov/Archives/edgar/data/1100663/000119312526326458/d123143d497.htm,2026-09-26 13:23:47.171437,text/html,22454,C:\Users\chait\Desktop\DPA_Project2\data\raw\43768bc03c1fb71017ba076ff5b15c2ec3fb28211326160b8e4168eb94ce5fb4.bin
doc_a08218d45dfe0ba8,a08218d45dfe0ba8ea3ed37dab2eda58a5dc3d159c23e857980c839f51d7bea0,sec_edgar_filings,https://www.sec.gov/Archives/edgar/data/1100663/000119312526326445/d25273d497.htm,2026-09-26 13:23:49.672050,text/html,136685,C:\Users\chait\Desktop\DPA_Project2\data\raw\a08218d45dfe0ba8ea3ed37dab2eda58a5dc3d159c23e857980c839f51d7bea0.bin
doc_fd29b9dcfee58630,fd29b9dcfee58630afe0e308d3fe3466b80df1cde8a0af6d24299e0f797acb7d,sec_edgar_filings,https://www.sec.gov/Archives/edgar/data/1100663/000119312526326439/d161787d497.htm,2026-09-26 13:23:52.173305,text/html,118096,C:\Users\chait\Desktop\DPA_Project2\data\raw\fd29b9dcfee58630afe0e308d3fe3466b80df1cde8a0af6d24299e0f797acb7d.bin
doc_ece03ba68a5aaf3c,ece03ba68a5aaf3c817c4f6b9bd64b677ead55387401497b6c00f84cff703039,sec_edgar_filings,https://www.sec.gov/Archives/edgar/data/1100663/000119312526307874/d94466d497.htm,2026-09-26 13:23:54.673531,text/html,28034,C:\Users\chait\Desktop\DPA_Project2\data\raw\ece03ba68a5aaf3c817c4f6b9bd64b677ead55387401497b6c00f84cff703039.bin
doc_a9dad30a31ad649f,a9dad30a31ad649f3cf48231a29734ed55bbc27ba5d1bc578c1c4c33c984eacd,sec_edgar_filings,https://www.sec.gov/Archives/edgar/data/1100663/000119312526306133/d157213d497.htm,2026-09-26 13:23:57.173785,text/html,2721,C:\Users\chait\Desktop\DPA_Project2\data\raw\a9dad30a31ad649f3cf48231a29734ed55bbc27ba5d1bc578c1c4c33c984eacd.bin
doc_9e374339c503ac1f,9e374339c503ac1f3afbf3a6dc056115cfdc9d347ed16bd29782dde2f08116c1,sec_edgar_filings,https://www.sec.gov/Archives/edgar/data/1100663/000119312526306123/d160783d497.htm,2026-09-26 13:23:59.674591,text/html,34081,C:\Users\chait\Desktop\DPA_Project2\data\raw\9e374339c503ac1f3afbf3a6dc056115cfdc9d347ed16bd29782dde2f08116c1.bin
doc_8589633deb798a60,8589633deb798a60f69354eba15cf808392dbe86479e9022b7d24bb6eaa8cf04,sec_edgar_filings,https://www.sec.gov/Archives/edgar/data/1100663/000119312526306122/d145677d497.htm,2026-09-26 13:24:02.174986,text/html,30401,C:\Users\chait\Desktop\DPA_Project2\data\raw\8589633deb798a60f69354eba15cf808392dbe86479e9022b7d24bb6eaa8cf04.bin
doc_dd1fdf7770161ec0,dd1fdf7770161ec03ecf76037796c9a8e9abf891cd94766b425761307a09a189,sec_edgar_filings,https://www.sec.gov/Archives/edgar/data/1100663/000119312526306120/d151429d497.htm,2026-09-26 13:24:04.675783,text/html,30404,C:\Users\chait\Desktop\DPA_Project2\data\raw\dd1fdf7770161ec03ecf76037796c9a8e9abf891cd94766b425761307a09a189.bin
doc_7c7159c45b0a4251,7c7159c45b0a42513d6d7a90b8da303ec3b521f540dce139268f1768d015c253,sec_edgar_filings,https://www.sec.gov/Archives/edgar/data/1100663/000119312526306119/d154864d497.htm,2026-09-26 13:24:07.176052,text/html,30783,C:\Users\chait\Desktop\DPA_Project2\data\raw\7c7159c45b0a42513d6d7a90b8da303ec3b521f540dce139268f1768d015c253.bin
doc_ca038d7e15083df0,ca038d7e15083df015eabe836cc73d1a42841d009c8618643512a730cd67f53f,sec_edgar_filings,https://www.sec.gov/Archives/edgar/data/1100663/000119312526306116/d155509d497.htm,2026-09-26 13:24:09.676428,text/html,30699,C:\Users\chait\Desktop\DPA_Project2\data\raw\ca038d7e15083df015eabe836cc73d1a42841d009c8618643512a730cd67f53f.bin
doc_6a496bc7d22bed51,6a496bc7d22bed5123125cb7712cf7812e39d4640163dce29eb3d5ecd1f4bf47,sec_edgar_filings,https://www.sec.gov/Archives/edgar/data/1100663/000119312526306115/d156341d497.htm,2026-09-26 13:24:12.177973,text/html,29679,C:\Users\chait\Desktop\DPA_Project2\data\raw\6a496bc7d22bed5123125cb7712cf7812e39d4640163dce29eb3d5ecd1f4bf47.bin
doc_3e6d6cb4e9d5e319,3e6d6cb4e9d5e319e905d0517c8c81e27ef8f049a5ee7979dc656693dcabe5e8,sec_edgar_filings,https://www.sec.gov/Archives/edgar/data/1100663/000119312526300908/d898074d497.htm,2026-09-26 13:24:14.678783,text/html,8786,C:\Users\chait\Desktop\DPA_Project2\data\raw\3e6d6cb4e9d5e319e905d0517c8c81e27ef8f049a5ee7979dc656693dcabe5e8.bin
doc_e8b2fea09a8fe965,e8b2fea09a8fe965aecb2c68b1d5d9762df5969614f02c334c4e59347a6fa57d,sec_edgar_filings,https://www.sec.gov/Archives/edgar/data/1100663/000119312526294655/d83700d497.htm,2026-09-26 13:24:17.179727,text/html,5852,C:\Users\chait\Desktop\DPA_Project2\data\raw\e8b2fea09a8fe965aecb2c68b1d5d9762df5969614f02c334c4e59347a6fa57d.bin
doc_e8f5a24b7941ee34,e8f5a24b7941ee340b2658503a979bf50cff8d427ba84b0f1f9beef45ad6220d,sec_edgar_filings,https://www.sec.gov/Archives/edgar/data/1100663/000119312526293181/d83700d497.htm,2026-09-26 13:24:19.680810,text/html,5852,C:\Users\chait\Desktop\DPA_Project2\data\raw\e8f5a24b7941ee340b2658503a979bf50cff8d427ba84b0f1f9beef45ad6220d.bin
doc_7079e7b67616604f,7079e7b67616604fea2e6705db4f54ad9be03ac09d45f24c26791ec1f59f0259,sec_edgar_filings,https://www.sec.gov/Archives/edgar/data/1100663/000119312526292033/d110723d497.htm,2026-09-26 13:24:22.181037,text/html,13672,C:\Users\chait\Desktop\DPA_Project2\data\raw\7079e7b67616604fea2e6705db4f54ad9be03ac09d45f24c26791ec1f59f0259.bin
doc_2b68846bec4b8753,2b68846bec4b87534a84a40c21287c4b487928c4bd4e9ce9eef95400f4881a20,sec_edgar_filings,https://www.sec.gov/Archives/edgar/data/1100663/000119312526291166/d10430d497.htm,2026-09-26 13:24:24.681561,text/html,20958,C:\Users\chait\Desktop\DPA_Project2\data\raw\2b68846bec4b87534a84a40c21287c4b487928c4bd4e9ce9eef95400f4881a20.bin
doc_f292ea03a7b41ecd,f292ea03a7b41ecd56cbffeab5257516e8fec1022c3f4ad9556d81338a05c1f1,sec_edgar_filings,https://www.sec.gov/Archives/edgar/data/1100663/000119312526376132/d164169d497.htm,2026-09-26 13:24:27.182012,text/html,23447,C:\Users\chait\Desktop\DPA_Project2\data\raw\f292ea03a7b41ecd56cbffeab5257516e8fec1022c3f4ad9556d81338a05c1f1.bin
doc_bfb1512e0663a51c,bfb1512e0663a51c307efe1528613329a962c689781a152e98487604b2cddf93,sec_edgar_filings,https://www.sec.gov/Archives/edgar/data/1100663/000119312526376116/d163838d497.htm,2026-09-26 13:24:29.684300,text/html,17050,C:\Users\chait\Desktop\DPA_Project2\data\raw\bfb1512e0663a51c307efe1528613329a962c689781a152e98487604b2cddf93.bin
doc_b817e92971553388,b817e92971553388949ecfb6bdb93d61fcb1e847f7eebab8d2727665ded240bf,sec_edgar_filings,https://www.sec.gov/Archives/edgar/data/1100663/000119312526376106/d163946d497.htm,2026-09-26 13:24:32.185734,text/html,17101,C:\Users\chait\Desktop\DPA_Project2\data\raw\b817e92971553388949ecfb6bdb93d61fcb1e847f7eebab8d2727665ded240bf.bin
doc_76b1ea9ac40a6b51,76b1ea9ac40a6b517caf643e713dbe64ed9e90bc2921725f8029e3223ecda59b,sec_edgar_filings,https://www.sec.gov/Archives/edgar/data/1100663/000119312526361162/d133118d497.htm,2026-09-26 13:24:34.686797,text/html,5944,C:\Users\chait\Desktop\DPA_Project2\data\raw\76b1ea9ac40a6b517caf643e713dbe64ed9e90bc2921725f8029e3223ecda59b.bin
doc_9bec2fc7e5a69ef2,9bec2fc7e5a69ef29a95ccd8530ca371c69987d4094d5dab7dc6340d263e071e,sec_edgar_filings,https://www.sec.gov/Archives/edgar/data/1100663/000119312526354177/d153282d497.htm,2026-09-26 13:24:37.187050,text/html,3730,C:\Users\chait\Desktop\DPA_Project2\data\raw\9bec2fc7e5a69ef29a95ccd8530ca371c69987d4094d5dab7dc6340d263e071e.bin
doc_692c91c055a773e2,692c91c055a773e202244fb5ff32263ac76740e73e89e012fa6e8b75816a41ff,sec_edgar_filings,https://www.sec.gov/Archives/edgar/data/1100663/000119312526352275/d129369d497.htm,2026-09-26 13:24:39.687633,text/html,6035,C:\Users\chait\Desktop\DPA_Project2\data\raw\692c91c055a773e202244fb5ff32263ac76740e73e89e012fa6e8b75816a41ff.bin
doc_d4c38eba0231e950,d4c38eba0231e950a1c9fd7415b294cefb64770e7c25a88dc70ce9a66a613073,sec_edgar_filings,https://www.sec.gov/Archives/edgar/data/1100663/000119312526338192/d114838d497.htm,2026-09-26 13:24:42.190803,text/html,24051,C:\Users\chait\Desktop\DPA_Project2\data\raw\d4c38eba0231e950a1c9fd7415b294cefb64770e7c25a88dc70ce9a66a613073.bin
doc_d9bd8e1943854d56,d9bd8e1943854d56e26635ebcb86f5f05085ddd325e97bb9e1b8e352992b3d44,sec_edgar_filings,https://www.sec.gov/Archives/edgar/data/1100663/000119312526338183/d89689d497.htm,2026-09-26 13:24:44.691155,text/html,19381,C:\Users\chait\Desktop\DPA_Project2\data\raw\d9bd8e1943854d56e26635ebcb86f5f05085ddd325e97bb9e1b8e352992b3d44.bin
doc_5d8a2e8962feaefe,5d8a2e8962feaefe5267f62857f5ffac52d1b06834515413e0aedcdafb44266f,sec_edgar_filings,https://www.sec.gov/Archives/edgar/data/1100663/000119312526338154/d83054d497.htm,2026-09-26 13:24:47.191481,text/html,19361,C:\Users\chait\Desktop\DPA_Project2\data\raw\5d8a2e8962feaefe5267f62857f5ffac52d1b06834515413e0aedcdafb44266f.bin
doc_1453a922fcb3e15b,1453a922fcb3e15b8a1571f2e31e8acb6ba9244e25b4e93ba41d830f527cf60a,sec_edgar_filings,https://www.sec.gov/Archives/edgar/data/1100663/000119312526330968/d55058d497.htm,2026-09-26 13:24:49.691803,text/html,12729,C:\Users\chait\Desktop\DPA_Project2\data\raw\1453a922fcb3e15b8a1571f2e31e8acb6ba9244e25b4e93ba41d830f527cf60a.bin
doc_f90830fac01431c0,f90830fac01431c0cce67505b4647302913ccecebcd4897a5474b036a096be1a,sec_edgar_filings,https://www.sec.gov/Archives/edgar/data/1100663/000119312526398125/d181895d497.htm,2026-09-26 13:24:52.192604,text/html,20274,C:\Users\chait\Desktop\DPA_Project2\data\raw\f90830fac01431c0cce67505b4647302913ccecebcd4897a5474b036a096be1a.bin
doc_0c3cfe67e6af77e6,0c3cfe67e6af77e64d9e6d04065c6d22ad980a74e3015a41c0ecd33d9dc6da89,sec_edgar_filings,https://www.sec.gov/Archives/edgar/data/1100663/000119312526395798/d165827d497.htm,2026-09-26 13:24:54.692755,text/html,3032,C:\Users\chait\Desktop\DPA_Project2\data\raw\0c3cfe67e6af77e64d9e6d04065c6d22ad980a74e3015a41c0ecd33d9dc6da89.bin
doc_68df629271f45e35,68df629271f45e35a78889b2d64132946935c6f0fb8a92dc302f4349ac48c807,sec_edgar_filings,https://www.sec.gov/Archives/edgar/data/1100663/000119312526389306/d135258d497.htm,2026-09-26 13:24:57.202668,text/html,6120,C:\Users\chait\Desktop\DPA_Project2\data\raw\68df629271f45e35a78889b2d64132946935c6f0fb8a92dc302f4349ac48c807.bin
doc_5218173e9800d7c8,5218173e9800d7c826c95a828c16d2380143629ee41bd16d8827bad9e5ef1502,sec_edgar_filings,https://www.sec.gov/Archives/edgar/data/1100663/000119312526383660/d118308d497.htm,2026-09-26 13:24:59.702963,text/html,16979,C:\Users\chait\Desktop\DPA_Project2\data\raw\5218173e9800d7c826c95a828c16d2380143629ee41bd16d8827bad9e5ef1502.bin
doc_b2116b75eacee79b,b2116b75eacee79bb4c3395bb99c62ba989cea3ff221ac6348d97bfac4130311,sec_edgar_filings,https://www.sec.gov/Archives/edgar/data/1100663/000119312526380260/d535954d497.htm,2026-09-26 13:25:02.203257,text/html,8492,C:\Users\chait\Desktop\DPA_Project2\data\raw\b2116b75eacee79bb4c3395bb99c62ba989cea3ff221ac6348d97bfac4130311.bin
doc_0a95c885d359ec7d,0a95c885d359ec7d9ebfe6b55935c1450be2f223c69a0edaa7022469da13cce9,sec_edgar_filings,https://www.sec.gov/Archives/edgar/data/1100663/000119312526377124/d133702d497.htm,2026-09-26 13:25:04.703412,text/html,68721,C:\Users\chait\Desktop\DPA_Project2\data\raw\0a95c885d359ec7d9ebfe6b55935c1450be2f223c69a0edaa7022469da13cce9.bin
doc_a97ce163e5692b65,a97ce163e5692b654496198cbd1a5d33188a6db7bb15069714dcfdfc2b7ae6b0,sec_edgar_submissions_api,https://data.sec.gov/submissions/CIK0000930667.json,2026-09-26 14:49:12.467113,application/json,178345,C:\Users\chait\Desktop\DPA_Project2\data\raw\a97ce163e5692b654496198cbd1a5d33188a6db7bb15069714dcfdfc2b7ae6b0.bin
doc_938fc7821f4265aa,938fc7821f4265aa691ad2272e2a5d76f29ffda787f2f63f17de2d4029c37618,sec_edgar_filings,https://www.sec.gov/Archives/edgar/data/930667/000119312524244146/d895171d497.htm,2026-09-26 14:49:20.498465,text/html,22884,C:\Users\chait\Desktop\DPA_Project2\data\raw\938fc7821f4265aa691ad2272e2a5d76f29ffda787f2f63f17de2d4029c37618.bin
doc_ae060663652e88eb,ae060663652e88eb97db2b0d8631b5326b7d3af69acd189be9fc76ddf724b2fc,sec_edgar_filings,https://www.sec.gov/Archives/edgar/data/930667/000119312524286769/d917051d497.htm,2026-09-26 14:49:28.573151,text/html,5200,C:\Users\chait\Desktop\DPA_Project2\data\raw\ae060663652e88eb97db2b0d8631b5326b7d3af69acd189be9fc76ddf724b2fc.bin
doc_09aede7594f8981e,09aede7594f8981efb78dfde582d497ac1750edd88af0233779b12296f808500,sec_edgar_filings,https://www.sec.gov/Archives/edgar/data/930667/000119312524281361/d919372d497.htm,2026-09-26 14:49:33.996079,text/html,5225,C:\Users\chait\Desktop\DPA_Project2\data\raw\09aede7594f8981efb78dfde582d497ac1750edd88af0233779b12296f808500.bin
doc_babddf02f97d5fe3,babddf02f97d5fe37cb18e6a51ef6a3707c561712020983c424fa308cae87400,sec_edgar_filings,https://www.sec.gov/Archives/edgar/data/930667/000119312525004009/d901889d497.htm,2026-09-26 14:49:41.497434,text/html,2588,C:\Users\chait\Desktop\DPA_Project2\data\raw\babddf02f97d5fe37cb18e6a51ef6a3707c561712020983c424fa308cae87400.bin
doc_f9164c1382a317bd,f9164c1382a317bdb62e5f6f40ed39d91552493375e9d085fc5822f8a3adf4f3,sec_edgar_filings,https://www.sec.gov/Archives/edgar/data/930667/000119312525060404/d241006d497.htm,2026-09-26 14:49:43.997648,text/html,15488,C:\Users\chait\Desktop\DPA_Project2\data\raw\f9164c1382a317bdb62e5f6f40ed39d91552493375e9d085fc5822f8a3adf4f3.bin
doc_e6b6df4ed0785fd2,e6b6df4ed0785fd20034f5a8fb749352b048e8420c7183a76dd766201fb7daf2,sec_edgar_filings,https://www.sec.gov/Archives/edgar/data/930667/000119312525060283/d905756d497.htm,2026-09-26 14:49:46.498227,text/html,18429,C:\Users\chait\Desktop\DPA_Project2\data\raw\e6b6df4ed0785fd20034f5a8fb749352b048e8420c7183a76dd766201fb7daf2.bin
doc_16c50f621c1c80ab,16c50f621c1c80ab317a2559457a6f44a6eb4c085d9c3fe5067a5bdd2c4af712,sec_edgar_filings,https://www.sec.gov/Archives/edgar/data/930667/000119312525151486/d812978d497.htm,2026-09-26 14:49:59.057185,text/html,5529,C:\Users\chait\Desktop\DPA_Project2\data\raw\16c50f621c1c80ab317a2559457a6f44a6eb4c085d9c3fe5067a5bdd2c4af712.bin
doc_4a143d643fe7ab9a,4a143d643fe7ab9ade670c0ae2d070c6b7f7e574aadcfe85fabf7d929db2891d,sec_edgar_filings,https://www.sec.gov/Archives/edgar/data/930667/000119312525151478/d936349d497.htm,2026-09-26 14:50:06.558422,text/html,3827,C:\Users\chait\Desktop\DPA_Project2\data\raw\4a143d643fe7ab9ade670c0ae2d070c6b7f7e574aadcfe85fabf7d929db2891d.bin
doc_d997cb4b5e0c3b37,d997cb4b5e0c3b37647b77d67879ef1667e2455e83d79e6ec5b08c57734427cb,sec_edgar_filings,https://www.sec.gov/Archives/edgar/data/930667/000119312525151414/d85692d497.htm,2026-09-26 14:50:09.059257,text/html,2963916,C:\Users\chait\Desktop\DPA_Project2\data\raw\d997cb4b5e0c3b37647b77d67879ef1667e2455e83d79e6ec5b08c57734427cb.bin
doc_ed5c98983fde8de7,ed5c98983fde8de73f07a6429bf683c73f4f4f329b2ae2432607d4af095bb4fc,sec_edgar_filings,https://www.sec.gov/Archives/edgar/data/930667/000119312525166413/d90310d497.htm,2026-09-26 14:50:14.489605,text/html,12773,C:\Users\chait\Desktop\DPA_Project2\data\raw\ed5c98983fde8de73f07a6429bf683c73f4f4f329b2ae2432607d4af095bb4fc.bin
doc_94b96712c77a7b1e,94b96712c77a7b1e4541102f3609262ff5164a8102b7e7169875aadb5e5a2141,sec_edgar_filings,https://www.sec.gov/Archives/edgar/data/930667/000119312525192804/d93653d497.htm,2026-09-26 14:50:19.490709,text/html,48830,C:\Users\chait\Desktop\DPA_Project2\data\raw\94b96712c77a7b1e4541102f3609262ff5164a8102b7e7169875aadb5e5a2141.bin
doc_edd22f50679fd768,edd22f50679fd768fda4479fcb326b58ad7c5d315745d681a422d23cc3e58835,sec_edgar_filings,https://www.sec.gov/Archives/edgar/data/930667/000119312525187709/d931677d497.htm,2026-09-26 14:50:24.491585,text/html,28311,C:\Users\chait\Desktop\DPA_Project2\data\raw\edd22f50679fd768fda4479fcb326b58ad7c5d315745d681a422d23cc3e58835.bin
doc_5e8c682e421d67a5,5e8c682e421d67a54f0f3b8cbe045047726947d61f29d9b4b42c47597ef62c02,sec_edgar_filings,https://www.sec.gov/Archives/edgar/data/930667/000119312525253997/d42531d497.htm,2026-09-26 14:50:31.992983,text/html,90501,C:\Users\chait\Desktop\DPA_Project2\data\raw\5e8c682e421d67a54f0f3b8cbe045047726947d61f29d9b4b42c47597ef62c02.bin
doc_16222992cb440042,16222992cb440042bc3b7cebaf897b7bf9773e68e9fa532a3d26333facfffb4c,sec_edgar_filings,https://www.sec.gov/Archives/edgar/data/930667/000119312525261090/d28993d497.htm,2026-09-26 14:50:40.631793,text/html,4319385,C:\Users\chait\Desktop\DPA_Project2\data\raw\16222992cb440042bc3b7cebaf897b7bf9773e68e9fa532a3d26333facfffb4c.bin
doc_88eb25f7226c5a8e,88eb25f7226c5a8e9e926a67430d2085dc7f69fcee5de955a0f7d71623fb5dbf,sec_edgar_filings,https://www.sec.gov/Archives/edgar/data/930667/000119312525336356/d41949d497.htm,2026-09-26 14:50:43.517365,text/html,502398,C:\Users\chait\Desktop\DPA_Project2\data\raw\88eb25f7226c5a8e9e926a67430d2085dc7f69fcee5de955a0f7d71623fb5dbf.bin
doc_06e2164311d935d5,06e2164311d935d548000211a9d180287258342a434aabe66b62c17bc4707455,sec_edgar_filings,https://www.sec.gov/Archives/edgar/data/930667/000119312525336352/d71981d497.htm,2026-09-26 14:50:46.017877,text/html,3888375,C:\Users\chait\Desktop\DPA_Project2\data\raw\06e2164311d935d548000211a9d180287258342a434aabe66b62c17bc4707455.bin
doc_1ac60828a0324a1e,1ac60828a0324a1ef76f3a7432022022f925ef141cfb413d46bad6a4d2f64a96,sec_edgar_filings,https://www.sec.gov/Archives/edgar/data/930667/000119312525336346/d45790d497.htm,2026-09-26 14:50:48.643819,text/html,18818,C:\Users\chait\Desktop\DPA_Project2\data\raw\1ac60828a0324a1ef76f3a7432022022f925ef141cfb413d46bad6a4d2f64a96.bin
doc_26cefe5e37d76553,26cefe5e37d76553cbed7f7cccfdc6a423cec02e8fd556f6e622ba6edfca7a04,sec_edgar_filings,https://www.sec.gov/Archives/edgar/data/930667/000119312526224485/d93611d497.htm,2026-09-26 14:50:58.651116,text/html,22765,C:\Users\chait\Desktop\DPA_Project2\data\raw\26cefe5e37d76553cbed7f7cccfdc6a423cec02e8fd556f6e622ba6edfca7a04.bin
doc_858e2828fee9046e,858e2828fee9046e3bbaa56adad4f607849f7af364cf0cd347fb31375e21fae5,sec_edgar_filings,https://www.sec.gov/Archives/edgar/data/930667/000119312526304819/d160717d497.htm,2026-09-26 14:51:03.652390,text/html,17940,C:\Users\chait\Desktop\DPA_Project2\data\raw\858e2828fee9046e3bbaa56adad4f607849f7af364cf0cd347fb31375e21fae5.bin
doc_d35592908a3deda7,d35592908a3deda753525fa2b27f5233fcd486a088e5b8307dd6cfa5666bdec5,sec_edgar_submissions_api,https://data.sec.gov/submissions/CIK0000819118.json,2026-09-26 15:07:46.855542,application/json,178793,C:\Users\chait\Desktop\DPA_Project2\data\raw\d35592908a3deda753525fa2b27f5233fcd486a088e5b8307dd6cfa5666bdec5.bin
doc_cd30455749727684,cd304557497276841492672083b615d9221312a8d411f5c77f8818788cf6a7e9,official_fund_sponsor_page,https://fundresearch.fidelity.com/mutual-funds/summary/315911750,2026-09-26 15:07:51.996950,text/html,32246,C:\Users\chait\Desktop\DPA_Project2\data\raw\cd304557497276841492672083b615d9221312a8d411f5c77f8818788cf6a7e9.bin
doc_4920d18e9a5e7b0d,4920d18e9a5e7b0d5a122d7f732f6245c51e9314f63b50ba7123911d9391cff0,sec_edgar_filings,https://www.sec.gov/Archives/edgar/data/819118/000081911825000037/filing8594.htm,2026-09-26 15:07:56.340196,text/html,40428,C:\Users\chait\Desktop\DPA_Project2\data\raw\4920d18e9a5e7b0d5a122d7f732f6245c51e9314f63b50ba7123911d9391cff0.bin
doc_2a50891bab8dc4e0,2a50891bab8dc4e033b2f74e2dc88372384002db87d16b03b1ad0e8624770493,sec_edgar_filings,https://www.sec.gov/Archives/edgar/data/819118/000081911825000151/filing8917.htm,2026-09-26 15:07:58.840341,text/html,21377,C:\Users\chait\Desktop\DPA_Project2\data\raw\2a50891bab8dc4e033b2f74e2dc88372384002db87d16b03b1ad0e8624770493.bin
doc_f23cbf265d0084bb,f23cbf265d0084bbee27bdf75f2a546073bcf95d80d01ac50063c1ff920a2e6c,sec_edgar_filings,https://www.sec.gov/Archives/edgar/data/819118/000081911825000103/filing8810.htm,2026-09-26 15:08:01.340720,text/html,37535,C:\Users\chait\Desktop\DPA_Project2\data\raw\f23cbf265d0084bbee27bdf75f2a546073bcf95d80d01ac50063c1ff920a2e6c.bin
doc_e89ec1e172c3f8f2,e89ec1e172c3f8f2314bd10bacbb990b6c1904736bc7f4b5c28fb58ec6a39bf2,sec_edgar_filings,https://www.sec.gov/Archives/edgar/data/819118/000081911825000071/filing8791.htm,2026-09-26 15:08:04.157483,text/html,20896,C:\Users\chait\Desktop\DPA_Project2\data\raw\e89ec1e172c3f8f2314bd10bacbb990b6c1904736bc7f4b5c28fb58ec6a39bf2.bin
doc_2dd5107ea91f7161,2dd5107ea91f71612929a20c31fcc1556a7a75dd12934cb5bd6ad34ccfd947a1,sec_edgar_filings,https://www.sec.gov/Archives/edgar/data/819118/000081911825000165/filing8960.htm,2026-09-26 15:08:06.657972,text/html,3621,C:\Users\chait\Desktop\DPA_Project2\data\raw\2dd5107ea91f71612929a20c31fcc1556a7a75dd12934cb5bd6ad34ccfd947a1.bin
doc_e9f2ededf497e32d,e9f2ededf497e32de4f9cd7598302c49bd170e9c9e415403f6137c5bdd2b6d08,sec_edgar_filings,https://www.sec.gov/Archives/edgar/data/819118/000081911825000350/filing9595.htm,2026-09-26 15:08:09.158075,text/html,18817,C:\Users\chait\Desktop\DPA_Project2\data\raw\e9f2ededf497e32de4f9cd7598302c49bd170e9c9e415403f6137c5bdd2b6d08.bin
doc_c37ea97e01ed7c9e,c37ea97e01ed7c9e173579fca60f49b12574fd7e67636c28fac593da17b8cdf6,sec_edgar_filings,https://www.sec.gov/Archives/edgar/data/819118/000081911825000431/filing10658.htm,2026-09-26 15:08:11.658313,text/html,1099640,C:\Users\chait\Desktop\DPA_Project2\data\raw\c37ea97e01ed7c9e173579fca60f49b12574fd7e67636c28fac593da17b8cdf6.bin
doc_0c30e8c1e0a93bf3,0c30e8c1e0a93bf30f8198031c89a3ae1633707068a11d0f158ae04590fec420,sec_edgar_filings,https://www.sec.gov/Archives/edgar/data/819118/000081911825000415/SIF-I-PSTK.htm,2026-09-26 15:08:14.158673,text/html,8549,C:\Users\chait\Desktop\DPA_Project2\data\raw\0c30e8c1e0a93bf30f8198031c89a3ae1633707068a11d0f158ae04590fec420.bin
doc_cf7c3c158af65cd2,cf7c3c158af65cd26dfd24b92e62e3155a32528bd8efa6b9d390ac58e986bdc4,sec_edgar_filings,https://www.sec.gov/Archives/edgar/data/819118/000081911825000412/filing10615.htm,2026-09-26 15:08:16.659067,text/html,32422,C:\Users\chait\Desktop\DPA_Project2\data\raw\cf7c3c158af65cd26dfd24b92e62e3155a32528bd8efa6b9d390ac58e986bdc4.bin
doc_36f988f49a7ae22e,36f988f49a7ae22e304b997217f00d9b52f94ac8f6ff44d5d58a6785b0f7e1b6,sec_edgar_filings,https://www.sec.gov/Archives/edgar/data/819118/000081911825000411/filing10627.htm,2026-09-26 15:08:19.159439,text/html,13564,C:\Users\chait\Desktop\DPA_Project2\data\raw\36f988f49a7ae22e304b997217f00d9b52f94ac8f6ff44d5d58a6785b0f7e1b6.bin
doc_8fa32be395f8fb04,8fa32be395f8fb0407e699acaebc67b195db89fae3202c09a6dc24a084b4b947,sec_edgar_filings,https://www.sec.gov/Archives/edgar/data/819118/000081911825000410/filing10628.htm,2026-09-26 15:08:21.660079,text/html,8047,C:\Users\chait\Desktop\DPA_Project2\data\raw\8fa32be395f8fb0407e699acaebc67b195db89fae3202c09a6dc24a084b4b947.bin
doc_26f21267d9eee9e6,26f21267d9eee9e617ddadd4a8e7ae9768a36f8310abe10f9717c8488e2de5f8,sec_edgar_filings,https://www.sec.gov/Archives/edgar/data/819118/000081911826000079/filing12050.htm,2026-09-26 15:08:24.160291,text/html,56167,C:\Users\chait\Desktop\DPA_Project2\data\raw\26f21267d9eee9e617ddadd4a8e7ae9768a36f8310abe10f9717c8488e2de5f8.bin
doc_727c401536ead57c,727c401536ead57c1dd93935a2542060875264990c636677a652a03dd91b991f,official_fund_sponsor_page,https://fundresearch.fidelity.com/mutual-funds/summary/315911693,2026-09-26 15:08:34.596448,text/html,32282,C:\Users\chait\Desktop\DPA_Project2\data\raw\727c401536ead57c1dd93935a2542060875264990c636677a652a03dd91b991f.bin
doc_c531ac4c3cadac82,c531ac4c3cadac82d817f7429b78baade6ed3fd701851366c29693ce27841c5d,sec_edgar_submissions_api,https://data.sec.gov/submissions/CIK0000035315.json,2026-09-26 15:09:15.966285,application/json,182570,C:\Users\chait\Desktop\DPA_Project2\data\raw\c531ac4c3cadac82d817f7429b78baade6ed3fd701851366c29693ce27841c5d.bin
doc_efe13e620ce90c03,efe13e620ce90c03e1cdcf4c901761946e5d2180b6e878361d7af513b89cd6b9,sec_edgar_submissions_api,https://data.sec.gov/submissions/CIK0000035315-submissions-001.json,2026-09-26 15:09:18.467177,application/json,354704,C:\Users\chait\Desktop\DPA_Project2\data\raw\efe13e620ce90c03e1cdcf4c901761946e5d2180b6e878361d7af513b89cd6b9.bin
doc_f483a6081f1c18f2,f483a6081f1c18f24c0367c4e423146ba35b26b2af25fc74aa5cb5a6a33a221d,official_fund_sponsor_page,https://fundresearch.fidelity.com/mutual-funds/summary/316146358,2026-09-26 15:09:22.907802,text/html,31517,C:\Users\chait\Desktop\DPA_Project2\data\raw\f483a6081f1c18f24c0367c4e423146ba35b26b2af25fc74aa5cb5a6a33a221d.bin
doc_8a25eed1378dadca,8a25eed1378dadca9926ec99f46064588e2e27c627e2c13fa71773d30a019e62,sec_edgar_filings,https://www.sec.gov/Archives/edgar/data/35315/000003531524000767/filing8189.htm,2026-09-26 15:09:26.831092,text/html,3828,C:\Users\chait\Desktop\DPA_Project2\data\raw\8a25eed1378dadca9926ec99f46064588e2e27c627e2c13fa71773d30a019e62.bin
doc_fdb12adcc55f5d78,fdb12adcc55f5d789a26867b51e59ed31f9c0c577b892d9dfdf299e05f8bd0e5,sec_edgar_filings,https://www.sec.gov/Archives/edgar/data/35315/000003531524000754/filing8127.htm,2026-09-26 15:09:29.331664,text/html,64189,C:\Users\chait\Desktop\DPA_Project2\data\raw\fdb12adcc55f5d789a26867b51e59ed31f9c0c577b892d9dfdf299e05f8bd0e5.bin
doc_10c8ee085bffe073,10c8ee085bffe07374dad13199be26afd7f11d0abc933a2c49e17621598f5f5b,sec_edgar_filings,https://www.sec.gov/Archives/edgar/data/35315/000113322824009283/fsst-efp10237_497.htm,2026-09-26 15:09:31.832213,text/html,28999,C:\Users\chait\Desktop\DPA_Project2\data\raw\10c8ee085bffe07374dad13199be26afd7f11d0abc933a2c49e17621598f5f5b.bin
doc_30b57f17dcd8dab9,30b57f17dcd8dab92f0341a79ab86b221d936e8eb21e78cf1807f7688e276663,sec_edgar_filings,https://www.sec.gov/Archives/edgar/data/35315/000003531524000753/filing8072.htm,2026-09-26 15:09:34.332731,text/html,48384,C:\Users\chait\Desktop\DPA_Project2\data\raw\30b57f17dcd8dab92f0341a79ab86b221d936e8eb21e78cf1807f7688e276663.bin
doc_15f726e2023c99ed,15f726e2023c99edaa3cd56589da42827e03743c928fce6b97a04c28d6dadee7,sec_edgar_filings,https://www.sec.gov/Archives/edgar/data/35315/000003531525000153/filing8548.htm,2026-09-26 15:09:43.770463,text/html,9168,C:\Users\chait\Desktop\DPA_Project2\data\raw\15f726e2023c99edaa3cd56589da42827e03743c928fce6b97a04c28d6dadee7.bin
doc_cb09df3a8aba44c5,cb09df3a8aba44c54781d40da98af0c8cffc40581d032841bd80cbd156ec2ced,sec_edgar_filings,https://www.sec.gov/Archives/edgar/data/35315/000003531525000135/filing8557.htm,2026-09-26 15:09:46.270893,text/html,89558,C:\Users\chait\Desktop\DPA_Project2\data\raw\cb09df3a8aba44c54781d40da98af0c8cffc40581d032841bd80cbd156ec2ced.bin
doc_db95cf9fc97c82e9,db95cf9fc97c82e934ce2ced4e073ee40290e0d1bb72598667cdeebb3eb662bb,sec_edgar_filings,https://www.sec.gov/Archives/edgar/data/35315/000003531525000172/filing8586.htm,2026-09-26 15:09:48.771038,text/html,200962,C:\Users\chait\Desktop\DPA_Project2\data\raw\db95cf9fc97c82e934ce2ced4e073ee40290e0d1bb72598667cdeebb3eb662bb.bin
doc_76b94516953374f0,76b94516953374f0a8522dfac2a2957e0712526c51b35da7b5c274c064700424,sec_edgar_filings,https://www.sec.gov/Archives/edgar/data/35315/000003531525000159/filing8574.htm,2026-09-26 15:09:51.275339,text/html,13174,C:\Users\chait\Desktop\DPA_Project2\data\raw\76b94516953374f0a8522dfac2a2957e0712526c51b35da7b5c274c064700424.bin
doc_8a4fde2713d8c8cf,8a4fde2713d8c8cf19967acdff8d652d06683b5b6ab547d2c12ff7fc8df43842,sec_edgar_filings,https://www.sec.gov/Archives/edgar/data/35315/000003531525000363/filing8804.htm,2026-09-26 15:09:53.775819,text/html,24795,C:\Users\chait\Desktop\DPA_Project2\data\raw\8a4fde2713d8c8cf19967acdff8d652d06683b5b6ab547d2c12ff7fc8df43842.bin
doc_0051770da3f46060,0051770da3f460604a4facc882f4b32e6b57865caaa3075cc120e44295649410,sec_edgar_filings,https://www.sec.gov/Archives/edgar/data/35315/000003531525000362/filing8690.htm,2026-09-26 15:09:56.276670,text/html,60964,C:\Users\chait\Desktop\DPA_Project2\data\raw\0051770da3f460604a4facc882f4b32e6b57865caaa3075cc120e44295649410.bin
doc_dc7c9db7ed293ac0,dc7c9db7ed293ac0dc78a473107dd2f0483fa903db50602d89529d6ecd28a34e,sec_edgar_filings,https://www.sec.gov/Archives/edgar/data/35315/000003531525000509/filing9055.htm,2026-09-26 15:09:58.777078,text/html,20167,C:\Users\chait\Desktop\DPA_Project2\data\raw\dc7c9db7ed293ac0dc78a473107dd2f0483fa903db50602d89529d6ecd28a34e.bin
doc_8c07cc63223eab43,8c07cc63223eab43d6f30f9a6da0ae967f0da964c62a1db107aab9adb1ed7d37,sec_edgar_filings,https://www.sec.gov/Archives/edgar/data/35315/000003531525000627/ZMPZAPPSTK.htm,2026-09-26 15:10:01.277572,text/html,7376,C:\Users\chait\Desktop\DPA_Project2\data\raw\8c07cc63223eab43d6f30f9a6da0ae967f0da964c62a1db107aab9adb1ed7d37.bin
doc_540125d7d2a61dda,540125d7d2a61dda6c7bf6ffcc84bdfdcdd3dea2dcd58952aa3c826fac19fab0,sec_edgar_filings,https://www.sec.gov/Archives/edgar/data/35315/000003531525000626/filing9339.htm,2026-09-26 15:10:03.777897,text/html,10953,C:\Users\chait\Desktop\DPA_Project2\data\raw\540125d7d2a61dda6c7bf6ffcc84bdfdcdd3dea2dcd58952aa3c826fac19fab0.bin
doc_e1399853f24c7084,e1399853f24c7084652b3cee8a348472f1258afc9248c01579381e004e073fa0,sec_edgar_filings,https://www.sec.gov/Archives/edgar/data/35315/000003531525000602/filing9218.htm,2026-09-26 15:10:06.278247,text/html,89698,C:\Users\chait\Desktop\DPA_Project2\data\raw\e1399853f24c7084652b3cee8a348472f1258afc9248c01579381e004e073fa0.bin
doc_a9d75eb183136838,a9d75eb183136838c0b6ef70cb46e19a5ea65987f9190ebe89b0284bbe955977,sec_edgar_filings,https://www.sec.gov/Archives/edgar/data/35315/000003531525000681/salem497.htm,2026-09-26 15:10:08.779655,text/html,2779,C:\Users\chait\Desktop\DPA_Project2\data\raw\a9d75eb183136838c0b6ef70cb46e19a5ea65987f9190ebe89b0284bbe955977.bin
doc_e8b9dc5a501f0205,e8b9dc5a501f020583fa93b3fe266bea64acf8bd20a028255b6f66461bbd4822,sec_edgar_filings,https://www.sec.gov/Archives/edgar/data/35315/000003531525000680/filing9351.htm,2026-09-26 15:10:11.280036,text/html,8838,C:\Users\chait\Desktop\DPA_Project2\data\raw\e8b9dc5a501f020583fa93b3fe266bea64acf8bd20a028255b6f66461bbd4822.bin
doc_4abfd00912a6e845,4abfd00912a6e8455255b320c521fd5f19dc2178f6e21d0d234d48ac8cfcced8,sec_edgar_filings,https://www.sec.gov/Archives/edgar/data/35315/000003531525001099/filing10333.htm,2026-09-26 15:10:13.780819,text/html,1607635,C:\Users\chait\Desktop\DPA_Project2\data\raw\4abfd00912a6e8455255b320c521fd5f19dc2178f6e21d0d234d48ac8cfcced8.bin
doc_6754cbaf55564268,6754cbaf555642689606342dc946728fc520484fa547756515873739372965aa,sec_edgar_filings,https://www.sec.gov/Archives/edgar/data/35315/000003531525001064/filing10322.htm,2026-09-26 15:10:16.281251,text/html,3118,C:\Users\chait\Desktop\DPA_Project2\data\raw\6754cbaf555642689606342dc946728fc520484fa547756515873739372965aa.bin
doc_410886c05dad44bb,410886c05dad44bb038abca96cd5a6458dd777c5808f65cdce6e9548743c569e,sec_edgar_filings,https://www.sec.gov/Archives/edgar/data/35315/000003531525000851/filing10344.htm,2026-09-26 15:10:18.781640,text/html,16703,C:\Users\chait\Desktop\DPA_Project2\data\raw\410886c05dad44bb038abca96cd5a6458dd777c5808f65cdce6e9548743c569e.bin
doc_65996379f8ce3aee,65996379f8ce3aeed8ab2f79a5a2157ca51f4948b2082990634725aa11f77b03,sec_edgar_filings,https://www.sec.gov/Archives/edgar/data/35315/000003531525000847/filing10118.htm,2026-09-26 15:10:21.282202,text/html,36238,C:\Users\chait\Desktop\DPA_Project2\data\raw\65996379f8ce3aeed8ab2f79a5a2157ca51f4948b2082990634725aa11f77b03.bin
doc_f205ca789fdd045a,f205ca789fdd045a2c4d0af87da02368a760c794cc1de9384b6988a4e4bf7b0f,sec_edgar_filings,https://www.sec.gov/Archives/edgar/data/35315/000003531525000836/filing9858.htm,2026-09-26 15:10:23.782489,text/html,35710,C:\Users\chait\Desktop\DPA_Project2\data\raw\f205ca789fdd045a2c4d0af87da02368a760c794cc1de9384b6988a4e4bf7b0f.bin
doc_03e16da21a1dad4b,03e16da21a1dad4b0600799810c2240b473da04fc8fb0e72f9b58a910b3b1e0a,sec_edgar_filings,https://www.sec.gov/Archives/edgar/data/35315/000003531525001144/filing10639.htm,2026-09-26 15:10:26.282856,text/html,18975,C:\Users\chait\Desktop\DPA_Project2\data\raw\03e16da21a1dad4b0600799810c2240b473da04fc8fb0e72f9b58a910b3b1e0a.bin
doc_65d84239e53098f7,65d84239e53098f753f5d08572f2c7102bc1c8b6cb9b308d00eb9809bbfb0f8a,sec_edgar_filings,https://www.sec.gov/Archives/edgar/data/35315/000003531525001120/filing10617.htm,2026-09-26 15:10:28.783365,text/html,17368,C:\Users\chait\Desktop\DPA_Project2\data\raw\65d84239e53098f753f5d08572f2c7102bc1c8b6cb9b308d00eb9809bbfb0f8a.bin
doc_22f7b055de872599,22f7b055de872599929bc813c73ab5095ce61684234ce22978891c337be37846,sec_edgar_filings,https://www.sec.gov/Archives/edgar/data/35315/000003531525001293/filing10933.htm,2026-09-26 15:10:31.284054,text/html,698558,C:\Users\chait\Desktop\DPA_Project2\data\raw\22f7b055de872599929bc813c73ab5095ce61684234ce22978891c337be37846.bin
doc_caf0b12b195ec8a0,caf0b12b195ec8a00dcf9296d8076e6c656d5c801499f018d3e195fe8b953013,sec_edgar_filings,https://www.sec.gov/Archives/edgar/data/35315/000003531525001287/filing10914.htm,2026-09-26 15:10:33.784111,text/html,257382,C:\Users\chait\Desktop\DPA_Project2\data\raw\caf0b12b195ec8a00dcf9296d8076e6c656d5c801499f018d3e195fe8b953013.bin
doc_61e9f5673483cc95,61e9f5673483cc95697246e1e399ae107768195e47933fbfd58812b9e5778001,sec_edgar_filings,https://www.sec.gov/Archives/edgar/data/35315/000003531525001190/ASCB-PSTK.htm,2026-09-26 15:10:36.284378,text/html,4228,C:\Users\chait\Desktop\DPA_Project2\data\raw\61e9f5673483cc95697246e1e399ae107768195e47933fbfd58812b9e5778001.bin
doc_88c83d8ffec8e883,88c83d8ffec8e883e327a0c5c51a9ea795dfec410566281daa7dc5e3f73ee794,sec_edgar_filings,https://www.sec.gov/Archives/edgar/data/35315/000003531525001189/filing10884.htm,2026-09-26 15:10:38.784525,text/html,78268,C:\Users\chait\Desktop\DPA_Project2\data\raw\88c83d8ffec8e883e327a0c5c51a9ea795dfec410566281daa7dc5e3f73ee794.bin
doc_2e37d0ef1f35f8d7,2e37d0ef1f35f8d7f3fcdf19285248a7f9f1432e9d890caa89db77823eb41673,sec_edgar_filings,https://www.sec.gov/Archives/edgar/data/35315/000003531526000142/filing11802.htm,2026-09-26 15:10:41.286952,text/html,85004,C:\Users\chait\Desktop\DPA_Project2\data\raw\2e37d0ef1f35f8d7f3fcdf19285248a7f9f1432e9d890caa89db77823eb41673.bin
doc_3bcc9fa46658513c,3bcc9fa46658513cd1de9a0cb4652fd48657aaef822811b88f81c5757932ffba,sec_edgar_filings,https://www.sec.gov/Archives/edgar/data/35315/000003531526000293/filing12458.htm,2026-09-26 15:10:43.787604,text/html,24131,C:\Users\chait\Desktop\DPA_Project2\data\raw\3bcc9fa46658513cd1de9a0cb4652fd48657aaef822811b88f81c5757932ffba.bin
doc_21f80a4c23757e5d,21f80a4c23757e5de802abd1f57abdb3d3d7f7a3f889d175fd7ae3026b8659dc,sec_edgar_filings,https://www.sec.gov/Archives/edgar/data/35315/000003531526000292/filing12454.htm,2026-09-26 15:10:46.288371,text/html,29466,C:\Users\chait\Desktop\DPA_Project2\data\raw\21f80a4c23757e5de802abd1f57abdb3d3d7f7a3f889d175fd7ae3026b8659dc.bin
doc_38adb7e72474901c,38adb7e72474901c15c9982d097dd3cd5c11995deb83bfc0ab91b5e5e74b6a07,sec_edgar_filings,https://www.sec.gov/Archives/edgar/data/35315/000003531526000291/MainFile.htm,2026-09-26 15:10:48.788516,text/html,14014,C:\Users\chait\Desktop\DPA_Project2\data\raw\38adb7e72474901c15c9982d097dd3cd5c11995deb83bfc0ab91b5e5e74b6a07.bin
doc_49132e3e8e68ff49,49132e3e8e68ff49e4e5d3ef929e6830bcdfd9fa3c9fc7c8877d7a558ffbab32,sec_edgar_filings,https://www.sec.gov/Archives/edgar/data/35315/000003531526000241/filing12303.htm,2026-09-26 15:10:51.289089,text/html,3696,C:\Users\chait\Desktop\DPA_Project2\data\raw\49132e3e8e68ff49e4e5d3ef929e6830bcdfd9fa3c9fc7c8877d7a558ffbab32.bin
doc_133e2260940c4360,133e2260940c4360e26e05b340c86ce2f44da4b04598f331da3f1dd66e402214,sec_edgar_filings,https://www.sec.gov/Archives/edgar/data/35315/000003531526000348/filing12448.htm,2026-09-26 15:10:53.793080,text/html,159965,C:\Users\chait\Desktop\DPA_Project2\data\raw\133e2260940c4360e26e05b340c86ce2f44da4b04598f331da3f1dd66e402214.bin
doc_eac0228ceb7fbe02,eac0228ceb7fbe023ef0ad206f24d09814ed4f920f4baa90ba936bc6e6b5e54e,sec_edgar_filings,https://www.sec.gov/Archives/edgar/data/35315/000003531526000322/filing12355.htm,2026-09-26 15:10:56.293209,text/html,201924,C:\Users\chait\Desktop\DPA_Project2\data\raw\eac0228ceb7fbe023ef0ad206f24d09814ed4f920f4baa90ba936bc6e6b5e54e.bin
doc_9ae63e7f92f941e1,9ae63e7f92f941e13575a74f67ad7d28ce583e0e36e57d8607a3e3b7fa9c6d9f,sec_edgar_filings,https://www.sec.gov/Archives/edgar/data/35315/000003531526000416/filing12915.htm,2026-09-26 15:10:58.793724,text/html,3150,C:\Users\chait\Desktop\DPA_Project2\data\raw\9ae63e7f92f941e13575a74f67ad7d28ce583e0e36e57d8607a3e3b7fa9c6d9f.bin
doc_d9f9f06994c9259c,d9f9f06994c9259c65538ed368df94fa912da981fc49777cf72636699fc638ed,sec_edgar_filings,https://www.sec.gov/Archives/edgar/data/35315/000003531526000564/filing13541.htm,2026-09-26 15:11:01.294183,text/html,4016,C:\Users\chait\Desktop\DPA_Project2\data\raw\d9f9f06994c9259c65538ed368df94fa912da981fc49777cf72636699fc638ed.bin
doc_99dda029557ccc41,99dda029557ccc41c8e7a40834273dc65250e95b85464f6d41416356888f652f,sec_edgar_submissions_api,https://data.sec.gov/submissions/CIK0000751199.json,2026-09-26 15:11:06.893316,application/json,176358,C:\Users\chait\Desktop\DPA_Project2\data\raw\99dda029557ccc41c8e7a40834273dc65250e95b85464f6d41416356888f652f.bin
doc_7469cb92f63817f3,7469cb92f63817f35b987a44b70abcd724ecb1e4de84f6321182eb4aec450e9b,official_fund_sponsor_page,https://fundresearch.fidelity.com/mutual-funds/summary/316146200,2026-09-26 15:11:11.081298,text/html,31517,C:\Users\chait\Desktop\DPA_Project2\data\raw\7469cb92f63817f35b987a44b70abcd724ecb1e4de84f6321182eb4aec450e9b.bin
doc_95a1bfd722900b41,95a1bfd722900b410c526f2adf5e384ebedd6bf816a0be58fa4f00971fa74872,sec_edgar_filings,https://www.sec.gov/Archives/edgar/data/751199/000075119925000022/filing8545.htm,2026-09-26 15:11:15.421477,text/html,21417,C:\Users\chait\Desktop\DPA_Project2\data\raw\95a1bfd722900b410c526f2adf5e384ebedd6bf816a0be58fa4f00971fa74872.bin
doc_d44716abb8f2eb6f,d44716abb8f2eb6f000f0098d5bebaed263f0889155ef839993247ad6f6b5f88,sec_edgar_filings,https://www.sec.gov/Archives/edgar/data/751199/000075119925000019/filing8564.htm,2026-09-26 15:11:17.921943,text/html,3078,C:\Users\chait\Desktop\DPA_Project2\data\raw\d44716abb8f2eb6f000f0098d5bebaed263f0889155ef839993247ad6f6b5f88.bin
doc_d05c605abbbe570e,d05c605abbbe570ee52a91ea809c16ebbc0fda52b87c51a8e5ffab153e90eca5,sec_edgar_filings,https://www.sec.gov/Archives/edgar/data/751199/000075119925000025/filing8582.htm,2026-09-26 15:11:20.422638,text/html,53566,C:\Users\chait\Desktop\DPA_Project2\data\raw\d05c605abbbe570ee52a91ea809c16ebbc0fda52b87c51a8e5ffab153e90eca5.bin
doc_355c5584c2315b4e,355c5584c2315b4e8102a6847059447c6eace609a4496fae360793d64472dcbc,sec_edgar_filings,https://www.sec.gov/Archives/edgar/data/751199/000075119925000087/filing9061.htm,2026-09-26 15:11:22.923095,text/html,5038,C:\Users\chait\Desktop\DPA_Project2\data\raw\355c5584c2315b4e8102a6847059447c6eace609a4496fae360793d64472dcbc.bin
doc_a20df3c0d669c15f,a20df3c0d669c15fae96bb08b339ba7f9a2c0ff69c18c45454a1115a48d83874,sec_edgar_filings,https://www.sec.gov/Archives/edgar/data/751199/000075119925000086/filing9062.htm,2026-09-26 15:11:25.423225,text/html,5053,C:\Users\chait\Desktop\DPA_Project2\data\raw\a20df3c0d669c15fae96bb08b339ba7f9a2c0ff69c18c45454a1115a48d83874.bin
doc_055e3ad2377ec642,055e3ad2377ec642e0472e667fa9011d15dafc2199d1f7fe612acfcfc01fc182,sec_edgar_filings,https://www.sec.gov/Archives/edgar/data/751199/000075119925000078/filing9060.htm,2026-09-26 15:11:28.610188,text/html,17108,C:\Users\chait\Desktop\DPA_Project2\data\raw\055e3ad2377ec642e0472e667fa9011d15dafc2199d1f7fe612acfcfc01fc182.bin
doc_bd339eb3f1a97542,bd339eb3f1a975421a7990a30669d7d29f6d491503f0157b1e880a3078a88295,sec_edgar_filings,https://www.sec.gov/Archives/edgar/data/751199/000075119925000077/filing9049.htm,2026-09-26 15:11:31.110607,text/html,5055,C:\Users\chait\Desktop\DPA_Project2\data\raw\bd339eb3f1a975421a7990a30669d7d29f6d491503f0157b1e880a3078a88295.bin
doc_f8463977542baac5,f8463977542baac54017f954ecc1c777f2146518d822014e604ccba352e0944d,sec_edgar_filings,https://www.sec.gov/Archives/edgar/data/751199/000075119925000211/filing9578.htm,2026-09-26 15:11:34.766855,text/html,8100,C:\Users\chait\Desktop\DPA_Project2\data\raw\f8463977542baac54017f954ecc1c777f2146518d822014e604ccba352e0944d.bin
doc_b8a88762642fac1f,b8a88762642fac1f920a522186065a4cdbaa032530c1c99ace99e0c54f74e53e,sec_edgar_filings,https://www.sec.gov/Archives/edgar/data/751199/000075119925000203/filing9580.htm,2026-09-26 15:11:37.267294,text/html,8085,C:\Users\chait\Desktop\DPA_Project2\data\raw\b8a88762642fac1f920a522186065a4cdbaa032530c1c99ace99e0c54f74e53e.bin
doc_6d1da3f2251cdc27,6d1da3f2251cdc27276f10b0f5b2f6f2429660d76a2595a1f1b7be27c51415f8,sec_edgar_filings,https://www.sec.gov/Archives/edgar/data/751199/000075119925000195/filing9579.htm,2026-09-26 15:11:39.767935,text/html,8114,C:\Users\chait\Desktop\DPA_Project2\data\raw\6d1da3f2251cdc27276f10b0f5b2f6f2429660d76a2595a1f1b7be27c51415f8.bin
doc_8d43b38f2e574d1b,8d43b38f2e574d1b28a7f929facff0411a0effb90c3ddb0c2e5696a6bed2e8a4,sec_edgar_filings,https://www.sec.gov/Archives/edgar/data/751199/000075119925000187/filing9353.htm,2026-09-26 15:11:42.268221,text/html,19940,C:\Users\chait\Desktop\DPA_Project2\data\raw\8d43b38f2e574d1b28a7f929facff0411a0effb90c3ddb0c2e5696a6bed2e8a4.bin
doc_ca94c4d98fe5b8c9,ca94c4d98fe5b8c9ace7da00fbb2859f4de83f59cd4d76207b8889772f44f8cf,sec_edgar_filings,https://www.sec.gov/Archives/edgar/data/751199/000075119925000358/filing10623.htm,2026-09-26 15:11:44.768535,text/html,14153,C:\Users\chait\Desktop\DPA_Project2\data\raw\ca94c4d98fe5b8c9ace7da00fbb2859f4de83f59cd4d76207b8889772f44f8cf.bin
doc_52243a0f495241fb,52243a0f495241fb9d9e1ec973b55900b5840f2bb44d17a378c7eb661565791e,sec_edgar_filings,https://www.sec.gov/Archives/edgar/data/751199/000075119925000350/filing10622.htm,2026-09-26 15:11:47.268649,text/html,14040,C:\Users\chait\Desktop\DPA_Project2\data\raw\52243a0f495241fb9d9e1ec973b55900b5840f2bb44d17a378c7eb661565791e.bin
doc_6b6f8a329152bdf8,6b6f8a329152bdf83451f358ca567af82a39959dfa24e78fbac1d2ad5eab8650,sec_edgar_filings,https://www.sec.gov/Archives/edgar/data/751199/000075119925000335/filing10594.htm,2026-09-26 15:11:49.769213,text/html,13871,C:\Users\chait\Desktop\DPA_Project2\data\raw\6b6f8a329152bdf83451f358ca567af82a39959dfa24e78fbac1d2ad5eab8650.bin
doc_ad34a8d426d49c5b,ad34a8d426d49c5bcc23a6289a5e19052e9788955d40ba4a3ae974efe9b99794,sec_edgar_filings,https://www.sec.gov/Archives/edgar/data/751199/000075119925000334/filing10621.htm,2026-09-26 15:11:52.269775,text/html,14146,C:\Users\chait\Desktop\DPA_Project2\data\raw\ad34a8d426d49c5bcc23a6289a5e19052e9788955d40ba4a3ae974efe9b99794.bin
doc_0761a090fe4bbd60,0761a090fe4bbd6057d28f838a2eb5a738fd65da137659b593aae964056c57b7,sec_edgar_filings,https://www.sec.gov/Archives/edgar/data/751199/000075119925000369/filing10886.htm,2026-09-26 15:11:54.770469,text/html,11805,C:\Users\chait\Desktop\DPA_Project2\data\raw\0761a090fe4bbd6057d28f838a2eb5a738fd65da137659b593aae964056c57b7.bin
doc_8765accd78c8002a,8765accd78c8002a762c5ff5014275f2aaaa23c776f6164b3988a23c2cd5d423,sec_edgar_filings,https://www.sec.gov/Archives/edgar/data/751199/000075119926000050/filing12150.htm,2026-09-26 15:11:57.271407,text/html,65036,C:\Users\chait\Desktop\DPA_Project2\data\raw\8765accd78c8002a762c5ff5014275f2aaaa23c776f6164b3988a23c2cd5d423.bin
doc_ed25089c7b58462d,ed25089c7b58462d69e4670d106a5dba1f3d0cdbf9c6160348be7e63f27816c4,sec_edgar_filings,https://www.sec.gov/Archives/edgar/data/751199/000075119926000058/filing12449.htm,2026-09-26 15:11:59.771488,text/html,129379,C:\Users\chait\Desktop\DPA_Project2\data\raw\ed25089c7b58462d69e4670d106a5dba1f3d0cdbf9c6160348be7e63f27816c4.bin
doc_0c09c1287790f42a,0c09c1287790f42a31614ad77a63a8fcb65911cd813b22886b4bffccf388ab1a,sec_edgar_filings,https://www.sec.gov/Archives/edgar/data/751199/000075119926000056/filing12358.htm,2026-09-26 15:12:02.272205,text/html,25434,C:\Users\chait\Desktop\DPA_Project2\data\raw\0c09c1287790f42a31614ad77a63a8fcb65911cd813b22886b4bffccf388ab1a.bin
doc_c18234552d8e232f,c18234552d8e232f05111002a85bd8fdac17d98e561bf73c496df969d7a4ced1,official_fund_sponsor_page,https://fundresearch.fidelity.com/mutual-funds/summary/315911602,2026-09-26 15:12:19.813120,text/html,31517,C:\Users\chait\Desktop\DPA_Project2\data\raw\c18234552d8e232f05111002a85bd8fdac17d98e561bf73c496df969d7a4ced1.bin
doc_d4a25832c45cfafb,d4a25832c45cfafb6936dc717090889b8b9f96cac4c4bde1912b4104e9411807,official_fund_sponsor_page,https://fundresearch.fidelity.com/mutual-funds/summary/316389303,2026-09-26 15:13:01.596769,text/html,32314,C:\Users\chait\Desktop\DPA_Project2\data\raw\d4a25832c45cfafb6936dc717090889b8b9f96cac4c4bde1912b4104e9411807.bin
doc_eeaaec15cead3ca0,eeaaec15cead3ca03337f0d29143ee51e0c75063d4281255d962231006311cdb,sec_edgar_submissions_api,https://data.sec.gov/submissions/CIK0000081205.json,2026-09-26 15:13:38.371999,application/json,168890,C:\Users\chait\Desktop\DPA_Project2\data\raw\eeaaec15cead3ca03337f0d29143ee51e0c75063d4281255d962231006311cdb.bin
doc_2bf722d5cd53cd06,2bf722d5cd53cd06df7612ce65867ea0d737465d957fab93a4a2cd725052ea32,official_fund_sponsor_page,https://fundresearch.fidelity.com/mutual-funds/summary/316345107,2026-09-26 15:13:45.151126,text/html,32320,C:\Users\chait\Desktop\DPA_Project2\data\raw\2bf722d5cd53cd06df7612ce65867ea0d737465d957fab93a4a2cd725052ea32.bin
doc_d4f6cb64edc05c0b,d4f6cb64edc05c0b57e2c1294395bdd1bdfa8f2d5755f621808736da9526d95a,sec_edgar_filings,https://www.sec.gov/Archives/edgar/data/81205/000008120524000205/filing8382.htm,2026-09-26 15:13:50.141742,text/html,17074,C:\Users\chait\Desktop\DPA_Project2\data\raw\d4f6cb64edc05c0b57e2c1294395bdd1bdfa8f2d5755f621808736da9526d95a.bin
doc_27c4ab5748ed9e1c,27c4ab5748ed9e1c20b18e7e4c951ac117622f748d4804610d77f4b0e0092389,sec_edgar_filings,https://www.sec.gov/Archives/edgar/data/81205/000008120525000028/filing8551.htm,2026-09-26 15:13:52.641981,text/html,1461301,C:\Users\chait\Desktop\DPA_Project2\data\raw\27c4ab5748ed9e1c20b18e7e4c951ac117622f748d4804610d77f4b0e0092389.bin
doc_8e2b4c53e409ad55,8e2b4c53e409ad55c5f5b0cdc6b295862d54fdd4209e0cefc30069bbe1a846d9,sec_edgar_filings,https://www.sec.gov/Archives/edgar/data/81205/000008120525000057/filing8589.htm,2026-09-26 15:13:55.142482,text/html,11974,C:\Users\chait\Desktop\DPA_Project2\data\raw\8e2b4c53e409ad55c5f5b0cdc6b295862d54fdd4209e0cefc30069bbe1a846d9.bin
doc_ea576ba47e5a466e,ea576ba47e5a466e3b97f7a94152412936c14fb1d47303cc2917794669889962,sec_edgar_filings,https://www.sec.gov/Archives/edgar/data/81205/000008120525000074/filing8802.htm,2026-09-26 15:13:57.642658,text/html,3128577,C:\Users\chait\Desktop\DPA_Project2\data\raw\ea576ba47e5a466e3b97f7a94152412936c14fb1d47303cc2917794669889962.bin
doc_82d5664d8321781b,82d5664d8321781b9c1d1c4d295beb5801432d4ebf0a2c37562f0ea62319269b,sec_edgar_filings,https://www.sec.gov/Archives/edgar/data/81205/000008120525000073/filing8787.htm,2026-09-26 15:14:00.676815,text/html,1932109,C:\Users\chait\Desktop\DPA_Project2\data\raw\82d5664d8321781b9c1d1c4d295beb5801432d4ebf0a2c37562f0ea62319269b.bin
doc_72c4326b49c45d99,72c4326b49c45d99c9e12e72aa32f8a088a4fee3eacf545f902d7c9788648d27,sec_edgar_filings,https://www.sec.gov/Archives/edgar/data/81205/000008120525000097/filing9214.htm,2026-09-26 15:14:03.177465,text/html,167001,C:\Users\chait\Desktop\DPA_Project2\data\raw\72c4326b49c45d99c9e12e72aa32f8a088a4fee3eacf545f902d7c9788648d27.bin
doc_ce1e2551a8943d87,ce1e2551a8943d87c673f0581505788bb28aff85b77abc9cb50ccede90f77764,sec_edgar_filings,https://www.sec.gov/Archives/edgar/data/81205/000008120525000242/filing10629.htm,2026-09-26 15:14:05.678457,text/html,19759,C:\Users\chait\Desktop\DPA_Project2\data\raw\ce1e2551a8943d87c673f0581505788bb28aff85b77abc9cb50ccede90f77764.bin
doc_ad7ab598d4025d1d,ad7ab598d4025d1d9108fe197e3abddb648801e4f99f91e1a0963f7fba8d6524,sec_edgar_filings,https://www.sec.gov/Archives/edgar/data/81205/000008120526000005/filing11176.htm,2026-09-26 15:14:08.178697,text/html,146654,C:\Users\chait\Desktop\DPA_Project2\data\raw\ad7ab598d4025d1d9108fe197e3abddb648801e4f99f91e1a0963f7fba8d6524.bin
doc_264bfa92fa6d3980,264bfa92fa6d39809e57d5d4b37c75bd1b25ad06e903c2e5f431ea88b5422b25,sec_edgar_filings,https://www.sec.gov/Archives/edgar/data/81205/000008120526000011/filing11670.htm,2026-09-26 15:14:10.679167,text/html,23902,C:\Users\chait\Desktop\DPA_Project2\data\raw\264bfa92fa6d39809e57d5d4b37c75bd1b25ad06e903c2e5f431ea88b5422b25.bin
doc_3d88d1aa3ea1408c,3d88d1aa3ea1408c22be3b708473c48c5e0da40df91bbfe7a13660c431ab32eb,sec_edgar_filings,https://www.sec.gov/Archives/edgar/data/81205/000008120526000031/filing12333.htm,2026-09-26 15:14:13.179746,text/html,678898,C:\Users\chait\Desktop\DPA_Project2\data\raw\3d88d1aa3ea1408c22be3b708473c48c5e0da40df91bbfe7a13660c431ab32eb.bin
doc_8ad48a864b20a5f7,8ad48a864b20a5f74075fed36a8f9f3af95fef25652b7ffa71f1400c0b7059ee,sec_edgar_filings,https://www.sec.gov/Archives/edgar/data/81205/000008120526000030/filing12290.htm,2026-09-26 15:14:15.680348,text/html,3345175,C:\Users\chait\Desktop\DPA_Project2\data\raw\8ad48a864b20a5f74075fed36a8f9f3af95fef25652b7ffa71f1400c0b7059ee.bin
doc_46aa09ab4de8d080,46aa09ab4de8d080d7d04a07a8ad56a9fa8c86651dadf4daf4ad598f632df08a,sec_edgar_filings,https://www.sec.gov/Archives/edgar/data/81205/000008120526000033/filing12452.htm,2026-09-26 15:14:18.180885,text/html,24093,C:\Users\chait\Desktop\DPA_Project2\data\raw\46aa09ab4de8d080d7d04a07a8ad56a9fa8c86651dadf4daf4ad598f632df08a.bin
doc_1ed6ee26877c072a,1ed6ee26877c072a8485b20c2a046a8a7248de85357b469c7ce0cfdff653e495,sec_edgar_submissions_api,https://data.sec.gov/submissions/CIK0000945908.json,2026-09-26 15:14:23.783658,application/json,178688,C:\Users\chait\Desktop\DPA_Project2\data\raw\1ed6ee26877c072a8485b20c2a046a8a7248de85357b469c7ce0cfdff653e495.bin
doc_92c50c1e02c50a83,92c50c1e02c50a837ea45ef0f2542d04f5f2270cee6f1acf033bac9bebab5f89,sec_edgar_filings,https://www.sec.gov/Archives/edgar/data/945908/000094590824000343/filing8117.htm,2026-09-26 15:14:36.568296,text/html,21256,C:\Users\chait\Desktop\DPA_Project2\data\raw\92c50c1e02c50a837ea45ef0f2542d04f5f2270cee6f1acf033bac9bebab5f89.bin
doc_01b6fbe6c9e0049e,01b6fbe6c9e0049ed82c414d574bde3b07f1e2bacf82814a79ac1f4d29ea0b01,sec_edgar_filings,https://www.sec.gov/Archives/edgar/data/945908/000094590824000342/hie-pstkcopy.htm,2026-09-26 15:14:39.069136,text/html,17105,C:\Users\chait\Desktop\DPA_Project2\data\raw\01b6fbe6c9e0049ed82c414d574bde3b07f1e2bacf82814a79ac1f4d29ea0b01.bin
doc_7a6416d27b2900b5,7a6416d27b2900b5530fda3afb5eb3cbdc9fe3e28c66922e595333d8926a1894,sec_edgar_filings,https://www.sec.gov/Archives/edgar/data/945908/000094590824000341/hie-sstkcopy.htm,2026-09-26 15:14:41.569777,text/html,5467,C:\Users\chait\Desktop\DPA_Project2\data\raw\7a6416d27b2900b5530fda3afb5eb3cbdc9fe3e28c66922e595333d8926a1894.bin
doc_0e95f0341c26887c,0e95f0341c26887c320f3b02eb7c40071217b2f3501c0de87c42440a8f78bb7c,sec_edgar_filings,https://www.sec.gov/Archives/edgar/data/945908/000094590824000738/filing8462.htm,2026-09-26 15:14:44.317139,text/html,13295,C:\Users\chait\Desktop\DPA_Project2\data\raw\0e95f0341c26887c320f3b02eb7c40071217b2f3501c0de87c42440a8f78bb7c.bin
doc_176bb7b04d487be6,176bb7b04d487be6d3a2febf6c6881c390c0f022c07060fbfce4526ed1ff71c8,sec_edgar_filings,https://www.sec.gov/Archives/edgar/data/945908/000094590824000710/filing8398.htm,2026-09-26 15:14:46.817658,text/html,15372,C:\Users\chait\Desktop\DPA_Project2\data\raw\176bb7b04d487be6d3a2febf6c6881c390c0f022c07060fbfce4526ed1ff71c8.bin
doc_a9b47b1cae3aad90,a9b47b1cae3aad9058c2647251f49f537a209a583758c38e56a75bfff88c3159,sec_edgar_filings,https://www.sec.gov/Archives/edgar/data/945908/000094590824000681/filing8312.htm,2026-09-26 15:14:49.317919,text/html,70259,C:\Users\chait\Desktop\DPA_Project2\data\raw\a9b47b1cae3aad9058c2647251f49f537a209a583758c38e56a75bfff88c3159.bin
doc_c152791f4dfc0dae,c152791f4dfc0dae275822184e6bc07fb2a2279b4d5baffe407f8a937592c33c,sec_edgar_filings,https://www.sec.gov/Archives/edgar/data/945908/000094590825000125/filing8553.htm,2026-09-26 15:14:51.818248,text/html,449363,C:\Users\chait\Desktop\DPA_Project2\data\raw\c152791f4dfc0dae275822184e6bc07fb2a2279b4d5baffe407f8a937592c33c.bin
doc_273c51888654cdf2,273c51888654cdf28dff313db0ebf33cd52796365eda7f7c5afdb220cbd106d8,sec_edgar_filings,https://www.sec.gov/Archives/edgar/data/945908/000094590825000206/filing8795.htm,2026-09-26 15:14:54.318689,text/html,1182502,C:\Users\chait\Desktop\DPA_Project2\data\raw\273c51888654cdf28dff313db0ebf33cd52796365eda7f7c5afdb220cbd106d8.bin
doc_fe83fb00e93f1617,fe83fb00e93f1617a838dc3aa6bd0ee1d62e1e2d3cddc4203a3072022c7e2116,sec_edgar_filings,https://www.sec.gov/Archives/edgar/data/945908/000094590825000248/filing8932.htm,2026-09-26 15:15:05.202678,text/html,6855,C:\Users\chait\Desktop\DPA_Project2\data\raw\fe83fb00e93f1617a838dc3aa6bd0ee1d62e1e2d3cddc4203a3072022c7e2116.bin
doc_af31d56b9aaeec75,af31d56b9aaeec750f5e420b5032d6023b8f5f745dfc8973720fd229269b426e,sec_edgar_filings,https://www.sec.gov/Archives/edgar/data/945908/000094590825000279/filing8961.htm,2026-09-26 15:15:07.703289,text/html,26688,C:\Users\chait\Desktop\DPA_Project2\data\raw\af31d56b9aaeec750f5e420b5032d6023b8f5f745dfc8973720fd229269b426e.bin
doc_a46606f469f1a995,a46606f469f1a995406a5996cccdbefef627a2a7e3c1c573ae185762212a37f5,sec_edgar_filings,https://www.sec.gov/Archives/edgar/data/945908/000094590825000255/filing8924.htm,2026-09-26 15:15:10.203823,text/html,68037,C:\Users\chait\Desktop\DPA_Project2\data\raw\a46606f469f1a995406a5996cccdbefef627a2a7e3c1c573ae185762212a37f5.bin
doc_644560f54bd1c8c9,644560f54bd1c8c9360e7643a440bdf00dc208643b2abbfab5d03669c4a06a49,sec_edgar_filings,https://www.sec.gov/Archives/edgar/data/945908/000094590825000341/filing9084.htm,2026-09-26 15:15:12.704245,text/html,7500,C:\Users\chait\Desktop\DPA_Project2\data\raw\644560f54bd1c8c9360e7643a440bdf00dc208643b2abbfab5d03669c4a06a49.bin
doc_b1fb6081b9f0ffaa,b1fb6081b9f0ffaab1e49b494c2a92c1139ec53d8208f196ec3bed886cda2173,sec_edgar_filings,https://www.sec.gov/Archives/edgar/data/945908/000094590825000308/filing9202.htm,2026-09-26 15:15:15.204607,text/html,15802,C:\Users\chait\Desktop\DPA_Project2\data\raw\b1fb6081b9f0ffaab1e49b494c2a92c1139ec53d8208f196ec3bed886cda2173.bin
doc_99a8100dc0d5b783,99a8100dc0d5b7834b39d0ebd2bfe67cfdbed74e804b99f624b7301746f24689,sec_edgar_filings,https://www.sec.gov/Archives/edgar/data/945908/000094590825000297/filing9066.htm,2026-09-26 15:15:17.704720,text/html,25061,C:\Users\chait\Desktop\DPA_Project2\data\raw\99a8100dc0d5b7834b39d0ebd2bfe67cfdbed74e804b99f624b7301746f24689.bin
doc_455171eaed75b9a5,455171eaed75b9a5c9513f093d4f741251650c44a4bbb673fcb0ef03b666ad1e,sec_edgar_filings,https://www.sec.gov/Archives/edgar/data/945908/000094590825000388/filing9330.htm,2026-09-26 15:15:20.204982,text/html,24592,C:\Users\chait\Desktop\DPA_Project2\data\raw\455171eaed75b9a5c9513f093d4f741251650c44a4bbb673fcb0ef03b666ad1e.bin
doc_79fe746791f4ab52,79fe746791f4ab52b4ed006a3a41b5ef539f0c53cbb655d47b06e0687c144640,sec_edgar_filings,https://www.sec.gov/Archives/edgar/data/945908/000094590825000353/filing9239.htm,2026-09-26 15:15:22.705260,text/html,40721,C:\Users\chait\Desktop\DPA_Project2\data\raw\79fe746791f4ab52b4ed006a3a41b5ef539f0c53cbb655d47b06e0687c144640.bin
doc_ab55db5eca86e5d1,ab55db5eca86e5d1b7744707cc2812a52af1ccd22393550495e85eba717beb11,sec_edgar_filings,https://www.sec.gov/Archives/edgar/data/945908/000094590825000407/filing9347.htm,2026-09-26 15:15:25.205991,text/html,20173,C:\Users\chait\Desktop\DPA_Project2\data\raw\ab55db5eca86e5d1b7744707cc2812a52af1ccd22393550495e85eba717beb11.bin
doc_32f07dc0d3f70035,32f07dc0d3f70035ebaff7c39010e46f883c236dfdc8fb815263353001a478b2,sec_edgar_filings,https://www.sec.gov/Archives/edgar/data/945908/000094590825000554/filing9848.htm,2026-09-26 15:15:27.706575,text/html,32374,C:\Users\chait\Desktop\DPA_Project2\data\raw\32f07dc0d3f70035ebaff7c39010e46f883c236dfdc8fb815263353001a478b2.bin
doc_64c87b227ef1c9a4,64c87b227ef1c9a45b36acb2a9286a61d55ab0dc2636b0a8a5b4320ef5190b48,sec_edgar_filings,https://www.sec.gov/Archives/edgar/data/945908/000094590825000649/filing10366.htm,2026-09-26 15:15:30.206909,text/html,266667,C:\Users\chait\Desktop\DPA_Project2\data\raw\64c87b227ef1c9a45b36acb2a9286a61d55ab0dc2636b0a8a5b4320ef5190b48.bin
doc_abcc4301ee6f7494,abcc4301ee6f7494fda6e80a21762cc42963b6347b11045ba72bc7a52ad77358,sec_edgar_filings,https://www.sec.gov/Archives/edgar/data/945908/000094590825000647/filing10422.htm,2026-09-26 15:15:32.707593,text/html,6823,C:\Users\chait\Desktop\DPA_Project2\data\raw\abcc4301ee6f7494fda6e80a21762cc42963b6347b11045ba72bc7a52ad77358.bin
doc_44a7f5a96d5d81a9,44a7f5a96d5d81a9ab9ff2d8c27b828a21aa8a08a839d70bab5872c7b32b4468,sec_edgar_filings,https://www.sec.gov/Archives/edgar/data/945908/000094590825000598/filing10308.htm,2026-09-26 15:15:35.208398,text/html,87225,C:\Users\chait\Desktop\DPA_Project2\data\raw\44a7f5a96d5d81a9ab9ff2d8c27b828a21aa8a08a839d70bab5872c7b32b4468.bin
doc_e104c47799e2007b,e104c47799e2007b23d382471323fb64b2d725d329ada50cb0505e41e9378f80,sec_edgar_filings,https://www.sec.gov/Archives/edgar/data/945908/000094590825000709/filing10602.htm,2026-09-26 15:15:37.709316,text/html,29197,C:\Users\chait\Desktop\DPA_Project2\data\raw\e104c47799e2007b23d382471323fb64b2d725d329ada50cb0505e41e9378f80.bin
doc_9fbc5d35eef527f7,9fbc5d35eef527f79e30e9219a02bfbc4fc40c0e35fa6d95891f690d1253dc39,sec_edgar_filings,https://www.sec.gov/Archives/edgar/data/945908/000094590825000686/filing10638.htm,2026-09-26 15:15:40.209559,text/html,4739,C:\Users\chait\Desktop\DPA_Project2\data\raw\9fbc5d35eef527f79e30e9219a02bfbc4fc40c0e35fa6d95891f690d1253dc39.bin
doc_8c5f163b2bec8563,8c5f163b2bec85639fdb8d227198cd275e38fd2b45a43b6ee0ad3f6c9a6329ae,sec_edgar_filings,https://www.sec.gov/Archives/edgar/data/945908/000094590826000017/filing11177.htm,2026-09-26 15:15:42.709888,text/html,21651,C:\Users\chait\Desktop\DPA_Project2\data\raw\8c5f163b2bec85639fdb8d227198cd275e38fd2b45a43b6ee0ad3f6c9a6329ae.bin
doc_f5a7d010cb58b566,f5a7d010cb58b56609e20daefd87b288c01c00b07f33a4714346f4440df135c5,sec_edgar_filings,https://www.sec.gov/Archives/edgar/data/945908/000094590826000063/filing11322.htm,2026-09-26 15:15:45.210534,text/html,12994,C:\Users\chait\Desktop\DPA_Project2\data\raw\f5a7d010cb58b56609e20daefd87b288c01c00b07f33a4714346f4440df135c5.bin
doc_a242340d36e15a64,a242340d36e15a649e026f7257d90062d08f252620d6317610314393105194a5,sec_edgar_filings,https://www.sec.gov/Archives/edgar/data/945908/000094590826000095/filing11897.htm,2026-09-26 15:15:47.809559,text/html,3923,C:\Users\chait\Desktop\DPA_Project2\data\raw\a242340d36e15a649e026f7257d90062d08f252620d6317610314393105194a5.bin
doc_88c6bc44d4371be9,88c6bc44d4371be9d0f2b2b02b989d0fd28611195cf9aa8a6811bc869610ced5,sec_edgar_filings,https://www.sec.gov/Archives/edgar/data/945908/000094590826000149/filing12064.htm,2026-09-26 15:15:50.310063,text/html,9589,C:\Users\chait\Desktop\DPA_Project2\data\raw\88c6bc44d4371be9d0f2b2b02b989d0fd28611195cf9aa8a6811bc869610ced5.bin
doc_58eb26b887d21101,58eb26b887d21101105328099141dd431741e336119e2ca891f8ad05ad0c5c57,sec_edgar_filings,https://www.sec.gov/Archives/edgar/data/945908/000094590826000246/filing12840.htm,2026-09-26 15:15:52.810753,text/html,7389,C:\Users\chait\Desktop\DPA_Project2\data\raw\58eb26b887d21101105328099141dd431741e336119e2ca891f8ad05ad0c5c57.bin
doc_48544cbf842365bc,48544cbf842365bc85b1632a23d7edc9fafc35174ffbbecb07c20f5d330dcf54,sec_edgar_filings,https://www.sec.gov/Archives/edgar/data/945908/000094590826000218/filing12830.htm,2026-09-26 15:15:55.311556,text/html,749813,C:\Users\chait\Desktop\DPA_Project2\data\raw\48544cbf842365bc85b1632a23d7edc9fafc35174ffbbecb07c20f5d330dcf54.bin
doc_12b91473836d21ac,12b91473836d21ac9878a616d7aaa8da6bdf33abb46851c38ce4a0e84997eae9,sec_edgar_submissions_api,https://data.sec.gov/submissions/CIK0000205323.json,2026-09-26 15:16:01.380064,application/json,156254,C:\Users\chait\Desktop\DPA_Project2\data\raw\12b91473836d21ac9878a616d7aaa8da6bdf33abb46851c38ce4a0e84997eae9.bin
doc_e73f98ab3392476c,e73f98ab3392476cc3f4e992eb96e9f4751dc55e0560d0b9d8e9281da092ff47,sec_edgar_submissions_api,https://data.sec.gov/submissions/CIK0001454889.json,2026-09-26 15:16:14.670818,application/json,175419,C:\Users\chait\Desktop\DPA_Project2\data\raw\e73f98ab3392476cc3f4e992eb96e9f4751dc55e0560d0b9d8e9281da092ff47.bin
doc_cc467b65e884b1d9,cc467b65e884b1d97684025f3e64c3900bb40f74880623ca42d125a8baa1e7a7,sec_edgar_filings,https://www.sec.gov/Archives/edgar/data/1454889/000110465924105971/tm2425586-1_497.htm,2026-09-26 15:16:22.655701,text/html,18553,C:\Users\chait\Desktop\DPA_Project2\data\raw\cc467b65e884b1d97684025f3e64c3900bb40f74880623ca42d125a8baa1e7a7.bin
doc_ad46caf11bfff031,ad46caf11bfff031e66e849e44ef42f7d82c5c2ba45709d3d218c84844984f6e,sec_edgar_filings,https://www.sec.gov/Archives/edgar/data/1454889/000110465924130259/tm2430850-1_497.htm,2026-09-26 15:16:25.156284,text/html,92118,C:\Users\chait\Desktop\DPA_Project2\data\raw\ad46caf11bfff031e66e849e44ef42f7d82c5c2ba45709d3d218c84844984f6e.bin
doc_ad57aab9eb26c32a,ad57aab9eb26c32a8c7fd06707af153a70c8582831737fa58ab33976da1a0cc1,sec_edgar_filings,https://www.sec.gov/Archives/edgar/data/1454889/000110465925018454/tm256887d2_497.htm,2026-09-26 15:16:27.656956,text/html,99731,C:\Users\chait\Desktop\DPA_Project2\data\raw\ad57aab9eb26c32a8c7fd06707af153a70c8582831737fa58ab33976da1a0cc1.bin
doc_baf66d9778bf2b2e,baf66d9778bf2b2e1df81ce7ef31c23d1362786c09b67b330a4bee5efbf999ea,sec_edgar_filings,https://www.sec.gov/Archives/edgar/data/1454889/000110465925018449/tm256887d1_497.htm,2026-09-26 15:16:30.157526,text/html,92152,C:\Users\chait\Desktop\DPA_Project2\data\raw\baf66d9778bf2b2e1df81ce7ef31c23d1362786c09b67b330a4bee5efbf999ea.bin
doc_d59f7258f6506680,d59f7258f6506680e27a552af278666b70a44a80afb5c979506bfccc381fe505,sec_edgar_filings,https://www.sec.gov/Archives/edgar/data/1454889/000110465925018437/tm256885-1_497.htm,2026-09-26 15:16:32.657997,text/html,28103,C:\Users\chait\Desktop\DPA_Project2\data\raw\d59f7258f6506680e27a552af278666b70a44a80afb5c979506bfccc381fe505.bin
doc_5121f8c6720dd1b0,5121f8c6720dd1b0fe48fd739916c50f12b8e58c76959838c56f3b64b63a0353,sec_edgar_filings,https://www.sec.gov/Archives/edgar/data/1454889/000110465925009217/tm255327-1_497.htm,2026-09-26 15:16:35.159481,text/html,5420,C:\Users\chait\Desktop\DPA_Project2\data\raw\5121f8c6720dd1b0fe48fd739916c50f12b8e58c76959838c56f3b64b63a0353.bin
doc_537376ec885e5373,537376ec885e53731ae5ff8b8fca9ba4ef3e9c807be2f4409d762d55b570f095,sec_edgar_filings,https://www.sec.gov/Archives/edgar/data/1454889/000110465925024041/tm259165-1_497.htm,2026-09-26 15:16:37.660790,text/html,5277,C:\Users\chait\Desktop\DPA_Project2\data\raw\537376ec885e53731ae5ff8b8fca9ba4ef3e9c807be2f4409d762d55b570f095.bin
doc_639f51322e3682d3,639f51322e3682d382156aa4bcfa52e67c6a13160212d09806dc0c41c98e86f6,sec_edgar_filings,https://www.sec.gov/Archives/edgar/data/1454889/000110465925033107/tm2511439d1_497.htm,2026-09-26 15:16:40.161284,text/html,27481,C:\Users\chait\Desktop\DPA_Project2\data\raw\639f51322e3682d382156aa4bcfa52e67c6a13160212d09806dc0c41c98e86f6.bin
doc_746dfea0bad0c064,746dfea0bad0c064cdb930f3aa193d69f975e4d0964a41072c97afcf9f45df93,sec_edgar_filings,https://www.sec.gov/Archives/edgar/data/1454889/000110465925030631/tm2510820-2_497.htm,2026-09-26 15:16:42.661520,text/html,26133,C:\Users\chait\Desktop\DPA_Project2\data\raw\746dfea0bad0c064cdb930f3aa193d69f975e4d0964a41072c97afcf9f45df93.bin
doc_3ebcb497ede66295,3ebcb497ede662955225b1e769ae7d3e339f045b5776774dbc0682e9a2a75391,sec_edgar_filings,https://www.sec.gov/Archives/edgar/data/1454889/000110465925047928/tm2514524d4_497.htm,2026-09-26 15:16:45.161567,text/html,21600,C:\Users\chait\Desktop\DPA_Project2\data\raw\3ebcb497ede662955225b1e769ae7d3e339f045b5776774dbc0682e9a2a75391.bin
doc_da2d598447c08601,da2d598447c08601a946bb0afe4ef6efcb8d318dfa74f9bf151d9162dbb269a8,sec_edgar_filings,https://www.sec.gov/Archives/edgar/data/1454889/000110465925057434/tm2517395-1_497.htm,2026-09-26 15:16:47.661849,text/html,83082,C:\Users\chait\Desktop\DPA_Project2\data\raw\da2d598447c08601a946bb0afe4ef6efcb8d318dfa74f9bf151d9162dbb269a8.bin
doc_13a29e480bc5ebf6,13a29e480bc5ebf6f13227e6efaa12c5cf17e8df8b69592977e502ab3b8667b8,sec_edgar_filings,https://www.sec.gov/Archives/edgar/data/1454889/000110465925080353/tm2523626-1_497.htm,2026-09-26 15:16:50.162369,text/html,24225,C:\Users\chait\Desktop\DPA_Project2\data\raw\13a29e480bc5ebf6f13227e6efaa12c5cf17e8df8b69592977e502ab3b8667b8.bin
doc_704e34f36d40d123,704e34f36d40d1234d488c07bf95013ef64cb491f3583f052fe01d6f5393648b,sec_edgar_filings,https://www.sec.gov/Archives/edgar/data/1454889/000110465925086920/tm2525110-1_497.htm,2026-09-26 15:16:52.662582,text/html,15253,C:\Users\chait\Desktop\DPA_Project2\data\raw\704e34f36d40d1234d488c07bf95013ef64cb491f3583f052fe01d6f5393648b.bin
doc_248bde13e05b78db,248bde13e05b78db32b5a5ffaed388fb4fe058982da1fb7cde51e8ac45eede47,sec_edgar_filings,https://www.sec.gov/Archives/edgar/data/1454889/000110465926020675/tm266469d2_497.htm,2026-09-26 15:16:55.162750,text/html,86503,C:\Users\chait\Desktop\DPA_Project2\data\raw\248bde13e05b78db32b5a5ffaed388fb4fe058982da1fb7cde51e8ac45eede47.bin
doc_95ea3dcb586d2a2f,95ea3dcb586d2a2f6a6607dfd9d69f443c92494274a8eef2c753435b3244b538,sec_edgar_filings,https://www.sec.gov/Archives/edgar/data/1454889/000110465926029166/tm268743d1_497.htm,2026-09-26 15:16:57.663095,text/html,20239,C:\Users\chait\Desktop\DPA_Project2\data\raw\95ea3dcb586d2a2f6a6607dfd9d69f443c92494274a8eef2c753435b3244b538.bin
doc_802569710a683954,802569710a683954db0b8d7b35b8932ce769b2fbed568c4cd9dcc8a8f57a9f67,sec_edgar_filings,https://www.sec.gov/Archives/edgar/data/1454889/000110465926037940/tm269604-1_497.htm,2026-09-26 15:17:00.163550,text/html,5029,C:\Users\chait\Desktop\DPA_Project2\data\raw\802569710a683954db0b8d7b35b8932ce769b2fbed568c4cd9dcc8a8f57a9f67.bin
doc_bdadec896923ed61,bdadec896923ed617fc3bf0db970a56b37098c9e64989bbbd4e5f493051a7e24,sec_edgar_filings,https://www.sec.gov/Archives/edgar/data/1454889/000088454626000208/c497.htm,2026-09-26 15:17:02.663909,text/html,3849,C:\Users\chait\Desktop\DPA_Project2\data\raw\bdadec896923ed617fc3bf0db970a56b37098c9e64989bbbd4e5f493051a7e24.bin
doc_31ca56bc5ff738f8,31ca56bc5ff738f8199e5324b7504868819f62214dc28ce895c6e71339d1fd25,sec_edgar_filings,https://www.sec.gov/Archives/edgar/data/1454889/000088454626000258/c497.htm,2026-09-26 15:17:05.165287,text/html,8135,C:\Users\chait\Desktop\DPA_Project2\data\raw\31ca56bc5ff738f8199e5324b7504868819f62214dc28ce895c6e71339d1fd25.bin
doc_c0ed260660c34371,c0ed260660c34371c8a0c02cc4c6928a5a8329dd0a4861673f7a933b91939e27,sec_edgar_filings,https://www.sec.gov/Archives/edgar/data/1454889/000088454626000250/c497.htm,2026-09-26 15:17:07.665772,text/html,92792,C:\Users\chait\Desktop\DPA_Project2\data\raw\c0ed260660c34371c8a0c02cc4c6928a5a8329dd0a4861673f7a933b91939e27.bin
doc_070458c76ff6d8a6,070458c76ff6d8a6484ee1da21d8f38485ba899d5e99d46cda56dc52cbc7cec8,sec_edgar_filings,https://www.sec.gov/Archives/edgar/data/1454889/000088454626000317/c497.htm,2026-09-26 15:17:10.166233,text/html,3210,C:\Users\chait\Desktop\DPA_Project2\data\raw\070458c76ff6d8a6484ee1da21d8f38485ba899d5e99d46cda56dc52cbc7cec8.bin
doc_4bdf5b4a3f912478,4bdf5b4a3f9124780f0c3daf316e1be5fa1bfa7541c63c60bdd18cfff0c57fec,sec_edgar_submissions_api,https://data.sec.gov/submissions/CIK0000904333.json,2026-09-26 15:19:17.736207,application/json,177986,C:\Users\chait\Desktop\DPA_Project2\data\raw\4bdf5b4a3f9124780f0c3daf316e1be5fa1bfa7541c63c60bdd18cfff0c57fec.bin
doc_5266b3954290d71c,5266b3954290d71c8359babb164e8bb70555ebba773284c5dd1b195ca7309e1f,sec_edgar_filings,https://www.sec.gov/Archives/edgar/data/904333/000110465925007671/tm254126-1_497.htm,2026-09-26 15:19:30.419304,text/html,32257,C:\Users\chait\Desktop\DPA_Project2\data\raw\5266b3954290d71c8359babb164e8bb70555ebba773284c5dd1b195ca7309e1f.bin
doc_f198a12d9ab698ff,f198a12d9ab698ffa8b21cee9ee9acb96a856ed105a50ef26d2377f42a55af22,sec_edgar_filings,https://www.sec.gov/Archives/edgar/data/904333/000110465925018458/tm256887d3_497.htm,2026-09-26 15:19:32.919879,text/html,91020,C:\Users\chait\Desktop\DPA_Project2\data\raw\f198a12d9ab698ffa8b21cee9ee9acb96a856ed105a50ef26d2377f42a55af22.bin
doc_b7d17632a3d4d186,b7d17632a3d4d186c76430b453ca7d1e0910c0207b78b46420b7ce98e28e6c8c,sec_edgar_filings,https://www.sec.gov/Archives/edgar/data/904333/000110465925026254/tm257230-1_497.htm,2026-09-26 15:19:35.420026,text/html,11945,C:\Users\chait\Desktop\DPA_Project2\data\raw\b7d17632a3d4d186c76430b453ca7d1e0910c0207b78b46420b7ce98e28e6c8c.bin
doc_92ca7281ee55243e,92ca7281ee55243ee2035b38d98ce3ad022512757cf3f6aaeb8208421cdc8b75,sec_edgar_filings,https://www.sec.gov/Archives/edgar/data/904333/000110465925033106/tm2511434d1_497.htm,2026-09-26 15:19:37.920392,text/html,26168,C:\Users\chait\Desktop\DPA_Project2\data\raw\92ca7281ee55243ee2035b38d98ce3ad022512757cf3f6aaeb8208421cdc8b75.bin
doc_e83b97f1da30f589,e83b97f1da30f589a3742ebc31b269a4652b4d9aff7e1875a5045ca1e21318a5,sec_edgar_filings,https://www.sec.gov/Archives/edgar/data/904333/000110465925057427/tm2517154-1_497.htm,2026-09-26 15:19:40.420821,text/html,19468,C:\Users\chait\Desktop\DPA_Project2\data\raw\e83b97f1da30f589a3742ebc31b269a4652b4d9aff7e1875a5045ca1e21318a5.bin
doc_ed1dbaa39bc620f6,ed1dbaa39bc620f610b14e4d49e995131843b59de2b3d5d311abeabfc0cc9a5b,sec_edgar_filings,https://www.sec.gov/Archives/edgar/data/904333/000110465925064258/tm2517758-1_497.htm,2026-09-26 15:19:42.921073,text/html,39316,C:\Users\chait\Desktop\DPA_Project2\data\raw\ed1dbaa39bc620f610b14e4d49e995131843b59de2b3d5d311abeabfc0cc9a5b.bin
doc_68a27e23c5e5ed62,68a27e23c5e5ed62f489ca55b8eaeef10d5e76a9c2eaef872c703ec2624f725d,sec_edgar_filings,https://www.sec.gov/Archives/edgar/data/904333/000110465925121687/tm2531957-1_497.htm,2026-09-26 15:19:47.921680,text/html,130064,C:\Users\chait\Desktop\DPA_Project2\data\raw\68a27e23c5e5ed62f489ca55b8eaeef10d5e76a9c2eaef872c703ec2624f725d.bin
doc_01d4ffaad66966f1,01d4ffaad66966f14c9290dd5728f3697c0890126aaad191aae530d43260ba25,sec_edgar_filings,https://www.sec.gov/Archives/edgar/data/904333/000110465925116990/tm2531849-1_497.htm,2026-09-26 15:19:50.422203,text/html,28995,C:\Users\chait\Desktop\DPA_Project2\data\raw\01d4ffaad66966f14c9290dd5728f3697c0890126aaad191aae530d43260ba25.bin
doc_fa76e1fefbc5a966,fa76e1fefbc5a966cb02fbd1582d5d2ef27da953c480e9a37f703cf5faef8e25,sec_edgar_filings,https://www.sec.gov/Archives/edgar/data/904333/000088454626000067/c497.htm,2026-09-26 15:19:52.922555,text/html,2475092,C:\Users\chait\Desktop\DPA_Project2\data\raw\fa76e1fefbc5a966cb02fbd1582d5d2ef27da953c480e9a37f703cf5faef8e25.bin
doc_6f7a71ac0c0f4850,6f7a71ac0c0f4850f63ad4496444dc95fc14da627a4bdcdef58ab2a9b1807091,sec_edgar_filings,https://www.sec.gov/Archives/edgar/data/904333/000110465926021368/tm262483d55_497.htm,2026-09-26 15:19:55.799245,text/html,2105033,C:\Users\chait\Desktop\DPA_Project2\data\raw\6f7a71ac0c0f4850f63ad4496444dc95fc14da627a4bdcdef58ab2a9b1807091.bin
doc_5d981726611a4764,5d981726611a476442ea248266f88b210fc8e7085e03c115a24f6ce365a664fe,sec_edgar_filings,https://www.sec.gov/Archives/edgar/data/904333/000110465926021347/tm262487d4_497.htm,2026-09-26 15:19:58.299780,text/html,1272593,C:\Users\chait\Desktop\DPA_Project2\data\raw\5d981726611a476442ea248266f88b210fc8e7085e03c115a24f6ce365a664fe.bin
doc_e1545e1f7351b698,e1545e1f7351b69856ab18b9e1dd3287617f77639878354ade1e71e670eaf559,sec_edgar_filings,https://www.sec.gov/Archives/edgar/data/904333/000110465926020670/tm266465d1_497.htm,2026-09-26 15:20:01.133632,text/html,86179,C:\Users\chait\Desktop\DPA_Project2\data\raw\e1545e1f7351b69856ab18b9e1dd3287617f77639878354ade1e71e670eaf559.bin
doc_bf959d288c8c11d2,bf959d288c8c11d236ed5d9a25de0e36128f306fa660480d04efc127dc68cc56,sec_edgar_filings,https://www.sec.gov/Archives/edgar/data/904333/000088454626000088/c497.htm,2026-09-26 15:20:03.634437,text/html,38394,C:\Users\chait\Desktop\DPA_Project2\data\raw\bf959d288c8c11d236ed5d9a25de0e36128f306fa660480d04efc127dc68cc56.bin
doc_7fbe9f7a2169a098,7fbe9f7a2169a098b93a4c3bb18a743c60e5ff95fd40282a04b90152f6e2a435,sec_edgar_submissions_api,https://data.sec.gov/submissions/CIK0000869365.json,2026-09-26 15:20:09.557886,application/json,170312,C:\Users\chait\Desktop\DPA_Project2\data\raw\7fbe9f7a2169a098b93a4c3bb18a743c60e5ff95fd40282a04b90152f6e2a435.bin
doc_5ff6dee38f38d1e7,5ff6dee38f38d1e78944733f97ff0987e820e03d883059b789dbf441418965b2,sec_edgar_filings,https://www.sec.gov/Archives/edgar/data/869365/000110465925030633/tm2510820-1_497.htm,2026-09-26 15:20:29.478494,text/html,17651,C:\Users\chait\Desktop\DPA_Project2\data\raw\5ff6dee38f38d1e78944733f97ff0987e820e03d883059b789dbf441418965b2.bin
doc_e4c05c0f1301bcc8,e4c05c0f1301bcc87fe76ad65d900faa8d76054acfa3339e292e2f998a272e56,sec_edgar_filings,https://www.sec.gov/Archives/edgar/data/869365/000110465925089634/tm2524000-1_497.htm,2026-09-26 15:20:34.479044,text/html,5092,C:\Users\chait\Desktop\DPA_Project2\data\raw\e4c05c0f1301bcc87fe76ad65d900faa8d76054acfa3339e292e2f998a272e56.bin
doc_d9a852eaeab9caa4,d9a852eaeab9caa457ed08f146ec62d682188f31605f1dd5c0fb19c3e4fb4bc3,sec_edgar_filings,https://www.sec.gov/Archives/edgar/data/869365/000088454626000071/c497.htm,2026-09-26 15:20:36.979425,text/html,907999,C:\Users\chait\Desktop\DPA_Project2\data\raw\d9a852eaeab9caa457ed08f146ec62d682188f31605f1dd5c0fb19c3e4fb4bc3.bin
doc_4a4f419d5eace7d0,4a4f419d5eace7d05e5d7252fcb5920081e2c39ea45666733a626415ce449734,sec_edgar_filings,https://www.sec.gov/Archives/edgar/data/869365/000110465926029165/tm268738d1_497.htm,2026-09-26 15:20:41.980416,text/html,18393,C:\Users\chait\Desktop\DPA_Project2\data\raw\4a4f419d5eace7d05e5d7252fcb5920081e2c39ea45666733a626415ce449734.bin
doc_6b3b41fb20f5d6ed,6b3b41fb20f5d6ed8e30f338c6775612e47d2cc9ebaa02789a9cfb33862bc0e6,sec_edgar_submissions_api,https://data.sec.gov/submissions/CIK0001067839.json,2026-09-26 15:20:47.454701,application/json,44922,C:\Users\chait\Desktop\DPA_Project2\data\raw\6b3b41fb20f5d6ed8e30f338c6775612e47d2cc9ebaa02789a9cfb33862bc0e6.bin
doc_2f9df61c1ab42962,2f9df61c1ab42962ca85edeae7c7690006233e9cafb3e90ad45e49593c4c8246,sec_edgar_filings,https://www.sec.gov/Archives/edgar/data/1067839/000206159025000114/497.htm,2026-09-26 15:20:55.206494,text/html,4305,C:\Users\chait\Desktop\DPA_Project2\data\raw\2f9df61c1ab42962ca85edeae7c7690006233e9cafb3e90ad45e49593c4c8246.bin
doc_49d35ac68b89617d,49d35ac68b89617d9a4a3d867c0648786f41265434a565ab3bb62741b9f5b1a5,sec_edgar_filings,https://www.sec.gov/Archives/edgar/data/1067839/000110465926052905/tm2612890d3_497.htm,2026-09-26 15:20:57.708900,text/html,28083,C:\Users\chait\Desktop\DPA_Project2\data\raw\49d35ac68b89617d9a4a3d867c0648786f41265434a565ab3bb62741b9f5b1a5.bin
doc_14da9ecb8d930d5d,14da9ecb8d930d5d4b3a3a84f06824a35c4315a325733a32ea2ce330797659fa,sec_edgar_filings,https://www.sec.gov/Archives/edgar/data/1067839/000119312526264913/d21745d497.htm,2026-09-26 15:21:00.209895,text/html,39616,C:\Users\chait\Desktop\DPA_Project2\data\raw\14da9ecb8d930d5d4b3a3a84f06824a35c4315a325733a32ea2ce330797659fa.bin
doc_05c82c324e76c804,05c82c324e76c804d0b9071f3ea40d2f8762253c0795d08fde5e9cbc65df89a8,sec_edgar_submissions_api,https://data.sec.gov/submissions/CIK0001209466.json,2026-09-26 15:21:05.175140,application/json,176036,C:\Users\chait\Desktop\DPA_Project2\data\raw\05c82c324e76c804d0b9071f3ea40d2f8762253c0795d08fde5e9cbc65df89a8.bin
doc_ca975778d92d40a6,ca975778d92d40a6064870cee142714a6f0e255cff4da6a94f1710c3c27e443e,sec_edgar_filings,https://www.sec.gov/Archives/edgar/data/1209466/000110465924128890/tm2430930d1_497.htm,2026-09-26 15:21:12.747826,text/html,48534,C:\Users\chait\Desktop\DPA_Project2\data\raw\ca975778d92d40a6064870cee142714a6f0e255cff4da6a94f1710c3c27e443e.bin
doc_45314163458898dd,45314163458898dd7fc541cdfc4add83fd7adda8b1d10ac41ee837ff7c7a9fba,sec_edgar_filings,https://www.sec.gov/Archives/edgar/data/1209466/000119312525008401/d867936d497.htm,2026-09-26 15:21:15.248137,text/html,5254,C:\Users\chait\Desktop\DPA_Project2\data\raw\45314163458898dd7fc541cdfc4add83fd7adda8b1d10ac41ee837ff7c7a9fba.bin
doc_85173b919c506d5e,85173b919c506d5e4df69473f82a5fff5796826c68dfe3da95ceb7313b46465d,sec_edgar_filings,https://www.sec.gov/Archives/edgar/data/1209466/000119312525000636/d909407d497.htm,2026-09-26 15:21:17.748718,text/html,20035,C:\Users\chait\Desktop\DPA_Project2\data\raw\85173b919c506d5e4df69473f82a5fff5796826c68dfe3da95ceb7313b46465d.bin
doc_e9dfe594bacce7e5,e9dfe594bacce7e545224f308747eba82119b55336cddf7292d6478e1d21db71,sec_edgar_filings,https://www.sec.gov/Archives/edgar/data/1209466/000119312525326835/d92042d497.htm,2026-09-26 15:21:20.249029,text/html,6300,C:\Users\chait\Desktop\DPA_Project2\data\raw\e9dfe594bacce7e545224f308747eba82119b55336cddf7292d6478e1d21db71.bin
doc_24888594b90bb391,24888594b90bb391f13ca344305946f1cb838fb0edbd645eebfb93ef3f4cc586,sec_edgar_filings,https://www.sec.gov/Archives/edgar/data/1209466/000119312526084628/d52011d497.htm,2026-09-26 15:21:22.749184,text/html,231858,C:\Users\chait\Desktop\DPA_Project2\data\raw\24888594b90bb391f13ca344305946f1cb838fb0edbd645eebfb93ef3f4cc586.bin
doc_172144e4d23388d7,172144e4d23388d7cd337fd8ff53ba6b71d26ce98b7cefe721edfece1caaf07b,sec_edgar_filings,https://www.sec.gov/Archives/edgar/data/1209466/000119312526264914/d25547d497.htm,2026-09-26 15:21:27.750036,text/html,28247,C:\Users\chait\Desktop\DPA_Project2\data\raw\172144e4d23388d7cd337fd8ff53ba6b71d26ce98b7cefe721edfece1caaf07b.bin
doc_45dfba3120d98ae0,45dfba3120d98ae0c316b157dda5eea2dbc1185d2dc1bd18b07b7f626aa7e127,sec_edgar_filings,https://www.sec.gov/Archives/edgar/data/1209466/000119312526264912/d24823d497.htm,2026-09-26 15:21:30.250216,text/html,26346,C:\Users\chait\Desktop\DPA_Project2\data\raw\45dfba3120d98ae0c316b157dda5eea2dbc1185d2dc1bd18b07b7f626aa7e127.bin
doc_4dd308b32a39fcb6,4dd308b32a39fcb6a80adffb70e77d6bc80605f9fa958a97999a50d3f353bec5,sec_edgar_submissions_api,https://data.sec.gov/submissions/CIK0001378872.json,2026-09-26 15:21:35.242404,application/json,177431,C:\Users\chait\Desktop\DPA_Project2\data\raw\4dd308b32a39fcb6a80adffb70e77d6bc80605f9fa958a97999a50d3f353bec5.bin
doc_76612c38bd291841,76612c38bd2918417114aff96cce37cae5662de1ee90bd233aedc48390fed270,sec_edgar_submissions_api,https://data.sec.gov/submissions/CIK0001378872-submissions-001.json,2026-09-26 15:21:37.743004,application/json,359875,C:\Users\chait\Desktop\DPA_Project2\data\raw\76612c38bd2918417114aff96cce37cae5662de1ee90bd233aedc48390fed270.bin
doc_6891ec3b72f11f5b,6891ec3b72f11f5bcf8ed036edc9378ff8bdbc9f0a322d53d28d6f2f15afe384,sec_edgar_filings,https://www.sec.gov/Archives/edgar/data/1378872/000110465924111805/tm2426651d4_497.htm,2026-09-26 15:21:46.183195,text/html,13385,C:\Users\chait\Desktop\DPA_Project2\data\raw\6891ec3b72f11f5bcf8ed036edc9378ff8bdbc9f0a322d53d28d6f2f15afe384.bin
doc_3f8d8bc34034f23f,3f8d8bc34034f23fff8452de9727735876f5af63c9a571fdd4f1247402ef6719,sec_edgar_filings,https://www.sec.gov/Archives/edgar/data/1378872/000110465924106664/tm2425475d1_497.htm,2026-09-26 15:21:48.683331,text/html,12838,C:\Users\chait\Desktop\DPA_Project2\data\raw\3f8d8bc34034f23fff8452de9727735876f5af63c9a571fdd4f1247402ef6719.bin
doc_ba25734c7a561d26,ba25734c7a561d267d94a553186cfaf7f0fb5489e16cc34ed2791d45a9ef9569,sec_edgar_filings,https://www.sec.gov/Archives/edgar/data/1378872/000110465924120137/tm2428496d1_497.htm,2026-09-26 15:21:51.184838,text/html,12958,C:\Users\chait\Desktop\DPA_Project2\data\raw\ba25734c7a561d267d94a553186cfaf7f0fb5489e16cc34ed2791d45a9ef9569.bin
doc_798075ea6cb18059,798075ea6cb180597b361deb4663eb50d0a9ad9484689a9b72ea9118a7c9025d,sec_edgar_filings,https://www.sec.gov/Archives/edgar/data/1378872/000110465924128898/tm2430943d1_497.htm,2026-09-26 15:21:53.685401,text/html,32545,C:\Users\chait\Desktop\DPA_Project2\data\raw\798075ea6cb180597b361deb4663eb50d0a9ad9484689a9b72ea9118a7c9025d.bin
doc_83b9bc32dce7e5f8,83b9bc32dce7e5f8c6a8a1ba1fd173715669b5daae1be26585eb99e946d9d256,sec_edgar_filings,https://www.sec.gov/Archives/edgar/data/1378872/000119312525008404/d874713d497.htm,2026-09-26 15:21:56.185681,text/html,6073,C:\Users\chait\Desktop\DPA_Project2\data\raw\83b9bc32dce7e5f8c6a8a1ba1fd173715669b5daae1be26585eb99e946d9d256.bin
doc_c07a7270d9fde719,c07a7270d9fde7192f27aefdfce8ea2dcad7e5ce48bf668be010a61b0ed0bba2,sec_edgar_filings,https://www.sec.gov/Archives/edgar/data/1378872/000110465925018580/tm257642d1_497.htm,2026-09-26 15:22:01.186826,text/html,105961,C:\Users\chait\Desktop\DPA_Project2\data\raw\c07a7270d9fde7192f27aefdfce8ea2dcad7e5ce48bf668be010a61b0ed0bba2.bin
doc_68642bde003c0737,68642bde003c0737be191601b7cb921e1a29b466dd6564660e06559feca70f6c,sec_edgar_filings,https://www.sec.gov/Archives/edgar/data/1378872/000119312525027258/d930945d497.htm,2026-09-26 15:22:03.687416,text/html,11660,C:\Users\chait\Desktop\DPA_Project2\data\raw\68642bde003c0737be191601b7cb921e1a29b466dd6564660e06559feca70f6c.bin
doc_1069755b34f400a3,1069755b34f400a39c1c0d52da233dcde1c9dacc20f3d22e9159875ac0a52ea7,sec_edgar_filings,https://www.sec.gov/Archives/edgar/data/1378872/000110465925009646/tm254939d1_497.htm,2026-09-26 15:22:06.187993,text/html,9825,C:\Users\chait\Desktop\DPA_Project2\data\raw\1069755b34f400a39c1c0d52da233dcde1c9dacc20f3d22e9159875ac0a52ea7.bin
doc_9bb4f640e4cb8d1f,9bb4f640e4cb8d1f3bcc1e04abbc5c840cc11ee03aa1503852265dabad7b5d97,sec_edgar_filings,https://www.sec.gov/Archives/edgar/data/1378872/000110465925054868/tm2514685d1_497.htm,2026-09-26 15:22:08.688302,text/html,25957,C:\Users\chait\Desktop\DPA_Project2\data\raw\9bb4f640e4cb8d1f3bcc1e04abbc5c840cc11ee03aa1503852265dabad7b5d97.bin
doc_d682443fd85a385c,d682443fd85a385c596a445026c862238d2417febd6b9e8101c706c944cf1c7b,sec_edgar_filings,https://www.sec.gov/Archives/edgar/data/1378872/000110465925080551/tm2523660d1_497.htm,2026-09-26 15:22:11.191756,text/html,12048,C:\Users\chait\Desktop\DPA_Project2\data\raw\d682443fd85a385c596a445026c862238d2417febd6b9e8101c706c944cf1c7b.bin
doc_4e6769f145b6ca60,4e6769f145b6ca607a57062ef4e218a9a36c0317fdb8595a29caa8f8f3084b4f,sec_edgar_filings,https://www.sec.gov/Archives/edgar/data/1378872/000119312525220659/d911513d497.htm,2026-09-26 15:22:14.583263,text/html,13725,C:\Users\chait\Desktop\DPA_Project2\data\raw\4e6769f145b6ca607a57062ef4e218a9a36c0317fdb8595a29caa8f8f3084b4f.bin
doc_5446a86fb4759971,5446a86fb475997187504f6cb171c15f08318a0d8ee03b1eb88af7e0aef7c2b2,sec_edgar_filings,https://www.sec.gov/Archives/edgar/data/1378872/000119312525206213/d48350d497.htm,2026-09-26 15:22:17.873087,text/html,3159,C:\Users\chait\Desktop\DPA_Project2\data\raw\5446a86fb475997187504f6cb171c15f08318a0d8ee03b1eb88af7e0aef7c2b2.bin
doc_42347e0b3dec022f,42347e0b3dec022f0733fd5f08462f8fada204348f54843e0f64aecf7beea112,sec_edgar_filings,https://www.sec.gov/Archives/edgar/data/1378872/000110465925099269/tm2528207d1_497.htm,2026-09-26 15:22:20.486368,text/html,12682,C:\Users\chait\Desktop\DPA_Project2\data\raw\42347e0b3dec022f0733fd5f08462f8fada204348f54843e0f64aecf7beea112.bin
doc_1dc53d5d97caff26,1dc53d5d97caff26e67f96da8f7970a35e91837a61b4d6b023f7bc6d5a60f646,sec_edgar_filings,https://www.sec.gov/Archives/edgar/data/1378872/000119312525328361/d54028d497.htm,2026-09-26 15:22:22.987488,text/html,3496113,C:\Users\chait\Desktop\DPA_Project2\data\raw\1dc53d5d97caff26e67f96da8f7970a35e91837a61b4d6b023f7bc6d5a60f646.bin
doc_446d8aa0c3455eb6,446d8aa0c3455eb622845ecc9ac8e4ad0d73765f944ea250d16a67858f705f1b,sec_edgar_filings,https://www.sec.gov/Archives/edgar/data/1378872/000110465925123127/tm2533630d1_497.htm,2026-09-26 15:22:26.867052,text/html,36548,C:\Users\chait\Desktop\DPA_Project2\data\raw\446d8aa0c3455eb622845ecc9ac8e4ad0d73765f944ea250d16a67858f705f1b.bin
doc_74e7ba3f78693629,74e7ba3f78693629296d8010d75bbc457ddadc182a6bb57dc5b1066a6299c001,sec_edgar_filings,https://www.sec.gov/Archives/edgar/data/1378872/000119312525326827/d73064d497.htm,2026-09-26 15:22:29.367231,text/html,7581,C:\Users\chait\Desktop\DPA_Project2\data\raw\74e7ba3f78693629296d8010d75bbc457ddadc182a6bb57dc5b1066a6299c001.bin
doc_afcbdd106ca147dc,afcbdd106ca147dc3f0da4c895ba71a5a48cceb2928db297957053617e3a7332,sec_edgar_filings,https://www.sec.gov/Archives/edgar/data/1378872/000119312525326792/d48091d497.htm,2026-09-26 15:22:31.867379,text/html,8211,C:\Users\chait\Desktop\DPA_Project2\data\raw\afcbdd106ca147dc3f0da4c895ba71a5a48cceb2928db297957053617e3a7332.bin
doc_e84c909d2401cbed,e84c909d2401cbed51a0a9df2770efc55a6729ca7dd58fdefa3cfe6294ed7d6e,sec_edgar_filings,https://www.sec.gov/Archives/edgar/data/1378872/000110465926052927/tm2612890d10_497.htm,2026-09-26 15:22:34.367664,text/html,9240,C:\Users\chait\Desktop\DPA_Project2\data\raw\e84c909d2401cbed51a0a9df2770efc55a6729ca7dd58fdefa3cfe6294ed7d6e.bin
doc_423d5eef996016f3,423d5eef996016f3cd51cfb1957c5a698fe7a4bcd31a918ec8a4c234598ad617,sec_edgar_filings,https://www.sec.gov/Archives/edgar/data/1378872/000110465926052922/tm2612890d8_497.htm,2026-09-26 15:22:36.868210,text/html,9344,C:\Users\chait\Desktop\DPA_Project2\data\raw\423d5eef996016f3cd51cfb1957c5a698fe7a4bcd31a918ec8a4c234598ad617.bin
doc_51bed9c96befe3ad,51bed9c96befe3adc37e632766ccb75eb51eab439349d1dafd1a38beb683eb8f,sec_edgar_filings,https://www.sec.gov/Archives/edgar/data/1378872/000110465926052919/tm2612890d6_497.htm,2026-09-26 15:22:39.368739,text/html,13506,C:\Users\chait\Desktop\DPA_Project2\data\raw\51bed9c96befe3adc37e632766ccb75eb51eab439349d1dafd1a38beb683eb8f.bin
doc_f41eb8d853096a63,f41eb8d853096a6362f6b7819e2b6ff154a47f745eb22e66f3c89a22b77048a6,sec_edgar_filings,https://www.sec.gov/Archives/edgar/data/1378872/000110465926052899/tm2612890d1_497.htm,2026-09-26 15:22:44.369595,text/html,14049,C:\Users\chait\Desktop\DPA_Project2\data\raw\f41eb8d853096a6362f6b7819e2b6ff154a47f745eb22e66f3c89a22b77048a6.bin
doc_7120f571e2f82967,7120f571e2f82967213016943a481cd062dddced4400a4aa926a6f27d4d07b87,sec_edgar_filings,https://www.sec.gov/Archives/edgar/data/1378872/000110465926067480/tm2615506d3_497.htm,2026-09-26 15:22:46.871225,text/html,26630,C:\Users\chait\Desktop\DPA_Project2\data\raw\7120f571e2f82967213016943a481cd062dddced4400a4aa926a6f27d4d07b87.bin
doc_09bcbea5c334f281,09bcbea5c334f281f6312fb7e30b467c3497388af67dfaf24142957a74f29d39,sec_edgar_filings,https://www.sec.gov/Archives/edgar/data/1378872/000110465926067477/tm2615506d1_497.htm,2026-09-26 15:22:49.371885,text/html,31647,C:\Users\chait\Desktop\DPA_Project2\data\raw\09bcbea5c334f281f6312fb7e30b467c3497388af67dfaf24142957a74f29d39.bin
doc_7b0a67555946cf5b,7b0a67555946cf5b51e5f9db4767a8638e885377b8ed6fc040c72cda9691ca01,sec_edgar_filings,https://www.sec.gov/Archives/edgar/data/1378872/000110465926076362/tm2618074d1_497.htm,2026-09-26 15:22:51.872133,text/html,18707,C:\Users\chait\Desktop\DPA_Project2\data\raw\7b0a67555946cf5b51e5f9db4767a8638e885377b8ed6fc040c72cda9691ca01.bin
doc_4a8158db1ad1c81c,4a8158db1ad1c81ccf904b5ed847b889872df209551b28d65f8a61912a0e855d,sec_edgar_filings,https://www.sec.gov/Archives/edgar/data/1378872/000119312526264915/d72779d497.htm,2026-09-26 15:22:56.872931,text/html,6640,C:\Users\chait\Desktop\DPA_Project2\data\raw\4a8158db1ad1c81ccf904b5ed847b889872df209551b28d65f8a61912a0e855d.bin
doc_d4d833db3686634b,d4d833db3686634bfcb5a8630d7e660f9c5c26b9201e15a73387504d6ef1f31e,sec_edgar_filings,https://www.sec.gov/Archives/edgar/data/1378872/000119312526264910/d10200d497.htm,2026-09-26 15:23:04.374253,text/html,14301,C:\Users\chait\Desktop\DPA_Project2\data\raw\d4d833db3686634bfcb5a8630d7e660f9c5c26b9201e15a73387504d6ef1f31e.bin
doc_85889fce5af8b7f1,85889fce5af8b7f17b4946124f5e37a3aa1ccff83758d26616eec580bcc666bf,sec_edgar_submissions_api,https://data.sec.gov/submissions/CIK0001450011.json,2026-09-26 15:23:09.823318,application/json,179738,C:\Users\chait\Desktop\DPA_Project2\data\raw\85889fce5af8b7f17b4946124f5e37a3aa1ccff83758d26616eec580bcc666bf.bin
doc_f9dc494f19d146f2,f9dc494f19d146f29b2541cea97bc1dbbf5f7c5faf2738b69ba69ce33bb9b98b,sec_edgar_filings,https://www.sec.gov/Archives/edgar/data/1450011/000119312524244314/d895627d497k.htm,2026-09-26 15:23:17.147103,text/html,96816,C:\Users\chait\Desktop\DPA_Project2\data\raw\f9dc494f19d146f29b2541cea97bc1dbbf5f7c5faf2738b69ba69ce33bb9b98b.bin
doc_b96e485677a2731d,b96e485677a2731d893120b7151ff7064aceb447823f83cc8b7969332c8c745d,sec_edgar_filings,https://www.sec.gov/Archives/edgar/data/1450011/000119312524244313/d850288d497k.htm,2026-09-26 15:23:19.647597,text/html,91345,C:\Users\chait\Desktop\DPA_Project2\data\raw\b96e485677a2731d893120b7151ff7064aceb447823f83cc8b7969332c8c745d.bin
doc_f2b63573dfaa82b8,f2b63573dfaa82b84defd19dc2073bf799929561460d2cd12e68dc81755be9ec,sec_edgar_filings,https://www.sec.gov/Archives/edgar/data/1450011/000119312524244310/d847286d497k.htm,2026-09-26 15:23:22.147852,text/html,104152,C:\Users\chait\Desktop\DPA_Project2\data\raw\f2b63573dfaa82b84defd19dc2073bf799929561460d2cd12e68dc81755be9ec.bin
doc_d2eee1e6f218f896,d2eee1e6f218f8963cd344c56b2acf7cd9dd2b7987dca79c081ab53bac46f4ec,sec_edgar_filings,https://www.sec.gov/Archives/edgar/data/1450011/000119312524262616/d843909d497k.htm,2026-09-26 15:23:24.648144,text/html,104242,C:\Users\chait\Desktop\DPA_Project2\data\raw\d2eee1e6f218f8963cd344c56b2acf7cd9dd2b7987dca79c081ab53bac46f4ec.bin
doc_cbde17b1901f5f5f,cbde17b1901f5f5fd166aa15f00e9e8870742f0e3e924f85c0f67ab4c07aa8a1,sec_edgar_filings,https://www.sec.gov/Archives/edgar/data/1450011/000119312524262612/d880768d497.htm,2026-09-26 15:23:27.148644,text/html,2420033,C:\Users\chait\Desktop\DPA_Project2\data\raw\cbde17b1901f5f5fd166aa15f00e9e8870742f0e3e924f85c0f67ab4c07aa8a1.bin
doc_1ee70c82ceeb9d2d,1ee70c82ceeb9d2d8955292f97b6162f9dc587d8b0e649e6f929bb27e4523a4b,sec_edgar_filings,https://www.sec.gov/Archives/edgar/data/1450011/000119312524249963/d895322d497.htm,2026-09-26 15:23:29.970591,text/html,2587898,C:\Users\chait\Desktop\DPA_Project2\data\raw\1ee70c82ceeb9d2d8955292f97b6162f9dc587d8b0e649e6f929bb27e4523a4b.bin
doc_359b5691c85a76e4,359b5691c85a76e448eb07987b7ca262036ad42d9abdb23a880baee2ca267bd9,sec_edgar_filings,https://www.sec.gov/Archives/edgar/data/1450011/000119312525029748/d853510d497.htm,2026-09-26 15:23:32.813677,text/html,6999587,C:\Users\chait\Desktop\DPA_Project2\data\raw\359b5691c85a76e448eb07987b7ca262036ad42d9abdb23a880baee2ca267bd9.bin
doc_4efe2f6136ba4770,4efe2f6136ba477031b67184bbb9c64a6251b8958a62577f2427f8caa33f0001,sec_edgar_filings,https://www.sec.gov/Archives/edgar/data/1450011/000119312525186428/d34718d497.htm,2026-09-26 15:23:35.847704,text/html,8816,C:\Users\chait\Desktop\DPA_Project2\data\raw\4efe2f6136ba477031b67184bbb9c64a6251b8958a62577f2427f8caa33f0001.bin
doc_d6e6d75c4c7d646f,d6e6d75c4c7d646fe35b2e07e7dc9b946cca0f1cf6a0c898d5c61bc933d3bd4a,sec_edgar_filings,https://www.sec.gov/Archives/edgar/data/1450011/000119312525201293/d34943d497.htm,2026-09-26 15:23:38.348205,text/html,1127610,C:\Users\chait\Desktop\DPA_Project2\data\raw\d6e6d75c4c7d646fe35b2e07e7dc9b946cca0f1cf6a0c898d5c61bc933d3bd4a.bin
doc_74b9511bf461106f,74b9511bf461106fb241a6ea92582a02282ac362c092d3e9ce41bb24cc8f643a,sec_edgar_filings,https://www.sec.gov/Archives/edgar/data/1450011/000119312525249124/d67193d497k.htm,2026-09-26 15:23:41.863917,text/html,121778,C:\Users\chait\Desktop\DPA_Project2\data\raw\74b9511bf461106fb241a6ea92582a02282ac362c092d3e9ce41bb24cc8f643a.bin
doc_b974b072b6f7117f,b974b072b6f7117f2ee9edffa52f2f1c9a6d7153616c0c7b479b95c880d12af0,sec_edgar_filings,https://www.sec.gov/Archives/edgar/data/1450011/000119312525249118/d46997d497k.htm,2026-09-26 15:23:44.364531,text/html,91967,C:\Users\chait\Desktop\DPA_Project2\data\raw\b974b072b6f7117f2ee9edffa52f2f1c9a6d7153616c0c7b479b95c880d12af0.bin
doc_0acd4d5291c3a3fc,0acd4d5291c3a3fc34d3bece51cab7ca17fad4ba8cec6c3388ebaeb74979efd8,sec_edgar_filings,https://www.sec.gov/Archives/edgar/data/1450011/000119312525249111/d31137d497k.htm,2026-09-26 15:23:46.864984,text/html,97599,C:\Users\chait\Desktop\DPA_Project2\data\raw\0acd4d5291c3a3fc34d3bece51cab7ca17fad4ba8cec6c3388ebaeb74979efd8.bin
doc_7ef613a0388c22cb,7ef613a0388c22cb25de8772060c43bac5e83e77cc986705ecd81d7986b74de3,sec_edgar_filings,https://www.sec.gov/Archives/edgar/data/1450011/000119312526012783/d48512d497.htm,2026-09-26 15:23:49.365626,text/html,720540,C:\Users\chait\Desktop\DPA_Project2\data\raw\7ef613a0388c22cb25de8772060c43bac5e83e77cc986705ecd81d7986b74de3.bin
doc_ebe9f0aa3f103a48,ebe9f0aa3f103a486fb29849312ac4fb3174dac33ea26510cd8832e6576bd879,sec_edgar_filings,https://www.sec.gov/Archives/edgar/data/1450011/000119312526134526/d20205d497.htm,2026-09-26 15:23:51.874885,text/html,726257,C:\Users\chait\Desktop\DPA_Project2\data\raw\ebe9f0aa3f103a486fb29849312ac4fb3174dac33ea26510cd8832e6576bd879.bin
doc_e4886ddca8999ae3,e4886ddca8999ae30621abdde81f2a7ef8433ffe5ccc975c51c7c8cf95aee8e4,sec_edgar_filings,https://www.sec.gov/Archives/edgar/data/1450011/000119312526095852/d21342d497k.htm,2026-09-26 15:23:54.375141,text/html,121384,C:\Users\chait\Desktop\DPA_Project2\data\raw\e4886ddca8999ae30621abdde81f2a7ef8433ffe5ccc975c51c7c8cf95aee8e4.bin
doc_c96f4f62d01ea8c1,c96f4f62d01ea8c13bf86cee188e6c5dd9ac07326deb7fe7ee75569b01cfcf86,sec_edgar_filings,https://www.sec.gov/Archives/edgar/data/1450011/000119312526095565/d100137d497.htm,2026-09-26 15:23:56.875667,text/html,32803,C:\Users\chait\Desktop\DPA_Project2\data\raw\c96f4f62d01ea8c13bf86cee188e6c5dd9ac07326deb7fe7ee75569b01cfcf86.bin
doc_daa1238215b6be1c,daa1238215b6be1ce86d58fb8c5d73421c9e86ef01e03585299ea4e60eb164a1,sec_edgar_filings,https://www.sec.gov/Archives/edgar/data/1450011/000119312526272665/d128658d497k.htm,2026-09-26 15:23:59.376032,text/html,121648,C:\Users\chait\Desktop\DPA_Project2\data\raw\daa1238215b6be1ce86d58fb8c5d73421c9e86ef01e03585299ea4e60eb164a1.bin
doc_161e1142dbf473bd,161e1142dbf473bd248886fbdeb1c9493b1b7ab4c56c69c04ae71dd2ad19604b,sec_edgar_filings,https://www.sec.gov/Archives/edgar/data/1450011/000119312526272634/d157113d497.htm,2026-09-26 15:24:01.876499,text/html,7652,C:\Users\chait\Desktop\DPA_Project2\data\raw\161e1142dbf473bd248886fbdeb1c9493b1b7ab4c56c69c04ae71dd2ad19604b.bin
doc_5959abfe4d1efd5f,5959abfe4d1efd5faadabffd2981ec21dfab5e9c44325ab1a7f235ff899fcf22,sec_edgar_filings,https://www.sec.gov/Archives/edgar/data/1450011/000119312526361295/d192508d497.htm,2026-09-26 15:24:04.376901,text/html,12332,C:\Users\chait\Desktop\DPA_Project2\data\raw\5959abfe4d1efd5faadabffd2981ec21dfab5e9c44325ab1a7f235ff899fcf22.bin
doc_cd887d255142c326,cd887d255142c326a27c74f6217a202d6ab80dc08044df1082075c69b44616f9,sec_edgar_filings,https://www.sec.gov/Archives/edgar/data/1450011/000119312526361091/d107602d497.htm,2026-09-26 15:24:06.877450,text/html,14188,C:\Users\chait\Desktop\DPA_Project2\data\raw\cd887d255142c326a27c74f6217a202d6ab80dc08044df1082075c69b44616f9.bin
doc_a1a1ac3812afe90e,a1a1ac3812afe90e9ef064c909c6f4f690493574cf373de76340ddfc44fd92e5,sec_edgar_filings,https://www.sec.gov/Archives/edgar/data/1450011/000119312526361086/d89190d497.htm,2026-09-26 15:24:09.379315,text/html,8212,C:\Users\chait\Desktop\DPA_Project2\data\raw\a1a1ac3812afe90e9ef064c909c6f4f690493574cf373de76340ddfc44fd92e5.bin
doc_324aa5ce1df10efb,324aa5ce1df10efb9f14af538d780841209703397b871b9f0508cc0059f93671,sec_edgar_filings,https://www.sec.gov/Archives/edgar/data/1450011/000119312526361076/d443058d497.htm,2026-09-26 15:24:11.879734,text/html,33165,C:\Users\chait\Desktop\DPA_Project2\data\raw\324aa5ce1df10efb9f14af538d780841209703397b871b9f0508cc0059f93671.bin
doc_896d7545484ef2a5,896d7545484ef2a5065c6353344b56793383e041e0aa6b79e0dd760ae64d5b0a,sec_edgar_filings,https://www.sec.gov/Archives/edgar/data/1450011/000119312526361074/d395593d497.htm,2026-09-26 15:24:14.379996,text/html,23927,C:\Users\chait\Desktop\DPA_Project2\data\raw\896d7545484ef2a5065c6353344b56793383e041e0aa6b79e0dd760ae64d5b0a.bin
